row_id,cluster_id,prior_cluster_id,company_id,memory_type,statement,status,confidence,materiality,source,source_id,first_seen_at,last_seen_at,proposed_action,action_basis,cleanup_safe_without_approval
636,active_fanout_0001,fanout_0001,ASX,risk,PETTIMED's capital raising at 1 cent per share,active,0.79,0.91,commentary:youtube_transcript,youtube_transcript:asx-daily-rundown-atlassian-lifts-tech-a2-milk-recall-shock-accent-group-all-time-lows:88e960386e503796,2026-05-04T08:25:00+00:00,2026-05-04T08:25:00+00:00,status_expire_candidate_after_approval,still_active_from_prior_high_confidence_expire_manifest,no
637,active_fanout_0001,fanout_0001,TXT,risk,PETTIMED's capital raising at 1 cent per share,active,0.79,0.91,commentary:youtube_transcript,youtube_transcript:asx-daily-rundown-atlassian-lifts-tech-a2-milk-recall-shock-accent-group-all-time-lows:88e960386e503796,2026-05-04T08:25:00+00:00,2026-05-04T08:25:00+00:00,status_expire_candidate_after_approval,still_active_from_prior_high_confidence_expire_manifest,no
638,active_fanout_0001,fanout_0001,XTX,risk,PETTIMED's capital raising at 1 cent per share,active,0.79,0.91,commentary:youtube_transcript,youtube_transcript:asx-daily-rundown-atlassian-lifts-tech-a2-milk-recall-shock-accent-group-all-time-lows:88e960386e503796,2026-05-04T08:25:00+00:00,2026-05-04T08:25:00+00:00,status_expire_candidate_after_approval,still_active_from_prior_high_confidence_expire_manifest,no
639,active_fanout_0001,fanout_0001,A2 MILK,risk,PETTIMED's capital raising at 1 cent per share,active,0.79,0.91,commentary:youtube_transcript,youtube_transcript:asx-daily-rundown-atlassian-lifts-tech-a2-milk-recall-shock-accent-group-all-time-lows:88e960386e503796,2026-05-04T08:25:00+00:00,2026-05-04T08:25:00+00:00,status_expire_candidate_after_approval,still_active_from_prior_high_confidence_expire_manifest,no
640,active_fanout_0001,fanout_0001,ENDEAVOR GROUP,risk,PETTIMED's capital raising at 1 cent per share,active,0.79,0.91,commentary:youtube_transcript,youtube_transcript:asx-daily-rundown-atlassian-lifts-tech-a2-milk-recall-shock-accent-group-all-time-lows:88e960386e503796,2026-05-04T08:25:00+00:00,2026-05-04T08:25:00+00:00,status_expire_candidate_after_approval,still_active_from_prior_high_confidence_expire_manifest,no
641,active_fanout_0001,fanout_0001,ATLASSIAN,risk,PETTIMED's capital raising at 1 cent per share,active,0.79,0.91,commentary:youtube_transcript,youtube_transcript:asx-daily-rundown-atlassian-lifts-tech-a2-milk-recall-shock-accent-group-all-time-lows:88e960386e503796,2026-05-04T08:25:00+00:00,2026-05-04T08:25:00+00:00,status_expire_candidate_after_approval,still_active_from_prior_high_confidence_expire_manifest,no
642,active_fanout_0001,fanout_0001,NAB,risk,PETTIMED's capital raising at 1 cent per share,active,0.79,0.91,commentary:youtube_transcript,youtube_transcript:asx-daily-rundown-atlassian-lifts-tech-a2-milk-recall-shock-accent-group-all-time-lows:88e960386e503796,2026-05-04T08:25:01+00:00,2026-05-04T08:25:01+00:00,status_expire_candidate_after_approval,still_active_from_prior_high_confidence_expire_manifest,no
643,active_fanout_0001,fanout_0001,BHP,risk,PETTIMED's capital raising at 1 cent per share,active,0.79,0.91,commentary:youtube_transcript,youtube_transcript:asx-daily-rundown-atlassian-lifts-tech-a2-milk-recall-shock-accent-group-all-time-lows:88e960386e503796,2026-05-04T08:25:01+00:00,2026-05-04T08:25:01+00:00,status_expire_candidate_after_approval,still_active_from_prior_high_confidence_expire_manifest,no
644,active_fanout_0001,fanout_0001,KEY PETROLEUM,risk,PETTIMED's capital raising at 1 cent per share,active,0.79,0.91,commentary:youtube_transcript,youtube_transcript:asx-daily-rundown-atlassian-lifts-tech-a2-milk-recall-shock-accent-group-all-time-lows:88e960386e503796,2026-05-04T08:25:01+00:00,2026-05-04T08:25:01+00:00,status_expire_candidate_after_approval,still_active_from_prior_high_confidence_expire_manifest,no
645,active_fanout_0001,fanout_0001,GCM CORPORATION,risk,PETTIMED's capital raising at 1 cent per share,active,0.79,0.91,commentary:youtube_transcript,youtube_transcript:asx-daily-rundown-atlassian-lifts-tech-a2-milk-recall-shock-accent-group-all-time-lows:88e960386e503796,2026-05-04T08:25:01+00:00,2026-05-04T08:25:01+00:00,status_expire_candidate_after_approval,still_active_from_prior_high_confidence_expire_manifest,no
646,active_fanout_0001,fanout_0001,MARINO AND CO,risk,PETTIMED's capital raising at 1 cent per share,active,0.79,0.91,commentary:youtube_transcript,youtube_transcript:asx-daily-rundown-atlassian-lifts-tech-a2-milk-recall-shock-accent-group-all-time-lows:88e960386e503796,2026-05-04T08:25:02+00:00,2026-05-04T08:25:02+00:00,status_expire_candidate_after_approval,still_active_from_prior_high_confidence_expire_manifest,no
647,active_fanout_0001,fanout_0001,CLARITY,risk,PETTIMED's capital raising at 1 cent per share,active,0.79,0.91,commentary:youtube_transcript,youtube_transcript:asx-daily-rundown-atlassian-lifts-tech-a2-milk-recall-shock-accent-group-all-time-lows:88e960386e503796,2026-05-04T08:25:02+00:00,2026-05-04T08:25:02+00:00,status_expire_candidate_after_approval,still_active_from_prior_high_confidence_expire_manifest,no
648,active_fanout_0001,fanout_0001,WIN MEDALS,risk,PETTIMED's capital raising at 1 cent per share,active,0.79,0.91,commentary:youtube_transcript,youtube_transcript:asx-daily-rundown-atlassian-lifts-tech-a2-milk-recall-shock-accent-group-all-time-lows:88e960386e503796,2026-05-04T08:25:02+00:00,2026-05-04T08:25:02+00:00,status_expire_candidate_after_approval,still_active_from_prior_high_confidence_expire_manifest,no
649,active_fanout_0001,fanout_0001,AXEN GROUP,risk,PETTIMED's capital raising at 1 cent per share,active,0.79,0.91,commentary:youtube_transcript,youtube_transcript:asx-daily-rundown-atlassian-lifts-tech-a2-milk-recall-shock-accent-group-all-time-lows:88e960386e503796,2026-05-04T08:25:02+00:00,2026-05-04T08:25:02+00:00,status_expire_candidate_after_approval,still_active_from_prior_high_confidence_expire_manifest,no
650,active_fanout_0001,fanout_0001,STRICKLAND METALS,risk,PETTIMED's capital raising at 1 cent per share,active,0.79,0.91,commentary:youtube_transcript,youtube_transcript:asx-daily-rundown-atlassian-lifts-tech-a2-milk-recall-shock-accent-group-all-time-lows:88e960386e503796,2026-05-04T08:25:02+00:00,2026-05-04T08:25:02+00:00,status_expire_candidate_after_approval,still_active_from_prior_high_confidence_expire_manifest,no
651,active_fanout_0001,fanout_0001,LION TOWN,risk,PETTIMED's capital raising at 1 cent per share,active,0.79,0.91,commentary:youtube_transcript,youtube_transcript:asx-daily-rundown-atlassian-lifts-tech-a2-milk-recall-shock-accent-group-all-time-lows:88e960386e503796,2026-05-04T08:25:02+00:00,2026-05-04T08:25:02+00:00,status_expire_candidate_after_approval,still_active_from_prior_high_confidence_expire_manifest,no
652,active_fanout_0001,fanout_0001,IMRO,risk,PETTIMED's capital raising at 1 cent per share,active,0.79,0.91,commentary:youtube_transcript,youtube_transcript:asx-daily-rundown-atlassian-lifts-tech-a2-milk-recall-shock-accent-group-all-time-lows:88e960386e503796,2026-05-04T08:25:02+00:00,2026-05-04T08:25:02+00:00,status_expire_candidate_after_approval,still_active_from_prior_high_confidence_expire_manifest,no
653,active_fanout_0001,fanout_0001,PENINSULA,risk,PETTIMED's capital raising at 1 cent per share,active,0.79,0.91,commentary:youtube_transcript,youtube_transcript:asx-daily-rundown-atlassian-lifts-tech-a2-milk-recall-shock-accent-group-all-time-lows:88e960386e503796,2026-05-04T08:25:03+00:00,2026-05-04T08:25:03+00:00,status_expire_candidate_after_approval,still_active_from_prior_high_confidence_expire_manifest,no
654,active_fanout_0001,fanout_0001,BRAIN CHIP,risk,PETTIMED's capital raising at 1 cent per share,active,0.79,0.91,commentary:youtube_transcript,youtube_transcript:asx-daily-rundown-atlassian-lifts-tech-a2-milk-recall-shock-accent-group-all-time-lows:88e960386e503796,2026-05-04T08:25:03+00:00,2026-05-04T08:25:03+00:00,status_expire_candidate_after_approval,still_active_from_prior_high_confidence_expire_manifest,no
655,active_fanout_0001,fanout_0001,VERITUS,risk,PETTIMED's capital raising at 1 cent per share,active,0.79,0.91,commentary:youtube_transcript,youtube_transcript:asx-daily-rundown-atlassian-lifts-tech-a2-milk-recall-shock-accent-group-all-time-lows:88e960386e503796,2026-05-04T08:25:03+00:00,2026-05-04T08:25:03+00:00,status_expire_candidate_after_approval,still_active_from_prior_high_confidence_expire_manifest,no
657,active_fanout_0001,fanout_0001,IMPEDIMED,risk,PETTIMED's capital raising at 1 cent per share,active,0.79,0.91,commentary:youtube_transcript,youtube_transcript:asx-daily-rundown-atlassian-lifts-tech-a2-milk-recall-shock-accent-group-all-time-lows:88e960386e503796,2026-05-04T08:25:03+00:00,2026-05-04T08:25:03+00:00,status_expire_candidate_after_approval,still_active_from_prior_high_confidence_expire_manifest,no
658,active_fanout_0001,fanout_0001,INDE,risk,PETTIMED's capital raising at 1 cent per share,active,0.79,0.91,commentary:youtube_transcript,youtube_transcript:asx-daily-rundown-atlassian-lifts-tech-a2-milk-recall-shock-accent-group-all-time-lows:88e960386e503796,2026-05-04T08:25:04+00:00,2026-05-04T08:25:04+00:00,status_expire_candidate_after_approval,still_active_from_prior_high_confidence_expire_manifest,no
660,active_fanout_0001,fanout_0001,C79,risk,PETTIMED's capital raising at 1 cent per share,active,0.79,0.91,commentary:youtube_transcript,youtube_transcript:asx-daily-rundown-atlassian-lifts-tech-a2-milk-recall-shock-accent-group-all-time-lows:88e960386e503796,2026-05-04T08:25:04+00:00,2026-05-04T08:25:04+00:00,status_expire_candidate_after_approval,still_active_from_prior_high_confidence_expire_manifest,no
661,active_fanout_0001,fanout_0001,A2M,risk,PETTIMED's capital raising at 1 cent per share,active,0.79,0.91,commentary:youtube_transcript,youtube_transcript:asx-daily-rundown-atlassian-lifts-tech-a2-milk-recall-shock-accent-group-all-time-lows:88e960386e503796,2026-05-04T08:25:04+00:00,2026-05-04T08:25:04+00:00,status_expire_candidate_after_approval,still_active_from_prior_high_confidence_expire_manifest,no
662,active_fanout_0001,fanout_0001,ACCENT GROUP,risk,PETTIMED's capital raising at 1 cent per share,active,0.79,0.91,commentary:youtube_transcript,youtube_transcript:asx-daily-rundown-atlassian-lifts-tech-a2-milk-recall-shock-accent-group-all-time-lows:88e960386e503796,2026-05-04T08:25:04+00:00,2026-05-04T08:25:04+00:00,status_expire_candidate_after_approval,still_active_from_prior_high_confidence_expire_manifest,no
1065,active_fanout_0001,fanout_0001,END,risk,Pettimed's capital raising at 1 cent per share,active,0.79,0.91,commentary:youtube_transcript,youtube_transcript:asx-daily-rundown-atlassian-lifts-tech-a2-milk-recall-shock-accent-group-all-time-lows:88e960386e503796,2026-05-04T08:26:42+00:00,2026-05-04T08:26:42+00:00,status_expire_candidate_after_approval,still_active_from_prior_high_confidence_expire_manifest,no
1066,active_fanout_0001,fanout_0001,COH,risk,Pettimed's capital raising at 1 cent per share,active,0.79,0.91,commentary:youtube_transcript,youtube_transcript:asx-daily-rundown-atlassian-lifts-tech-a2-milk-recall-shock-accent-group-all-time-lows:88e960386e503796,2026-05-04T08:26:42+00:00,2026-05-04T08:26:42+00:00,status_expire_candidate_after_approval,still_active_from_prior_high_confidence_expire_manifest,no
1067,active_fanout_0001,fanout_0001,WES,risk,Pettimed's capital raising at 1 cent per share,active,0.79,0.91,commentary:youtube_transcript,youtube_transcript:asx-daily-rundown-atlassian-lifts-tech-a2-milk-recall-shock-accent-group-all-time-lows:88e960386e503796,2026-05-04T08:26:43+00:00,2026-05-04T08:26:43+00:00,status_expire_candidate_after_approval,still_active_from_prior_high_confidence_expire_manifest,no
1068,active_fanout_0001,fanout_0001,WBC,risk,Pettimed's capital raising at 1 cent per share,active,0.79,0.91,commentary:youtube_transcript,youtube_transcript:asx-daily-rundown-atlassian-lifts-tech-a2-milk-recall-shock-accent-group-all-time-lows:88e960386e503796,2026-05-04T08:26:44+00:00,2026-05-04T08:26:44+00:00,status_expire_candidate_after_approval,still_active_from_prior_high_confidence_expire_manifest,no
1069,active_fanout_0001,fanout_0001,KEY,risk,Pettimed's capital raising at 1 cent per share,active,0.79,0.91,commentary:youtube_transcript,youtube_transcript:asx-daily-rundown-atlassian-lifts-tech-a2-milk-recall-shock-accent-group-all-time-lows:88e960386e503796,2026-05-04T08:26:44+00:00,2026-05-04T08:26:44+00:00,status_expire_candidate_after_approval,still_active_from_prior_high_confidence_expire_manifest,no
1070,active_fanout_0001,fanout_0001,GCM,risk,Pettimed's capital raising at 1 cent per share,active,0.79,0.91,commentary:youtube_transcript,youtube_transcript:asx-daily-rundown-atlassian-lifts-tech-a2-milk-recall-shock-accent-group-all-time-lows:88e960386e503796,2026-05-04T08:26:44+00:00,2026-05-04T08:26:44+00:00,status_expire_candidate_after_approval,still_active_from_prior_high_confidence_expire_manifest,no
1071,active_fanout_0001,fanout_0001,MAR,risk,Pettimed's capital raising at 1 cent per share,active,0.79,0.91,commentary:youtube_transcript,youtube_transcript:asx-daily-rundown-atlassian-lifts-tech-a2-milk-recall-shock-accent-group-all-time-lows:88e960386e503796,2026-05-04T08:26:44+00:00,2026-05-04T08:26:44+00:00,status_expire_candidate_after_approval,still_active_from_prior_high_confidence_expire_manifest,no
1072,active_fanout_0001,fanout_0001,CLT,risk,Pettimed's capital raising at 1 cent per share,active,0.79,0.91,commentary:youtube_transcript,youtube_transcript:asx-daily-rundown-atlassian-lifts-tech-a2-milk-recall-shock-accent-group-all-time-lows:88e960386e503796,2026-05-04T08:26:44+00:00,2026-05-04T08:26:44+00:00,status_expire_candidate_after_approval,still_active_from_prior_high_confidence_expire_manifest,no
1073,active_fanout_0001,fanout_0001,WIN,risk,Pettimed's capital raising at 1 cent per share,active,0.79,0.91,commentary:youtube_transcript,youtube_transcript:asx-daily-rundown-atlassian-lifts-tech-a2-milk-recall-shock-accent-group-all-time-lows:88e960386e503796,2026-05-04T08:26:44+00:00,2026-05-04T08:26:44+00:00,status_expire_candidate_after_approval,still_active_from_prior_high_confidence_expire_manifest,no
1074,active_fanout_0001,fanout_0001,SKT,risk,Pettimed's capital raising at 1 cent per share,active,0.79,0.91,commentary:youtube_transcript,youtube_transcript:asx-daily-rundown-atlassian-lifts-tech-a2-milk-recall-shock-accent-group-all-time-lows:88e960386e503796,2026-05-04T08:26:45+00:00,2026-05-04T08:26:45+00:00,status_expire_candidate_after_approval,still_active_from_prior_high_confidence_expire_manifest,no
1075,active_fanout_0001,fanout_0001,VCE,risk,Pettimed's capital raising at 1 cent per share,active,0.79,0.91,commentary:youtube_transcript,youtube_transcript:asx-daily-rundown-atlassian-lifts-tech-a2-milk-recall-shock-accent-group-all-time-lows:88e960386e503796,2026-05-04T08:26:45+00:00,2026-05-04T08:26:45+00:00,status_expire_candidate_after_approval,still_active_from_prior_high_confidence_expire_manifest,no
1076,active_fanout_0001,fanout_0001,SNW,risk,Pettimed's capital raising at 1 cent per share,active,0.79,0.91,commentary:youtube_transcript,youtube_transcript:asx-daily-rundown-atlassian-lifts-tech-a2-milk-recall-shock-accent-group-all-time-lows:88e960386e503796,2026-05-04T08:26:46+00:00,2026-05-04T08:26:46+00:00,status_expire_candidate_after_approval,still_active_from_prior_high_confidence_expire_manifest,no
1077,active_fanout_0001,fanout_0001,LON,risk,Pettimed's capital raising at 1 cent per share,active,0.79,0.91,commentary:youtube_transcript,youtube_transcript:asx-daily-rundown-atlassian-lifts-tech-a2-milk-recall-shock-accent-group-all-time-lows:88e960386e503796,2026-05-04T08:26:46+00:00,2026-05-04T08:26:46+00:00,status_expire_candidate_after_approval,still_active_from_prior_high_confidence_expire_manifest,no
1079,active_fanout_0001,fanout_0001,STK,risk,Pettimed's capital raising at 1 cent per share,active,0.79,0.91,commentary:youtube_transcript,youtube_transcript:asx-daily-rundown-atlassian-lifts-tech-a2-milk-recall-shock-accent-group-all-time-lows:88e960386e503796,2026-05-04T08:26:46+00:00,2026-05-04T08:26:46+00:00,status_expire_candidate_after_approval,still_active_from_prior_high_confidence_expire_manifest,no
1776,active_fanout_0001,fanout_0001,ASX,catalyst,Pettimed's capital raising at 1 cent per share,active,0.79,0.91,commentary:youtube_transcript,youtube_transcript:asx-daily-rundown-atlassian-lifts-tech-a2-milk-recall-shock-accent-group-all-time-lows:88e960386e503796,2026-05-05T04:20:50+00:00,2026-05-05T04:20:50+00:00,status_expire_candidate_after_approval,still_active_from_prior_high_confidence_expire_manifest,no
1777,active_fanout_0001,fanout_0001,TXT,catalyst,Pettimed's capital raising at 1 cent per share,active,0.79,0.91,commentary:youtube_transcript,youtube_transcript:asx-daily-rundown-atlassian-lifts-tech-a2-milk-recall-shock-accent-group-all-time-lows:88e960386e503796,2026-05-05T04:20:50+00:00,2026-05-05T04:20:50+00:00,status_expire_candidate_after_approval,still_active_from_prior_high_confidence_expire_manifest,no
1778,active_fanout_0001,fanout_0001,XTX,catalyst,Pettimed's capital raising at 1 cent per share,active,0.79,0.91,commentary:youtube_transcript,youtube_transcript:asx-daily-rundown-atlassian-lifts-tech-a2-milk-recall-shock-accent-group-all-time-lows:88e960386e503796,2026-05-05T04:20:50+00:00,2026-05-05T04:20:50+00:00,status_expire_candidate_after_approval,still_active_from_prior_high_confidence_expire_manifest,no
1779,active_fanout_0001,fanout_0001,A2M,catalyst,Pettimed's capital raising at 1 cent per share,active,0.79,0.91,commentary:youtube_transcript,youtube_transcript:asx-daily-rundown-atlassian-lifts-tech-a2-milk-recall-shock-accent-group-all-time-lows:88e960386e503796,2026-05-05T04:20:50+00:00,2026-05-05T04:20:50+00:00,status_expire_candidate_after_approval,still_active_from_prior_high_confidence_expire_manifest,no
1780,active_fanout_0001,fanout_0001,ENDV,catalyst,Pettimed's capital raising at 1 cent per share,active,0.79,0.91,commentary:youtube_transcript,youtube_transcript:asx-daily-rundown-atlassian-lifts-tech-a2-milk-recall-shock-accent-group-all-time-lows:88e960386e503796,2026-05-05T04:20:50+00:00,2026-05-05T04:20:50+00:00,status_expire_candidate_after_approval,still_active_from_prior_high_confidence_expire_manifest,no
1781,active_fanout_0001,fanout_0001,COH,catalyst,Pettimed's capital raising at 1 cent per share,active,0.79,0.91,commentary:youtube_transcript,youtube_transcript:asx-daily-rundown-atlassian-lifts-tech-a2-milk-recall-shock-accent-group-all-time-lows:88e960386e503796,2026-05-05T04:20:51+00:00,2026-05-05T04:20:51+00:00,status_expire_candidate_after_approval,still_active_from_prior_high_confidence_expire_manifest,no
1782,active_fanout_0001,fanout_0001,BHP,catalyst,Pettimed's capital raising at 1 cent per share,active,0.79,0.91,commentary:youtube_transcript,youtube_transcript:asx-daily-rundown-atlassian-lifts-tech-a2-milk-recall-shock-accent-group-all-time-lows:88e960386e503796,2026-05-05T04:20:51+00:00,2026-05-05T04:20:51+00:00,status_expire_candidate_after_approval,still_active_from_prior_high_confidence_expire_manifest,no
1783,active_fanout_0001,fanout_0001,WES,catalyst,Pettimed's capital raising at 1 cent per share,active,0.79,0.91,commentary:youtube_transcript,youtube_transcript:asx-daily-rundown-atlassian-lifts-tech-a2-milk-recall-shock-accent-group-all-time-lows:88e960386e503796,2026-05-05T04:20:51+00:00,2026-05-05T04:20:51+00:00,status_expire_candidate_after_approval,still_active_from_prior_high_confidence_expire_manifest,no
1784,active_fanout_0001,fanout_0001,NAB,catalyst,Pettimed's capital raising at 1 cent per share,active,0.79,0.91,commentary:youtube_transcript,youtube_transcript:asx-daily-rundown-atlassian-lifts-tech-a2-milk-recall-shock-accent-group-all-time-lows:88e960386e503796,2026-05-05T04:20:52+00:00,2026-05-05T04:20:52+00:00,status_expire_candidate_after_approval,still_active_from_prior_high_confidence_expire_manifest,no
1785,active_fanout_0001,fanout_0001,WBC,catalyst,Pettimed's capital raising at 1 cent per share,active,0.79,0.91,commentary:youtube_transcript,youtube_transcript:asx-daily-rundown-atlassian-lifts-tech-a2-milk-recall-shock-accent-group-all-time-lows:88e960386e503796,2026-05-05T04:20:53+00:00,2026-05-05T04:20:53+00:00,status_expire_candidate_after_approval,still_active_from_prior_high_confidence_expire_manifest,no
1786,active_fanout_0001,fanout_0001,KEYP,catalyst,Pettimed's capital raising at 1 cent per share,active,0.79,0.91,commentary:youtube_transcript,youtube_transcript:asx-daily-rundown-atlassian-lifts-tech-a2-milk-recall-shock-accent-group-all-time-lows:88e960386e503796,2026-05-05T04:20:53+00:00,2026-05-05T04:20:53+00:00,status_expire_candidate_after_approval,still_active_from_prior_high_confidence_expire_manifest,no
1787,active_fanout_0001,fanout_0001,GCMC,catalyst,Pettimed's capital raising at 1 cent per share,active,0.79,0.91,commentary:youtube_transcript,youtube_transcript:asx-daily-rundown-atlassian-lifts-tech-a2-milk-recall-shock-accent-group-all-time-lows:88e960386e503796,2026-05-05T04:20:53+00:00,2026-05-05T04:20:53+00:00,status_expire_candidate_after_approval,still_active_from_prior_high_confidence_expire_manifest,no
1788,active_fanout_0001,fanout_0001,MARINO,catalyst,Pettimed's capital raising at 1 cent per share,active,0.79,0.91,commentary:youtube_transcript,youtube_transcript:asx-daily-rundown-atlassian-lifts-tech-a2-milk-recall-shock-accent-group-all-time-lows:88e960386e503796,2026-05-05T04:20:53+00:00,2026-05-05T04:20:53+00:00,status_expire_candidate_after_approval,still_active_from_prior_high_confidence_expire_manifest,no
1789,active_fanout_0001,fanout_0001,CLAR,catalyst,Pettimed's capital raising at 1 cent per share,active,0.79,0.91,commentary:youtube_transcript,youtube_transcript:asx-daily-rundown-atlassian-lifts-tech-a2-milk-recall-shock-accent-group-all-time-lows:88e960386e503796,2026-05-05T04:20:53+00:00,2026-05-05T04:20:53+00:00,status_expire_candidate_after_approval,still_active_from_prior_high_confidence_expire_manifest,no
1790,active_fanout_0001,fanout_0001,WIN,catalyst,Pettimed's capital raising at 1 cent per share,active,0.79,0.91,commentary:youtube_transcript,youtube_transcript:asx-daily-rundown-atlassian-lifts-tech-a2-milk-recall-shock-accent-group-all-time-lows:88e960386e503796,2026-05-05T04:20:54+00:00,2026-05-05T04:20:54+00:00,status_expire_candidate_after_approval,still_active_from_prior_high_confidence_expire_manifest,no
1791,active_fanout_0001,fanout_0001,LIVN,catalyst,Pettimed's capital raising at 1 cent per share,active,0.79,0.91,commentary:youtube_transcript,youtube_transcript:asx-daily-rundown-atlassian-lifts-tech-a2-milk-recall-shock-accent-group-all-time-lows:88e960386e503796,2026-05-05T04:20:54+00:00,2026-05-05T04:20:54+00:00,status_expire_candidate_after_approval,still_active_from_prior_high_confidence_expire_manifest,no
1792,active_fanout_0001,fanout_0001,SKT,catalyst,Pettimed's capital raising at 1 cent per share,active,0.79,0.91,commentary:youtube_transcript,youtube_transcript:asx-daily-rundown-atlassian-lifts-tech-a2-milk-recall-shock-accent-group-all-time-lows:88e960386e503796,2026-05-05T04:20:54+00:00,2026-05-05T04:20:54+00:00,status_expire_candidate_after_approval,still_active_from_prior_high_confidence_expire_manifest,no
1793,active_fanout_0001,fanout_0001,VCE,catalyst,Pettimed's capital raising at 1 cent per share,active,0.79,0.91,commentary:youtube_transcript,youtube_transcript:asx-daily-rundown-atlassian-lifts-tech-a2-milk-recall-shock-accent-group-all-time-lows:88e960386e503796,2026-05-05T04:20:54+00:00,2026-05-05T04:20:54+00:00,status_expire_candidate_after_approval,still_active_from_prior_high_confidence_expire_manifest,no
1794,active_fanout_0001,fanout_0001,SN,catalyst,Pettimed's capital raising at 1 cent per share,active,0.79,0.91,commentary:youtube_transcript,youtube_transcript:asx-daily-rundown-atlassian-lifts-tech-a2-milk-recall-shock-accent-group-all-time-lows:88e960386e503796,2026-05-05T04:20:55+00:00,2026-05-05T04:20:55+00:00,status_expire_candidate_after_approval,still_active_from_prior_high_confidence_expire_manifest,no
1795,active_fanout_0001,fanout_0001,LION,catalyst,Pettimed's capital raising at 1 cent per share,active,0.79,0.91,commentary:youtube_transcript,youtube_transcript:asx-daily-rundown-atlassian-lifts-tech-a2-milk-recall-shock-accent-group-all-time-lows:88e960386e503796,2026-05-05T04:20:55+00:00,2026-05-05T04:20:55+00:00,status_expire_candidate_after_approval,still_active_from_prior_high_confidence_expire_manifest,no
1797,active_fanout_0001,fanout_0001,INDE,catalyst,Pettimed's capital raising at 1 cent per share,active,0.79,0.91,commentary:youtube_transcript,youtube_transcript:asx-daily-rundown-atlassian-lifts-tech-a2-milk-recall-shock-accent-group-all-time-lows:88e960386e503796,2026-05-05T04:20:56+00:00,2026-05-05T04:20:56+00:00,status_expire_candidate_after_approval,still_active_from_prior_high_confidence_expire_manifest,no
1798,active_fanout_0001,fanout_0001,C79,catalyst,Pettimed's capital raising at 1 cent per share,active,0.79,0.91,commentary:youtube_transcript,youtube_transcript:asx-daily-rundown-atlassian-lifts-tech-a2-milk-recall-shock-accent-group-all-time-lows:88e960386e503796,2026-05-05T04:20:56+00:00,2026-05-05T04:20:56+00:00,status_expire_candidate_after_approval,still_active_from_prior_high_confidence_expire_manifest,no
1799,active_fanout_0001,fanout_0001,A2 MILK,catalyst,Pettimed's capital raising at 1 cent per share,active,0.79,0.91,commentary:youtube_transcript,youtube_transcript:asx-daily-rundown-atlassian-lifts-tech-a2-milk-recall-shock-accent-group-all-time-lows:88e960386e503796,2026-05-05T04:20:56+00:00,2026-05-05T04:20:56+00:00,status_expire_candidate_after_approval,still_active_from_prior_high_confidence_expire_manifest,no
1800,active_fanout_0001,fanout_0001,ACCENT GROUP,catalyst,Pettimed's capital raising at 1 cent per share,active,0.79,0.91,commentary:youtube_transcript,youtube_transcript:asx-daily-rundown-atlassian-lifts-tech-a2-milk-recall-shock-accent-group-all-time-lows:88e960386e503796,2026-05-05T04:20:56+00:00,2026-05-05T04:20:56+00:00,status_expire_candidate_after_approval,still_active_from_prior_high_confidence_expire_manifest,no
258,active_fanout_0002,fanout_0002,ASX,observed_fact,A2 MILK's share price dropped 10% due to a product recall,active,0.82,0.71,commentary:youtube_transcript,youtube_transcript:asx-daily-rundown-atlassian-lifts-tech-a2-milk-recall-shock-accent-group-all-time-lows:88e960386e503796,2026-05-04T08:23:57+00:00,2026-05-04T08:23:57+00:00,status_expire_candidate_after_approval,still_active_from_prior_high_confidence_expire_manifest,no
259,active_fanout_0002,fanout_0002,TXT,observed_fact,A2 MILK's share price dropped 10% due to a product recall,active,0.82,0.71,commentary:youtube_transcript,youtube_transcript:asx-daily-rundown-atlassian-lifts-tech-a2-milk-recall-shock-accent-group-all-time-lows:88e960386e503796,2026-05-04T08:23:57+00:00,2026-05-04T08:23:57+00:00,status_expire_candidate_after_approval,still_active_from_prior_high_confidence_expire_manifest,no
260,active_fanout_0002,fanout_0002,XTX,observed_fact,A2 MILK's share price dropped 10% due to a product recall,active,0.82,0.71,commentary:youtube_transcript,youtube_transcript:asx-daily-rundown-atlassian-lifts-tech-a2-milk-recall-shock-accent-group-all-time-lows:88e960386e503796,2026-05-04T08:23:57+00:00,2026-05-04T08:23:57+00:00,status_expire_candidate_after_approval,still_active_from_prior_high_confidence_expire_manifest,no
262,active_fanout_0002,fanout_0002,ENDEAVOR GROUP,observed_fact,A2 MILK's share price dropped 10% due to a product recall,active,0.82,0.71,commentary:youtube_transcript,youtube_transcript:asx-daily-rundown-atlassian-lifts-tech-a2-milk-recall-shock-accent-group-all-time-lows:88e960386e503796,2026-05-04T08:23:58+00:00,2026-05-04T08:23:58+00:00,status_expire_candidate_after_approval,still_active_from_prior_high_confidence_expire_manifest,no
263,active_fanout_0002,fanout_0002,ATLASSIAN,observed_fact,A2 MILK's share price dropped 10% due to a product recall,active,0.82,0.71,commentary:youtube_transcript,youtube_transcript:asx-daily-rundown-atlassian-lifts-tech-a2-milk-recall-shock-accent-group-all-time-lows:88e960386e503796,2026-05-04T08:23:58+00:00,2026-05-04T08:23:58+00:00,status_expire_candidate_after_approval,still_active_from_prior_high_confidence_expire_manifest,no
264,active_fanout_0002,fanout_0002,NAB,observed_fact,A2 MILK's share price dropped 10% due to a product recall,active,0.82,0.71,commentary:youtube_transcript,youtube_transcript:asx-daily-rundown-atlassian-lifts-tech-a2-milk-recall-shock-accent-group-all-time-lows:88e960386e503796,2026-05-04T08:23:58+00:00,2026-05-04T08:23:58+00:00,status_expire_candidate_after_approval,still_active_from_prior_high_confidence_expire_manifest,no
265,active_fanout_0002,fanout_0002,BHP,observed_fact,A2 MILK's share price dropped 10% due to a product recall,active,0.82,0.71,commentary:youtube_transcript,youtube_transcript:asx-daily-rundown-atlassian-lifts-tech-a2-milk-recall-shock-accent-group-all-time-lows:88e960386e503796,2026-05-04T08:23:59+00:00,2026-05-04T08:23:59+00:00,status_expire_candidate_after_approval,still_active_from_prior_high_confidence_expire_manifest,no
266,active_fanout_0002,fanout_0002,KEY PETROLEUM,observed_fact,A2 MILK's share price dropped 10% due to a product recall,active,0.82,0.71,commentary:youtube_transcript,youtube_transcript:asx-daily-rundown-atlassian-lifts-tech-a2-milk-recall-shock-accent-group-all-time-lows:88e960386e503796,2026-05-04T08:23:59+00:00,2026-05-04T08:23:59+00:00,status_expire_candidate_after_approval,still_active_from_prior_high_confidence_expire_manifest,no
267,active_fanout_0002,fanout_0002,GCM CORPORATION,observed_fact,A2 MILK's share price dropped 10% due to a product recall,active,0.82,0.71,commentary:youtube_transcript,youtube_transcript:asx-daily-rundown-atlassian-lifts-tech-a2-milk-recall-shock-accent-group-all-time-lows:88e960386e503796,2026-05-04T08:23:59+00:00,2026-05-04T08:23:59+00:00,status_expire_candidate_after_approval,still_active_from_prior_high_confidence_expire_manifest,no
268,active_fanout_0002,fanout_0002,MARINO AND CO,observed_fact,A2 MILK's share price dropped 10% due to a product recall,active,0.82,0.71,commentary:youtube_transcript,youtube_transcript:asx-daily-rundown-atlassian-lifts-tech-a2-milk-recall-shock-accent-group-all-time-lows:88e960386e503796,2026-05-04T08:23:59+00:00,2026-05-04T08:23:59+00:00,status_expire_candidate_after_approval,still_active_from_prior_high_confidence_expire_manifest,no
269,active_fanout_0002,fanout_0002,CLARITY,observed_fact,A2 MILK's share price dropped 10% due to a product recall,active,0.82,0.71,commentary:youtube_transcript,youtube_transcript:asx-daily-rundown-atlassian-lifts-tech-a2-milk-recall-shock-accent-group-all-time-lows:88e960386e503796,2026-05-04T08:23:59+00:00,2026-05-04T08:23:59+00:00,status_expire_candidate_after_approval,still_active_from_prior_high_confidence_expire_manifest,no
270,active_fanout_0002,fanout_0002,WIN MEDALS,observed_fact,A2 MILK's share price dropped 10% due to a product recall,active,0.82,0.71,commentary:youtube_transcript,youtube_transcript:asx-daily-rundown-atlassian-lifts-tech-a2-milk-recall-shock-accent-group-all-time-lows:88e960386e503796,2026-05-04T08:23:59+00:00,2026-05-04T08:23:59+00:00,status_expire_candidate_after_approval,still_active_from_prior_high_confidence_expire_manifest,no
271,active_fanout_0002,fanout_0002,AXEN GROUP,observed_fact,A2 MILK's share price dropped 10% due to a product recall,active,0.82,0.71,commentary:youtube_transcript,youtube_transcript:asx-daily-rundown-atlassian-lifts-tech-a2-milk-recall-shock-accent-group-all-time-lows:88e960386e503796,2026-05-04T08:23:59+00:00,2026-05-04T08:23:59+00:00,status_expire_candidate_after_approval,still_active_from_prior_high_confidence_expire_manifest,no
272,active_fanout_0002,fanout_0002,STRICKLAND METALS,observed_fact,A2 MILK's share price dropped 10% due to a product recall,active,0.82,0.71,commentary:youtube_transcript,youtube_transcript:asx-daily-rundown-atlassian-lifts-tech-a2-milk-recall-shock-accent-group-all-time-lows:88e960386e503796,2026-05-04T08:23:59+00:00,2026-05-04T08:23:59+00:00,status_expire_candidate_after_approval,still_active_from_prior_high_confidence_expire_manifest,no
273,active_fanout_0002,fanout_0002,LION TOWN,observed_fact,A2 MILK's share price dropped 10% due to a product recall,active,0.82,0.71,commentary:youtube_transcript,youtube_transcript:asx-daily-rundown-atlassian-lifts-tech-a2-milk-recall-shock-accent-group-all-time-lows:88e960386e503796,2026-05-04T08:24:00+00:00,2026-05-04T08:24:00+00:00,status_expire_candidate_after_approval,still_active_from_prior_high_confidence_expire_manifest,no
274,active_fanout_0002,fanout_0002,IMRO,observed_fact,A2 MILK's share price dropped 10% due to a product recall,active,0.82,0.71,commentary:youtube_transcript,youtube_transcript:asx-daily-rundown-atlassian-lifts-tech-a2-milk-recall-shock-accent-group-all-time-lows:88e960386e503796,2026-05-04T08:24:00+00:00,2026-05-04T08:24:00+00:00,status_expire_candidate_after_approval,still_active_from_prior_high_confidence_expire_manifest,no
275,active_fanout_0002,fanout_0002,PENINSULA,observed_fact,A2 MILK's share price dropped 10% due to a product recall,active,0.82,0.71,commentary:youtube_transcript,youtube_transcript:asx-daily-rundown-atlassian-lifts-tech-a2-milk-recall-shock-accent-group-all-time-lows:88e960386e503796,2026-05-04T08:24:00+00:00,2026-05-04T08:24:00+00:00,status_expire_candidate_after_approval,still_active_from_prior_high_confidence_expire_manifest,no
276,active_fanout_0002,fanout_0002,BRAIN CHIP,observed_fact,A2 MILK's share price dropped 10% due to a product recall,active,0.82,0.71,commentary:youtube_transcript,youtube_transcript:asx-daily-rundown-atlassian-lifts-tech-a2-milk-recall-shock-accent-group-all-time-lows:88e960386e503796,2026-05-04T08:24:01+00:00,2026-05-04T08:24:01+00:00,status_expire_candidate_after_approval,still_active_from_prior_high_confidence_expire_manifest,no
277,active_fanout_0002,fanout_0002,VERITUS,observed_fact,A2 MILK's share price dropped 10% due to a product recall,active,0.82,0.71,commentary:youtube_transcript,youtube_transcript:asx-daily-rundown-atlassian-lifts-tech-a2-milk-recall-shock-accent-group-all-time-lows:88e960386e503796,2026-05-04T08:24:01+00:00,2026-05-04T08:24:01+00:00,status_expire_candidate_after_approval,still_active_from_prior_high_confidence_expire_manifest,no
278,active_fanout_0002,fanout_0002,PETTIMED,observed_fact,A2 MILK's share price dropped 10% due to a product recall,active,0.82,0.71,commentary:youtube_transcript,youtube_transcript:asx-daily-rundown-atlassian-lifts-tech-a2-milk-recall-shock-accent-group-all-time-lows:88e960386e503796,2026-05-04T08:24:01+00:00,2026-05-04T08:24:01+00:00,status_expire_candidate_after_approval,still_active_from_prior_high_confidence_expire_manifest,no
279,active_fanout_0002,fanout_0002,IMPEDIMED,observed_fact,A2 MILK's share price dropped 10% due to a product recall,active,0.82,0.71,commentary:youtube_transcript,youtube_transcript:asx-daily-rundown-atlassian-lifts-tech-a2-milk-recall-shock-accent-group-all-time-lows:88e960386e503796,2026-05-04T08:24:01+00:00,2026-05-04T08:24:01+00:00,status_expire_candidate_after_approval,still_active_from_prior_high_confidence_expire_manifest,no
280,active_fanout_0002,fanout_0002,INDE,observed_fact,A2 MILK's share price dropped 10% due to a product recall,active,0.82,0.71,commentary:youtube_transcript,youtube_transcript:asx-daily-rundown-atlassian-lifts-tech-a2-milk-recall-shock-accent-group-all-time-lows:88e960386e503796,2026-05-04T08:24:01+00:00,2026-05-04T08:24:01+00:00,status_expire_candidate_after_approval,still_active_from_prior_high_confidence_expire_manifest,no
281,active_fanout_0002,fanout_0002,PETT,observed_fact,A2 MILK's share price dropped 10% due to a product recall,active,0.82,0.71,commentary:youtube_transcript,youtube_transcript:asx-daily-rundown-atlassian-lifts-tech-a2-milk-recall-shock-accent-group-all-time-lows:88e960386e503796,2026-05-04T08:24:01+00:00,2026-05-04T08:24:01+00:00,status_expire_candidate_after_approval,still_active_from_prior_high_confidence_expire_manifest,no
282,active_fanout_0002,fanout_0002,C79,observed_fact,A2 MILK's share price dropped 10% due to a product recall,active,0.82,0.71,commentary:youtube_transcript,youtube_transcript:asx-daily-rundown-atlassian-lifts-tech-a2-milk-recall-shock-accent-group-all-time-lows:88e960386e503796,2026-05-04T08:24:01+00:00,2026-05-04T08:24:01+00:00,status_expire_candidate_after_approval,still_active_from_prior_high_confidence_expire_manifest,no
284,active_fanout_0002,fanout_0002,ACCENT GROUP,observed_fact,A2 MILK's share price dropped 10% due to a product recall,active,0.82,0.71,commentary:youtube_transcript,youtube_transcript:asx-daily-rundown-atlassian-lifts-tech-a2-milk-recall-shock-accent-group-all-time-lows:88e960386e503796,2026-05-04T08:24:02+00:00,2026-05-04T08:24:02+00:00,status_expire_candidate_after_approval,still_active_from_prior_high_confidence_expire_manifest,no
811,active_fanout_0002,fanout_0002,END,observed_fact,A2 MILK's share price dropped 10% due to a product recall,active,0.82,0.71,commentary:youtube_transcript,youtube_transcript:asx-daily-rundown-atlassian-lifts-tech-a2-milk-recall-shock-accent-group-all-time-lows:88e960386e503796,2026-05-04T08:25:36+00:00,2026-05-04T08:25:36+00:00,status_expire_candidate_after_approval,still_active_from_prior_high_confidence_expire_manifest,no
812,active_fanout_0002,fanout_0002,COH,observed_fact,A2 MILK's share price dropped 10% due to a product recall,active,0.82,0.71,commentary:youtube_transcript,youtube_transcript:asx-daily-rundown-atlassian-lifts-tech-a2-milk-recall-shock-accent-group-all-time-lows:88e960386e503796,2026-05-04T08:25:36+00:00,2026-05-04T08:25:36+00:00,status_expire_candidate_after_approval,still_active_from_prior_high_confidence_expire_manifest,no
813,active_fanout_0002,fanout_0002,WES,observed_fact,A2 MILK's share price dropped 10% due to a product recall,active,0.82,0.71,commentary:youtube_transcript,youtube_transcript:asx-daily-rundown-atlassian-lifts-tech-a2-milk-recall-shock-accent-group-all-time-lows:88e960386e503796,2026-05-04T08:25:36+00:00,2026-05-04T08:25:36+00:00,status_expire_candidate_after_approval,still_active_from_prior_high_confidence_expire_manifest,no
814,active_fanout_0002,fanout_0002,WBC,observed_fact,A2 MILK's share price dropped 10% due to a product recall,active,0.82,0.71,commentary:youtube_transcript,youtube_transcript:asx-daily-rundown-atlassian-lifts-tech-a2-milk-recall-shock-accent-group-all-time-lows:88e960386e503796,2026-05-04T08:25:36+00:00,2026-05-04T08:25:36+00:00,status_expire_candidate_after_approval,still_active_from_prior_high_confidence_expire_manifest,no
815,active_fanout_0002,fanout_0002,KEY,observed_fact,A2 MILK's share price dropped 10% due to a product recall,active,0.82,0.71,commentary:youtube_transcript,youtube_transcript:asx-daily-rundown-atlassian-lifts-tech-a2-milk-recall-shock-accent-group-all-time-lows:88e960386e503796,2026-05-04T08:25:36+00:00,2026-05-04T08:25:36+00:00,status_expire_candidate_after_approval,still_active_from_prior_high_confidence_expire_manifest,no
816,active_fanout_0002,fanout_0002,GCM,observed_fact,A2 MILK's share price dropped 10% due to a product recall,active,0.82,0.71,commentary:youtube_transcript,youtube_transcript:asx-daily-rundown-atlassian-lifts-tech-a2-milk-recall-shock-accent-group-all-time-lows:88e960386e503796,2026-05-04T08:25:37+00:00,2026-05-04T08:25:37+00:00,status_expire_candidate_after_approval,still_active_from_prior_high_confidence_expire_manifest,no
817,active_fanout_0002,fanout_0002,MAR,observed_fact,A2 MILK's share price dropped 10% due to a product recall,active,0.82,0.71,commentary:youtube_transcript,youtube_transcript:asx-daily-rundown-atlassian-lifts-tech-a2-milk-recall-shock-accent-group-all-time-lows:88e960386e503796,2026-05-04T08:25:37+00:00,2026-05-04T08:25:37+00:00,status_expire_candidate_after_approval,still_active_from_prior_high_confidence_expire_manifest,no
818,active_fanout_0002,fanout_0002,CLT,observed_fact,A2 MILK's share price dropped 10% due to a product recall,active,0.82,0.71,commentary:youtube_transcript,youtube_transcript:asx-daily-rundown-atlassian-lifts-tech-a2-milk-recall-shock-accent-group-all-time-lows:88e960386e503796,2026-05-04T08:25:37+00:00,2026-05-04T08:25:37+00:00,status_expire_candidate_after_approval,still_active_from_prior_high_confidence_expire_manifest,no
819,active_fanout_0002,fanout_0002,WIN,observed_fact,A2 MILK's share price dropped 10% due to a product recall,active,0.82,0.71,commentary:youtube_transcript,youtube_transcript:asx-daily-rundown-atlassian-lifts-tech-a2-milk-recall-shock-accent-group-all-time-lows:88e960386e503796,2026-05-04T08:25:37+00:00,2026-05-04T08:25:37+00:00,status_expire_candidate_after_approval,still_active_from_prior_high_confidence_expire_manifest,no
820,active_fanout_0002,fanout_0002,SKT,observed_fact,A2 MILK's share price dropped 10% due to a product recall,active,0.82,0.71,commentary:youtube_transcript,youtube_transcript:asx-daily-rundown-atlassian-lifts-tech-a2-milk-recall-shock-accent-group-all-time-lows:88e960386e503796,2026-05-04T08:25:37+00:00,2026-05-04T08:25:37+00:00,status_expire_candidate_after_approval,still_active_from_prior_high_confidence_expire_manifest,no
821,active_fanout_0002,fanout_0002,VCE,observed_fact,A2 MILK's share price dropped 10% due to a product recall,active,0.82,0.71,commentary:youtube_transcript,youtube_transcript:asx-daily-rundown-atlassian-lifts-tech-a2-milk-recall-shock-accent-group-all-time-lows:88e960386e503796,2026-05-04T08:25:37+00:00,2026-05-04T08:25:37+00:00,status_expire_candidate_after_approval,still_active_from_prior_high_confidence_expire_manifest,no
822,active_fanout_0002,fanout_0002,SNW,observed_fact,A2 MILK's share price dropped 10% due to a product recall,active,0.82,0.71,commentary:youtube_transcript,youtube_transcript:asx-daily-rundown-atlassian-lifts-tech-a2-milk-recall-shock-accent-group-all-time-lows:88e960386e503796,2026-05-04T08:25:37+00:00,2026-05-04T08:25:37+00:00,status_expire_candidate_after_approval,still_active_from_prior_high_confidence_expire_manifest,no
823,active_fanout_0002,fanout_0002,LON,observed_fact,A2 MILK's share price dropped 10% due to a product recall,active,0.82,0.71,commentary:youtube_transcript,youtube_transcript:asx-daily-rundown-atlassian-lifts-tech-a2-milk-recall-shock-accent-group-all-time-lows:88e960386e503796,2026-05-04T08:25:38+00:00,2026-05-04T08:25:38+00:00,status_expire_candidate_after_approval,still_active_from_prior_high_confidence_expire_manifest,no
824,active_fanout_0002,fanout_0002,PET,observed_fact,A2 MILK's share price dropped 10% due to a product recall,active,0.82,0.71,commentary:youtube_transcript,youtube_transcript:asx-daily-rundown-atlassian-lifts-tech-a2-milk-recall-shock-accent-group-all-time-lows:88e960386e503796,2026-05-04T08:25:38+00:00,2026-05-04T08:25:38+00:00,status_expire_candidate_after_approval,still_active_from_prior_high_confidence_expire_manifest,no
825,active_fanout_0002,fanout_0002,STK,observed_fact,A2 MILK's share price dropped 10% due to a product recall,active,0.82,0.71,commentary:youtube_transcript,youtube_transcript:asx-daily-rundown-atlassian-lifts-tech-a2-milk-recall-shock-accent-group-all-time-lows:88e960386e503796,2026-05-04T08:25:38+00:00,2026-05-04T08:25:38+00:00,status_expire_candidate_after_approval,still_active_from_prior_high_confidence_expire_manifest,no
1697,active_fanout_0002,fanout_0002,ENDV,observed_fact,A2 MILK's share price dropped 10% due to a product recall,active,0.82,0.71,commentary:youtube_transcript,youtube_transcript:asx-daily-rundown-atlassian-lifts-tech-a2-milk-recall-shock-accent-group-all-time-lows:88e960386e503796,2026-05-05T04:19:46+00:00,2026-05-05T04:19:46+00:00,status_expire_candidate_after_approval,still_active_from_prior_high_confidence_expire_manifest,no
1698,active_fanout_0002,fanout_0002,KEYP,observed_fact,A2 MILK's share price dropped 10% due to a product recall,active,0.82,0.71,commentary:youtube_transcript,youtube_transcript:asx-daily-rundown-atlassian-lifts-tech-a2-milk-recall-shock-accent-group-all-time-lows:88e960386e503796,2026-05-05T04:19:48+00:00,2026-05-05T04:19:48+00:00,status_expire_candidate_after_approval,still_active_from_prior_high_confidence_expire_manifest,no
1699,active_fanout_0002,fanout_0002,GCMC,observed_fact,A2 MILK's share price dropped 10% due to a product recall,active,0.82,0.71,commentary:youtube_transcript,youtube_transcript:asx-daily-rundown-atlassian-lifts-tech-a2-milk-recall-shock-accent-group-all-time-lows:88e960386e503796,2026-05-05T04:19:48+00:00,2026-05-05T04:19:48+00:00,status_expire_candidate_after_approval,still_active_from_prior_high_confidence_expire_manifest,no
1700,active_fanout_0002,fanout_0002,MARINO,observed_fact,A2 MILK's share price dropped 10% due to a product recall,active,0.82,0.71,commentary:youtube_transcript,youtube_transcript:asx-daily-rundown-atlassian-lifts-tech-a2-milk-recall-shock-accent-group-all-time-lows:88e960386e503796,2026-05-05T04:19:48+00:00,2026-05-05T04:19:48+00:00,status_expire_candidate_after_approval,still_active_from_prior_high_confidence_expire_manifest,no
1701,active_fanout_0002,fanout_0002,CLAR,observed_fact,A2 MILK's share price dropped 10% due to a product recall,active,0.82,0.71,commentary:youtube_transcript,youtube_transcript:asx-daily-rundown-atlassian-lifts-tech-a2-milk-recall-shock-accent-group-all-time-lows:88e960386e503796,2026-05-05T04:19:48+00:00,2026-05-05T04:19:48+00:00,status_expire_candidate_after_approval,still_active_from_prior_high_confidence_expire_manifest,no
1702,active_fanout_0002,fanout_0002,LIVN,observed_fact,A2 MILK's share price dropped 10% due to a product recall,active,0.82,0.71,commentary:youtube_transcript,youtube_transcript:asx-daily-rundown-atlassian-lifts-tech-a2-milk-recall-shock-accent-group-all-time-lows:88e960386e503796,2026-05-05T04:19:49+00:00,2026-05-05T04:19:49+00:00,status_expire_candidate_after_approval,still_active_from_prior_high_confidence_expire_manifest,no
1703,active_fanout_0002,fanout_0002,SN,observed_fact,A2 MILK's share price dropped 10% due to a product recall,active,0.82,0.71,commentary:youtube_transcript,youtube_transcript:asx-daily-rundown-atlassian-lifts-tech-a2-milk-recall-shock-accent-group-all-time-lows:88e960386e503796,2026-05-05T04:19:50+00:00,2026-05-05T04:19:50+00:00,status_expire_candidate_after_approval,still_active_from_prior_high_confidence_expire_manifest,no
1704,active_fanout_0002,fanout_0002,LION,observed_fact,A2 MILK's share price dropped 10% due to a product recall,active,0.82,0.71,commentary:youtube_transcript,youtube_transcript:asx-daily-rundown-atlassian-lifts-tech-a2-milk-recall-shock-accent-group-all-time-lows:88e960386e503796,2026-05-05T04:19:50+00:00,2026-05-05T04:19:50+00:00,status_expire_candidate_after_approval,still_active_from_prior_high_confidence_expire_manifest,no
285,active_fanout_0003,fanout_0003,ASX,observed_fact,A2 MILK's share price has dropped from almost $10 back to $6.59 in a few months,active,0.82,0.71,commentary:youtube_transcript,youtube_transcript:asx-daily-rundown-atlassian-lifts-tech-a2-milk-recall-shock-accent-group-all-time-lows:88e960386e503796,2026-05-04T08:24:02+00:00,2026-05-04T08:24:02+00:00,status_expire_candidate_after_approval,still_active_from_prior_high_confidence_expire_manifest,no
286,active_fanout_0003,fanout_0003,TXT,observed_fact,A2 MILK's share price has dropped from almost $10 back to $6.59 in a few months,active,0.82,0.71,commentary:youtube_transcript,youtube_transcript:asx-daily-rundown-atlassian-lifts-tech-a2-milk-recall-shock-accent-group-all-time-lows:88e960386e503796,2026-05-04T08:24:02+00:00,2026-05-04T08:24:02+00:00,status_expire_candidate_after_approval,still_active_from_prior_high_confidence_expire_manifest,no
287,active_fanout_0003,fanout_0003,XTX,observed_fact,A2 MILK's share price has dropped from almost $10 back to $6.59 in a few months,active,0.82,0.71,commentary:youtube_transcript,youtube_transcript:asx-daily-rundown-atlassian-lifts-tech-a2-milk-recall-shock-accent-group-all-time-lows:88e960386e503796,2026-05-04T08:24:02+00:00,2026-05-04T08:24:02+00:00,status_expire_candidate_after_approval,still_active_from_prior_high_confidence_expire_manifest,no
289,active_fanout_0003,fanout_0003,ENDEAVOR GROUP,observed_fact,A2 MILK's share price has dropped from almost $10 back to $6.59 in a few months,active,0.82,0.71,commentary:youtube_transcript,youtube_transcript:asx-daily-rundown-atlassian-lifts-tech-a2-milk-recall-shock-accent-group-all-time-lows:88e960386e503796,2026-05-04T08:24:02+00:00,2026-05-04T08:24:02+00:00,status_expire_candidate_after_approval,still_active_from_prior_high_confidence_expire_manifest,no
290,active_fanout_0003,fanout_0003,ATLASSIAN,observed_fact,A2 MILK's share price has dropped from almost $10 back to $6.59 in a few months,active,0.82,0.71,commentary:youtube_transcript,youtube_transcript:asx-daily-rundown-atlassian-lifts-tech-a2-milk-recall-shock-accent-group-all-time-lows:88e960386e503796,2026-05-04T08:24:02+00:00,2026-05-04T08:24:02+00:00,status_expire_candidate_after_approval,still_active_from_prior_high_confidence_expire_manifest,no
291,active_fanout_0003,fanout_0003,NAB,observed_fact,A2 MILK's share price has dropped from almost $10 back to $6.59 in a few months,active,0.82,0.71,commentary:youtube_transcript,youtube_transcript:asx-daily-rundown-atlassian-lifts-tech-a2-milk-recall-shock-accent-group-all-time-lows:88e960386e503796,2026-05-04T08:24:02+00:00,2026-05-04T08:24:02+00:00,status_expire_candidate_after_approval,still_active_from_prior_high_confidence_expire_manifest,no
292,active_fanout_0003,fanout_0003,BHP,observed_fact,A2 MILK's share price has dropped from almost $10 back to $6.59 in a few months,active,0.82,0.71,commentary:youtube_transcript,youtube_transcript:asx-daily-rundown-atlassian-lifts-tech-a2-milk-recall-shock-accent-group-all-time-lows:88e960386e503796,2026-05-04T08:24:02+00:00,2026-05-04T08:24:02+00:00,status_expire_candidate_after_approval,still_active_from_prior_high_confidence_expire_manifest,no
293,active_fanout_0003,fanout_0003,KEY PETROLEUM,observed_fact,A2 MILK's share price has dropped from almost $10 back to $6.59 in a few months,active,0.82,0.71,commentary:youtube_transcript,youtube_transcript:asx-daily-rundown-atlassian-lifts-tech-a2-milk-recall-shock-accent-group-all-time-lows:88e960386e503796,2026-05-04T08:24:03+00:00,2026-05-04T08:24:03+00:00,status_expire_candidate_after_approval,still_active_from_prior_high_confidence_expire_manifest,no
294,active_fanout_0003,fanout_0003,GCM CORPORATION,observed_fact,A2 MILK's share price has dropped from almost $10 back to $6.59 in a few months,active,0.82,0.71,commentary:youtube_transcript,youtube_transcript:asx-daily-rundown-atlassian-lifts-tech-a2-milk-recall-shock-accent-group-all-time-lows:88e960386e503796,2026-05-04T08:24:03+00:00,2026-05-04T08:24:03+00:00,status_expire_candidate_after_approval,still_active_from_prior_high_confidence_expire_manifest,no
295,active_fanout_0003,fanout_0003,MARINO AND CO,observed_fact,A2 MILK's share price has dropped from almost $10 back to $6.59 in a few months,active,0.82,0.71,commentary:youtube_transcript,youtube_transcript:asx-daily-rundown-atlassian-lifts-tech-a2-milk-recall-shock-accent-group-all-time-lows:88e960386e503796,2026-05-04T08:24:04+00:00,2026-05-04T08:24:04+00:00,status_expire_candidate_after_approval,still_active_from_prior_high_confidence_expire_manifest,no
296,active_fanout_0003,fanout_0003,CLARITY,observed_fact,A2 MILK's share price has dropped from almost $10 back to $6.59 in a few months,active,0.82,0.71,commentary:youtube_transcript,youtube_transcript:asx-daily-rundown-atlassian-lifts-tech-a2-milk-recall-shock-accent-group-all-time-lows:88e960386e503796,2026-05-04T08:24:04+00:00,2026-05-04T08:24:04+00:00,status_expire_candidate_after_approval,still_active_from_prior_high_confidence_expire_manifest,no
297,active_fanout_0003,fanout_0003,WIN MEDALS,observed_fact,A2 MILK's share price has dropped from almost $10 back to $6.59 in a few months,active,0.82,0.71,commentary:youtube_transcript,youtube_transcript:asx-daily-rundown-atlassian-lifts-tech-a2-milk-recall-shock-accent-group-all-time-lows:88e960386e503796,2026-05-04T08:24:04+00:00,2026-05-04T08:24:04+00:00,status_expire_candidate_after_approval,still_active_from_prior_high_confidence_expire_manifest,no
298,active_fanout_0003,fanout_0003,AXEN GROUP,observed_fact,A2 MILK's share price has dropped from almost $10 back to $6.59 in a few months,active,0.82,0.71,commentary:youtube_transcript,youtube_transcript:asx-daily-rundown-atlassian-lifts-tech-a2-milk-recall-shock-accent-group-all-time-lows:88e960386e503796,2026-05-04T08:24:04+00:00,2026-05-04T08:24:04+00:00,status_expire_candidate_after_approval,still_active_from_prior_high_confidence_expire_manifest,no
299,active_fanout_0003,fanout_0003,STRICKLAND METALS,observed_fact,A2 MILK's share price has dropped from almost $10 back to $6.59 in a few months,active,0.82,0.71,commentary:youtube_transcript,youtube_transcript:asx-daily-rundown-atlassian-lifts-tech-a2-milk-recall-shock-accent-group-all-time-lows:88e960386e503796,2026-05-04T08:24:04+00:00,2026-05-04T08:24:04+00:00,status_expire_candidate_after_approval,still_active_from_prior_high_confidence_expire_manifest,no
300,active_fanout_0003,fanout_0003,LION TOWN,observed_fact,A2 MILK's share price has dropped from almost $10 back to $6.59 in a few months,active,0.82,0.71,commentary:youtube_transcript,youtube_transcript:asx-daily-rundown-atlassian-lifts-tech-a2-milk-recall-shock-accent-group-all-time-lows:88e960386e503796,2026-05-04T08:24:05+00:00,2026-05-04T08:24:05+00:00,status_expire_candidate_after_approval,still_active_from_prior_high_confidence_expire_manifest,no
301,active_fanout_0003,fanout_0003,IMRO,observed_fact,A2 MILK's share price has dropped from almost $10 back to $6.59 in a few months,active,0.82,0.71,commentary:youtube_transcript,youtube_transcript:asx-daily-rundown-atlassian-lifts-tech-a2-milk-recall-shock-accent-group-all-time-lows:88e960386e503796,2026-05-04T08:24:05+00:00,2026-05-04T08:24:05+00:00,status_expire_candidate_after_approval,still_active_from_prior_high_confidence_expire_manifest,no
302,active_fanout_0003,fanout_0003,PENINSULA,observed_fact,A2 MILK's share price has dropped from almost $10 back to $6.59 in a few months,active,0.82,0.71,commentary:youtube_transcript,youtube_transcript:asx-daily-rundown-atlassian-lifts-tech-a2-milk-recall-shock-accent-group-all-time-lows:88e960386e503796,2026-05-04T08:24:05+00:00,2026-05-04T08:24:05+00:00,status_expire_candidate_after_approval,still_active_from_prior_high_confidence_expire_manifest,no
303,active_fanout_0003,fanout_0003,BRAIN CHIP,observed_fact,A2 MILK's share price has dropped from almost $10 back to $6.59 in a few months,active,0.82,0.71,commentary:youtube_transcript,youtube_transcript:asx-daily-rundown-atlassian-lifts-tech-a2-milk-recall-shock-accent-group-all-time-lows:88e960386e503796,2026-05-04T08:24:05+00:00,2026-05-04T08:24:05+00:00,status_expire_candidate_after_approval,still_active_from_prior_high_confidence_expire_manifest,no
304,active_fanout_0003,fanout_0003,VERITUS,observed_fact,A2 MILK's share price has dropped from almost $10 back to $6.59 in a few months,active,0.82,0.71,commentary:youtube_transcript,youtube_transcript:asx-daily-rundown-atlassian-lifts-tech-a2-milk-recall-shock-accent-group-all-time-lows:88e960386e503796,2026-05-04T08:24:05+00:00,2026-05-04T08:24:05+00:00,status_expire_candidate_after_approval,still_active_from_prior_high_confidence_expire_manifest,no
305,active_fanout_0003,fanout_0003,PETTIMED,observed_fact,A2 MILK's share price has dropped from almost $10 back to $6.59 in a few months,active,0.82,0.71,commentary:youtube_transcript,youtube_transcript:asx-daily-rundown-atlassian-lifts-tech-a2-milk-recall-shock-accent-group-all-time-lows:88e960386e503796,2026-05-04T08:24:05+00:00,2026-05-04T08:24:05+00:00,status_expire_candidate_after_approval,still_active_from_prior_high_confidence_expire_manifest,no
306,active_fanout_0003,fanout_0003,IMPEDIMED,observed_fact,A2 MILK's share price has dropped from almost $10 back to $6.59 in a few months,active,0.82,0.71,commentary:youtube_transcript,youtube_transcript:asx-daily-rundown-atlassian-lifts-tech-a2-milk-recall-shock-accent-group-all-time-lows:88e960386e503796,2026-05-04T08:24:05+00:00,2026-05-04T08:24:05+00:00,status_expire_candidate_after_approval,still_active_from_prior_high_confidence_expire_manifest,no
307,active_fanout_0003,fanout_0003,INDE,observed_fact,A2 MILK's share price has dropped from almost $10 back to $6.59 in a few months,active,0.82,0.71,commentary:youtube_transcript,youtube_transcript:asx-daily-rundown-atlassian-lifts-tech-a2-milk-recall-shock-accent-group-all-time-lows:88e960386e503796,2026-05-04T08:24:06+00:00,2026-05-04T08:24:06+00:00,status_expire_candidate_after_approval,still_active_from_prior_high_confidence_expire_manifest,no
308,active_fanout_0003,fanout_0003,PETT,observed_fact,A2 MILK's share price has dropped from almost $10 back to $6.59 in a few months,active,0.82,0.71,commentary:youtube_transcript,youtube_transcript:asx-daily-rundown-atlassian-lifts-tech-a2-milk-recall-shock-accent-group-all-time-lows:88e960386e503796,2026-05-04T08:24:06+00:00,2026-05-04T08:24:06+00:00,status_expire_candidate_after_approval,still_active_from_prior_high_confidence_expire_manifest,no
309,active_fanout_0003,fanout_0003,C79,observed_fact,A2 MILK's share price has dropped from almost $10 back to $6.59 in a few months,active,0.82,0.71,commentary:youtube_transcript,youtube_transcript:asx-daily-rundown-atlassian-lifts-tech-a2-milk-recall-shock-accent-group-all-time-lows:88e960386e503796,2026-05-04T08:24:07+00:00,2026-05-04T08:24:07+00:00,status_expire_candidate_after_approval,still_active_from_prior_high_confidence_expire_manifest,no
311,active_fanout_0003,fanout_0003,ACCENT GROUP,observed_fact,A2 MILK's share price has dropped from almost $10 back to $6.59 in a few months,active,0.82,0.71,commentary:youtube_transcript,youtube_transcript:asx-daily-rundown-atlassian-lifts-tech-a2-milk-recall-shock-accent-group-all-time-lows:88e960386e503796,2026-05-04T08:24:07+00:00,2026-05-04T08:24:07+00:00,status_expire_candidate_after_approval,still_active_from_prior_high_confidence_expire_manifest,no
826,active_fanout_0003,fanout_0003,END,observed_fact,A2 MILK's share price has dropped from almost $10 back to $6.59 in a few months,active,0.82,0.71,commentary:youtube_transcript,youtube_transcript:asx-daily-rundown-atlassian-lifts-tech-a2-milk-recall-shock-accent-group-all-time-lows:88e960386e503796,2026-05-04T08:25:39+00:00,2026-05-04T08:25:39+00:00,status_expire_candidate_after_approval,still_active_from_prior_high_confidence_expire_manifest,no
827,active_fanout_0003,fanout_0003,COH,observed_fact,A2 MILK's share price has dropped from almost $10 back to $6.59 in a few months,active,0.82,0.71,commentary:youtube_transcript,youtube_transcript:asx-daily-rundown-atlassian-lifts-tech-a2-milk-recall-shock-accent-group-all-time-lows:88e960386e503796,2026-05-04T08:25:40+00:00,2026-05-04T08:25:40+00:00,status_expire_candidate_after_approval,still_active_from_prior_high_confidence_expire_manifest,no
828,active_fanout_0003,fanout_0003,WES,observed_fact,A2 MILK's share price has dropped from almost $10 back to $6.59 in a few months,active,0.82,0.71,commentary:youtube_transcript,youtube_transcript:asx-daily-rundown-atlassian-lifts-tech-a2-milk-recall-shock-accent-group-all-time-lows:88e960386e503796,2026-05-04T08:25:41+00:00,2026-05-04T08:25:41+00:00,status_expire_candidate_after_approval,still_active_from_prior_high_confidence_expire_manifest,no
829,active_fanout_0003,fanout_0003,WBC,observed_fact,A2 MILK's share price has dropped from almost $10 back to $6.59 in a few months,active,0.82,0.71,commentary:youtube_transcript,youtube_transcript:asx-daily-rundown-atlassian-lifts-tech-a2-milk-recall-shock-accent-group-all-time-lows:88e960386e503796,2026-05-04T08:25:41+00:00,2026-05-04T08:25:41+00:00,status_expire_candidate_after_approval,still_active_from_prior_high_confidence_expire_manifest,no
830,active_fanout_0003,fanout_0003,KEY,observed_fact,A2 MILK's share price has dropped from almost $10 back to $6.59 in a few months,active,0.82,0.71,commentary:youtube_transcript,youtube_transcript:asx-daily-rundown-atlassian-lifts-tech-a2-milk-recall-shock-accent-group-all-time-lows:88e960386e503796,2026-05-04T08:25:41+00:00,2026-05-04T08:25:41+00:00,status_expire_candidate_after_approval,still_active_from_prior_high_confidence_expire_manifest,no
831,active_fanout_0003,fanout_0003,GCM,observed_fact,A2 MILK's share price has dropped from almost $10 back to $6.59 in a few months,active,0.82,0.71,commentary:youtube_transcript,youtube_transcript:asx-daily-rundown-atlassian-lifts-tech-a2-milk-recall-shock-accent-group-all-time-lows:88e960386e503796,2026-05-04T08:25:41+00:00,2026-05-04T08:25:41+00:00,status_expire_candidate_after_approval,still_active_from_prior_high_confidence_expire_manifest,no
832,active_fanout_0003,fanout_0003,MAR,observed_fact,A2 MILK's share price has dropped from almost $10 back to $6.59 in a few months,active,0.82,0.71,commentary:youtube_transcript,youtube_transcript:asx-daily-rundown-atlassian-lifts-tech-a2-milk-recall-shock-accent-group-all-time-lows:88e960386e503796,2026-05-04T08:25:41+00:00,2026-05-04T08:25:41+00:00,status_expire_candidate_after_approval,still_active_from_prior_high_confidence_expire_manifest,no
833,active_fanout_0003,fanout_0003,CLT,observed_fact,A2 MILK's share price has dropped from almost $10 back to $6.59 in a few months,active,0.82,0.71,commentary:youtube_transcript,youtube_transcript:asx-daily-rundown-atlassian-lifts-tech-a2-milk-recall-shock-accent-group-all-time-lows:88e960386e503796,2026-05-04T08:25:41+00:00,2026-05-04T08:25:41+00:00,status_expire_candidate_after_approval,still_active_from_prior_high_confidence_expire_manifest,no
834,active_fanout_0003,fanout_0003,WIN,observed_fact,A2 MILK's share price has dropped from almost $10 back to $6.59 in a few months,active,0.82,0.71,commentary:youtube_transcript,youtube_transcript:asx-daily-rundown-atlassian-lifts-tech-a2-milk-recall-shock-accent-group-all-time-lows:88e960386e503796,2026-05-04T08:25:42+00:00,2026-05-04T08:25:42+00:00,status_expire_candidate_after_approval,still_active_from_prior_high_confidence_expire_manifest,no
835,active_fanout_0003,fanout_0003,SKT,observed_fact,A2 MILK's share price has dropped from almost $10 back to $6.59 in a few months,active,0.82,0.71,commentary:youtube_transcript,youtube_transcript:asx-daily-rundown-atlassian-lifts-tech-a2-milk-recall-shock-accent-group-all-time-lows:88e960386e503796,2026-05-04T08:25:42+00:00,2026-05-04T08:25:42+00:00,status_expire_candidate_after_approval,still_active_from_prior_high_confidence_expire_manifest,no
836,active_fanout_0003,fanout_0003,VCE,observed_fact,A2 MILK's share price has dropped from almost $10 back to $6.59 in a few months,active,0.82,0.71,commentary:youtube_transcript,youtube_transcript:asx-daily-rundown-atlassian-lifts-tech-a2-milk-recall-shock-accent-group-all-time-lows:88e960386e503796,2026-05-04T08:25:42+00:00,2026-05-04T08:25:42+00:00,status_expire_candidate_after_approval,still_active_from_prior_high_confidence_expire_manifest,no
837,active_fanout_0003,fanout_0003,SNW,observed_fact,A2 MILK's share price has dropped from almost $10 back to $6.59 in a few months,active,0.82,0.71,commentary:youtube_transcript,youtube_transcript:asx-daily-rundown-atlassian-lifts-tech-a2-milk-recall-shock-accent-group-all-time-lows:88e960386e503796,2026-05-04T08:25:42+00:00,2026-05-04T08:25:42+00:00,status_expire_candidate_after_approval,still_active_from_prior_high_confidence_expire_manifest,no
838,active_fanout_0003,fanout_0003,LON,observed_fact,A2 MILK's share price has dropped from almost $10 back to $6.59 in a few months,active,0.82,0.71,commentary:youtube_transcript,youtube_transcript:asx-daily-rundown-atlassian-lifts-tech-a2-milk-recall-shock-accent-group-all-time-lows:88e960386e503796,2026-05-04T08:25:42+00:00,2026-05-04T08:25:42+00:00,status_expire_candidate_after_approval,still_active_from_prior_high_confidence_expire_manifest,no
839,active_fanout_0003,fanout_0003,PET,observed_fact,A2 MILK's share price has dropped from almost $10 back to $6.59 in a few months,active,0.82,0.71,commentary:youtube_transcript,youtube_transcript:asx-daily-rundown-atlassian-lifts-tech-a2-milk-recall-shock-accent-group-all-time-lows:88e960386e503796,2026-05-04T08:25:43+00:00,2026-05-04T08:25:43+00:00,status_expire_candidate_after_approval,still_active_from_prior_high_confidence_expire_manifest,no
840,active_fanout_0003,fanout_0003,STK,observed_fact,A2 MILK's share price has dropped from almost $10 back to $6.59 in a few months,active,0.82,0.71,commentary:youtube_transcript,youtube_transcript:asx-daily-rundown-atlassian-lifts-tech-a2-milk-recall-shock-accent-group-all-time-lows:88e960386e503796,2026-05-04T08:25:43+00:00,2026-05-04T08:25:43+00:00,status_expire_candidate_after_approval,still_active_from_prior_high_confidence_expire_manifest,no
1705,active_fanout_0003,fanout_0003,ENDV,observed_fact,A2 MILK's share price has dropped from almost $10 back to $6.59 in a few months,active,0.82,0.71,commentary:youtube_transcript,youtube_transcript:asx-daily-rundown-atlassian-lifts-tech-a2-milk-recall-shock-accent-group-all-time-lows:88e960386e503796,2026-05-05T04:19:53+00:00,2026-05-05T04:19:53+00:00,status_expire_candidate_after_approval,still_active_from_prior_high_confidence_expire_manifest,no
1706,active_fanout_0003,fanout_0003,KEYP,observed_fact,A2 MILK's share price has dropped from almost $10 back to $6.59 in a few months,active,0.82,0.71,commentary:youtube_transcript,youtube_transcript:asx-daily-rundown-atlassian-lifts-tech-a2-milk-recall-shock-accent-group-all-time-lows:88e960386e503796,2026-05-05T04:19:55+00:00,2026-05-05T04:19:55+00:00,status_expire_candidate_after_approval,still_active_from_prior_high_confidence_expire_manifest,no
1707,active_fanout_0003,fanout_0003,GCMC,observed_fact,A2 MILK's share price has dropped from almost $10 back to $6.59 in a few months,active,0.82,0.71,commentary:youtube_transcript,youtube_transcript:asx-daily-rundown-atlassian-lifts-tech-a2-milk-recall-shock-accent-group-all-time-lows:88e960386e503796,2026-05-05T04:19:55+00:00,2026-05-05T04:19:55+00:00,status_expire_candidate_after_approval,still_active_from_prior_high_confidence_expire_manifest,no
1708,active_fanout_0003,fanout_0003,MARINO,observed_fact,A2 MILK's share price has dropped from almost $10 back to $6.59 in a few months,active,0.82,0.71,commentary:youtube_transcript,youtube_transcript:asx-daily-rundown-atlassian-lifts-tech-a2-milk-recall-shock-accent-group-all-time-lows:88e960386e503796,2026-05-05T04:19:55+00:00,2026-05-05T04:19:55+00:00,status_expire_candidate_after_approval,still_active_from_prior_high_confidence_expire_manifest,no
1709,active_fanout_0003,fanout_0003,CLAR,observed_fact,A2 MILK's share price has dropped from almost $10 back to $6.59 in a few months,active,0.82,0.71,commentary:youtube_transcript,youtube_transcript:asx-daily-rundown-atlassian-lifts-tech-a2-milk-recall-shock-accent-group-all-time-lows:88e960386e503796,2026-05-05T04:19:56+00:00,2026-05-05T04:19:56+00:00,status_expire_candidate_after_approval,still_active_from_prior_high_confidence_expire_manifest,no
1710,active_fanout_0003,fanout_0003,LIVN,observed_fact,A2 MILK's share price has dropped from almost $10 back to $6.59 in a few months,active,0.82,0.71,commentary:youtube_transcript,youtube_transcript:asx-daily-rundown-atlassian-lifts-tech-a2-milk-recall-shock-accent-group-all-time-lows:88e960386e503796,2026-05-05T04:19:56+00:00,2026-05-05T04:19:56+00:00,status_expire_candidate_after_approval,still_active_from_prior_high_confidence_expire_manifest,no
1711,active_fanout_0003,fanout_0003,SN,observed_fact,A2 MILK's share price has dropped from almost $10 back to $6.59 in a few months,active,0.82,0.71,commentary:youtube_transcript,youtube_transcript:asx-daily-rundown-atlassian-lifts-tech-a2-milk-recall-shock-accent-group-all-time-lows:88e960386e503796,2026-05-05T04:19:57+00:00,2026-05-05T04:19:57+00:00,status_expire_candidate_after_approval,still_active_from_prior_high_confidence_expire_manifest,no
1712,active_fanout_0003,fanout_0003,LION,observed_fact,A2 MILK's share price has dropped from almost $10 back to $6.59 in a few months,active,0.82,0.71,commentary:youtube_transcript,youtube_transcript:asx-daily-rundown-atlassian-lifts-tech-a2-milk-recall-shock-accent-group-all-time-lows:88e960386e503796,2026-05-05T04:19:57+00:00,2026-05-05T04:19:57+00:00,status_expire_candidate_after_approval,still_active_from_prior_high_confidence_expire_manifest,no
528,active_fanout_0004,fanout_0004,ASX,catalyst,ACCENT GROUP's downgrade announcement,active,0.72,0.91,commentary:youtube_transcript,youtube_transcript:asx-daily-rundown-atlassian-lifts-tech-a2-milk-recall-shock-accent-group-all-time-lows:88e960386e503796,2026-05-04T08:24:42+00:00,2026-05-04T08:24:42+00:00,status_expire_candidate_after_approval,still_active_from_prior_high_confidence_expire_manifest,no
529,active_fanout_0004,fanout_0004,TXT,catalyst,ACCENT GROUP's downgrade announcement,active,0.72,0.91,commentary:youtube_transcript,youtube_transcript:asx-daily-rundown-atlassian-lifts-tech-a2-milk-recall-shock-accent-group-all-time-lows:88e960386e503796,2026-05-04T08:24:42+00:00,2026-05-04T08:24:42+00:00,status_expire_candidate_after_approval,still_active_from_prior_high_confidence_expire_manifest,no
530,active_fanout_0004,fanout_0004,XTX,catalyst,ACCENT GROUP's downgrade announcement,active,0.72,0.91,commentary:youtube_transcript,youtube_transcript:asx-daily-rundown-atlassian-lifts-tech-a2-milk-recall-shock-accent-group-all-time-lows:88e960386e503796,2026-05-04T08:24:42+00:00,2026-05-04T08:24:42+00:00,status_expire_candidate_after_approval,still_active_from_prior_high_confidence_expire_manifest,no
531,active_fanout_0004,fanout_0004,A2 MILK,catalyst,ACCENT GROUP's downgrade announcement,active,0.72,0.91,commentary:youtube_transcript,youtube_transcript:asx-daily-rundown-atlassian-lifts-tech-a2-milk-recall-shock-accent-group-all-time-lows:88e960386e503796,2026-05-04T08:24:42+00:00,2026-05-04T08:24:42+00:00,status_expire_candidate_after_approval,still_active_from_prior_high_confidence_expire_manifest,no
532,active_fanout_0004,fanout_0004,ENDEAVOR GROUP,catalyst,ACCENT GROUP's downgrade announcement,active,0.72,0.91,commentary:youtube_transcript,youtube_transcript:asx-daily-rundown-atlassian-lifts-tech-a2-milk-recall-shock-accent-group-all-time-lows:88e960386e503796,2026-05-04T08:24:43+00:00,2026-05-04T08:24:43+00:00,status_expire_candidate_after_approval,still_active_from_prior_high_confidence_expire_manifest,no
533,active_fanout_0004,fanout_0004,ATLASSIAN,catalyst,ACCENT GROUP's downgrade announcement,active,0.72,0.91,commentary:youtube_transcript,youtube_transcript:asx-daily-rundown-atlassian-lifts-tech-a2-milk-recall-shock-accent-group-all-time-lows:88e960386e503796,2026-05-04T08:24:44+00:00,2026-05-04T08:24:44+00:00,status_expire_candidate_after_approval,still_active_from_prior_high_confidence_expire_manifest,no
534,active_fanout_0004,fanout_0004,NAB,catalyst,ACCENT GROUP's downgrade announcement,active,0.72,0.91,commentary:youtube_transcript,youtube_transcript:asx-daily-rundown-atlassian-lifts-tech-a2-milk-recall-shock-accent-group-all-time-lows:88e960386e503796,2026-05-04T08:24:44+00:00,2026-05-04T08:24:44+00:00,status_expire_candidate_after_approval,still_active_from_prior_high_confidence_expire_manifest,no
535,active_fanout_0004,fanout_0004,BHP,catalyst,ACCENT GROUP's downgrade announcement,active,0.72,0.91,commentary:youtube_transcript,youtube_transcript:asx-daily-rundown-atlassian-lifts-tech-a2-milk-recall-shock-accent-group-all-time-lows:88e960386e503796,2026-05-04T08:24:44+00:00,2026-05-04T08:24:44+00:00,status_expire_candidate_after_approval,still_active_from_prior_high_confidence_expire_manifest,no
536,active_fanout_0004,fanout_0004,KEY PETROLEUM,catalyst,ACCENT GROUP's downgrade announcement,active,0.72,0.91,commentary:youtube_transcript,youtube_transcript:asx-daily-rundown-atlassian-lifts-tech-a2-milk-recall-shock-accent-group-all-time-lows:88e960386e503796,2026-05-04T08:24:44+00:00,2026-05-04T08:24:44+00:00,status_expire_candidate_after_approval,still_active_from_prior_high_confidence_expire_manifest,no
537,active_fanout_0004,fanout_0004,GCM CORPORATION,catalyst,ACCENT GROUP's downgrade announcement,active,0.72,0.91,commentary:youtube_transcript,youtube_transcript:asx-daily-rundown-atlassian-lifts-tech-a2-milk-recall-shock-accent-group-all-time-lows:88e960386e503796,2026-05-04T08:24:44+00:00,2026-05-04T08:24:44+00:00,status_expire_candidate_after_approval,still_active_from_prior_high_confidence_expire_manifest,no
538,active_fanout_0004,fanout_0004,MARINO AND CO,catalyst,ACCENT GROUP's downgrade announcement,active,0.72,0.91,commentary:youtube_transcript,youtube_transcript:asx-daily-rundown-atlassian-lifts-tech-a2-milk-recall-shock-accent-group-all-time-lows:88e960386e503796,2026-05-04T08:24:44+00:00,2026-05-04T08:24:44+00:00,status_expire_candidate_after_approval,still_active_from_prior_high_confidence_expire_manifest,no
539,active_fanout_0004,fanout_0004,CLARITY,catalyst,ACCENT GROUP's downgrade announcement,active,0.72,0.91,commentary:youtube_transcript,youtube_transcript:asx-daily-rundown-atlassian-lifts-tech-a2-milk-recall-shock-accent-group-all-time-lows:88e960386e503796,2026-05-04T08:24:44+00:00,2026-05-04T08:24:44+00:00,status_expire_candidate_after_approval,still_active_from_prior_high_confidence_expire_manifest,no
540,active_fanout_0004,fanout_0004,WIN MEDALS,catalyst,ACCENT GROUP's downgrade announcement,active,0.72,0.91,commentary:youtube_transcript,youtube_transcript:asx-daily-rundown-atlassian-lifts-tech-a2-milk-recall-shock-accent-group-all-time-lows:88e960386e503796,2026-05-04T08:24:44+00:00,2026-05-04T08:24:44+00:00,status_expire_candidate_after_approval,still_active_from_prior_high_confidence_expire_manifest,no
541,active_fanout_0004,fanout_0004,AXEN GROUP,catalyst,ACCENT GROUP's downgrade announcement,active,0.72,0.91,commentary:youtube_transcript,youtube_transcript:asx-daily-rundown-atlassian-lifts-tech-a2-milk-recall-shock-accent-group-all-time-lows:88e960386e503796,2026-05-04T08:24:44+00:00,2026-05-04T08:24:44+00:00,status_expire_candidate_after_approval,still_active_from_prior_high_confidence_expire_manifest,no
542,active_fanout_0004,fanout_0004,STRICKLAND METALS,catalyst,ACCENT GROUP's downgrade announcement,active,0.72,0.91,commentary:youtube_transcript,youtube_transcript:asx-daily-rundown-atlassian-lifts-tech-a2-milk-recall-shock-accent-group-all-time-lows:88e960386e503796,2026-05-04T08:24:44+00:00,2026-05-04T08:24:44+00:00,status_expire_candidate_after_approval,still_active_from_prior_high_confidence_expire_manifest,no
543,active_fanout_0004,fanout_0004,LION TOWN,catalyst,ACCENT GROUP's downgrade announcement,active,0.72,0.91,commentary:youtube_transcript,youtube_transcript:asx-daily-rundown-atlassian-lifts-tech-a2-milk-recall-shock-accent-group-all-time-lows:88e960386e503796,2026-05-04T08:24:44+00:00,2026-05-04T08:24:44+00:00,status_expire_candidate_after_approval,still_active_from_prior_high_confidence_expire_manifest,no
544,active_fanout_0004,fanout_0004,IMRO,catalyst,ACCENT GROUP's downgrade announcement,active,0.72,0.91,commentary:youtube_transcript,youtube_transcript:asx-daily-rundown-atlassian-lifts-tech-a2-milk-recall-shock-accent-group-all-time-lows:88e960386e503796,2026-05-04T08:24:44+00:00,2026-05-04T08:24:44+00:00,status_expire_candidate_after_approval,still_active_from_prior_high_confidence_expire_manifest,no
545,active_fanout_0004,fanout_0004,PENINSULA,catalyst,ACCENT GROUP's downgrade announcement,active,0.72,0.91,commentary:youtube_transcript,youtube_transcript:asx-daily-rundown-atlassian-lifts-tech-a2-milk-recall-shock-accent-group-all-time-lows:88e960386e503796,2026-05-04T08:24:45+00:00,2026-05-04T08:24:45+00:00,status_expire_candidate_after_approval,still_active_from_prior_high_confidence_expire_manifest,no
546,active_fanout_0004,fanout_0004,BRAIN CHIP,catalyst,ACCENT GROUP's downgrade announcement,active,0.72,0.91,commentary:youtube_transcript,youtube_transcript:asx-daily-rundown-atlassian-lifts-tech-a2-milk-recall-shock-accent-group-all-time-lows:88e960386e503796,2026-05-04T08:24:45+00:00,2026-05-04T08:24:45+00:00,status_expire_candidate_after_approval,still_active_from_prior_high_confidence_expire_manifest,no
547,active_fanout_0004,fanout_0004,VERITUS,catalyst,ACCENT GROUP's downgrade announcement,active,0.72,0.91,commentary:youtube_transcript,youtube_transcript:asx-daily-rundown-atlassian-lifts-tech-a2-milk-recall-shock-accent-group-all-time-lows:88e960386e503796,2026-05-04T08:24:45+00:00,2026-05-04T08:24:45+00:00,status_expire_candidate_after_approval,still_active_from_prior_high_confidence_expire_manifest,no
548,active_fanout_0004,fanout_0004,PETTIMED,catalyst,ACCENT GROUP's downgrade announcement,active,0.72,0.91,commentary:youtube_transcript,youtube_transcript:asx-daily-rundown-atlassian-lifts-tech-a2-milk-recall-shock-accent-group-all-time-lows:88e960386e503796,2026-05-04T08:24:45+00:00,2026-05-04T08:24:45+00:00,status_expire_candidate_after_approval,still_active_from_prior_high_confidence_expire_manifest,no
549,active_fanout_0004,fanout_0004,IMPEDIMED,catalyst,ACCENT GROUP's downgrade announcement,active,0.72,0.91,commentary:youtube_transcript,youtube_transcript:asx-daily-rundown-atlassian-lifts-tech-a2-milk-recall-shock-accent-group-all-time-lows:88e960386e503796,2026-05-04T08:24:45+00:00,2026-05-04T08:24:45+00:00,status_expire_candidate_after_approval,still_active_from_prior_high_confidence_expire_manifest,no
550,active_fanout_0004,fanout_0004,INDE,catalyst,ACCENT GROUP's downgrade announcement,active,0.72,0.91,commentary:youtube_transcript,youtube_transcript:asx-daily-rundown-atlassian-lifts-tech-a2-milk-recall-shock-accent-group-all-time-lows:88e960386e503796,2026-05-04T08:24:45+00:00,2026-05-04T08:24:45+00:00,status_expire_candidate_after_approval,still_active_from_prior_high_confidence_expire_manifest,no
551,active_fanout_0004,fanout_0004,PETT,catalyst,ACCENT GROUP's downgrade announcement,active,0.72,0.91,commentary:youtube_transcript,youtube_transcript:asx-daily-rundown-atlassian-lifts-tech-a2-milk-recall-shock-accent-group-all-time-lows:88e960386e503796,2026-05-04T08:24:45+00:00,2026-05-04T08:24:45+00:00,status_expire_candidate_after_approval,still_active_from_prior_high_confidence_expire_manifest,no
552,active_fanout_0004,fanout_0004,C79,catalyst,ACCENT GROUP's downgrade announcement,active,0.72,0.91,commentary:youtube_transcript,youtube_transcript:asx-daily-rundown-atlassian-lifts-tech-a2-milk-recall-shock-accent-group-all-time-lows:88e960386e503796,2026-05-04T08:24:46+00:00,2026-05-04T08:24:46+00:00,status_expire_candidate_after_approval,still_active_from_prior_high_confidence_expire_manifest,no
553,active_fanout_0004,fanout_0004,A2M,catalyst,ACCENT GROUP's downgrade announcement,active,0.72,0.91,commentary:youtube_transcript,youtube_transcript:asx-daily-rundown-atlassian-lifts-tech-a2-milk-recall-shock-accent-group-all-time-lows:88e960386e503796,2026-05-04T08:24:46+00:00,2026-05-04T08:24:46+00:00,status_expire_candidate_after_approval,still_active_from_prior_high_confidence_expire_manifest,no
983,active_fanout_0004,fanout_0004,END,catalyst,ACCENT GROUP's downgrade announcement,active,0.72,0.91,commentary:youtube_transcript,youtube_transcript:asx-daily-rundown-atlassian-lifts-tech-a2-milk-recall-shock-accent-group-all-time-lows:88e960386e503796,2026-05-04T08:26:24+00:00,2026-05-04T08:26:24+00:00,status_expire_candidate_after_approval,still_active_from_prior_high_confidence_expire_manifest,no
984,active_fanout_0004,fanout_0004,COH,catalyst,ACCENT GROUP's downgrade announcement,active,0.72,0.91,commentary:youtube_transcript,youtube_transcript:asx-daily-rundown-atlassian-lifts-tech-a2-milk-recall-shock-accent-group-all-time-lows:88e960386e503796,2026-05-04T08:26:25+00:00,2026-05-04T08:26:25+00:00,status_expire_candidate_after_approval,still_active_from_prior_high_confidence_expire_manifest,no
985,active_fanout_0004,fanout_0004,WES,catalyst,ACCENT GROUP's downgrade announcement,active,0.72,0.91,commentary:youtube_transcript,youtube_transcript:asx-daily-rundown-atlassian-lifts-tech-a2-milk-recall-shock-accent-group-all-time-lows:88e960386e503796,2026-05-04T08:26:25+00:00,2026-05-04T08:26:25+00:00,status_expire_candidate_after_approval,still_active_from_prior_high_confidence_expire_manifest,no
986,active_fanout_0004,fanout_0004,WBC,catalyst,ACCENT GROUP's downgrade announcement,active,0.72,0.91,commentary:youtube_transcript,youtube_transcript:asx-daily-rundown-atlassian-lifts-tech-a2-milk-recall-shock-accent-group-all-time-lows:88e960386e503796,2026-05-04T08:26:26+00:00,2026-05-04T08:26:26+00:00,status_expire_candidate_after_approval,still_active_from_prior_high_confidence_expire_manifest,no
987,active_fanout_0004,fanout_0004,KEY,catalyst,ACCENT GROUP's downgrade announcement,active,0.72,0.91,commentary:youtube_transcript,youtube_transcript:asx-daily-rundown-atlassian-lifts-tech-a2-milk-recall-shock-accent-group-all-time-lows:88e960386e503796,2026-05-04T08:26:26+00:00,2026-05-04T08:26:26+00:00,status_expire_candidate_after_approval,still_active_from_prior_high_confidence_expire_manifest,no
988,active_fanout_0004,fanout_0004,GCM,catalyst,ACCENT GROUP's downgrade announcement,active,0.72,0.91,commentary:youtube_transcript,youtube_transcript:asx-daily-rundown-atlassian-lifts-tech-a2-milk-recall-shock-accent-group-all-time-lows:88e960386e503796,2026-05-04T08:26:26+00:00,2026-05-04T08:26:26+00:00,status_expire_candidate_after_approval,still_active_from_prior_high_confidence_expire_manifest,no
989,active_fanout_0004,fanout_0004,MAR,catalyst,ACCENT GROUP's downgrade announcement,active,0.72,0.91,commentary:youtube_transcript,youtube_transcript:asx-daily-rundown-atlassian-lifts-tech-a2-milk-recall-shock-accent-group-all-time-lows:88e960386e503796,2026-05-04T08:26:26+00:00,2026-05-04T08:26:26+00:00,status_expire_candidate_after_approval,still_active_from_prior_high_confidence_expire_manifest,no
990,active_fanout_0004,fanout_0004,CLT,catalyst,ACCENT GROUP's downgrade announcement,active,0.72,0.91,commentary:youtube_transcript,youtube_transcript:asx-daily-rundown-atlassian-lifts-tech-a2-milk-recall-shock-accent-group-all-time-lows:88e960386e503796,2026-05-04T08:26:26+00:00,2026-05-04T08:26:26+00:00,status_expire_candidate_after_approval,still_active_from_prior_high_confidence_expire_manifest,no
991,active_fanout_0004,fanout_0004,WIN,catalyst,ACCENT GROUP's downgrade announcement,active,0.72,0.91,commentary:youtube_transcript,youtube_transcript:asx-daily-rundown-atlassian-lifts-tech-a2-milk-recall-shock-accent-group-all-time-lows:88e960386e503796,2026-05-04T08:26:26+00:00,2026-05-04T08:26:26+00:00,status_expire_candidate_after_approval,still_active_from_prior_high_confidence_expire_manifest,no
992,active_fanout_0004,fanout_0004,SKT,catalyst,ACCENT GROUP's downgrade announcement,active,0.72,0.91,commentary:youtube_transcript,youtube_transcript:asx-daily-rundown-atlassian-lifts-tech-a2-milk-recall-shock-accent-group-all-time-lows:88e960386e503796,2026-05-04T08:26:26+00:00,2026-05-04T08:26:26+00:00,status_expire_candidate_after_approval,still_active_from_prior_high_confidence_expire_manifest,no
993,active_fanout_0004,fanout_0004,VCE,catalyst,ACCENT GROUP's downgrade announcement,active,0.72,0.91,commentary:youtube_transcript,youtube_transcript:asx-daily-rundown-atlassian-lifts-tech-a2-milk-recall-shock-accent-group-all-time-lows:88e960386e503796,2026-05-04T08:26:27+00:00,2026-05-04T08:26:27+00:00,status_expire_candidate_after_approval,still_active_from_prior_high_confidence_expire_manifest,no
994,active_fanout_0004,fanout_0004,SNW,catalyst,ACCENT GROUP's downgrade announcement,active,0.72,0.91,commentary:youtube_transcript,youtube_transcript:asx-daily-rundown-atlassian-lifts-tech-a2-milk-recall-shock-accent-group-all-time-lows:88e960386e503796,2026-05-04T08:26:27+00:00,2026-05-04T08:26:27+00:00,status_expire_candidate_after_approval,still_active_from_prior_high_confidence_expire_manifest,no
995,active_fanout_0004,fanout_0004,LON,catalyst,ACCENT GROUP's downgrade announcement,active,0.72,0.91,commentary:youtube_transcript,youtube_transcript:asx-daily-rundown-atlassian-lifts-tech-a2-milk-recall-shock-accent-group-all-time-lows:88e960386e503796,2026-05-04T08:26:27+00:00,2026-05-04T08:26:27+00:00,status_expire_candidate_after_approval,still_active_from_prior_high_confidence_expire_manifest,no
996,active_fanout_0004,fanout_0004,PET,catalyst,ACCENT GROUP's downgrade announcement,active,0.72,0.91,commentary:youtube_transcript,youtube_transcript:asx-daily-rundown-atlassian-lifts-tech-a2-milk-recall-shock-accent-group-all-time-lows:88e960386e503796,2026-05-04T08:26:27+00:00,2026-05-04T08:26:27+00:00,status_expire_candidate_after_approval,still_active_from_prior_high_confidence_expire_manifest,no
997,active_fanout_0004,fanout_0004,STK,catalyst,ACCENT GROUP's downgrade announcement,active,0.72,0.91,commentary:youtube_transcript,youtube_transcript:asx-daily-rundown-atlassian-lifts-tech-a2-milk-recall-shock-accent-group-all-time-lows:88e960386e503796,2026-05-04T08:26:27+00:00,2026-05-04T08:26:27+00:00,status_expire_candidate_after_approval,still_active_from_prior_high_confidence_expire_manifest,no
1859,active_fanout_0004,fanout_0004,ENDV,catalyst,ACCENT GROUP's downgrade announcement,active,0.72,0.91,commentary:youtube_transcript,youtube_transcript:asx-daily-rundown-atlassian-lifts-tech-a2-milk-recall-shock-accent-group-all-time-lows:88e960386e503796,2026-05-05T04:21:21+00:00,2026-05-05T04:21:21+00:00,status_expire_candidate_after_approval,still_active_from_prior_high_confidence_expire_manifest,no
1860,active_fanout_0004,fanout_0004,KEYP,catalyst,ACCENT GROUP's downgrade announcement,active,0.72,0.91,commentary:youtube_transcript,youtube_transcript:asx-daily-rundown-atlassian-lifts-tech-a2-milk-recall-shock-accent-group-all-time-lows:88e960386e503796,2026-05-05T04:21:24+00:00,2026-05-05T04:21:24+00:00,status_expire_candidate_after_approval,still_active_from_prior_high_confidence_expire_manifest,no
1861,active_fanout_0004,fanout_0004,GCMC,catalyst,ACCENT GROUP's downgrade announcement,active,0.72,0.91,commentary:youtube_transcript,youtube_transcript:asx-daily-rundown-atlassian-lifts-tech-a2-milk-recall-shock-accent-group-all-time-lows:88e960386e503796,2026-05-05T04:21:24+00:00,2026-05-05T04:21:24+00:00,status_expire_candidate_after_approval,still_active_from_prior_high_confidence_expire_manifest,no
1862,active_fanout_0004,fanout_0004,MARINO,catalyst,ACCENT GROUP's downgrade announcement,active,0.72,0.91,commentary:youtube_transcript,youtube_transcript:asx-daily-rundown-atlassian-lifts-tech-a2-milk-recall-shock-accent-group-all-time-lows:88e960386e503796,2026-05-05T04:21:24+00:00,2026-05-05T04:21:24+00:00,status_expire_candidate_after_approval,still_active_from_prior_high_confidence_expire_manifest,no
1863,active_fanout_0004,fanout_0004,CLAR,catalyst,ACCENT GROUP's downgrade announcement,active,0.72,0.91,commentary:youtube_transcript,youtube_transcript:asx-daily-rundown-atlassian-lifts-tech-a2-milk-recall-shock-accent-group-all-time-lows:88e960386e503796,2026-05-05T04:21:24+00:00,2026-05-05T04:21:24+00:00,status_expire_candidate_after_approval,still_active_from_prior_high_confidence_expire_manifest,no
1864,active_fanout_0004,fanout_0004,LIVN,catalyst,ACCENT GROUP's downgrade announcement,active,0.72,0.91,commentary:youtube_transcript,youtube_transcript:asx-daily-rundown-atlassian-lifts-tech-a2-milk-recall-shock-accent-group-all-time-lows:88e960386e503796,2026-05-05T04:21:25+00:00,2026-05-05T04:21:25+00:00,status_expire_candidate_after_approval,still_active_from_prior_high_confidence_expire_manifest,no
1865,active_fanout_0004,fanout_0004,SN,catalyst,ACCENT GROUP's downgrade announcement,active,0.72,0.91,commentary:youtube_transcript,youtube_transcript:asx-daily-rundown-atlassian-lifts-tech-a2-milk-recall-shock-accent-group-all-time-lows:88e960386e503796,2026-05-05T04:21:26+00:00,2026-05-05T04:21:26+00:00,status_expire_candidate_after_approval,still_active_from_prior_high_confidence_expire_manifest,no
1866,active_fanout_0004,fanout_0004,LION,catalyst,ACCENT GROUP's downgrade announcement,active,0.72,0.91,commentary:youtube_transcript,youtube_transcript:asx-daily-rundown-atlassian-lifts-tech-a2-milk-recall-shock-accent-group-all-time-lows:88e960386e503796,2026-05-05T04:21:26+00:00,2026-05-05T04:21:26+00:00,status_expire_candidate_after_approval,still_active_from_prior_high_confidence_expire_manifest,no
366,active_fanout_0005,fanout_0005,ASX,observed_fact,ACCENT GROUP's EBIT for the second half has been decreased by $7 million,active,0.82,0.62,commentary:youtube_transcript,youtube_transcript:asx-daily-rundown-atlassian-lifts-tech-a2-milk-recall-shock-accent-group-all-time-lows:88e960386e503796,2026-05-04T08:24:15+00:00,2026-05-04T08:24:15+00:00,status_expire_candidate_after_approval,still_active_from_prior_high_confidence_expire_manifest,no
367,active_fanout_0005,fanout_0005,TXT,observed_fact,ACCENT GROUP's EBIT for the second half has been decreased by $7 million,active,0.82,0.62,commentary:youtube_transcript,youtube_transcript:asx-daily-rundown-atlassian-lifts-tech-a2-milk-recall-shock-accent-group-all-time-lows:88e960386e503796,2026-05-04T08:24:15+00:00,2026-05-04T08:24:15+00:00,status_expire_candidate_after_approval,still_active_from_prior_high_confidence_expire_manifest,no
368,active_fanout_0005,fanout_0005,XTX,observed_fact,ACCENT GROUP's EBIT for the second half has been decreased by $7 million,active,0.82,0.62,commentary:youtube_transcript,youtube_transcript:asx-daily-rundown-atlassian-lifts-tech-a2-milk-recall-shock-accent-group-all-time-lows:88e960386e503796,2026-05-04T08:24:16+00:00,2026-05-04T08:24:16+00:00,status_expire_candidate_after_approval,still_active_from_prior_high_confidence_expire_manifest,no
369,active_fanout_0005,fanout_0005,A2 MILK,observed_fact,ACCENT GROUP's EBIT for the second half has been decreased by $7 million,active,0.82,0.62,commentary:youtube_transcript,youtube_transcript:asx-daily-rundown-atlassian-lifts-tech-a2-milk-recall-shock-accent-group-all-time-lows:88e960386e503796,2026-05-04T08:24:16+00:00,2026-05-04T08:24:16+00:00,status_expire_candidate_after_approval,still_active_from_prior_high_confidence_expire_manifest,no
370,active_fanout_0005,fanout_0005,ENDEAVOR GROUP,observed_fact,ACCENT GROUP's EBIT for the second half has been decreased by $7 million,active,0.82,0.62,commentary:youtube_transcript,youtube_transcript:asx-daily-rundown-atlassian-lifts-tech-a2-milk-recall-shock-accent-group-all-time-lows:88e960386e503796,2026-05-04T08:24:16+00:00,2026-05-04T08:24:16+00:00,status_expire_candidate_after_approval,still_active_from_prior_high_confidence_expire_manifest,no
371,active_fanout_0005,fanout_0005,ATLASSIAN,observed_fact,ACCENT GROUP's EBIT for the second half has been decreased by $7 million,active,0.82,0.62,commentary:youtube_transcript,youtube_transcript:asx-daily-rundown-atlassian-lifts-tech-a2-milk-recall-shock-accent-group-all-time-lows:88e960386e503796,2026-05-04T08:24:16+00:00,2026-05-04T08:24:16+00:00,status_expire_candidate_after_approval,still_active_from_prior_high_confidence_expire_manifest,no
372,active_fanout_0005,fanout_0005,NAB,observed_fact,ACCENT GROUP's EBIT for the second half has been decreased by $7 million,active,0.82,0.62,commentary:youtube_transcript,youtube_transcript:asx-daily-rundown-atlassian-lifts-tech-a2-milk-recall-shock-accent-group-all-time-lows:88e960386e503796,2026-05-04T08:24:16+00:00,2026-05-04T08:24:16+00:00,status_expire_candidate_after_approval,still_active_from_prior_high_confidence_expire_manifest,no
373,active_fanout_0005,fanout_0005,BHP,observed_fact,ACCENT GROUP's EBIT for the second half has been decreased by $7 million,active,0.82,0.62,commentary:youtube_transcript,youtube_transcript:asx-daily-rundown-atlassian-lifts-tech-a2-milk-recall-shock-accent-group-all-time-lows:88e960386e503796,2026-05-04T08:24:16+00:00,2026-05-04T08:24:16+00:00,status_expire_candidate_after_approval,still_active_from_prior_high_confidence_expire_manifest,no
374,active_fanout_0005,fanout_0005,KEY PETROLEUM,observed_fact,ACCENT GROUP's EBIT for the second half has been decreased by $7 million,active,0.82,0.62,commentary:youtube_transcript,youtube_transcript:asx-daily-rundown-atlassian-lifts-tech-a2-milk-recall-shock-accent-group-all-time-lows:88e960386e503796,2026-05-04T08:24:17+00:00,2026-05-04T08:24:17+00:00,status_expire_candidate_after_approval,still_active_from_prior_high_confidence_expire_manifest,no
375,active_fanout_0005,fanout_0005,GCM CORPORATION,observed_fact,ACCENT GROUP's EBIT for the second half has been decreased by $7 million,active,0.82,0.62,commentary:youtube_transcript,youtube_transcript:asx-daily-rundown-atlassian-lifts-tech-a2-milk-recall-shock-accent-group-all-time-lows:88e960386e503796,2026-05-04T08:24:17+00:00,2026-05-04T08:24:17+00:00,status_expire_candidate_after_approval,still_active_from_prior_high_confidence_expire_manifest,no
376,active_fanout_0005,fanout_0005,MARINO AND CO,observed_fact,ACCENT GROUP's EBIT for the second half has been decreased by $7 million,active,0.82,0.62,commentary:youtube_transcript,youtube_transcript:asx-daily-rundown-atlassian-lifts-tech-a2-milk-recall-shock-accent-group-all-time-lows:88e960386e503796,2026-05-04T08:24:17+00:00,2026-05-04T08:24:17+00:00,status_expire_candidate_after_approval,still_active_from_prior_high_confidence_expire_manifest,no
377,active_fanout_0005,fanout_0005,CLARITY,observed_fact,ACCENT GROUP's EBIT for the second half has been decreased by $7 million,active,0.82,0.62,commentary:youtube_transcript,youtube_transcript:asx-daily-rundown-atlassian-lifts-tech-a2-milk-recall-shock-accent-group-all-time-lows:88e960386e503796,2026-05-04T08:24:17+00:00,2026-05-04T08:24:17+00:00,status_expire_candidate_after_approval,still_active_from_prior_high_confidence_expire_manifest,no
378,active_fanout_0005,fanout_0005,WIN MEDALS,observed_fact,ACCENT GROUP's EBIT for the second half has been decreased by $7 million,active,0.82,0.62,commentary:youtube_transcript,youtube_transcript:asx-daily-rundown-atlassian-lifts-tech-a2-milk-recall-shock-accent-group-all-time-lows:88e960386e503796,2026-05-04T08:24:17+00:00,2026-05-04T08:24:17+00:00,status_expire_candidate_after_approval,still_active_from_prior_high_confidence_expire_manifest,no
379,active_fanout_0005,fanout_0005,AXEN GROUP,observed_fact,ACCENT GROUP's EBIT for the second half has been decreased by $7 million,active,0.82,0.62,commentary:youtube_transcript,youtube_transcript:asx-daily-rundown-atlassian-lifts-tech-a2-milk-recall-shock-accent-group-all-time-lows:88e960386e503796,2026-05-04T08:24:17+00:00,2026-05-04T08:24:17+00:00,status_expire_candidate_after_approval,still_active_from_prior_high_confidence_expire_manifest,no
380,active_fanout_0005,fanout_0005,STRICKLAND METALS,observed_fact,ACCENT GROUP's EBIT for the second half has been decreased by $7 million,active,0.82,0.62,commentary:youtube_transcript,youtube_transcript:asx-daily-rundown-atlassian-lifts-tech-a2-milk-recall-shock-accent-group-all-time-lows:88e960386e503796,2026-05-04T08:24:17+00:00,2026-05-04T08:24:17+00:00,status_expire_candidate_after_approval,still_active_from_prior_high_confidence_expire_manifest,no
381,active_fanout_0005,fanout_0005,LION TOWN,observed_fact,ACCENT GROUP's EBIT for the second half has been decreased by $7 million,active,0.82,0.62,commentary:youtube_transcript,youtube_transcript:asx-daily-rundown-atlassian-lifts-tech-a2-milk-recall-shock-accent-group-all-time-lows:88e960386e503796,2026-05-04T08:24:18+00:00,2026-05-04T08:24:18+00:00,status_expire_candidate_after_approval,still_active_from_prior_high_confidence_expire_manifest,no
382,active_fanout_0005,fanout_0005,IMRO,observed_fact,ACCENT GROUP's EBIT for the second half has been decreased by $7 million,active,0.82,0.62,commentary:youtube_transcript,youtube_transcript:asx-daily-rundown-atlassian-lifts-tech-a2-milk-recall-shock-accent-group-all-time-lows:88e960386e503796,2026-05-04T08:24:18+00:00,2026-05-04T08:24:18+00:00,status_expire_candidate_after_approval,still_active_from_prior_high_confidence_expire_manifest,no
383,active_fanout_0005,fanout_0005,PENINSULA,observed_fact,ACCENT GROUP's EBIT for the second half has been decreased by $7 million,active,0.82,0.62,commentary:youtube_transcript,youtube_transcript:asx-daily-rundown-atlassian-lifts-tech-a2-milk-recall-shock-accent-group-all-time-lows:88e960386e503796,2026-05-04T08:24:18+00:00,2026-05-04T08:24:18+00:00,status_expire_candidate_after_approval,still_active_from_prior_high_confidence_expire_manifest,no
384,active_fanout_0005,fanout_0005,BRAIN CHIP,observed_fact,ACCENT GROUP's EBIT for the second half has been decreased by $7 million,active,0.82,0.62,commentary:youtube_transcript,youtube_transcript:asx-daily-rundown-atlassian-lifts-tech-a2-milk-recall-shock-accent-group-all-time-lows:88e960386e503796,2026-05-04T08:24:18+00:00,2026-05-04T08:24:18+00:00,status_expire_candidate_after_approval,still_active_from_prior_high_confidence_expire_manifest,no
385,active_fanout_0005,fanout_0005,VERITUS,observed_fact,ACCENT GROUP's EBIT for the second half has been decreased by $7 million,active,0.82,0.62,commentary:youtube_transcript,youtube_transcript:asx-daily-rundown-atlassian-lifts-tech-a2-milk-recall-shock-accent-group-all-time-lows:88e960386e503796,2026-05-04T08:24:18+00:00,2026-05-04T08:24:18+00:00,status_expire_candidate_after_approval,still_active_from_prior_high_confidence_expire_manifest,no
386,active_fanout_0005,fanout_0005,PETTIMED,observed_fact,ACCENT GROUP's EBIT for the second half has been decreased by $7 million,active,0.82,0.62,commentary:youtube_transcript,youtube_transcript:asx-daily-rundown-atlassian-lifts-tech-a2-milk-recall-shock-accent-group-all-time-lows:88e960386e503796,2026-05-04T08:24:18+00:00,2026-05-04T08:24:18+00:00,status_expire_candidate_after_approval,still_active_from_prior_high_confidence_expire_manifest,no
387,active_fanout_0005,fanout_0005,IMPEDIMED,observed_fact,ACCENT GROUP's EBIT for the second half has been decreased by $7 million,active,0.82,0.62,commentary:youtube_transcript,youtube_transcript:asx-daily-rundown-atlassian-lifts-tech-a2-milk-recall-shock-accent-group-all-time-lows:88e960386e503796,2026-05-04T08:24:18+00:00,2026-05-04T08:24:18+00:00,status_expire_candidate_after_approval,still_active_from_prior_high_confidence_expire_manifest,no
388,active_fanout_0005,fanout_0005,INDE,observed_fact,ACCENT GROUP's EBIT for the second half has been decreased by $7 million,active,0.82,0.62,commentary:youtube_transcript,youtube_transcript:asx-daily-rundown-atlassian-lifts-tech-a2-milk-recall-shock-accent-group-all-time-lows:88e960386e503796,2026-05-04T08:24:18+00:00,2026-05-04T08:24:18+00:00,status_expire_candidate_after_approval,still_active_from_prior_high_confidence_expire_manifest,no
389,active_fanout_0005,fanout_0005,PETT,observed_fact,ACCENT GROUP's EBIT for the second half has been decreased by $7 million,active,0.82,0.62,commentary:youtube_transcript,youtube_transcript:asx-daily-rundown-atlassian-lifts-tech-a2-milk-recall-shock-accent-group-all-time-lows:88e960386e503796,2026-05-04T08:24:18+00:00,2026-05-04T08:24:18+00:00,status_expire_candidate_after_approval,still_active_from_prior_high_confidence_expire_manifest,no
390,active_fanout_0005,fanout_0005,C79,observed_fact,ACCENT GROUP's EBIT for the second half has been decreased by $7 million,active,0.82,0.62,commentary:youtube_transcript,youtube_transcript:asx-daily-rundown-atlassian-lifts-tech-a2-milk-recall-shock-accent-group-all-time-lows:88e960386e503796,2026-05-04T08:24:19+00:00,2026-05-04T08:24:19+00:00,status_expire_candidate_after_approval,still_active_from_prior_high_confidence_expire_manifest,no
391,active_fanout_0005,fanout_0005,A2M,observed_fact,ACCENT GROUP's EBIT for the second half has been decreased by $7 million,active,0.82,0.62,commentary:youtube_transcript,youtube_transcript:asx-daily-rundown-atlassian-lifts-tech-a2-milk-recall-shock-accent-group-all-time-lows:88e960386e503796,2026-05-04T08:24:19+00:00,2026-05-04T08:24:19+00:00,status_expire_candidate_after_approval,still_active_from_prior_high_confidence_expire_manifest,no
871,active_fanout_0005,fanout_0005,END,observed_fact,ACCENT GROUP's EBIT for the second half has been decreased by $7 million,active,0.82,0.62,commentary:youtube_transcript,youtube_transcript:asx-daily-rundown-atlassian-lifts-tech-a2-milk-recall-shock-accent-group-all-time-lows:88e960386e503796,2026-05-04T08:25:55+00:00,2026-05-04T08:25:55+00:00,status_expire_candidate_after_approval,still_active_from_prior_high_confidence_expire_manifest,no
872,active_fanout_0005,fanout_0005,COH,observed_fact,ACCENT GROUP's EBIT for the second half has been decreased by $7 million,active,0.82,0.62,commentary:youtube_transcript,youtube_transcript:asx-daily-rundown-atlassian-lifts-tech-a2-milk-recall-shock-accent-group-all-time-lows:88e960386e503796,2026-05-04T08:25:56+00:00,2026-05-04T08:25:56+00:00,status_expire_candidate_after_approval,still_active_from_prior_high_confidence_expire_manifest,no
873,active_fanout_0005,fanout_0005,WES,observed_fact,ACCENT GROUP's EBIT for the second half has been decreased by $7 million,active,0.82,0.62,commentary:youtube_transcript,youtube_transcript:asx-daily-rundown-atlassian-lifts-tech-a2-milk-recall-shock-accent-group-all-time-lows:88e960386e503796,2026-05-04T08:25:56+00:00,2026-05-04T08:25:56+00:00,status_expire_candidate_after_approval,still_active_from_prior_high_confidence_expire_manifest,no
874,active_fanout_0005,fanout_0005,WBC,observed_fact,ACCENT GROUP's EBIT for the second half has been decreased by $7 million,active,0.82,0.62,commentary:youtube_transcript,youtube_transcript:asx-daily-rundown-atlassian-lifts-tech-a2-milk-recall-shock-accent-group-all-time-lows:88e960386e503796,2026-05-04T08:25:56+00:00,2026-05-04T08:25:56+00:00,status_expire_candidate_after_approval,still_active_from_prior_high_confidence_expire_manifest,no
875,active_fanout_0005,fanout_0005,KEY,observed_fact,ACCENT GROUP's EBIT for the second half has been decreased by $7 million,active,0.82,0.62,commentary:youtube_transcript,youtube_transcript:asx-daily-rundown-atlassian-lifts-tech-a2-milk-recall-shock-accent-group-all-time-lows:88e960386e503796,2026-05-04T08:25:56+00:00,2026-05-04T08:25:56+00:00,status_expire_candidate_after_approval,still_active_from_prior_high_confidence_expire_manifest,no
876,active_fanout_0005,fanout_0005,GCM,observed_fact,ACCENT GROUP's EBIT for the second half has been decreased by $7 million,active,0.82,0.62,commentary:youtube_transcript,youtube_transcript:asx-daily-rundown-atlassian-lifts-tech-a2-milk-recall-shock-accent-group-all-time-lows:88e960386e503796,2026-05-04T08:25:56+00:00,2026-05-04T08:25:56+00:00,status_expire_candidate_after_approval,still_active_from_prior_high_confidence_expire_manifest,no
877,active_fanout_0005,fanout_0005,MAR,observed_fact,ACCENT GROUP's EBIT for the second half has been decreased by $7 million,active,0.82,0.62,commentary:youtube_transcript,youtube_transcript:asx-daily-rundown-atlassian-lifts-tech-a2-milk-recall-shock-accent-group-all-time-lows:88e960386e503796,2026-05-04T08:25:56+00:00,2026-05-04T08:25:56+00:00,status_expire_candidate_after_approval,still_active_from_prior_high_confidence_expire_manifest,no
878,active_fanout_0005,fanout_0005,CLT,observed_fact,ACCENT GROUP's EBIT for the second half has been decreased by $7 million,active,0.82,0.62,commentary:youtube_transcript,youtube_transcript:asx-daily-rundown-atlassian-lifts-tech-a2-milk-recall-shock-accent-group-all-time-lows:88e960386e503796,2026-05-04T08:25:57+00:00,2026-05-04T08:25:57+00:00,status_expire_candidate_after_approval,still_active_from_prior_high_confidence_expire_manifest,no
879,active_fanout_0005,fanout_0005,WIN,observed_fact,ACCENT GROUP's EBIT for the second half has been decreased by $7 million,active,0.82,0.62,commentary:youtube_transcript,youtube_transcript:asx-daily-rundown-atlassian-lifts-tech-a2-milk-recall-shock-accent-group-all-time-lows:88e960386e503796,2026-05-04T08:25:57+00:00,2026-05-04T08:25:57+00:00,status_expire_candidate_after_approval,still_active_from_prior_high_confidence_expire_manifest,no
880,active_fanout_0005,fanout_0005,SKT,observed_fact,ACCENT GROUP's EBIT for the second half has been decreased by $7 million,active,0.82,0.62,commentary:youtube_transcript,youtube_transcript:asx-daily-rundown-atlassian-lifts-tech-a2-milk-recall-shock-accent-group-all-time-lows:88e960386e503796,2026-05-04T08:25:57+00:00,2026-05-04T08:25:57+00:00,status_expire_candidate_after_approval,still_active_from_prior_high_confidence_expire_manifest,no
881,active_fanout_0005,fanout_0005,VCE,observed_fact,ACCENT GROUP's EBIT for the second half has been decreased by $7 million,active,0.82,0.62,commentary:youtube_transcript,youtube_transcript:asx-daily-rundown-atlassian-lifts-tech-a2-milk-recall-shock-accent-group-all-time-lows:88e960386e503796,2026-05-04T08:25:57+00:00,2026-05-04T08:25:57+00:00,status_expire_candidate_after_approval,still_active_from_prior_high_confidence_expire_manifest,no
882,active_fanout_0005,fanout_0005,SNW,observed_fact,ACCENT GROUP's EBIT for the second half has been decreased by $7 million,active,0.82,0.62,commentary:youtube_transcript,youtube_transcript:asx-daily-rundown-atlassian-lifts-tech-a2-milk-recall-shock-accent-group-all-time-lows:88e960386e503796,2026-05-04T08:25:58+00:00,2026-05-04T08:25:58+00:00,status_expire_candidate_after_approval,still_active_from_prior_high_confidence_expire_manifest,no
883,active_fanout_0005,fanout_0005,LON,observed_fact,ACCENT GROUP's EBIT for the second half has been decreased by $7 million,active,0.82,0.62,commentary:youtube_transcript,youtube_transcript:asx-daily-rundown-atlassian-lifts-tech-a2-milk-recall-shock-accent-group-all-time-lows:88e960386e503796,2026-05-04T08:25:58+00:00,2026-05-04T08:25:58+00:00,status_expire_candidate_after_approval,still_active_from_prior_high_confidence_expire_manifest,no
884,active_fanout_0005,fanout_0005,PET,observed_fact,ACCENT GROUP's EBIT for the second half has been decreased by $7 million,active,0.82,0.62,commentary:youtube_transcript,youtube_transcript:asx-daily-rundown-atlassian-lifts-tech-a2-milk-recall-shock-accent-group-all-time-lows:88e960386e503796,2026-05-04T08:25:58+00:00,2026-05-04T08:25:58+00:00,status_expire_candidate_after_approval,still_active_from_prior_high_confidence_expire_manifest,no
885,active_fanout_0005,fanout_0005,STK,observed_fact,ACCENT GROUP's EBIT for the second half has been decreased by $7 million,active,0.82,0.62,commentary:youtube_transcript,youtube_transcript:asx-daily-rundown-atlassian-lifts-tech-a2-milk-recall-shock-accent-group-all-time-lows:88e960386e503796,2026-05-04T08:25:58+00:00,2026-05-04T08:25:58+00:00,status_expire_candidate_after_approval,still_active_from_prior_high_confidence_expire_manifest,no
1729,active_fanout_0005,fanout_0005,ENDV,observed_fact,ACCENT GROUP's EBIT for the second half has been decreased by $7 million,active,0.82,0.62,commentary:youtube_transcript,youtube_transcript:asx-daily-rundown-atlassian-lifts-tech-a2-milk-recall-shock-accent-group-all-time-lows:88e960386e503796,2026-05-05T04:20:20+00:00,2026-05-05T04:20:20+00:00,status_expire_candidate_after_approval,still_active_from_prior_high_confidence_expire_manifest,no
1730,active_fanout_0005,fanout_0005,KEYP,observed_fact,ACCENT GROUP's EBIT for the second half has been decreased by $7 million,active,0.82,0.62,commentary:youtube_transcript,youtube_transcript:asx-daily-rundown-atlassian-lifts-tech-a2-milk-recall-shock-accent-group-all-time-lows:88e960386e503796,2026-05-05T04:20:23+00:00,2026-05-05T04:20:23+00:00,status_expire_candidate_after_approval,still_active_from_prior_high_confidence_expire_manifest,no
1731,active_fanout_0005,fanout_0005,GCMC,observed_fact,ACCENT GROUP's EBIT for the second half has been decreased by $7 million,active,0.82,0.62,commentary:youtube_transcript,youtube_transcript:asx-daily-rundown-atlassian-lifts-tech-a2-milk-recall-shock-accent-group-all-time-lows:88e960386e503796,2026-05-05T04:20:23+00:00,2026-05-05T04:20:23+00:00,status_expire_candidate_after_approval,still_active_from_prior_high_confidence_expire_manifest,no
1732,active_fanout_0005,fanout_0005,MARINO,observed_fact,ACCENT GROUP's EBIT for the second half has been decreased by $7 million,active,0.82,0.62,commentary:youtube_transcript,youtube_transcript:asx-daily-rundown-atlassian-lifts-tech-a2-milk-recall-shock-accent-group-all-time-lows:88e960386e503796,2026-05-05T04:20:23+00:00,2026-05-05T04:20:23+00:00,status_expire_candidate_after_approval,still_active_from_prior_high_confidence_expire_manifest,no
1733,active_fanout_0005,fanout_0005,CLAR,observed_fact,ACCENT GROUP's EBIT for the second half has been decreased by $7 million,active,0.82,0.62,commentary:youtube_transcript,youtube_transcript:asx-daily-rundown-atlassian-lifts-tech-a2-milk-recall-shock-accent-group-all-time-lows:88e960386e503796,2026-05-05T04:20:24+00:00,2026-05-05T04:20:24+00:00,status_expire_candidate_after_approval,still_active_from_prior_high_confidence_expire_manifest,no
1734,active_fanout_0005,fanout_0005,LIVN,observed_fact,ACCENT GROUP's EBIT for the second half has been decreased by $7 million,active,0.82,0.62,commentary:youtube_transcript,youtube_transcript:asx-daily-rundown-atlassian-lifts-tech-a2-milk-recall-shock-accent-group-all-time-lows:88e960386e503796,2026-05-05T04:20:24+00:00,2026-05-05T04:20:24+00:00,status_expire_candidate_after_approval,still_active_from_prior_high_confidence_expire_manifest,no
1735,active_fanout_0005,fanout_0005,SN,observed_fact,ACCENT GROUP's EBIT for the second half has been decreased by $7 million,active,0.82,0.62,commentary:youtube_transcript,youtube_transcript:asx-daily-rundown-atlassian-lifts-tech-a2-milk-recall-shock-accent-group-all-time-lows:88e960386e503796,2026-05-05T04:20:26+00:00,2026-05-05T04:20:26+00:00,status_expire_candidate_after_approval,still_active_from_prior_high_confidence_expire_manifest,no
1736,active_fanout_0005,fanout_0005,LION,observed_fact,ACCENT GROUP's EBIT for the second half has been decreased by $7 million,active,0.82,0.62,commentary:youtube_transcript,youtube_transcript:asx-daily-rundown-atlassian-lifts-tech-a2-milk-recall-shock-accent-group-all-time-lows:88e960386e503796,2026-05-05T04:20:26+00:00,2026-05-05T04:20:26+00:00,status_expire_candidate_after_approval,still_active_from_prior_high_confidence_expire_manifest,no
339,active_fanout_0006,fanout_0006,ASX,observed_fact,ACCENT GROUP's share price is down 12.9% after a downgrade announcement,active,0.83,0.71,commentary:youtube_transcript,youtube_transcript:asx-daily-rundown-atlassian-lifts-tech-a2-milk-recall-shock-accent-group-all-time-lows:88e960386e503796,2026-05-04T08:24:11+00:00,2026-05-04T08:24:11+00:00,status_expire_candidate_after_approval,still_active_from_prior_high_confidence_expire_manifest,no
340,active_fanout_0006,fanout_0006,TXT,observed_fact,ACCENT GROUP's share price is down 12.9% after a downgrade announcement,active,0.83,0.71,commentary:youtube_transcript,youtube_transcript:asx-daily-rundown-atlassian-lifts-tech-a2-milk-recall-shock-accent-group-all-time-lows:88e960386e503796,2026-05-04T08:24:11+00:00,2026-05-04T08:24:11+00:00,status_expire_candidate_after_approval,still_active_from_prior_high_confidence_expire_manifest,no
341,active_fanout_0006,fanout_0006,XTX,observed_fact,ACCENT GROUP's share price is down 12.9% after a downgrade announcement,active,0.83,0.71,commentary:youtube_transcript,youtube_transcript:asx-daily-rundown-atlassian-lifts-tech-a2-milk-recall-shock-accent-group-all-time-lows:88e960386e503796,2026-05-04T08:24:12+00:00,2026-05-04T08:24:12+00:00,status_expire_candidate_after_approval,still_active_from_prior_high_confidence_expire_manifest,no
342,active_fanout_0006,fanout_0006,A2 MILK,observed_fact,ACCENT GROUP's share price is down 12.9% after a downgrade announcement,active,0.83,0.71,commentary:youtube_transcript,youtube_transcript:asx-daily-rundown-atlassian-lifts-tech-a2-milk-recall-shock-accent-group-all-time-lows:88e960386e503796,2026-05-04T08:24:13+00:00,2026-05-04T08:24:13+00:00,status_expire_candidate_after_approval,still_active_from_prior_high_confidence_expire_manifest,no
343,active_fanout_0006,fanout_0006,ENDEAVOR GROUP,observed_fact,ACCENT GROUP's share price is down 12.9% after a downgrade announcement,active,0.83,0.71,commentary:youtube_transcript,youtube_transcript:asx-daily-rundown-atlassian-lifts-tech-a2-milk-recall-shock-accent-group-all-time-lows:88e960386e503796,2026-05-04T08:24:13+00:00,2026-05-04T08:24:13+00:00,status_expire_candidate_after_approval,still_active_from_prior_high_confidence_expire_manifest,no
344,active_fanout_0006,fanout_0006,ATLASSIAN,observed_fact,ACCENT GROUP's share price is down 12.9% after a downgrade announcement,active,0.83,0.71,commentary:youtube_transcript,youtube_transcript:asx-daily-rundown-atlassian-lifts-tech-a2-milk-recall-shock-accent-group-all-time-lows:88e960386e503796,2026-05-04T08:24:13+00:00,2026-05-04T08:24:13+00:00,status_expire_candidate_after_approval,still_active_from_prior_high_confidence_expire_manifest,no
345,active_fanout_0006,fanout_0006,NAB,observed_fact,ACCENT GROUP's share price is down 12.9% after a downgrade announcement,active,0.83,0.71,commentary:youtube_transcript,youtube_transcript:asx-daily-rundown-atlassian-lifts-tech-a2-milk-recall-shock-accent-group-all-time-lows:88e960386e503796,2026-05-04T08:24:13+00:00,2026-05-04T08:24:13+00:00,status_expire_candidate_after_approval,still_active_from_prior_high_confidence_expire_manifest,no
346,active_fanout_0006,fanout_0006,BHP,observed_fact,ACCENT GROUP's share price is down 12.9% after a downgrade announcement,active,0.83,0.71,commentary:youtube_transcript,youtube_transcript:asx-daily-rundown-atlassian-lifts-tech-a2-milk-recall-shock-accent-group-all-time-lows:88e960386e503796,2026-05-04T08:24:13+00:00,2026-05-04T08:24:13+00:00,status_expire_candidate_after_approval,still_active_from_prior_high_confidence_expire_manifest,no
347,active_fanout_0006,fanout_0006,KEY PETROLEUM,observed_fact,ACCENT GROUP's share price is down 12.9% after a downgrade announcement,active,0.83,0.71,commentary:youtube_transcript,youtube_transcript:asx-daily-rundown-atlassian-lifts-tech-a2-milk-recall-shock-accent-group-all-time-lows:88e960386e503796,2026-05-04T08:24:13+00:00,2026-05-04T08:24:13+00:00,status_expire_candidate_after_approval,still_active_from_prior_high_confidence_expire_manifest,no
348,active_fanout_0006,fanout_0006,GCM CORPORATION,observed_fact,ACCENT GROUP's share price is down 12.9% after a downgrade announcement,active,0.83,0.71,commentary:youtube_transcript,youtube_transcript:asx-daily-rundown-atlassian-lifts-tech-a2-milk-recall-shock-accent-group-all-time-lows:88e960386e503796,2026-05-04T08:24:13+00:00,2026-05-04T08:24:13+00:00,status_expire_candidate_after_approval,still_active_from_prior_high_confidence_expire_manifest,no
349,active_fanout_0006,fanout_0006,MARINO AND CO,observed_fact,ACCENT GROUP's share price is down 12.9% after a downgrade announcement,active,0.83,0.71,commentary:youtube_transcript,youtube_transcript:asx-daily-rundown-atlassian-lifts-tech-a2-milk-recall-shock-accent-group-all-time-lows:88e960386e503796,2026-05-04T08:24:13+00:00,2026-05-04T08:24:13+00:00,status_expire_candidate_after_approval,still_active_from_prior_high_confidence_expire_manifest,no
350,active_fanout_0006,fanout_0006,CLARITY,observed_fact,ACCENT GROUP's share price is down 12.9% after a downgrade announcement,active,0.83,0.71,commentary:youtube_transcript,youtube_transcript:asx-daily-rundown-atlassian-lifts-tech-a2-milk-recall-shock-accent-group-all-time-lows:88e960386e503796,2026-05-04T08:24:13+00:00,2026-05-04T08:24:13+00:00,status_expire_candidate_after_approval,still_active_from_prior_high_confidence_expire_manifest,no
351,active_fanout_0006,fanout_0006,WIN MEDALS,observed_fact,ACCENT GROUP's share price is down 12.9% after a downgrade announcement,active,0.83,0.71,commentary:youtube_transcript,youtube_transcript:asx-daily-rundown-atlassian-lifts-tech-a2-milk-recall-shock-accent-group-all-time-lows:88e960386e503796,2026-05-04T08:24:13+00:00,2026-05-04T08:24:13+00:00,status_expire_candidate_after_approval,still_active_from_prior_high_confidence_expire_manifest,no
352,active_fanout_0006,fanout_0006,AXEN GROUP,observed_fact,ACCENT GROUP's share price is down 12.9% after a downgrade announcement,active,0.83,0.71,commentary:youtube_transcript,youtube_transcript:asx-daily-rundown-atlassian-lifts-tech-a2-milk-recall-shock-accent-group-all-time-lows:88e960386e503796,2026-05-04T08:24:13+00:00,2026-05-04T08:24:13+00:00,status_expire_candidate_after_approval,still_active_from_prior_high_confidence_expire_manifest,no
353,active_fanout_0006,fanout_0006,STRICKLAND METALS,observed_fact,ACCENT GROUP's share price is down 12.9% after a downgrade announcement,active,0.83,0.71,commentary:youtube_transcript,youtube_transcript:asx-daily-rundown-atlassian-lifts-tech-a2-milk-recall-shock-accent-group-all-time-lows:88e960386e503796,2026-05-04T08:24:13+00:00,2026-05-04T08:24:13+00:00,status_expire_candidate_after_approval,still_active_from_prior_high_confidence_expire_manifest,no
354,active_fanout_0006,fanout_0006,LION TOWN,observed_fact,ACCENT GROUP's share price is down 12.9% after a downgrade announcement,active,0.83,0.71,commentary:youtube_transcript,youtube_transcript:asx-daily-rundown-atlassian-lifts-tech-a2-milk-recall-shock-accent-group-all-time-lows:88e960386e503796,2026-05-04T08:24:14+00:00,2026-05-04T08:24:14+00:00,status_expire_candidate_after_approval,still_active_from_prior_high_confidence_expire_manifest,no
355,active_fanout_0006,fanout_0006,IMRO,observed_fact,ACCENT GROUP's share price is down 12.9% after a downgrade announcement,active,0.83,0.71,commentary:youtube_transcript,youtube_transcript:asx-daily-rundown-atlassian-lifts-tech-a2-milk-recall-shock-accent-group-all-time-lows:88e960386e503796,2026-05-04T08:24:14+00:00,2026-05-04T08:24:14+00:00,status_expire_candidate_after_approval,still_active_from_prior_high_confidence_expire_manifest,no
356,active_fanout_0006,fanout_0006,PENINSULA,observed_fact,ACCENT GROUP's share price is down 12.9% after a downgrade announcement,active,0.83,0.71,commentary:youtube_transcript,youtube_transcript:asx-daily-rundown-atlassian-lifts-tech-a2-milk-recall-shock-accent-group-all-time-lows:88e960386e503796,2026-05-04T08:24:14+00:00,2026-05-04T08:24:14+00:00,status_expire_candidate_after_approval,still_active_from_prior_high_confidence_expire_manifest,no
357,active_fanout_0006,fanout_0006,BRAIN CHIP,observed_fact,ACCENT GROUP's share price is down 12.9% after a downgrade announcement,active,0.83,0.71,commentary:youtube_transcript,youtube_transcript:asx-daily-rundown-atlassian-lifts-tech-a2-milk-recall-shock-accent-group-all-time-lows:88e960386e503796,2026-05-04T08:24:14+00:00,2026-05-04T08:24:14+00:00,status_expire_candidate_after_approval,still_active_from_prior_high_confidence_expire_manifest,no
358,active_fanout_0006,fanout_0006,VERITUS,observed_fact,ACCENT GROUP's share price is down 12.9% after a downgrade announcement,active,0.83,0.71,commentary:youtube_transcript,youtube_transcript:asx-daily-rundown-atlassian-lifts-tech-a2-milk-recall-shock-accent-group-all-time-lows:88e960386e503796,2026-05-04T08:24:14+00:00,2026-05-04T08:24:14+00:00,status_expire_candidate_after_approval,still_active_from_prior_high_confidence_expire_manifest,no
359,active_fanout_0006,fanout_0006,PETTIMED,observed_fact,ACCENT GROUP's share price is down 12.9% after a downgrade announcement,active,0.83,0.71,commentary:youtube_transcript,youtube_transcript:asx-daily-rundown-atlassian-lifts-tech-a2-milk-recall-shock-accent-group-all-time-lows:88e960386e503796,2026-05-04T08:24:14+00:00,2026-05-04T08:24:14+00:00,status_expire_candidate_after_approval,still_active_from_prior_high_confidence_expire_manifest,no
360,active_fanout_0006,fanout_0006,IMPEDIMED,observed_fact,ACCENT GROUP's share price is down 12.9% after a downgrade announcement,active,0.83,0.71,commentary:youtube_transcript,youtube_transcript:asx-daily-rundown-atlassian-lifts-tech-a2-milk-recall-shock-accent-group-all-time-lows:88e960386e503796,2026-05-04T08:24:15+00:00,2026-05-04T08:24:15+00:00,status_expire_candidate_after_approval,still_active_from_prior_high_confidence_expire_manifest,no
361,active_fanout_0006,fanout_0006,INDE,observed_fact,ACCENT GROUP's share price is down 12.9% after a downgrade announcement,active,0.83,0.71,commentary:youtube_transcript,youtube_transcript:asx-daily-rundown-atlassian-lifts-tech-a2-milk-recall-shock-accent-group-all-time-lows:88e960386e503796,2026-05-04T08:24:15+00:00,2026-05-04T08:24:15+00:00,status_expire_candidate_after_approval,still_active_from_prior_high_confidence_expire_manifest,no
362,active_fanout_0006,fanout_0006,PETT,observed_fact,ACCENT GROUP's share price is down 12.9% after a downgrade announcement,active,0.83,0.71,commentary:youtube_transcript,youtube_transcript:asx-daily-rundown-atlassian-lifts-tech-a2-milk-recall-shock-accent-group-all-time-lows:88e960386e503796,2026-05-04T08:24:15+00:00,2026-05-04T08:24:15+00:00,status_expire_candidate_after_approval,still_active_from_prior_high_confidence_expire_manifest,no
363,active_fanout_0006,fanout_0006,C79,observed_fact,ACCENT GROUP's share price is down 12.9% after a downgrade announcement,active,0.83,0.71,commentary:youtube_transcript,youtube_transcript:asx-daily-rundown-atlassian-lifts-tech-a2-milk-recall-shock-accent-group-all-time-lows:88e960386e503796,2026-05-04T08:24:15+00:00,2026-05-04T08:24:15+00:00,status_expire_candidate_after_approval,still_active_from_prior_high_confidence_expire_manifest,no
364,active_fanout_0006,fanout_0006,A2M,observed_fact,ACCENT GROUP's share price is down 12.9% after a downgrade announcement,active,0.83,0.71,commentary:youtube_transcript,youtube_transcript:asx-daily-rundown-atlassian-lifts-tech-a2-milk-recall-shock-accent-group-all-time-lows:88e960386e503796,2026-05-04T08:24:15+00:00,2026-05-04T08:24:15+00:00,status_expire_candidate_after_approval,still_active_from_prior_high_confidence_expire_manifest,no
856,active_fanout_0006,fanout_0006,END,observed_fact,ACCENT GROUP's share price is down 12.9% after a downgrade announcement,active,0.83,0.71,commentary:youtube_transcript,youtube_transcript:asx-daily-rundown-atlassian-lifts-tech-a2-milk-recall-shock-accent-group-all-time-lows:88e960386e503796,2026-05-04T08:25:51+00:00,2026-05-04T08:25:51+00:00,status_expire_candidate_after_approval,still_active_from_prior_high_confidence_expire_manifest,no
857,active_fanout_0006,fanout_0006,COH,observed_fact,ACCENT GROUP's share price is down 12.9% after a downgrade announcement,active,0.83,0.71,commentary:youtube_transcript,youtube_transcript:asx-daily-rundown-atlassian-lifts-tech-a2-milk-recall-shock-accent-group-all-time-lows:88e960386e503796,2026-05-04T08:25:51+00:00,2026-05-04T08:25:51+00:00,status_expire_candidate_after_approval,still_active_from_prior_high_confidence_expire_manifest,no
858,active_fanout_0006,fanout_0006,WES,observed_fact,ACCENT GROUP's share price is down 12.9% after a downgrade announcement,active,0.83,0.71,commentary:youtube_transcript,youtube_transcript:asx-daily-rundown-atlassian-lifts-tech-a2-milk-recall-shock-accent-group-all-time-lows:88e960386e503796,2026-05-04T08:25:51+00:00,2026-05-04T08:25:51+00:00,status_expire_candidate_after_approval,still_active_from_prior_high_confidence_expire_manifest,no
859,active_fanout_0006,fanout_0006,WBC,observed_fact,ACCENT GROUP's share price is down 12.9% after a downgrade announcement,active,0.83,0.71,commentary:youtube_transcript,youtube_transcript:asx-daily-rundown-atlassian-lifts-tech-a2-milk-recall-shock-accent-group-all-time-lows:88e960386e503796,2026-05-04T08:25:51+00:00,2026-05-04T08:25:51+00:00,status_expire_candidate_after_approval,still_active_from_prior_high_confidence_expire_manifest,no
860,active_fanout_0006,fanout_0006,KEY,observed_fact,ACCENT GROUP's share price is down 12.9% after a downgrade announcement,active,0.83,0.71,commentary:youtube_transcript,youtube_transcript:asx-daily-rundown-atlassian-lifts-tech-a2-milk-recall-shock-accent-group-all-time-lows:88e960386e503796,2026-05-04T08:25:52+00:00,2026-05-04T08:25:52+00:00,status_expire_candidate_after_approval,still_active_from_prior_high_confidence_expire_manifest,no
861,active_fanout_0006,fanout_0006,GCM,observed_fact,ACCENT GROUP's share price is down 12.9% after a downgrade announcement,active,0.83,0.71,commentary:youtube_transcript,youtube_transcript:asx-daily-rundown-atlassian-lifts-tech-a2-milk-recall-shock-accent-group-all-time-lows:88e960386e503796,2026-05-04T08:25:53+00:00,2026-05-04T08:25:53+00:00,status_expire_candidate_after_approval,still_active_from_prior_high_confidence_expire_manifest,no
862,active_fanout_0006,fanout_0006,MAR,observed_fact,ACCENT GROUP's share price is down 12.9% after a downgrade announcement,active,0.83,0.71,commentary:youtube_transcript,youtube_transcript:asx-daily-rundown-atlassian-lifts-tech-a2-milk-recall-shock-accent-group-all-time-lows:88e960386e503796,2026-05-04T08:25:53+00:00,2026-05-04T08:25:53+00:00,status_expire_candidate_after_approval,still_active_from_prior_high_confidence_expire_manifest,no
863,active_fanout_0006,fanout_0006,CLT,observed_fact,ACCENT GROUP's share price is down 12.9% after a downgrade announcement,active,0.83,0.71,commentary:youtube_transcript,youtube_transcript:asx-daily-rundown-atlassian-lifts-tech-a2-milk-recall-shock-accent-group-all-time-lows:88e960386e503796,2026-05-04T08:25:53+00:00,2026-05-04T08:25:53+00:00,status_expire_candidate_after_approval,still_active_from_prior_high_confidence_expire_manifest,no
864,active_fanout_0006,fanout_0006,WIN,observed_fact,ACCENT GROUP's share price is down 12.9% after a downgrade announcement,active,0.83,0.71,commentary:youtube_transcript,youtube_transcript:asx-daily-rundown-atlassian-lifts-tech-a2-milk-recall-shock-accent-group-all-time-lows:88e960386e503796,2026-05-04T08:25:53+00:00,2026-05-04T08:25:53+00:00,status_expire_candidate_after_approval,still_active_from_prior_high_confidence_expire_manifest,no
865,active_fanout_0006,fanout_0006,SKT,observed_fact,ACCENT GROUP's share price is down 12.9% after a downgrade announcement,active,0.83,0.71,commentary:youtube_transcript,youtube_transcript:asx-daily-rundown-atlassian-lifts-tech-a2-milk-recall-shock-accent-group-all-time-lows:88e960386e503796,2026-05-04T08:25:53+00:00,2026-05-04T08:25:53+00:00,status_expire_candidate_after_approval,still_active_from_prior_high_confidence_expire_manifest,no
866,active_fanout_0006,fanout_0006,VCE,observed_fact,ACCENT GROUP's share price is down 12.9% after a downgrade announcement,active,0.83,0.71,commentary:youtube_transcript,youtube_transcript:asx-daily-rundown-atlassian-lifts-tech-a2-milk-recall-shock-accent-group-all-time-lows:88e960386e503796,2026-05-04T08:25:53+00:00,2026-05-04T08:25:53+00:00,status_expire_candidate_after_approval,still_active_from_prior_high_confidence_expire_manifest,no
867,active_fanout_0006,fanout_0006,SNW,observed_fact,ACCENT GROUP's share price is down 12.9% after a downgrade announcement,active,0.83,0.71,commentary:youtube_transcript,youtube_transcript:asx-daily-rundown-atlassian-lifts-tech-a2-milk-recall-shock-accent-group-all-time-lows:88e960386e503796,2026-05-04T08:25:53+00:00,2026-05-04T08:25:53+00:00,status_expire_candidate_after_approval,still_active_from_prior_high_confidence_expire_manifest,no
868,active_fanout_0006,fanout_0006,LON,observed_fact,ACCENT GROUP's share price is down 12.9% after a downgrade announcement,active,0.83,0.71,commentary:youtube_transcript,youtube_transcript:asx-daily-rundown-atlassian-lifts-tech-a2-milk-recall-shock-accent-group-all-time-lows:88e960386e503796,2026-05-04T08:25:53+00:00,2026-05-04T08:25:53+00:00,status_expire_candidate_after_approval,still_active_from_prior_high_confidence_expire_manifest,no
869,active_fanout_0006,fanout_0006,PET,observed_fact,ACCENT GROUP's share price is down 12.9% after a downgrade announcement,active,0.83,0.71,commentary:youtube_transcript,youtube_transcript:asx-daily-rundown-atlassian-lifts-tech-a2-milk-recall-shock-accent-group-all-time-lows:88e960386e503796,2026-05-04T08:25:53+00:00,2026-05-04T08:25:53+00:00,status_expire_candidate_after_approval,still_active_from_prior_high_confidence_expire_manifest,no
870,active_fanout_0006,fanout_0006,STK,observed_fact,ACCENT GROUP's share price is down 12.9% after a downgrade announcement,active,0.83,0.71,commentary:youtube_transcript,youtube_transcript:asx-daily-rundown-atlassian-lifts-tech-a2-milk-recall-shock-accent-group-all-time-lows:88e960386e503796,2026-05-04T08:25:54+00:00,2026-05-04T08:25:54+00:00,status_expire_candidate_after_approval,still_active_from_prior_high_confidence_expire_manifest,no
1721,active_fanout_0006,fanout_0006,ENDV,observed_fact,ACCENT GROUP's share price is down 12.9% after a downgrade announcement,active,0.83,0.71,commentary:youtube_transcript,youtube_transcript:asx-daily-rundown-atlassian-lifts-tech-a2-milk-recall-shock-accent-group-all-time-lows:88e960386e503796,2026-05-05T04:20:07+00:00,2026-05-05T04:20:07+00:00,status_expire_candidate_after_approval,still_active_from_prior_high_confidence_expire_manifest,no
1722,active_fanout_0006,fanout_0006,KEYP,observed_fact,ACCENT GROUP's share price is down 12.9% after a downgrade announcement,active,0.83,0.71,commentary:youtube_transcript,youtube_transcript:asx-daily-rundown-atlassian-lifts-tech-a2-milk-recall-shock-accent-group-all-time-lows:88e960386e503796,2026-05-05T04:20:11+00:00,2026-05-05T04:20:11+00:00,status_expire_candidate_after_approval,still_active_from_prior_high_confidence_expire_manifest,no
1723,active_fanout_0006,fanout_0006,GCMC,observed_fact,ACCENT GROUP's share price is down 12.9% after a downgrade announcement,active,0.83,0.71,commentary:youtube_transcript,youtube_transcript:asx-daily-rundown-atlassian-lifts-tech-a2-milk-recall-shock-accent-group-all-time-lows:88e960386e503796,2026-05-05T04:20:12+00:00,2026-05-05T04:20:12+00:00,status_expire_candidate_after_approval,still_active_from_prior_high_confidence_expire_manifest,no
1724,active_fanout_0006,fanout_0006,MARINO,observed_fact,ACCENT GROUP's share price is down 12.9% after a downgrade announcement,active,0.83,0.71,commentary:youtube_transcript,youtube_transcript:asx-daily-rundown-atlassian-lifts-tech-a2-milk-recall-shock-accent-group-all-time-lows:88e960386e503796,2026-05-05T04:20:13+00:00,2026-05-05T04:20:13+00:00,status_expire_candidate_after_approval,still_active_from_prior_high_confidence_expire_manifest,no
1725,active_fanout_0006,fanout_0006,CLAR,observed_fact,ACCENT GROUP's share price is down 12.9% after a downgrade announcement,active,0.83,0.71,commentary:youtube_transcript,youtube_transcript:asx-daily-rundown-atlassian-lifts-tech-a2-milk-recall-shock-accent-group-all-time-lows:88e960386e503796,2026-05-05T04:20:15+00:00,2026-05-05T04:20:15+00:00,status_expire_candidate_after_approval,still_active_from_prior_high_confidence_expire_manifest,no
1726,active_fanout_0006,fanout_0006,LIVN,observed_fact,ACCENT GROUP's share price is down 12.9% after a downgrade announcement,active,0.83,0.71,commentary:youtube_transcript,youtube_transcript:asx-daily-rundown-atlassian-lifts-tech-a2-milk-recall-shock-accent-group-all-time-lows:88e960386e503796,2026-05-05T04:20:15+00:00,2026-05-05T04:20:15+00:00,status_expire_candidate_after_approval,still_active_from_prior_high_confidence_expire_manifest,no
1727,active_fanout_0006,fanout_0006,SN,observed_fact,ACCENT GROUP's share price is down 12.9% after a downgrade announcement,active,0.83,0.71,commentary:youtube_transcript,youtube_transcript:asx-daily-rundown-atlassian-lifts-tech-a2-milk-recall-shock-accent-group-all-time-lows:88e960386e503796,2026-05-05T04:20:16+00:00,2026-05-05T04:20:16+00:00,status_expire_candidate_after_approval,still_active_from_prior_high_confidence_expire_manifest,no
1728,active_fanout_0006,fanout_0006,LION,observed_fact,ACCENT GROUP's share price is down 12.9% after a downgrade announcement,active,0.83,0.71,commentary:youtube_transcript,youtube_transcript:asx-daily-rundown-atlassian-lifts-tech-a2-milk-recall-shock-accent-group-all-time-lows:88e960386e503796,2026-05-05T04:20:16+00:00,2026-05-05T04:20:16+00:00,status_expire_candidate_after_approval,still_active_from_prior_high_confidence_expire_manifest,no
231,active_fanout_0007,fanout_0008,ASX,observed_fact,Chrysos Corporation's share price fell 6.39% despite a positive trading update,active,0.8,0.71,commentary:youtube_transcript,youtube_transcript:asx-daily-rundown-atlassian-lifts-tech-a2-milk-recall-shock-accent-group-all-time-lows:88e960386e503796,2026-05-04T08:23:53+00:00,2026-05-04T08:23:53+00:00,status_expire_candidate_after_approval,still_active_from_prior_high_confidence_expire_manifest,no
232,active_fanout_0007,fanout_0008,TXT,observed_fact,Chrysos Corporation's share price fell 6.39% despite a positive trading update,active,0.8,0.71,commentary:youtube_transcript,youtube_transcript:asx-daily-rundown-atlassian-lifts-tech-a2-milk-recall-shock-accent-group-all-time-lows:88e960386e503796,2026-05-04T08:23:54+00:00,2026-05-04T08:23:54+00:00,status_expire_candidate_after_approval,still_active_from_prior_high_confidence_expire_manifest,no
233,active_fanout_0007,fanout_0008,XTX,observed_fact,Chrysos Corporation's share price fell 6.39% despite a positive trading update,active,0.8,0.71,commentary:youtube_transcript,youtube_transcript:asx-daily-rundown-atlassian-lifts-tech-a2-milk-recall-shock-accent-group-all-time-lows:88e960386e503796,2026-05-04T08:23:54+00:00,2026-05-04T08:23:54+00:00,status_expire_candidate_after_approval,still_active_from_prior_high_confidence_expire_manifest,no
234,active_fanout_0007,fanout_0008,A2 MILK,observed_fact,Chrysos Corporation's share price fell 6.39% despite a positive trading update,active,0.8,0.71,commentary:youtube_transcript,youtube_transcript:asx-daily-rundown-atlassian-lifts-tech-a2-milk-recall-shock-accent-group-all-time-lows:88e960386e503796,2026-05-04T08:23:54+00:00,2026-05-04T08:23:54+00:00,status_expire_candidate_after_approval,still_active_from_prior_high_confidence_expire_manifest,no
235,active_fanout_0007,fanout_0008,ENDEAVOR GROUP,observed_fact,Chrysos Corporation's share price fell 6.39% despite a positive trading update,active,0.8,0.71,commentary:youtube_transcript,youtube_transcript:asx-daily-rundown-atlassian-lifts-tech-a2-milk-recall-shock-accent-group-all-time-lows:88e960386e503796,2026-05-04T08:23:54+00:00,2026-05-04T08:23:54+00:00,status_expire_candidate_after_approval,still_active_from_prior_high_confidence_expire_manifest,no
236,active_fanout_0007,fanout_0008,ATLASSIAN,observed_fact,Chrysos Corporation's share price fell 6.39% despite a positive trading update,active,0.8,0.71,commentary:youtube_transcript,youtube_transcript:asx-daily-rundown-atlassian-lifts-tech-a2-milk-recall-shock-accent-group-all-time-lows:88e960386e503796,2026-05-04T08:23:54+00:00,2026-05-04T08:23:54+00:00,status_expire_candidate_after_approval,still_active_from_prior_high_confidence_expire_manifest,no
237,active_fanout_0007,fanout_0008,NAB,observed_fact,Chrysos Corporation's share price fell 6.39% despite a positive trading update,active,0.8,0.71,commentary:youtube_transcript,youtube_transcript:asx-daily-rundown-atlassian-lifts-tech-a2-milk-recall-shock-accent-group-all-time-lows:88e960386e503796,2026-05-04T08:23:54+00:00,2026-05-04T08:23:54+00:00,status_expire_candidate_after_approval,still_active_from_prior_high_confidence_expire_manifest,no
238,active_fanout_0007,fanout_0008,BHP,observed_fact,Chrysos Corporation's share price fell 6.39% despite a positive trading update,active,0.8,0.71,commentary:youtube_transcript,youtube_transcript:asx-daily-rundown-atlassian-lifts-tech-a2-milk-recall-shock-accent-group-all-time-lows:88e960386e503796,2026-05-04T08:23:54+00:00,2026-05-04T08:23:54+00:00,status_expire_candidate_after_approval,still_active_from_prior_high_confidence_expire_manifest,no
239,active_fanout_0007,fanout_0008,KEY PETROLEUM,observed_fact,Chrysos Corporation's share price fell 6.39% despite a positive trading update,active,0.8,0.71,commentary:youtube_transcript,youtube_transcript:asx-daily-rundown-atlassian-lifts-tech-a2-milk-recall-shock-accent-group-all-time-lows:88e960386e503796,2026-05-04T08:23:55+00:00,2026-05-04T08:23:55+00:00,status_expire_candidate_after_approval,still_active_from_prior_high_confidence_expire_manifest,no
241,active_fanout_0007,fanout_0008,MARINO AND CO,observed_fact,Chrysos Corporation's share price fell 6.39% despite a positive trading update,active,0.8,0.71,commentary:youtube_transcript,youtube_transcript:asx-daily-rundown-atlassian-lifts-tech-a2-milk-recall-shock-accent-group-all-time-lows:88e960386e503796,2026-05-04T08:23:55+00:00,2026-05-04T08:23:55+00:00,status_expire_candidate_after_approval,still_active_from_prior_high_confidence_expire_manifest,no
242,active_fanout_0007,fanout_0008,CLARITY,observed_fact,Chrysos Corporation's share price fell 6.39% despite a positive trading update,active,0.8,0.71,commentary:youtube_transcript,youtube_transcript:asx-daily-rundown-atlassian-lifts-tech-a2-milk-recall-shock-accent-group-all-time-lows:88e960386e503796,2026-05-04T08:23:55+00:00,2026-05-04T08:23:55+00:00,status_expire_candidate_after_approval,still_active_from_prior_high_confidence_expire_manifest,no
243,active_fanout_0007,fanout_0008,WIN MEDALS,observed_fact,Chrysos Corporation's share price fell 6.39% despite a positive trading update,active,0.8,0.71,commentary:youtube_transcript,youtube_transcript:asx-daily-rundown-atlassian-lifts-tech-a2-milk-recall-shock-accent-group-all-time-lows:88e960386e503796,2026-05-04T08:23:55+00:00,2026-05-04T08:23:55+00:00,status_expire_candidate_after_approval,still_active_from_prior_high_confidence_expire_manifest,no
244,active_fanout_0007,fanout_0008,AXEN GROUP,observed_fact,Chrysos Corporation's share price fell 6.39% despite a positive trading update,active,0.8,0.71,commentary:youtube_transcript,youtube_transcript:asx-daily-rundown-atlassian-lifts-tech-a2-milk-recall-shock-accent-group-all-time-lows:88e960386e503796,2026-05-04T08:23:55+00:00,2026-05-04T08:23:55+00:00,status_expire_candidate_after_approval,still_active_from_prior_high_confidence_expire_manifest,no
245,active_fanout_0007,fanout_0008,STRICKLAND METALS,observed_fact,Chrysos Corporation's share price fell 6.39% despite a positive trading update,active,0.8,0.71,commentary:youtube_transcript,youtube_transcript:asx-daily-rundown-atlassian-lifts-tech-a2-milk-recall-shock-accent-group-all-time-lows:88e960386e503796,2026-05-04T08:23:55+00:00,2026-05-04T08:23:55+00:00,status_expire_candidate_after_approval,still_active_from_prior_high_confidence_expire_manifest,no
246,active_fanout_0007,fanout_0008,LION TOWN,observed_fact,Chrysos Corporation's share price fell 6.39% despite a positive trading update,active,0.8,0.71,commentary:youtube_transcript,youtube_transcript:asx-daily-rundown-atlassian-lifts-tech-a2-milk-recall-shock-accent-group-all-time-lows:88e960386e503796,2026-05-04T08:23:56+00:00,2026-05-04T08:23:56+00:00,status_expire_candidate_after_approval,still_active_from_prior_high_confidence_expire_manifest,no
247,active_fanout_0007,fanout_0008,IMRO,observed_fact,Chrysos Corporation's share price fell 6.39% despite a positive trading update,active,0.8,0.71,commentary:youtube_transcript,youtube_transcript:asx-daily-rundown-atlassian-lifts-tech-a2-milk-recall-shock-accent-group-all-time-lows:88e960386e503796,2026-05-04T08:23:56+00:00,2026-05-04T08:23:56+00:00,status_expire_candidate_after_approval,still_active_from_prior_high_confidence_expire_manifest,no
248,active_fanout_0007,fanout_0008,PENINSULA,observed_fact,Chrysos Corporation's share price fell 6.39% despite a positive trading update,active,0.8,0.71,commentary:youtube_transcript,youtube_transcript:asx-daily-rundown-atlassian-lifts-tech-a2-milk-recall-shock-accent-group-all-time-lows:88e960386e503796,2026-05-04T08:23:56+00:00,2026-05-04T08:23:56+00:00,status_expire_candidate_after_approval,still_active_from_prior_high_confidence_expire_manifest,no
249,active_fanout_0007,fanout_0008,BRAIN CHIP,observed_fact,Chrysos Corporation's share price fell 6.39% despite a positive trading update,active,0.8,0.71,commentary:youtube_transcript,youtube_transcript:asx-daily-rundown-atlassian-lifts-tech-a2-milk-recall-shock-accent-group-all-time-lows:88e960386e503796,2026-05-04T08:23:56+00:00,2026-05-04T08:23:56+00:00,status_expire_candidate_after_approval,still_active_from_prior_high_confidence_expire_manifest,no
250,active_fanout_0007,fanout_0008,VERITUS,observed_fact,Chrysos Corporation's share price fell 6.39% despite a positive trading update,active,0.8,0.71,commentary:youtube_transcript,youtube_transcript:asx-daily-rundown-atlassian-lifts-tech-a2-milk-recall-shock-accent-group-all-time-lows:88e960386e503796,2026-05-04T08:23:57+00:00,2026-05-04T08:23:57+00:00,status_expire_candidate_after_approval,still_active_from_prior_high_confidence_expire_manifest,no
251,active_fanout_0007,fanout_0008,PETTIMED,observed_fact,Chrysos Corporation's share price fell 6.39% despite a positive trading update,active,0.8,0.71,commentary:youtube_transcript,youtube_transcript:asx-daily-rundown-atlassian-lifts-tech-a2-milk-recall-shock-accent-group-all-time-lows:88e960386e503796,2026-05-04T08:23:57+00:00,2026-05-04T08:23:57+00:00,status_expire_candidate_after_approval,still_active_from_prior_high_confidence_expire_manifest,no
252,active_fanout_0007,fanout_0008,IMPEDIMED,observed_fact,Chrysos Corporation's share price fell 6.39% despite a positive trading update,active,0.8,0.71,commentary:youtube_transcript,youtube_transcript:asx-daily-rundown-atlassian-lifts-tech-a2-milk-recall-shock-accent-group-all-time-lows:88e960386e503796,2026-05-04T08:23:57+00:00,2026-05-04T08:23:57+00:00,status_expire_candidate_after_approval,still_active_from_prior_high_confidence_expire_manifest,no
253,active_fanout_0007,fanout_0008,INDE,observed_fact,Chrysos Corporation's share price fell 6.39% despite a positive trading update,active,0.8,0.71,commentary:youtube_transcript,youtube_transcript:asx-daily-rundown-atlassian-lifts-tech-a2-milk-recall-shock-accent-group-all-time-lows:88e960386e503796,2026-05-04T08:23:57+00:00,2026-05-04T08:23:57+00:00,status_expire_candidate_after_approval,still_active_from_prior_high_confidence_expire_manifest,no
254,active_fanout_0007,fanout_0008,PETT,observed_fact,Chrysos Corporation's share price fell 6.39% despite a positive trading update,active,0.8,0.71,commentary:youtube_transcript,youtube_transcript:asx-daily-rundown-atlassian-lifts-tech-a2-milk-recall-shock-accent-group-all-time-lows:88e960386e503796,2026-05-04T08:23:57+00:00,2026-05-04T08:23:57+00:00,status_expire_candidate_after_approval,still_active_from_prior_high_confidence_expire_manifest,no
256,active_fanout_0007,fanout_0008,A2M,observed_fact,Chrysos Corporation's share price fell 6.39% despite a positive trading update,active,0.8,0.71,commentary:youtube_transcript,youtube_transcript:asx-daily-rundown-atlassian-lifts-tech-a2-milk-recall-shock-accent-group-all-time-lows:88e960386e503796,2026-05-04T08:23:57+00:00,2026-05-04T08:23:57+00:00,status_expire_candidate_after_approval,still_active_from_prior_high_confidence_expire_manifest,no
257,active_fanout_0007,fanout_0008,ACCENT GROUP,observed_fact,Chrysos Corporation's share price fell 6.39% despite a positive trading update,active,0.8,0.71,commentary:youtube_transcript,youtube_transcript:asx-daily-rundown-atlassian-lifts-tech-a2-milk-recall-shock-accent-group-all-time-lows:88e960386e503796,2026-05-04T08:23:57+00:00,2026-05-04T08:23:57+00:00,status_expire_candidate_after_approval,still_active_from_prior_high_confidence_expire_manifest,no
796,active_fanout_0007,fanout_0008,END,observed_fact,Chrysos Corporation's share price fell 6.39% despite a positive trading update,active,0.8,0.71,commentary:youtube_transcript,youtube_transcript:asx-daily-rundown-atlassian-lifts-tech-a2-milk-recall-shock-accent-group-all-time-lows:88e960386e503796,2026-05-04T08:25:31+00:00,2026-05-04T08:25:31+00:00,status_expire_candidate_after_approval,still_active_from_prior_high_confidence_expire_manifest,no
797,active_fanout_0007,fanout_0008,COH,observed_fact,Chrysos Corporation's share price fell 6.39% despite a positive trading update,active,0.8,0.71,commentary:youtube_transcript,youtube_transcript:asx-daily-rundown-atlassian-lifts-tech-a2-milk-recall-shock-accent-group-all-time-lows:88e960386e503796,2026-05-04T08:25:31+00:00,2026-05-04T08:25:31+00:00,status_expire_candidate_after_approval,still_active_from_prior_high_confidence_expire_manifest,no
798,active_fanout_0007,fanout_0008,WES,observed_fact,Chrysos Corporation's share price fell 6.39% despite a positive trading update,active,0.8,0.71,commentary:youtube_transcript,youtube_transcript:asx-daily-rundown-atlassian-lifts-tech-a2-milk-recall-shock-accent-group-all-time-lows:88e960386e503796,2026-05-04T08:25:31+00:00,2026-05-04T08:25:31+00:00,status_expire_candidate_after_approval,still_active_from_prior_high_confidence_expire_manifest,no
799,active_fanout_0007,fanout_0008,WBC,observed_fact,Chrysos Corporation's share price fell 6.39% despite a positive trading update,active,0.8,0.71,commentary:youtube_transcript,youtube_transcript:asx-daily-rundown-atlassian-lifts-tech-a2-milk-recall-shock-accent-group-all-time-lows:88e960386e503796,2026-05-04T08:25:31+00:00,2026-05-04T08:25:31+00:00,status_expire_candidate_after_approval,still_active_from_prior_high_confidence_expire_manifest,no
800,active_fanout_0007,fanout_0008,KEY,observed_fact,Chrysos Corporation's share price fell 6.39% despite a positive trading update,active,0.8,0.71,commentary:youtube_transcript,youtube_transcript:asx-daily-rundown-atlassian-lifts-tech-a2-milk-recall-shock-accent-group-all-time-lows:88e960386e503796,2026-05-04T08:25:32+00:00,2026-05-04T08:25:32+00:00,status_expire_candidate_after_approval,still_active_from_prior_high_confidence_expire_manifest,no
802,active_fanout_0007,fanout_0008,MAR,observed_fact,Chrysos Corporation's share price fell 6.39% despite a positive trading update,active,0.8,0.71,commentary:youtube_transcript,youtube_transcript:asx-daily-rundown-atlassian-lifts-tech-a2-milk-recall-shock-accent-group-all-time-lows:88e960386e503796,2026-05-04T08:25:32+00:00,2026-05-04T08:25:32+00:00,status_expire_candidate_after_approval,still_active_from_prior_high_confidence_expire_manifest,no
803,active_fanout_0007,fanout_0008,CLT,observed_fact,Chrysos Corporation's share price fell 6.39% despite a positive trading update,active,0.8,0.71,commentary:youtube_transcript,youtube_transcript:asx-daily-rundown-atlassian-lifts-tech-a2-milk-recall-shock-accent-group-all-time-lows:88e960386e503796,2026-05-04T08:25:32+00:00,2026-05-04T08:25:32+00:00,status_expire_candidate_after_approval,still_active_from_prior_high_confidence_expire_manifest,no
804,active_fanout_0007,fanout_0008,WIN,observed_fact,Chrysos Corporation's share price fell 6.39% despite a positive trading update,active,0.8,0.71,commentary:youtube_transcript,youtube_transcript:asx-daily-rundown-atlassian-lifts-tech-a2-milk-recall-shock-accent-group-all-time-lows:88e960386e503796,2026-05-04T08:25:32+00:00,2026-05-04T08:25:32+00:00,status_expire_candidate_after_approval,still_active_from_prior_high_confidence_expire_manifest,no
805,active_fanout_0007,fanout_0008,SKT,observed_fact,Chrysos Corporation's share price fell 6.39% despite a positive trading update,active,0.8,0.71,commentary:youtube_transcript,youtube_transcript:asx-daily-rundown-atlassian-lifts-tech-a2-milk-recall-shock-accent-group-all-time-lows:88e960386e503796,2026-05-04T08:25:33+00:00,2026-05-04T08:25:33+00:00,status_expire_candidate_after_approval,still_active_from_prior_high_confidence_expire_manifest,no
806,active_fanout_0007,fanout_0008,VCE,observed_fact,Chrysos Corporation's share price fell 6.39% despite a positive trading update,active,0.8,0.71,commentary:youtube_transcript,youtube_transcript:asx-daily-rundown-atlassian-lifts-tech-a2-milk-recall-shock-accent-group-all-time-lows:88e960386e503796,2026-05-04T08:25:33+00:00,2026-05-04T08:25:33+00:00,status_expire_candidate_after_approval,still_active_from_prior_high_confidence_expire_manifest,no
807,active_fanout_0007,fanout_0008,SNW,observed_fact,Chrysos Corporation's share price fell 6.39% despite a positive trading update,active,0.8,0.71,commentary:youtube_transcript,youtube_transcript:asx-daily-rundown-atlassian-lifts-tech-a2-milk-recall-shock-accent-group-all-time-lows:88e960386e503796,2026-05-04T08:25:33+00:00,2026-05-04T08:25:33+00:00,status_expire_candidate_after_approval,still_active_from_prior_high_confidence_expire_manifest,no
808,active_fanout_0007,fanout_0008,LON,observed_fact,Chrysos Corporation's share price fell 6.39% despite a positive trading update,active,0.8,0.71,commentary:youtube_transcript,youtube_transcript:asx-daily-rundown-atlassian-lifts-tech-a2-milk-recall-shock-accent-group-all-time-lows:88e960386e503796,2026-05-04T08:25:34+00:00,2026-05-04T08:25:34+00:00,status_expire_candidate_after_approval,still_active_from_prior_high_confidence_expire_manifest,no
809,active_fanout_0007,fanout_0008,PET,observed_fact,Chrysos Corporation's share price fell 6.39% despite a positive trading update,active,0.8,0.71,commentary:youtube_transcript,youtube_transcript:asx-daily-rundown-atlassian-lifts-tech-a2-milk-recall-shock-accent-group-all-time-lows:88e960386e503796,2026-05-04T08:25:34+00:00,2026-05-04T08:25:34+00:00,status_expire_candidate_after_approval,still_active_from_prior_high_confidence_expire_manifest,no
810,active_fanout_0007,fanout_0008,STK,observed_fact,Chrysos Corporation's share price fell 6.39% despite a positive trading update,active,0.8,0.71,commentary:youtube_transcript,youtube_transcript:asx-daily-rundown-atlassian-lifts-tech-a2-milk-recall-shock-accent-group-all-time-lows:88e960386e503796,2026-05-04T08:25:34+00:00,2026-05-04T08:25:34+00:00,status_expire_candidate_after_approval,still_active_from_prior_high_confidence_expire_manifest,no
1689,active_fanout_0007,fanout_0008,ENDV,observed_fact,Chrysos Corporation's share price fell 6.39% despite a positive trading update,active,0.8,0.71,commentary:youtube_transcript,youtube_transcript:asx-daily-rundown-atlassian-lifts-tech-a2-milk-recall-shock-accent-group-all-time-lows:88e960386e503796,2026-05-05T04:19:37+00:00,2026-05-05T04:19:37+00:00,status_expire_candidate_after_approval,still_active_from_prior_high_confidence_expire_manifest,no
1690,active_fanout_0007,fanout_0008,KEYP,observed_fact,Chrysos Corporation's share price fell 6.39% despite a positive trading update,active,0.8,0.71,commentary:youtube_transcript,youtube_transcript:asx-daily-rundown-atlassian-lifts-tech-a2-milk-recall-shock-accent-group-all-time-lows:88e960386e503796,2026-05-05T04:19:40+00:00,2026-05-05T04:19:40+00:00,status_expire_candidate_after_approval,still_active_from_prior_high_confidence_expire_manifest,no
1692,active_fanout_0007,fanout_0008,MARINO,observed_fact,Chrysos Corporation's share price fell 6.39% despite a positive trading update,active,0.8,0.71,commentary:youtube_transcript,youtube_transcript:asx-daily-rundown-atlassian-lifts-tech-a2-milk-recall-shock-accent-group-all-time-lows:88e960386e503796,2026-05-05T04:19:40+00:00,2026-05-05T04:19:40+00:00,status_expire_candidate_after_approval,still_active_from_prior_high_confidence_expire_manifest,no
1693,active_fanout_0007,fanout_0008,CLAR,observed_fact,Chrysos Corporation's share price fell 6.39% despite a positive trading update,active,0.8,0.71,commentary:youtube_transcript,youtube_transcript:asx-daily-rundown-atlassian-lifts-tech-a2-milk-recall-shock-accent-group-all-time-lows:88e960386e503796,2026-05-05T04:19:40+00:00,2026-05-05T04:19:40+00:00,status_expire_candidate_after_approval,still_active_from_prior_high_confidence_expire_manifest,no
1694,active_fanout_0007,fanout_0008,LIVN,observed_fact,Chrysos Corporation's share price fell 6.39% despite a positive trading update,active,0.8,0.71,commentary:youtube_transcript,youtube_transcript:asx-daily-rundown-atlassian-lifts-tech-a2-milk-recall-shock-accent-group-all-time-lows:88e960386e503796,2026-05-05T04:19:41+00:00,2026-05-05T04:19:41+00:00,status_expire_candidate_after_approval,still_active_from_prior_high_confidence_expire_manifest,no
1695,active_fanout_0007,fanout_0008,SN,observed_fact,Chrysos Corporation's share price fell 6.39% despite a positive trading update,active,0.8,0.71,commentary:youtube_transcript,youtube_transcript:asx-daily-rundown-atlassian-lifts-tech-a2-milk-recall-shock-accent-group-all-time-lows:88e960386e503796,2026-05-05T04:19:42+00:00,2026-05-05T04:19:42+00:00,status_expire_candidate_after_approval,still_active_from_prior_high_confidence_expire_manifest,no
1696,active_fanout_0007,fanout_0008,LION,observed_fact,Chrysos Corporation's share price fell 6.39% despite a positive trading update,active,0.8,0.71,commentary:youtube_transcript,youtube_transcript:asx-daily-rundown-atlassian-lifts-tech-a2-milk-recall-shock-accent-group-all-time-lows:88e960386e503796,2026-05-05T04:19:43+00:00,2026-05-05T04:19:43+00:00,status_expire_candidate_after_approval,still_active_from_prior_high_confidence_expire_manifest,no
582,active_fanout_0010,fanout_0011,ASX,risk,Negative trading updates from A2 MILK and ENDEAVOR GROUP,active,0.74,0.82,commentary:youtube_transcript,youtube_transcript:asx-daily-rundown-atlassian-lifts-tech-a2-milk-recall-shock-accent-group-all-time-lows:88e960386e503796,2026-05-04T08:24:50+00:00,2026-05-04T08:24:50+00:00,status_expire_candidate_after_approval,still_active_from_prior_high_confidence_expire_manifest,no
583,active_fanout_0010,fanout_0011,TXT,risk,Negative trading updates from A2 MILK and ENDEAVOR GROUP,active,0.74,0.82,commentary:youtube_transcript,youtube_transcript:asx-daily-rundown-atlassian-lifts-tech-a2-milk-recall-shock-accent-group-all-time-lows:88e960386e503796,2026-05-04T08:24:51+00:00,2026-05-04T08:24:51+00:00,status_expire_candidate_after_approval,still_active_from_prior_high_confidence_expire_manifest,no
584,active_fanout_0010,fanout_0011,XTX,risk,Negative trading updates from A2 MILK and ENDEAVOR GROUP,active,0.74,0.82,commentary:youtube_transcript,youtube_transcript:asx-daily-rundown-atlassian-lifts-tech-a2-milk-recall-shock-accent-group-all-time-lows:88e960386e503796,2026-05-04T08:24:51+00:00,2026-05-04T08:24:51+00:00,status_expire_candidate_after_approval,still_active_from_prior_high_confidence_expire_manifest,no
587,active_fanout_0010,fanout_0011,ATLASSIAN,risk,Negative trading updates from A2 MILK and ENDEAVOR GROUP,active,0.74,0.82,commentary:youtube_transcript,youtube_transcript:asx-daily-rundown-atlassian-lifts-tech-a2-milk-recall-shock-accent-group-all-time-lows:88e960386e503796,2026-05-04T08:24:51+00:00,2026-05-04T08:24:51+00:00,status_expire_candidate_after_approval,still_active_from_prior_high_confidence_expire_manifest,no
588,active_fanout_0010,fanout_0011,NAB,risk,Negative trading updates from A2 MILK and ENDEAVOR GROUP,active,0.74,0.82,commentary:youtube_transcript,youtube_transcript:asx-daily-rundown-atlassian-lifts-tech-a2-milk-recall-shock-accent-group-all-time-lows:88e960386e503796,2026-05-04T08:24:51+00:00,2026-05-04T08:24:51+00:00,status_expire_candidate_after_approval,still_active_from_prior_high_confidence_expire_manifest,no
589,active_fanout_0010,fanout_0011,BHP,risk,Negative trading updates from A2 MILK and ENDEAVOR GROUP,active,0.74,0.82,commentary:youtube_transcript,youtube_transcript:asx-daily-rundown-atlassian-lifts-tech-a2-milk-recall-shock-accent-group-all-time-lows:88e960386e503796,2026-05-04T08:24:51+00:00,2026-05-04T08:24:51+00:00,status_expire_candidate_after_approval,still_active_from_prior_high_confidence_expire_manifest,no
590,active_fanout_0010,fanout_0011,KEY PETROLEUM,risk,Negative trading updates from A2 MILK and ENDEAVOR GROUP,active,0.74,0.82,commentary:youtube_transcript,youtube_transcript:asx-daily-rundown-atlassian-lifts-tech-a2-milk-recall-shock-accent-group-all-time-lows:88e960386e503796,2026-05-04T08:24:51+00:00,2026-05-04T08:24:51+00:00,status_expire_candidate_after_approval,still_active_from_prior_high_confidence_expire_manifest,no
591,active_fanout_0010,fanout_0011,GCM CORPORATION,risk,Negative trading updates from A2 MILK and ENDEAVOR GROUP,active,0.74,0.82,commentary:youtube_transcript,youtube_transcript:asx-daily-rundown-atlassian-lifts-tech-a2-milk-recall-shock-accent-group-all-time-lows:88e960386e503796,2026-05-04T08:24:52+00:00,2026-05-04T08:24:52+00:00,status_expire_candidate_after_approval,still_active_from_prior_high_confidence_expire_manifest,no
592,active_fanout_0010,fanout_0011,MARINO AND CO,risk,Negative trading updates from A2 MILK and ENDEAVOR GROUP,active,0.74,0.82,commentary:youtube_transcript,youtube_transcript:asx-daily-rundown-atlassian-lifts-tech-a2-milk-recall-shock-accent-group-all-time-lows:88e960386e503796,2026-05-04T08:24:52+00:00,2026-05-04T08:24:52+00:00,status_expire_candidate_after_approval,still_active_from_prior_high_confidence_expire_manifest,no
593,active_fanout_0010,fanout_0011,CLARITY,risk,Negative trading updates from A2 MILK and ENDEAVOR GROUP,active,0.74,0.82,commentary:youtube_transcript,youtube_transcript:asx-daily-rundown-atlassian-lifts-tech-a2-milk-recall-shock-accent-group-all-time-lows:88e960386e503796,2026-05-04T08:24:52+00:00,2026-05-04T08:24:52+00:00,status_expire_candidate_after_approval,still_active_from_prior_high_confidence_expire_manifest,no
594,active_fanout_0010,fanout_0011,WIN MEDALS,risk,Negative trading updates from A2 MILK and ENDEAVOR GROUP,active,0.74,0.82,commentary:youtube_transcript,youtube_transcript:asx-daily-rundown-atlassian-lifts-tech-a2-milk-recall-shock-accent-group-all-time-lows:88e960386e503796,2026-05-04T08:24:52+00:00,2026-05-04T08:24:52+00:00,status_expire_candidate_after_approval,still_active_from_prior_high_confidence_expire_manifest,no
595,active_fanout_0010,fanout_0011,AXEN GROUP,risk,Negative trading updates from A2 MILK and ENDEAVOR GROUP,active,0.74,0.82,commentary:youtube_transcript,youtube_transcript:asx-daily-rundown-atlassian-lifts-tech-a2-milk-recall-shock-accent-group-all-time-lows:88e960386e503796,2026-05-04T08:24:53+00:00,2026-05-04T08:24:53+00:00,status_expire_candidate_after_approval,still_active_from_prior_high_confidence_expire_manifest,no
596,active_fanout_0010,fanout_0011,STRICKLAND METALS,risk,Negative trading updates from A2 MILK and ENDEAVOR GROUP,active,0.74,0.82,commentary:youtube_transcript,youtube_transcript:asx-daily-rundown-atlassian-lifts-tech-a2-milk-recall-shock-accent-group-all-time-lows:88e960386e503796,2026-05-04T08:24:53+00:00,2026-05-04T08:24:53+00:00,status_expire_candidate_after_approval,still_active_from_prior_high_confidence_expire_manifest,no
597,active_fanout_0010,fanout_0011,LION TOWN,risk,Negative trading updates from A2 MILK and ENDEAVOR GROUP,active,0.74,0.82,commentary:youtube_transcript,youtube_transcript:asx-daily-rundown-atlassian-lifts-tech-a2-milk-recall-shock-accent-group-all-time-lows:88e960386e503796,2026-05-04T08:24:53+00:00,2026-05-04T08:24:53+00:00,status_expire_candidate_after_approval,still_active_from_prior_high_confidence_expire_manifest,no
598,active_fanout_0010,fanout_0011,IMRO,risk,Negative trading updates from A2 MILK and ENDEAVOR GROUP,active,0.74,0.82,commentary:youtube_transcript,youtube_transcript:asx-daily-rundown-atlassian-lifts-tech-a2-milk-recall-shock-accent-group-all-time-lows:88e960386e503796,2026-05-04T08:24:53+00:00,2026-05-04T08:24:53+00:00,status_expire_candidate_after_approval,still_active_from_prior_high_confidence_expire_manifest,no
599,active_fanout_0010,fanout_0011,PENINSULA,risk,Negative trading updates from A2 MILK and ENDEAVOR GROUP,active,0.74,0.82,commentary:youtube_transcript,youtube_transcript:asx-daily-rundown-atlassian-lifts-tech-a2-milk-recall-shock-accent-group-all-time-lows:88e960386e503796,2026-05-04T08:24:53+00:00,2026-05-04T08:24:53+00:00,status_expire_candidate_after_approval,still_active_from_prior_high_confidence_expire_manifest,no
600,active_fanout_0010,fanout_0011,BRAIN CHIP,risk,Negative trading updates from A2 MILK and ENDEAVOR GROUP,active,0.74,0.82,commentary:youtube_transcript,youtube_transcript:asx-daily-rundown-atlassian-lifts-tech-a2-milk-recall-shock-accent-group-all-time-lows:88e960386e503796,2026-05-04T08:24:53+00:00,2026-05-04T08:24:53+00:00,status_expire_candidate_after_approval,still_active_from_prior_high_confidence_expire_manifest,no
601,active_fanout_0010,fanout_0011,VERITUS,risk,Negative trading updates from A2 MILK and ENDEAVOR GROUP,active,0.74,0.82,commentary:youtube_transcript,youtube_transcript:asx-daily-rundown-atlassian-lifts-tech-a2-milk-recall-shock-accent-group-all-time-lows:88e960386e503796,2026-05-04T08:24:53+00:00,2026-05-04T08:24:53+00:00,status_expire_candidate_after_approval,still_active_from_prior_high_confidence_expire_manifest,no
602,active_fanout_0010,fanout_0011,PETTIMED,risk,Negative trading updates from A2 MILK and ENDEAVOR GROUP,active,0.74,0.82,commentary:youtube_transcript,youtube_transcript:asx-daily-rundown-atlassian-lifts-tech-a2-milk-recall-shock-accent-group-all-time-lows:88e960386e503796,2026-05-04T08:24:54+00:00,2026-05-04T08:24:54+00:00,status_expire_candidate_after_approval,still_active_from_prior_high_confidence_expire_manifest,no
603,active_fanout_0010,fanout_0011,IMPEDIMED,risk,Negative trading updates from A2 MILK and ENDEAVOR GROUP,active,0.74,0.82,commentary:youtube_transcript,youtube_transcript:asx-daily-rundown-atlassian-lifts-tech-a2-milk-recall-shock-accent-group-all-time-lows:88e960386e503796,2026-05-04T08:24:54+00:00,2026-05-04T08:24:54+00:00,status_expire_candidate_after_approval,still_active_from_prior_high_confidence_expire_manifest,no
604,active_fanout_0010,fanout_0011,INDE,risk,Negative trading updates from A2 MILK and ENDEAVOR GROUP,active,0.74,0.82,commentary:youtube_transcript,youtube_transcript:asx-daily-rundown-atlassian-lifts-tech-a2-milk-recall-shock-accent-group-all-time-lows:88e960386e503796,2026-05-04T08:24:54+00:00,2026-05-04T08:24:54+00:00,status_expire_candidate_after_approval,still_active_from_prior_high_confidence_expire_manifest,no
605,active_fanout_0010,fanout_0011,PETT,risk,Negative trading updates from A2 MILK and ENDEAVOR GROUP,active,0.74,0.82,commentary:youtube_transcript,youtube_transcript:asx-daily-rundown-atlassian-lifts-tech-a2-milk-recall-shock-accent-group-all-time-lows:88e960386e503796,2026-05-04T08:24:54+00:00,2026-05-04T08:24:54+00:00,status_expire_candidate_after_approval,still_active_from_prior_high_confidence_expire_manifest,no
606,active_fanout_0010,fanout_0011,C79,risk,Negative trading updates from A2 MILK and ENDEAVOR GROUP,active,0.74,0.82,commentary:youtube_transcript,youtube_transcript:asx-daily-rundown-atlassian-lifts-tech-a2-milk-recall-shock-accent-group-all-time-lows:88e960386e503796,2026-05-04T08:24:54+00:00,2026-05-04T08:24:54+00:00,status_expire_candidate_after_approval,still_active_from_prior_high_confidence_expire_manifest,no
608,active_fanout_0010,fanout_0011,ACCENT GROUP,risk,Negative trading updates from A2 MILK and ENDEAVOR GROUP,active,0.74,0.82,commentary:youtube_transcript,youtube_transcript:asx-daily-rundown-atlassian-lifts-tech-a2-milk-recall-shock-accent-group-all-time-lows:88e960386e503796,2026-05-04T08:24:55+00:00,2026-05-04T08:24:55+00:00,status_expire_candidate_after_approval,still_active_from_prior_high_confidence_expire_manifest,no
1025,active_fanout_0010,fanout_0011,COH,risk,Negative trading updates from A2 MILK and Endeavor Group,active,0.74,0.82,commentary:youtube_transcript,youtube_transcript:asx-daily-rundown-atlassian-lifts-tech-a2-milk-recall-shock-accent-group-all-time-lows:88e960386e503796,2026-05-04T08:26:33+00:00,2026-05-04T08:26:33+00:00,status_expire_candidate_after_approval,still_active_from_prior_high_confidence_expire_manifest,no
1026,active_fanout_0010,fanout_0011,WES,risk,Negative trading updates from A2 MILK and Endeavor Group,active,0.74,0.82,commentary:youtube_transcript,youtube_transcript:asx-daily-rundown-atlassian-lifts-tech-a2-milk-recall-shock-accent-group-all-time-lows:88e960386e503796,2026-05-04T08:26:33+00:00,2026-05-04T08:26:33+00:00,status_expire_candidate_after_approval,still_active_from_prior_high_confidence_expire_manifest,no
1027,active_fanout_0010,fanout_0011,WBC,risk,Negative trading updates from A2 MILK and Endeavor Group,active,0.74,0.82,commentary:youtube_transcript,youtube_transcript:asx-daily-rundown-atlassian-lifts-tech-a2-milk-recall-shock-accent-group-all-time-lows:88e960386e503796,2026-05-04T08:26:34+00:00,2026-05-04T08:26:34+00:00,status_expire_candidate_after_approval,still_active_from_prior_high_confidence_expire_manifest,no
1028,active_fanout_0010,fanout_0011,KEY,risk,Negative trading updates from A2 MILK and Endeavor Group,active,0.74,0.82,commentary:youtube_transcript,youtube_transcript:asx-daily-rundown-atlassian-lifts-tech-a2-milk-recall-shock-accent-group-all-time-lows:88e960386e503796,2026-05-04T08:26:34+00:00,2026-05-04T08:26:34+00:00,status_expire_candidate_after_approval,still_active_from_prior_high_confidence_expire_manifest,no
1029,active_fanout_0010,fanout_0011,GCM,risk,Negative trading updates from A2 MILK and Endeavor Group,active,0.74,0.82,commentary:youtube_transcript,youtube_transcript:asx-daily-rundown-atlassian-lifts-tech-a2-milk-recall-shock-accent-group-all-time-lows:88e960386e503796,2026-05-04T08:26:34+00:00,2026-05-04T08:26:34+00:00,status_expire_candidate_after_approval,still_active_from_prior_high_confidence_expire_manifest,no
1030,active_fanout_0010,fanout_0011,MAR,risk,Negative trading updates from A2 MILK and Endeavor Group,active,0.74,0.82,commentary:youtube_transcript,youtube_transcript:asx-daily-rundown-atlassian-lifts-tech-a2-milk-recall-shock-accent-group-all-time-lows:88e960386e503796,2026-05-04T08:26:34+00:00,2026-05-04T08:26:34+00:00,status_expire_candidate_after_approval,still_active_from_prior_high_confidence_expire_manifest,no
1031,active_fanout_0010,fanout_0011,CLT,risk,Negative trading updates from A2 MILK and Endeavor Group,active,0.74,0.82,commentary:youtube_transcript,youtube_transcript:asx-daily-rundown-atlassian-lifts-tech-a2-milk-recall-shock-accent-group-all-time-lows:88e960386e503796,2026-05-04T08:26:34+00:00,2026-05-04T08:26:34+00:00,status_expire_candidate_after_approval,still_active_from_prior_high_confidence_expire_manifest,no
1032,active_fanout_0010,fanout_0011,WIN,risk,Negative trading updates from A2 MILK and Endeavor Group,active,0.74,0.82,commentary:youtube_transcript,youtube_transcript:asx-daily-rundown-atlassian-lifts-tech-a2-milk-recall-shock-accent-group-all-time-lows:88e960386e503796,2026-05-04T08:26:34+00:00,2026-05-04T08:26:34+00:00,status_expire_candidate_after_approval,still_active_from_prior_high_confidence_expire_manifest,no
1033,active_fanout_0010,fanout_0011,SKT,risk,Negative trading updates from A2 MILK and Endeavor Group,active,0.74,0.82,commentary:youtube_transcript,youtube_transcript:asx-daily-rundown-atlassian-lifts-tech-a2-milk-recall-shock-accent-group-all-time-lows:88e960386e503796,2026-05-04T08:26:34+00:00,2026-05-04T08:26:34+00:00,status_expire_candidate_after_approval,still_active_from_prior_high_confidence_expire_manifest,no
1034,active_fanout_0010,fanout_0011,VCE,risk,Negative trading updates from A2 MILK and Endeavor Group,active,0.74,0.82,commentary:youtube_transcript,youtube_transcript:asx-daily-rundown-atlassian-lifts-tech-a2-milk-recall-shock-accent-group-all-time-lows:88e960386e503796,2026-05-04T08:26:34+00:00,2026-05-04T08:26:34+00:00,status_expire_candidate_after_approval,still_active_from_prior_high_confidence_expire_manifest,no
1035,active_fanout_0010,fanout_0011,SNW,risk,Negative trading updates from A2 MILK and Endeavor Group,active,0.74,0.82,commentary:youtube_transcript,youtube_transcript:asx-daily-rundown-atlassian-lifts-tech-a2-milk-recall-shock-accent-group-all-time-lows:88e960386e503796,2026-05-04T08:26:34+00:00,2026-05-04T08:26:34+00:00,status_expire_candidate_after_approval,still_active_from_prior_high_confidence_expire_manifest,no
1036,active_fanout_0010,fanout_0011,LON,risk,Negative trading updates from A2 MILK and Endeavor Group,active,0.74,0.82,commentary:youtube_transcript,youtube_transcript:asx-daily-rundown-atlassian-lifts-tech-a2-milk-recall-shock-accent-group-all-time-lows:88e960386e503796,2026-05-04T08:26:34+00:00,2026-05-04T08:26:34+00:00,status_expire_candidate_after_approval,still_active_from_prior_high_confidence_expire_manifest,no
1037,active_fanout_0010,fanout_0011,PET,risk,Negative trading updates from A2 MILK and Endeavor Group,active,0.74,0.82,commentary:youtube_transcript,youtube_transcript:asx-daily-rundown-atlassian-lifts-tech-a2-milk-recall-shock-accent-group-all-time-lows:88e960386e503796,2026-05-04T08:26:35+00:00,2026-05-04T08:26:35+00:00,status_expire_candidate_after_approval,still_active_from_prior_high_confidence_expire_manifest,no
1038,active_fanout_0010,fanout_0011,STK,risk,Negative trading updates from A2 MILK and Endeavor Group,active,0.74,0.82,commentary:youtube_transcript,youtube_transcript:asx-daily-rundown-atlassian-lifts-tech-a2-milk-recall-shock-accent-group-all-time-lows:88e960386e503796,2026-05-04T08:26:35+00:00,2026-05-04T08:26:35+00:00,status_expire_candidate_after_approval,still_active_from_prior_high_confidence_expire_manifest,no
1893,active_fanout_0010,fanout_0011,KEYP,risk,Negative trading updates from A2 MILK and Endeavor Group,active,0.74,0.82,commentary:youtube_transcript,youtube_transcript:asx-daily-rundown-atlassian-lifts-tech-a2-milk-recall-shock-accent-group-all-time-lows:88e960386e503796,2026-05-05T04:21:38+00:00,2026-05-05T04:21:38+00:00,status_expire_candidate_after_approval,still_active_from_prior_high_confidence_expire_manifest,no
1894,active_fanout_0010,fanout_0011,GCMC,risk,Negative trading updates from A2 MILK and Endeavor Group,active,0.74,0.82,commentary:youtube_transcript,youtube_transcript:asx-daily-rundown-atlassian-lifts-tech-a2-milk-recall-shock-accent-group-all-time-lows:88e960386e503796,2026-05-05T04:21:39+00:00,2026-05-05T04:21:39+00:00,status_expire_candidate_after_approval,still_active_from_prior_high_confidence_expire_manifest,no
1895,active_fanout_0010,fanout_0011,MARINO,risk,Negative trading updates from A2 MILK and Endeavor Group,active,0.74,0.82,commentary:youtube_transcript,youtube_transcript:asx-daily-rundown-atlassian-lifts-tech-a2-milk-recall-shock-accent-group-all-time-lows:88e960386e503796,2026-05-05T04:21:39+00:00,2026-05-05T04:21:39+00:00,status_expire_candidate_after_approval,still_active_from_prior_high_confidence_expire_manifest,no
1896,active_fanout_0010,fanout_0011,CLAR,risk,Negative trading updates from A2 MILK and Endeavor Group,active,0.74,0.82,commentary:youtube_transcript,youtube_transcript:asx-daily-rundown-atlassian-lifts-tech-a2-milk-recall-shock-accent-group-all-time-lows:88e960386e503796,2026-05-05T04:21:39+00:00,2026-05-05T04:21:39+00:00,status_expire_candidate_after_approval,still_active_from_prior_high_confidence_expire_manifest,no
1897,active_fanout_0010,fanout_0011,LIVN,risk,Negative trading updates from A2 MILK and Endeavor Group,active,0.74,0.82,commentary:youtube_transcript,youtube_transcript:asx-daily-rundown-atlassian-lifts-tech-a2-milk-recall-shock-accent-group-all-time-lows:88e960386e503796,2026-05-05T04:21:39+00:00,2026-05-05T04:21:39+00:00,status_expire_candidate_after_approval,still_active_from_prior_high_confidence_expire_manifest,no
1898,active_fanout_0010,fanout_0011,SN,risk,Negative trading updates from A2 MILK and Endeavor Group,active,0.74,0.82,commentary:youtube_transcript,youtube_transcript:asx-daily-rundown-atlassian-lifts-tech-a2-milk-recall-shock-accent-group-all-time-lows:88e960386e503796,2026-05-05T04:21:39+00:00,2026-05-05T04:21:39+00:00,status_expire_candidate_after_approval,still_active_from_prior_high_confidence_expire_manifest,no
1899,active_fanout_0010,fanout_0011,LION,risk,Negative trading updates from A2 MILK and Endeavor Group,active,0.74,0.82,commentary:youtube_transcript,youtube_transcript:asx-daily-rundown-atlassian-lifts-tech-a2-milk-recall-shock-accent-group-all-time-lows:88e960386e503796,2026-05-05T04:21:40+00:00,2026-05-05T04:21:40+00:00,status_expire_candidate_after_approval,still_active_from_prior_high_confidence_expire_manifest,no
177,active_fanout_0011,fanout_0012,ASX,observed_fact,PETTIMED's share price is down 35.71%,active,0.82,0.71,commentary:youtube_transcript,youtube_transcript:asx-daily-rundown-atlassian-lifts-tech-a2-milk-recall-shock-accent-group-all-time-lows:88e960386e503796,2026-05-04T08:23:45+00:00,2026-05-04T08:23:45+00:00,status_expire_candidate_after_approval,still_active_from_prior_high_confidence_expire_manifest,no
178,active_fanout_0011,fanout_0012,TXT,observed_fact,PETTIMED's share price is down 35.71%,active,0.82,0.71,commentary:youtube_transcript,youtube_transcript:asx-daily-rundown-atlassian-lifts-tech-a2-milk-recall-shock-accent-group-all-time-lows:88e960386e503796,2026-05-04T08:23:45+00:00,2026-05-04T08:23:45+00:00,status_expire_candidate_after_approval,still_active_from_prior_high_confidence_expire_manifest,no
179,active_fanout_0011,fanout_0012,XTX,observed_fact,PETTIMED's share price is down 35.71%,active,0.82,0.71,commentary:youtube_transcript,youtube_transcript:asx-daily-rundown-atlassian-lifts-tech-a2-milk-recall-shock-accent-group-all-time-lows:88e960386e503796,2026-05-04T08:23:45+00:00,2026-05-04T08:23:45+00:00,status_expire_candidate_after_approval,still_active_from_prior_high_confidence_expire_manifest,no
180,active_fanout_0011,fanout_0012,A2 MILK,observed_fact,PETTIMED's share price is down 35.71%,active,0.82,0.71,commentary:youtube_transcript,youtube_transcript:asx-daily-rundown-atlassian-lifts-tech-a2-milk-recall-shock-accent-group-all-time-lows:88e960386e503796,2026-05-04T08:23:45+00:00,2026-05-04T08:23:45+00:00,status_expire_candidate_after_approval,still_active_from_prior_high_confidence_expire_manifest,no
181,active_fanout_0011,fanout_0012,ENDEAVOR GROUP,observed_fact,PETTIMED's share price is down 35.71%,active,0.82,0.71,commentary:youtube_transcript,youtube_transcript:asx-daily-rundown-atlassian-lifts-tech-a2-milk-recall-shock-accent-group-all-time-lows:88e960386e503796,2026-05-04T08:23:46+00:00,2026-05-04T08:23:46+00:00,status_expire_candidate_after_approval,still_active_from_prior_high_confidence_expire_manifest,no
182,active_fanout_0011,fanout_0012,ATLASSIAN,observed_fact,PETTIMED's share price is down 35.71%,active,0.82,0.71,commentary:youtube_transcript,youtube_transcript:asx-daily-rundown-atlassian-lifts-tech-a2-milk-recall-shock-accent-group-all-time-lows:88e960386e503796,2026-05-04T08:23:46+00:00,2026-05-04T08:23:46+00:00,status_expire_candidate_after_approval,still_active_from_prior_high_confidence_expire_manifest,no
183,active_fanout_0011,fanout_0012,NAB,observed_fact,PETTIMED's share price is down 35.71%,active,0.82,0.71,commentary:youtube_transcript,youtube_transcript:asx-daily-rundown-atlassian-lifts-tech-a2-milk-recall-shock-accent-group-all-time-lows:88e960386e503796,2026-05-04T08:23:46+00:00,2026-05-04T08:23:46+00:00,status_expire_candidate_after_approval,still_active_from_prior_high_confidence_expire_manifest,no
184,active_fanout_0011,fanout_0012,BHP,observed_fact,PETTIMED's share price is down 35.71%,active,0.82,0.71,commentary:youtube_transcript,youtube_transcript:asx-daily-rundown-atlassian-lifts-tech-a2-milk-recall-shock-accent-group-all-time-lows:88e960386e503796,2026-05-04T08:23:46+00:00,2026-05-04T08:23:46+00:00,status_expire_candidate_after_approval,still_active_from_prior_high_confidence_expire_manifest,no
185,active_fanout_0011,fanout_0012,KEY PETROLEUM,observed_fact,PETTIMED's share price is down 35.71%,active,0.82,0.71,commentary:youtube_transcript,youtube_transcript:asx-daily-rundown-atlassian-lifts-tech-a2-milk-recall-shock-accent-group-all-time-lows:88e960386e503796,2026-05-04T08:23:46+00:00,2026-05-04T08:23:46+00:00,status_expire_candidate_after_approval,still_active_from_prior_high_confidence_expire_manifest,no
186,active_fanout_0011,fanout_0012,GCM CORPORATION,observed_fact,PETTIMED's share price is down 35.71%,active,0.82,0.71,commentary:youtube_transcript,youtube_transcript:asx-daily-rundown-atlassian-lifts-tech-a2-milk-recall-shock-accent-group-all-time-lows:88e960386e503796,2026-05-04T08:23:46+00:00,2026-05-04T08:23:46+00:00,status_expire_candidate_after_approval,still_active_from_prior_high_confidence_expire_manifest,no
187,active_fanout_0011,fanout_0012,MARINO AND CO,observed_fact,PETTIMED's share price is down 35.71%,active,0.82,0.71,commentary:youtube_transcript,youtube_transcript:asx-daily-rundown-atlassian-lifts-tech-a2-milk-recall-shock-accent-group-all-time-lows:88e960386e503796,2026-05-04T08:23:46+00:00,2026-05-04T08:23:46+00:00,status_expire_candidate_after_approval,still_active_from_prior_high_confidence_expire_manifest,no
188,active_fanout_0011,fanout_0012,CLARITY,observed_fact,PETTIMED's share price is down 35.71%,active,0.82,0.71,commentary:youtube_transcript,youtube_transcript:asx-daily-rundown-atlassian-lifts-tech-a2-milk-recall-shock-accent-group-all-time-lows:88e960386e503796,2026-05-04T08:23:46+00:00,2026-05-04T08:23:46+00:00,status_expire_candidate_after_approval,still_active_from_prior_high_confidence_expire_manifest,no
189,active_fanout_0011,fanout_0012,WIN MEDALS,observed_fact,PETTIMED's share price is down 35.71%,active,0.82,0.71,commentary:youtube_transcript,youtube_transcript:asx-daily-rundown-atlassian-lifts-tech-a2-milk-recall-shock-accent-group-all-time-lows:88e960386e503796,2026-05-04T08:23:46+00:00,2026-05-04T08:23:46+00:00,status_expire_candidate_after_approval,still_active_from_prior_high_confidence_expire_manifest,no
190,active_fanout_0011,fanout_0012,AXEN GROUP,observed_fact,PETTIMED's share price is down 35.71%,active,0.82,0.71,commentary:youtube_transcript,youtube_transcript:asx-daily-rundown-atlassian-lifts-tech-a2-milk-recall-shock-accent-group-all-time-lows:88e960386e503796,2026-05-04T08:23:47+00:00,2026-05-04T08:23:47+00:00,status_expire_candidate_after_approval,still_active_from_prior_high_confidence_expire_manifest,no
191,active_fanout_0011,fanout_0012,STRICKLAND METALS,observed_fact,PETTIMED's share price is down 35.71%,active,0.82,0.71,commentary:youtube_transcript,youtube_transcript:asx-daily-rundown-atlassian-lifts-tech-a2-milk-recall-shock-accent-group-all-time-lows:88e960386e503796,2026-05-04T08:23:47+00:00,2026-05-04T08:23:47+00:00,status_expire_candidate_after_approval,still_active_from_prior_high_confidence_expire_manifest,no
192,active_fanout_0011,fanout_0012,LION TOWN,observed_fact,PETTIMED's share price is down 35.71%,active,0.82,0.71,commentary:youtube_transcript,youtube_transcript:asx-daily-rundown-atlassian-lifts-tech-a2-milk-recall-shock-accent-group-all-time-lows:88e960386e503796,2026-05-04T08:23:47+00:00,2026-05-04T08:23:47+00:00,status_expire_candidate_after_approval,still_active_from_prior_high_confidence_expire_manifest,no
193,active_fanout_0011,fanout_0012,IMRO,observed_fact,PETTIMED's share price is down 35.71%,active,0.82,0.71,commentary:youtube_transcript,youtube_transcript:asx-daily-rundown-atlassian-lifts-tech-a2-milk-recall-shock-accent-group-all-time-lows:88e960386e503796,2026-05-04T08:23:47+00:00,2026-05-04T08:23:47+00:00,status_expire_candidate_after_approval,still_active_from_prior_high_confidence_expire_manifest,no
194,active_fanout_0011,fanout_0012,PENINSULA,observed_fact,PETTIMED's share price is down 35.71%,active,0.82,0.71,commentary:youtube_transcript,youtube_transcript:asx-daily-rundown-atlassian-lifts-tech-a2-milk-recall-shock-accent-group-all-time-lows:88e960386e503796,2026-05-04T08:23:48+00:00,2026-05-04T08:23:48+00:00,status_expire_candidate_after_approval,still_active_from_prior_high_confidence_expire_manifest,no
195,active_fanout_0011,fanout_0012,BRAIN CHIP,observed_fact,PETTIMED's share price is down 35.71%,active,0.82,0.71,commentary:youtube_transcript,youtube_transcript:asx-daily-rundown-atlassian-lifts-tech-a2-milk-recall-shock-accent-group-all-time-lows:88e960386e503796,2026-05-04T08:23:48+00:00,2026-05-04T08:23:48+00:00,status_expire_candidate_after_approval,still_active_from_prior_high_confidence_expire_manifest,no
196,active_fanout_0011,fanout_0012,VERITUS,observed_fact,PETTIMED's share price is down 35.71%,active,0.82,0.71,commentary:youtube_transcript,youtube_transcript:asx-daily-rundown-atlassian-lifts-tech-a2-milk-recall-shock-accent-group-all-time-lows:88e960386e503796,2026-05-04T08:23:48+00:00,2026-05-04T08:23:48+00:00,status_expire_candidate_after_approval,still_active_from_prior_high_confidence_expire_manifest,no
198,active_fanout_0011,fanout_0012,IMPEDIMED,observed_fact,PETTIMED's share price is down 35.71%,active,0.82,0.71,commentary:youtube_transcript,youtube_transcript:asx-daily-rundown-atlassian-lifts-tech-a2-milk-recall-shock-accent-group-all-time-lows:88e960386e503796,2026-05-04T08:23:48+00:00,2026-05-04T08:23:48+00:00,status_expire_candidate_after_approval,still_active_from_prior_high_confidence_expire_manifest,no
199,active_fanout_0011,fanout_0012,INDE,observed_fact,PETTIMED's share price is down 35.71%,active,0.82,0.71,commentary:youtube_transcript,youtube_transcript:asx-daily-rundown-atlassian-lifts-tech-a2-milk-recall-shock-accent-group-all-time-lows:88e960386e503796,2026-05-04T08:23:48+00:00,2026-05-04T08:23:48+00:00,status_expire_candidate_after_approval,still_active_from_prior_high_confidence_expire_manifest,no
201,active_fanout_0011,fanout_0012,C79,observed_fact,PETTIMED's share price is down 35.71%,active,0.82,0.71,commentary:youtube_transcript,youtube_transcript:asx-daily-rundown-atlassian-lifts-tech-a2-milk-recall-shock-accent-group-all-time-lows:88e960386e503796,2026-05-04T08:23:48+00:00,2026-05-04T08:23:48+00:00,status_expire_candidate_after_approval,still_active_from_prior_high_confidence_expire_manifest,no
202,active_fanout_0011,fanout_0012,A2M,observed_fact,PETTIMED's share price is down 35.71%,active,0.82,0.71,commentary:youtube_transcript,youtube_transcript:asx-daily-rundown-atlassian-lifts-tech-a2-milk-recall-shock-accent-group-all-time-lows:88e960386e503796,2026-05-04T08:23:48+00:00,2026-05-04T08:23:48+00:00,status_expire_candidate_after_approval,still_active_from_prior_high_confidence_expire_manifest,no
203,active_fanout_0011,fanout_0012,ACCENT GROUP,observed_fact,PETTIMED's share price is down 35.71%,active,0.82,0.71,commentary:youtube_transcript,youtube_transcript:asx-daily-rundown-atlassian-lifts-tech-a2-milk-recall-shock-accent-group-all-time-lows:88e960386e503796,2026-05-04T08:23:48+00:00,2026-05-04T08:23:48+00:00,status_expire_candidate_after_approval,still_active_from_prior_high_confidence_expire_manifest,no
766,active_fanout_0011,fanout_0012,END,observed_fact,Pettimed's share price is down 35.71%,active,0.82,0.71,commentary:youtube_transcript,youtube_transcript:asx-daily-rundown-atlassian-lifts-tech-a2-milk-recall-shock-accent-group-all-time-lows:88e960386e503796,2026-05-04T08:25:22+00:00,2026-05-04T08:25:22+00:00,status_expire_candidate_after_approval,still_active_from_prior_high_confidence_expire_manifest,no
767,active_fanout_0011,fanout_0012,COH,observed_fact,Pettimed's share price is down 35.71%,active,0.82,0.71,commentary:youtube_transcript,youtube_transcript:asx-daily-rundown-atlassian-lifts-tech-a2-milk-recall-shock-accent-group-all-time-lows:88e960386e503796,2026-05-04T08:25:22+00:00,2026-05-04T08:25:22+00:00,status_expire_candidate_after_approval,still_active_from_prior_high_confidence_expire_manifest,no
768,active_fanout_0011,fanout_0012,WES,observed_fact,Pettimed's share price is down 35.71%,active,0.82,0.71,commentary:youtube_transcript,youtube_transcript:asx-daily-rundown-atlassian-lifts-tech-a2-milk-recall-shock-accent-group-all-time-lows:88e960386e503796,2026-05-04T08:25:23+00:00,2026-05-04T08:25:23+00:00,status_expire_candidate_after_approval,still_active_from_prior_high_confidence_expire_manifest,no
769,active_fanout_0011,fanout_0012,WBC,observed_fact,Pettimed's share price is down 35.71%,active,0.82,0.71,commentary:youtube_transcript,youtube_transcript:asx-daily-rundown-atlassian-lifts-tech-a2-milk-recall-shock-accent-group-all-time-lows:88e960386e503796,2026-05-04T08:25:23+00:00,2026-05-04T08:25:23+00:00,status_expire_candidate_after_approval,still_active_from_prior_high_confidence_expire_manifest,no
770,active_fanout_0011,fanout_0012,KEY,observed_fact,Pettimed's share price is down 35.71%,active,0.82,0.71,commentary:youtube_transcript,youtube_transcript:asx-daily-rundown-atlassian-lifts-tech-a2-milk-recall-shock-accent-group-all-time-lows:88e960386e503796,2026-05-04T08:25:23+00:00,2026-05-04T08:25:23+00:00,status_expire_candidate_after_approval,still_active_from_prior_high_confidence_expire_manifest,no
771,active_fanout_0011,fanout_0012,GCM,observed_fact,Pettimed's share price is down 35.71%,active,0.82,0.71,commentary:youtube_transcript,youtube_transcript:asx-daily-rundown-atlassian-lifts-tech-a2-milk-recall-shock-accent-group-all-time-lows:88e960386e503796,2026-05-04T08:25:23+00:00,2026-05-04T08:25:23+00:00,status_expire_candidate_after_approval,still_active_from_prior_high_confidence_expire_manifest,no
772,active_fanout_0011,fanout_0012,MAR,observed_fact,Pettimed's share price is down 35.71%,active,0.82,0.71,commentary:youtube_transcript,youtube_transcript:asx-daily-rundown-atlassian-lifts-tech-a2-milk-recall-shock-accent-group-all-time-lows:88e960386e503796,2026-05-04T08:25:23+00:00,2026-05-04T08:25:23+00:00,status_expire_candidate_after_approval,still_active_from_prior_high_confidence_expire_manifest,no
773,active_fanout_0011,fanout_0012,CLT,observed_fact,Pettimed's share price is down 35.71%,active,0.82,0.71,commentary:youtube_transcript,youtube_transcript:asx-daily-rundown-atlassian-lifts-tech-a2-milk-recall-shock-accent-group-all-time-lows:88e960386e503796,2026-05-04T08:25:24+00:00,2026-05-04T08:25:24+00:00,status_expire_candidate_after_approval,still_active_from_prior_high_confidence_expire_manifest,no
774,active_fanout_0011,fanout_0012,WIN,observed_fact,Pettimed's share price is down 35.71%,active,0.82,0.71,commentary:youtube_transcript,youtube_transcript:asx-daily-rundown-atlassian-lifts-tech-a2-milk-recall-shock-accent-group-all-time-lows:88e960386e503796,2026-05-04T08:25:24+00:00,2026-05-04T08:25:24+00:00,status_expire_candidate_after_approval,still_active_from_prior_high_confidence_expire_manifest,no
775,active_fanout_0011,fanout_0012,SKT,observed_fact,Pettimed's share price is down 35.71%,active,0.82,0.71,commentary:youtube_transcript,youtube_transcript:asx-daily-rundown-atlassian-lifts-tech-a2-milk-recall-shock-accent-group-all-time-lows:88e960386e503796,2026-05-04T08:25:24+00:00,2026-05-04T08:25:24+00:00,status_expire_candidate_after_approval,still_active_from_prior_high_confidence_expire_manifest,no
776,active_fanout_0011,fanout_0012,VCE,observed_fact,Pettimed's share price is down 35.71%,active,0.82,0.71,commentary:youtube_transcript,youtube_transcript:asx-daily-rundown-atlassian-lifts-tech-a2-milk-recall-shock-accent-group-all-time-lows:88e960386e503796,2026-05-04T08:25:24+00:00,2026-05-04T08:25:24+00:00,status_expire_candidate_after_approval,still_active_from_prior_high_confidence_expire_manifest,no
777,active_fanout_0011,fanout_0012,SNW,observed_fact,Pettimed's share price is down 35.71%,active,0.82,0.71,commentary:youtube_transcript,youtube_transcript:asx-daily-rundown-atlassian-lifts-tech-a2-milk-recall-shock-accent-group-all-time-lows:88e960386e503796,2026-05-04T08:25:24+00:00,2026-05-04T08:25:24+00:00,status_expire_candidate_after_approval,still_active_from_prior_high_confidence_expire_manifest,no
778,active_fanout_0011,fanout_0012,LON,observed_fact,Pettimed's share price is down 35.71%,active,0.82,0.71,commentary:youtube_transcript,youtube_transcript:asx-daily-rundown-atlassian-lifts-tech-a2-milk-recall-shock-accent-group-all-time-lows:88e960386e503796,2026-05-04T08:25:24+00:00,2026-05-04T08:25:24+00:00,status_expire_candidate_after_approval,still_active_from_prior_high_confidence_expire_manifest,no
780,active_fanout_0011,fanout_0012,STK,observed_fact,Pettimed's share price is down 35.71%,active,0.82,0.71,commentary:youtube_transcript,youtube_transcript:asx-daily-rundown-atlassian-lifts-tech-a2-milk-recall-shock-accent-group-all-time-lows:88e960386e503796,2026-05-04T08:25:24+00:00,2026-05-04T08:25:24+00:00,status_expire_candidate_after_approval,still_active_from_prior_high_confidence_expire_manifest,no
1673,active_fanout_0011,fanout_0012,ENDV,observed_fact,Pettimed's share price is down 35.71%,active,0.82,0.71,commentary:youtube_transcript,youtube_transcript:asx-daily-rundown-atlassian-lifts-tech-a2-milk-recall-shock-accent-group-all-time-lows:88e960386e503796,2026-05-05T04:19:25+00:00,2026-05-05T04:19:25+00:00,status_expire_candidate_after_approval,still_active_from_prior_high_confidence_expire_manifest,no
1674,active_fanout_0011,fanout_0012,KEYP,observed_fact,Pettimed's share price is down 35.71%,active,0.82,0.71,commentary:youtube_transcript,youtube_transcript:asx-daily-rundown-atlassian-lifts-tech-a2-milk-recall-shock-accent-group-all-time-lows:88e960386e503796,2026-05-05T04:19:26+00:00,2026-05-05T04:19:26+00:00,status_expire_candidate_after_approval,still_active_from_prior_high_confidence_expire_manifest,no
1675,active_fanout_0011,fanout_0012,GCMC,observed_fact,Pettimed's share price is down 35.71%,active,0.82,0.71,commentary:youtube_transcript,youtube_transcript:asx-daily-rundown-atlassian-lifts-tech-a2-milk-recall-shock-accent-group-all-time-lows:88e960386e503796,2026-05-05T04:19:26+00:00,2026-05-05T04:19:26+00:00,status_expire_candidate_after_approval,still_active_from_prior_high_confidence_expire_manifest,no
1676,active_fanout_0011,fanout_0012,MARINO,observed_fact,Pettimed's share price is down 35.71%,active,0.82,0.71,commentary:youtube_transcript,youtube_transcript:asx-daily-rundown-atlassian-lifts-tech-a2-milk-recall-shock-accent-group-all-time-lows:88e960386e503796,2026-05-05T04:19:26+00:00,2026-05-05T04:19:26+00:00,status_expire_candidate_after_approval,still_active_from_prior_high_confidence_expire_manifest,no
1677,active_fanout_0011,fanout_0012,CLAR,observed_fact,Pettimed's share price is down 35.71%,active,0.82,0.71,commentary:youtube_transcript,youtube_transcript:asx-daily-rundown-atlassian-lifts-tech-a2-milk-recall-shock-accent-group-all-time-lows:88e960386e503796,2026-05-05T04:19:26+00:00,2026-05-05T04:19:26+00:00,status_expire_candidate_after_approval,still_active_from_prior_high_confidence_expire_manifest,no
1678,active_fanout_0011,fanout_0012,LIVN,observed_fact,Pettimed's share price is down 35.71%,active,0.82,0.71,commentary:youtube_transcript,youtube_transcript:asx-daily-rundown-atlassian-lifts-tech-a2-milk-recall-shock-accent-group-all-time-lows:88e960386e503796,2026-05-05T04:19:26+00:00,2026-05-05T04:19:26+00:00,status_expire_candidate_after_approval,still_active_from_prior_high_confidence_expire_manifest,no
1679,active_fanout_0011,fanout_0012,SN,observed_fact,Pettimed's share price is down 35.71%,active,0.82,0.71,commentary:youtube_transcript,youtube_transcript:asx-daily-rundown-atlassian-lifts-tech-a2-milk-recall-shock-accent-group-all-time-lows:88e960386e503796,2026-05-05T04:19:27+00:00,2026-05-05T04:19:27+00:00,status_expire_candidate_after_approval,still_active_from_prior_high_confidence_expire_manifest,no
1680,active_fanout_0011,fanout_0012,LION,observed_fact,Pettimed's share price is down 35.71%,active,0.82,0.71,commentary:youtube_transcript,youtube_transcript:asx-daily-rundown-atlassian-lifts-tech-a2-milk-recall-shock-accent-group-all-time-lows:88e960386e503796,2026-05-05T04:19:28+00:00,2026-05-05T04:19:28+00:00,status_expire_candidate_after_approval,still_active_from_prior_high_confidence_expire_manifest,no
501,active_fanout_0012,fanout_0013,ASX,catalyst,Voluntary recall of three batches of A2 Platinum USA label infant milk formula manufactured by Liz Sinlay,active,0.72,0.82,commentary:youtube_transcript,youtube_transcript:asx-daily-rundown-atlassian-lifts-tech-a2-milk-recall-shock-accent-group-all-time-lows:88e960386e503796,2026-05-04T08:24:37+00:00,2026-05-04T08:24:37+00:00,status_expire_candidate_after_approval,still_active_from_prior_high_confidence_expire_manifest,no
502,active_fanout_0012,fanout_0013,TXT,catalyst,Voluntary recall of three batches of A2 Platinum USA label infant milk formula manufactured by Liz Sinlay,active,0.72,0.82,commentary:youtube_transcript,youtube_transcript:asx-daily-rundown-atlassian-lifts-tech-a2-milk-recall-shock-accent-group-all-time-lows:88e960386e503796,2026-05-04T08:24:37+00:00,2026-05-04T08:24:37+00:00,status_expire_candidate_after_approval,still_active_from_prior_high_confidence_expire_manifest,no
503,active_fanout_0012,fanout_0013,XTX,catalyst,Voluntary recall of three batches of A2 Platinum USA label infant milk formula manufactured by Liz Sinlay,active,0.72,0.82,commentary:youtube_transcript,youtube_transcript:asx-daily-rundown-atlassian-lifts-tech-a2-milk-recall-shock-accent-group-all-time-lows:88e960386e503796,2026-05-04T08:24:37+00:00,2026-05-04T08:24:37+00:00,status_expire_candidate_after_approval,still_active_from_prior_high_confidence_expire_manifest,no
505,active_fanout_0012,fanout_0013,ENDEAVOR GROUP,catalyst,Voluntary recall of three batches of A2 Platinum USA label infant milk formula manufactured by Liz Sinlay,active,0.72,0.82,commentary:youtube_transcript,youtube_transcript:asx-daily-rundown-atlassian-lifts-tech-a2-milk-recall-shock-accent-group-all-time-lows:88e960386e503796,2026-05-04T08:24:38+00:00,2026-05-04T08:24:38+00:00,status_expire_candidate_after_approval,still_active_from_prior_high_confidence_expire_manifest,no
506,active_fanout_0012,fanout_0013,ATLASSIAN,catalyst,Voluntary recall of three batches of A2 Platinum USA label infant milk formula manufactured by Liz Sinlay,active,0.72,0.82,commentary:youtube_transcript,youtube_transcript:asx-daily-rundown-atlassian-lifts-tech-a2-milk-recall-shock-accent-group-all-time-lows:88e960386e503796,2026-05-04T08:24:38+00:00,2026-05-04T08:24:38+00:00,status_expire_candidate_after_approval,still_active_from_prior_high_confidence_expire_manifest,no
507,active_fanout_0012,fanout_0013,NAB,catalyst,Voluntary recall of three batches of A2 Platinum USA label infant milk formula manufactured by Liz Sinlay,active,0.72,0.82,commentary:youtube_transcript,youtube_transcript:asx-daily-rundown-atlassian-lifts-tech-a2-milk-recall-shock-accent-group-all-time-lows:88e960386e503796,2026-05-04T08:24:39+00:00,2026-05-04T08:24:39+00:00,status_expire_candidate_after_approval,still_active_from_prior_high_confidence_expire_manifest,no
508,active_fanout_0012,fanout_0013,BHP,catalyst,Voluntary recall of three batches of A2 Platinum USA label infant milk formula manufactured by Liz Sinlay,active,0.72,0.82,commentary:youtube_transcript,youtube_transcript:asx-daily-rundown-atlassian-lifts-tech-a2-milk-recall-shock-accent-group-all-time-lows:88e960386e503796,2026-05-04T08:24:39+00:00,2026-05-04T08:24:39+00:00,status_expire_candidate_after_approval,still_active_from_prior_high_confidence_expire_manifest,no
509,active_fanout_0012,fanout_0013,KEY PETROLEUM,catalyst,Voluntary recall of three batches of A2 Platinum USA label infant milk formula manufactured by Liz Sinlay,active,0.72,0.82,commentary:youtube_transcript,youtube_transcript:asx-daily-rundown-atlassian-lifts-tech-a2-milk-recall-shock-accent-group-all-time-lows:88e960386e503796,2026-05-04T08:24:39+00:00,2026-05-04T08:24:39+00:00,status_expire_candidate_after_approval,still_active_from_prior_high_confidence_expire_manifest,no
510,active_fanout_0012,fanout_0013,GCM CORPORATION,catalyst,Voluntary recall of three batches of A2 Platinum USA label infant milk formula manufactured by Liz Sinlay,active,0.72,0.82,commentary:youtube_transcript,youtube_transcript:asx-daily-rundown-atlassian-lifts-tech-a2-milk-recall-shock-accent-group-all-time-lows:88e960386e503796,2026-05-04T08:24:39+00:00,2026-05-04T08:24:39+00:00,status_expire_candidate_after_approval,still_active_from_prior_high_confidence_expire_manifest,no
511,active_fanout_0012,fanout_0013,MARINO AND CO,catalyst,Voluntary recall of three batches of A2 Platinum USA label infant milk formula manufactured by Liz Sinlay,active,0.72,0.82,commentary:youtube_transcript,youtube_transcript:asx-daily-rundown-atlassian-lifts-tech-a2-milk-recall-shock-accent-group-all-time-lows:88e960386e503796,2026-05-04T08:24:39+00:00,2026-05-04T08:24:39+00:00,status_expire_candidate_after_approval,still_active_from_prior_high_confidence_expire_manifest,no
512,active_fanout_0012,fanout_0013,CLARITY,catalyst,Voluntary recall of three batches of A2 Platinum USA label infant milk formula manufactured by Liz Sinlay,active,0.72,0.82,commentary:youtube_transcript,youtube_transcript:asx-daily-rundown-atlassian-lifts-tech-a2-milk-recall-shock-accent-group-all-time-lows:88e960386e503796,2026-05-04T08:24:39+00:00,2026-05-04T08:24:39+00:00,status_expire_candidate_after_approval,still_active_from_prior_high_confidence_expire_manifest,no
513,active_fanout_0012,fanout_0013,WIN MEDALS,catalyst,Voluntary recall of three batches of A2 Platinum USA label infant milk formula manufactured by Liz Sinlay,active,0.72,0.82,commentary:youtube_transcript,youtube_transcript:asx-daily-rundown-atlassian-lifts-tech-a2-milk-recall-shock-accent-group-all-time-lows:88e960386e503796,2026-05-04T08:24:39+00:00,2026-05-04T08:24:39+00:00,status_expire_candidate_after_approval,still_active_from_prior_high_confidence_expire_manifest,no
514,active_fanout_0012,fanout_0013,AXEN GROUP,catalyst,Voluntary recall of three batches of A2 Platinum USA label infant milk formula manufactured by Liz Sinlay,active,0.72,0.82,commentary:youtube_transcript,youtube_transcript:asx-daily-rundown-atlassian-lifts-tech-a2-milk-recall-shock-accent-group-all-time-lows:88e960386e503796,2026-05-04T08:24:39+00:00,2026-05-04T08:24:39+00:00,status_expire_candidate_after_approval,still_active_from_prior_high_confidence_expire_manifest,no
515,active_fanout_0012,fanout_0013,STRICKLAND METALS,catalyst,Voluntary recall of three batches of A2 Platinum USA label infant milk formula manufactured by Liz Sinlay,active,0.72,0.82,commentary:youtube_transcript,youtube_transcript:asx-daily-rundown-atlassian-lifts-tech-a2-milk-recall-shock-accent-group-all-time-lows:88e960386e503796,2026-05-04T08:24:39+00:00,2026-05-04T08:24:39+00:00,status_expire_candidate_after_approval,still_active_from_prior_high_confidence_expire_manifest,no
516,active_fanout_0012,fanout_0013,LION TOWN,catalyst,Voluntary recall of three batches of A2 Platinum USA label infant milk formula manufactured by Liz Sinlay,active,0.72,0.82,commentary:youtube_transcript,youtube_transcript:asx-daily-rundown-atlassian-lifts-tech-a2-milk-recall-shock-accent-group-all-time-lows:88e960386e503796,2026-05-04T08:24:39+00:00,2026-05-04T08:24:39+00:00,status_expire_candidate_after_approval,still_active_from_prior_high_confidence_expire_manifest,no
517,active_fanout_0012,fanout_0013,IMRO,catalyst,Voluntary recall of three batches of A2 Platinum USA label infant milk formula manufactured by Liz Sinlay,active,0.72,0.82,commentary:youtube_transcript,youtube_transcript:asx-daily-rundown-atlassian-lifts-tech-a2-milk-recall-shock-accent-group-all-time-lows:88e960386e503796,2026-05-04T08:24:40+00:00,2026-05-04T08:24:40+00:00,status_expire_candidate_after_approval,still_active_from_prior_high_confidence_expire_manifest,no
518,active_fanout_0012,fanout_0013,PENINSULA,catalyst,Voluntary recall of three batches of A2 Platinum USA label infant milk formula manufactured by Liz Sinlay,active,0.72,0.82,commentary:youtube_transcript,youtube_transcript:asx-daily-rundown-atlassian-lifts-tech-a2-milk-recall-shock-accent-group-all-time-lows:88e960386e503796,2026-05-04T08:24:41+00:00,2026-05-04T08:24:41+00:00,status_expire_candidate_after_approval,still_active_from_prior_high_confidence_expire_manifest,no
519,active_fanout_0012,fanout_0013,BRAIN CHIP,catalyst,Voluntary recall of three batches of A2 Platinum USA label infant milk formula manufactured by Liz Sinlay,active,0.72,0.82,commentary:youtube_transcript,youtube_transcript:asx-daily-rundown-atlassian-lifts-tech-a2-milk-recall-shock-accent-group-all-time-lows:88e960386e503796,2026-05-04T08:24:41+00:00,2026-05-04T08:24:41+00:00,status_expire_candidate_after_approval,still_active_from_prior_high_confidence_expire_manifest,no
520,active_fanout_0012,fanout_0013,VERITUS,catalyst,Voluntary recall of three batches of A2 Platinum USA label infant milk formula manufactured by Liz Sinlay,active,0.72,0.82,commentary:youtube_transcript,youtube_transcript:asx-daily-rundown-atlassian-lifts-tech-a2-milk-recall-shock-accent-group-all-time-lows:88e960386e503796,2026-05-04T08:24:41+00:00,2026-05-04T08:24:41+00:00,status_expire_candidate_after_approval,still_active_from_prior_high_confidence_expire_manifest,no
521,active_fanout_0012,fanout_0013,PETTIMED,catalyst,Voluntary recall of three batches of A2 Platinum USA label infant milk formula manufactured by Liz Sinlay,active,0.72,0.82,commentary:youtube_transcript,youtube_transcript:asx-daily-rundown-atlassian-lifts-tech-a2-milk-recall-shock-accent-group-all-time-lows:88e960386e503796,2026-05-04T08:24:42+00:00,2026-05-04T08:24:42+00:00,status_expire_candidate_after_approval,still_active_from_prior_high_confidence_expire_manifest,no
522,active_fanout_0012,fanout_0013,IMPEDIMED,catalyst,Voluntary recall of three batches of A2 Platinum USA label infant milk formula manufactured by Liz Sinlay,active,0.72,0.82,commentary:youtube_transcript,youtube_transcript:asx-daily-rundown-atlassian-lifts-tech-a2-milk-recall-shock-accent-group-all-time-lows:88e960386e503796,2026-05-04T08:24:42+00:00,2026-05-04T08:24:42+00:00,status_expire_candidate_after_approval,still_active_from_prior_high_confidence_expire_manifest,no
523,active_fanout_0012,fanout_0013,INDE,catalyst,Voluntary recall of three batches of A2 Platinum USA label infant milk formula manufactured by Liz Sinlay,active,0.72,0.82,commentary:youtube_transcript,youtube_transcript:asx-daily-rundown-atlassian-lifts-tech-a2-milk-recall-shock-accent-group-all-time-lows:88e960386e503796,2026-05-04T08:24:42+00:00,2026-05-04T08:24:42+00:00,status_expire_candidate_after_approval,still_active_from_prior_high_confidence_expire_manifest,no
524,active_fanout_0012,fanout_0013,PETT,catalyst,Voluntary recall of three batches of A2 Platinum USA label infant milk formula manufactured by Liz Sinlay,active,0.72,0.82,commentary:youtube_transcript,youtube_transcript:asx-daily-rundown-atlassian-lifts-tech-a2-milk-recall-shock-accent-group-all-time-lows:88e960386e503796,2026-05-04T08:24:42+00:00,2026-05-04T08:24:42+00:00,status_expire_candidate_after_approval,still_active_from_prior_high_confidence_expire_manifest,no
525,active_fanout_0012,fanout_0013,C79,catalyst,Voluntary recall of three batches of A2 Platinum USA label infant milk formula manufactured by Liz Sinlay,active,0.72,0.82,commentary:youtube_transcript,youtube_transcript:asx-daily-rundown-atlassian-lifts-tech-a2-milk-recall-shock-accent-group-all-time-lows:88e960386e503796,2026-05-04T08:24:42+00:00,2026-05-04T08:24:42+00:00,status_expire_candidate_after_approval,still_active_from_prior_high_confidence_expire_manifest,no
527,active_fanout_0012,fanout_0013,ACCENT GROUP,catalyst,Voluntary recall of three batches of A2 Platinum USA label infant milk formula manufactured by Liz Sinlay,active,0.72,0.82,commentary:youtube_transcript,youtube_transcript:asx-daily-rundown-atlassian-lifts-tech-a2-milk-recall-shock-accent-group-all-time-lows:88e960386e503796,2026-05-04T08:24:42+00:00,2026-05-04T08:24:42+00:00,status_expire_candidate_after_approval,still_active_from_prior_high_confidence_expire_manifest,no
968,active_fanout_0012,fanout_0013,END,catalyst,Voluntary recall of three batches of A2 Platinum USA label infant milk formula manufactured by Liz Sinlay,active,0.72,0.82,commentary:youtube_transcript,youtube_transcript:asx-daily-rundown-atlassian-lifts-tech-a2-milk-recall-shock-accent-group-all-time-lows:88e960386e503796,2026-05-04T08:26:21+00:00,2026-05-04T08:26:21+00:00,status_expire_candidate_after_approval,still_active_from_prior_high_confidence_expire_manifest,no
969,active_fanout_0012,fanout_0013,COH,catalyst,Voluntary recall of three batches of A2 Platinum USA label infant milk formula manufactured by Liz Sinlay,active,0.72,0.82,commentary:youtube_transcript,youtube_transcript:asx-daily-rundown-atlassian-lifts-tech-a2-milk-recall-shock-accent-group-all-time-lows:88e960386e503796,2026-05-04T08:26:21+00:00,2026-05-04T08:26:21+00:00,status_expire_candidate_after_approval,still_active_from_prior_high_confidence_expire_manifest,no
970,active_fanout_0012,fanout_0013,WES,catalyst,Voluntary recall of three batches of A2 Platinum USA label infant milk formula manufactured by Liz Sinlay,active,0.72,0.82,commentary:youtube_transcript,youtube_transcript:asx-daily-rundown-atlassian-lifts-tech-a2-milk-recall-shock-accent-group-all-time-lows:88e960386e503796,2026-05-04T08:26:21+00:00,2026-05-04T08:26:21+00:00,status_expire_candidate_after_approval,still_active_from_prior_high_confidence_expire_manifest,no
971,active_fanout_0012,fanout_0013,WBC,catalyst,Voluntary recall of three batches of A2 Platinum USA label infant milk formula manufactured by Liz Sinlay,active,0.72,0.82,commentary:youtube_transcript,youtube_transcript:asx-daily-rundown-atlassian-lifts-tech-a2-milk-recall-shock-accent-group-all-time-lows:88e960386e503796,2026-05-04T08:26:21+00:00,2026-05-04T08:26:21+00:00,status_expire_candidate_after_approval,still_active_from_prior_high_confidence_expire_manifest,no
972,active_fanout_0012,fanout_0013,KEY,catalyst,Voluntary recall of three batches of A2 Platinum USA label infant milk formula manufactured by Liz Sinlay,active,0.72,0.82,commentary:youtube_transcript,youtube_transcript:asx-daily-rundown-atlassian-lifts-tech-a2-milk-recall-shock-accent-group-all-time-lows:88e960386e503796,2026-05-04T08:26:21+00:00,2026-05-04T08:26:21+00:00,status_expire_candidate_after_approval,still_active_from_prior_high_confidence_expire_manifest,no
973,active_fanout_0012,fanout_0013,GCM,catalyst,Voluntary recall of three batches of A2 Platinum USA label infant milk formula manufactured by Liz Sinlay,active,0.72,0.82,commentary:youtube_transcript,youtube_transcript:asx-daily-rundown-atlassian-lifts-tech-a2-milk-recall-shock-accent-group-all-time-lows:88e960386e503796,2026-05-04T08:26:22+00:00,2026-05-04T08:26:22+00:00,status_expire_candidate_after_approval,still_active_from_prior_high_confidence_expire_manifest,no
974,active_fanout_0012,fanout_0013,MAR,catalyst,Voluntary recall of three batches of A2 Platinum USA label infant milk formula manufactured by Liz Sinlay,active,0.72,0.82,commentary:youtube_transcript,youtube_transcript:asx-daily-rundown-atlassian-lifts-tech-a2-milk-recall-shock-accent-group-all-time-lows:88e960386e503796,2026-05-04T08:26:22+00:00,2026-05-04T08:26:22+00:00,status_expire_candidate_after_approval,still_active_from_prior_high_confidence_expire_manifest,no
975,active_fanout_0012,fanout_0013,CLT,catalyst,Voluntary recall of three batches of A2 Platinum USA label infant milk formula manufactured by Liz Sinlay,active,0.72,0.82,commentary:youtube_transcript,youtube_transcript:asx-daily-rundown-atlassian-lifts-tech-a2-milk-recall-shock-accent-group-all-time-lows:88e960386e503796,2026-05-04T08:26:22+00:00,2026-05-04T08:26:22+00:00,status_expire_candidate_after_approval,still_active_from_prior_high_confidence_expire_manifest,no
976,active_fanout_0012,fanout_0013,WIN,catalyst,Voluntary recall of three batches of A2 Platinum USA label infant milk formula manufactured by Liz Sinlay,active,0.72,0.82,commentary:youtube_transcript,youtube_transcript:asx-daily-rundown-atlassian-lifts-tech-a2-milk-recall-shock-accent-group-all-time-lows:88e960386e503796,2026-05-04T08:26:22+00:00,2026-05-04T08:26:22+00:00,status_expire_candidate_after_approval,still_active_from_prior_high_confidence_expire_manifest,no
977,active_fanout_0012,fanout_0013,SKT,catalyst,Voluntary recall of three batches of A2 Platinum USA label infant milk formula manufactured by Liz Sinlay,active,0.72,0.82,commentary:youtube_transcript,youtube_transcript:asx-daily-rundown-atlassian-lifts-tech-a2-milk-recall-shock-accent-group-all-time-lows:88e960386e503796,2026-05-04T08:26:22+00:00,2026-05-04T08:26:22+00:00,status_expire_candidate_after_approval,still_active_from_prior_high_confidence_expire_manifest,no
978,active_fanout_0012,fanout_0013,VCE,catalyst,Voluntary recall of three batches of A2 Platinum USA label infant milk formula manufactured by Liz Sinlay,active,0.72,0.82,commentary:youtube_transcript,youtube_transcript:asx-daily-rundown-atlassian-lifts-tech-a2-milk-recall-shock-accent-group-all-time-lows:88e960386e503796,2026-05-04T08:26:22+00:00,2026-05-04T08:26:22+00:00,status_expire_candidate_after_approval,still_active_from_prior_high_confidence_expire_manifest,no
979,active_fanout_0012,fanout_0013,SNW,catalyst,Voluntary recall of three batches of A2 Platinum USA label infant milk formula manufactured by Liz Sinlay,active,0.72,0.82,commentary:youtube_transcript,youtube_transcript:asx-daily-rundown-atlassian-lifts-tech-a2-milk-recall-shock-accent-group-all-time-lows:88e960386e503796,2026-05-04T08:26:22+00:00,2026-05-04T08:26:22+00:00,status_expire_candidate_after_approval,still_active_from_prior_high_confidence_expire_manifest,no
980,active_fanout_0012,fanout_0013,LON,catalyst,Voluntary recall of three batches of A2 Platinum USA label infant milk formula manufactured by Liz Sinlay,active,0.72,0.82,commentary:youtube_transcript,youtube_transcript:asx-daily-rundown-atlassian-lifts-tech-a2-milk-recall-shock-accent-group-all-time-lows:88e960386e503796,2026-05-04T08:26:23+00:00,2026-05-04T08:26:23+00:00,status_expire_candidate_after_approval,still_active_from_prior_high_confidence_expire_manifest,no
981,active_fanout_0012,fanout_0013,PET,catalyst,Voluntary recall of three batches of A2 Platinum USA label infant milk formula manufactured by Liz Sinlay,active,0.72,0.82,commentary:youtube_transcript,youtube_transcript:asx-daily-rundown-atlassian-lifts-tech-a2-milk-recall-shock-accent-group-all-time-lows:88e960386e503796,2026-05-04T08:26:24+00:00,2026-05-04T08:26:24+00:00,status_expire_candidate_after_approval,still_active_from_prior_high_confidence_expire_manifest,no
982,active_fanout_0012,fanout_0013,STK,catalyst,Voluntary recall of three batches of A2 Platinum USA label infant milk formula manufactured by Liz Sinlay,active,0.72,0.82,commentary:youtube_transcript,youtube_transcript:asx-daily-rundown-atlassian-lifts-tech-a2-milk-recall-shock-accent-group-all-time-lows:88e960386e503796,2026-05-04T08:26:24+00:00,2026-05-04T08:26:24+00:00,status_expire_candidate_after_approval,still_active_from_prior_high_confidence_expire_manifest,no
1851,active_fanout_0012,fanout_0013,ENDV,catalyst,Voluntary recall of three batches of A2 Platinum USA label infant milk formula manufactured by Liz Sinlay,active,0.72,0.82,commentary:youtube_transcript,youtube_transcript:asx-daily-rundown-atlassian-lifts-tech-a2-milk-recall-shock-accent-group-all-time-lows:88e960386e503796,2026-05-05T04:21:14+00:00,2026-05-05T04:21:14+00:00,status_expire_candidate_after_approval,still_active_from_prior_high_confidence_expire_manifest,no
1852,active_fanout_0012,fanout_0013,KEYP,catalyst,Voluntary recall of three batches of A2 Platinum USA label infant milk formula manufactured by Liz Sinlay,active,0.72,0.82,commentary:youtube_transcript,youtube_transcript:asx-daily-rundown-atlassian-lifts-tech-a2-milk-recall-shock-accent-group-all-time-lows:88e960386e503796,2026-05-05T04:21:16+00:00,2026-05-05T04:21:16+00:00,status_expire_candidate_after_approval,still_active_from_prior_high_confidence_expire_manifest,no
1853,active_fanout_0012,fanout_0013,GCMC,catalyst,Voluntary recall of three batches of A2 Platinum USA label infant milk formula manufactured by Liz Sinlay,active,0.72,0.82,commentary:youtube_transcript,youtube_transcript:asx-daily-rundown-atlassian-lifts-tech-a2-milk-recall-shock-accent-group-all-time-lows:88e960386e503796,2026-05-05T04:21:16+00:00,2026-05-05T04:21:16+00:00,status_expire_candidate_after_approval,still_active_from_prior_high_confidence_expire_manifest,no
1854,active_fanout_0012,fanout_0013,MARINO,catalyst,Voluntary recall of three batches of A2 Platinum USA label infant milk formula manufactured by Liz Sinlay,active,0.72,0.82,commentary:youtube_transcript,youtube_transcript:asx-daily-rundown-atlassian-lifts-tech-a2-milk-recall-shock-accent-group-all-time-lows:88e960386e503796,2026-05-05T04:21:16+00:00,2026-05-05T04:21:16+00:00,status_expire_candidate_after_approval,still_active_from_prior_high_confidence_expire_manifest,no
1855,active_fanout_0012,fanout_0013,CLAR,catalyst,Voluntary recall of three batches of A2 Platinum USA label infant milk formula manufactured by Liz Sinlay,active,0.72,0.82,commentary:youtube_transcript,youtube_transcript:asx-daily-rundown-atlassian-lifts-tech-a2-milk-recall-shock-accent-group-all-time-lows:88e960386e503796,2026-05-05T04:21:16+00:00,2026-05-05T04:21:16+00:00,status_expire_candidate_after_approval,still_active_from_prior_high_confidence_expire_manifest,no
1856,active_fanout_0012,fanout_0013,LIVN,catalyst,Voluntary recall of three batches of A2 Platinum USA label infant milk formula manufactured by Liz Sinlay,active,0.72,0.82,commentary:youtube_transcript,youtube_transcript:asx-daily-rundown-atlassian-lifts-tech-a2-milk-recall-shock-accent-group-all-time-lows:88e960386e503796,2026-05-05T04:21:17+00:00,2026-05-05T04:21:17+00:00,status_expire_candidate_after_approval,still_active_from_prior_high_confidence_expire_manifest,no
1857,active_fanout_0012,fanout_0013,SN,catalyst,Voluntary recall of three batches of A2 Platinum USA label infant milk formula manufactured by Liz Sinlay,active,0.72,0.82,commentary:youtube_transcript,youtube_transcript:asx-daily-rundown-atlassian-lifts-tech-a2-milk-recall-shock-accent-group-all-time-lows:88e960386e503796,2026-05-05T04:21:18+00:00,2026-05-05T04:21:18+00:00,status_expire_candidate_after_approval,still_active_from_prior_high_confidence_expire_manifest,no
1858,active_fanout_0012,fanout_0013,LION,catalyst,Voluntary recall of three batches of A2 Platinum USA label infant milk formula manufactured by Liz Sinlay,active,0.72,0.82,commentary:youtube_transcript,youtube_transcript:asx-daily-rundown-atlassian-lifts-tech-a2-milk-recall-shock-accent-group-all-time-lows:88e960386e503796,2026-05-05T04:21:18+00:00,2026-05-05T04:21:18+00:00,status_expire_candidate_after_approval,still_active_from_prior_high_confidence_expire_manifest,no
474,active_fanout_0013,fanout_0014,ASX,catalyst,A2 MILK's product recall,active,0.7,0.74,commentary:youtube_transcript,youtube_transcript:asx-daily-rundown-atlassian-lifts-tech-a2-milk-recall-shock-accent-group-all-time-lows:88e960386e503796,2026-05-04T08:24:32+00:00,2026-05-04T08:24:32+00:00,status_expire_candidate_after_approval,still_active_from_prior_high_confidence_expire_manifest,no
475,active_fanout_0013,fanout_0014,TXT,catalyst,A2 MILK's product recall,active,0.7,0.74,commentary:youtube_transcript,youtube_transcript:asx-daily-rundown-atlassian-lifts-tech-a2-milk-recall-shock-accent-group-all-time-lows:88e960386e503796,2026-05-04T08:24:33+00:00,2026-05-04T08:24:33+00:00,status_expire_candidate_after_approval,still_active_from_prior_high_confidence_expire_manifest,no
476,active_fanout_0013,fanout_0014,XTX,catalyst,A2 MILK's product recall,active,0.7,0.74,commentary:youtube_transcript,youtube_transcript:asx-daily-rundown-atlassian-lifts-tech-a2-milk-recall-shock-accent-group-all-time-lows:88e960386e503796,2026-05-04T08:24:33+00:00,2026-05-04T08:24:33+00:00,status_expire_candidate_after_approval,still_active_from_prior_high_confidence_expire_manifest,no
478,active_fanout_0013,fanout_0014,ENDEAVOR GROUP,catalyst,A2 MILK's product recall,active,0.7,0.74,commentary:youtube_transcript,youtube_transcript:asx-daily-rundown-atlassian-lifts-tech-a2-milk-recall-shock-accent-group-all-time-lows:88e960386e503796,2026-05-04T08:24:33+00:00,2026-05-04T08:24:33+00:00,status_expire_candidate_after_approval,still_active_from_prior_high_confidence_expire_manifest,no
479,active_fanout_0013,fanout_0014,ATLASSIAN,catalyst,A2 MILK's product recall,active,0.7,0.74,commentary:youtube_transcript,youtube_transcript:asx-daily-rundown-atlassian-lifts-tech-a2-milk-recall-shock-accent-group-all-time-lows:88e960386e503796,2026-05-04T08:24:34+00:00,2026-05-04T08:24:34+00:00,status_expire_candidate_after_approval,still_active_from_prior_high_confidence_expire_manifest,no
480,active_fanout_0013,fanout_0014,NAB,catalyst,A2 MILK's product recall,active,0.7,0.74,commentary:youtube_transcript,youtube_transcript:asx-daily-rundown-atlassian-lifts-tech-a2-milk-recall-shock-accent-group-all-time-lows:88e960386e503796,2026-05-04T08:24:34+00:00,2026-05-04T08:24:34+00:00,status_expire_candidate_after_approval,still_active_from_prior_high_confidence_expire_manifest,no
481,active_fanout_0013,fanout_0014,BHP,catalyst,A2 MILK's product recall,active,0.7,0.74,commentary:youtube_transcript,youtube_transcript:asx-daily-rundown-atlassian-lifts-tech-a2-milk-recall-shock-accent-group-all-time-lows:88e960386e503796,2026-05-04T08:24:34+00:00,2026-05-04T08:24:34+00:00,status_expire_candidate_after_approval,still_active_from_prior_high_confidence_expire_manifest,no
482,active_fanout_0013,fanout_0014,KEY PETROLEUM,catalyst,A2 MILK's product recall,active,0.7,0.74,commentary:youtube_transcript,youtube_transcript:asx-daily-rundown-atlassian-lifts-tech-a2-milk-recall-shock-accent-group-all-time-lows:88e960386e503796,2026-05-04T08:24:34+00:00,2026-05-04T08:24:34+00:00,status_expire_candidate_after_approval,still_active_from_prior_high_confidence_expire_manifest,no
483,active_fanout_0013,fanout_0014,GCM CORPORATION,catalyst,A2 MILK's product recall,active,0.7,0.74,commentary:youtube_transcript,youtube_transcript:asx-daily-rundown-atlassian-lifts-tech-a2-milk-recall-shock-accent-group-all-time-lows:88e960386e503796,2026-05-04T08:24:34+00:00,2026-05-04T08:24:34+00:00,status_expire_candidate_after_approval,still_active_from_prior_high_confidence_expire_manifest,no
484,active_fanout_0013,fanout_0014,MARINO AND CO,catalyst,A2 MILK's product recall,active,0.7,0.74,commentary:youtube_transcript,youtube_transcript:asx-daily-rundown-atlassian-lifts-tech-a2-milk-recall-shock-accent-group-all-time-lows:88e960386e503796,2026-05-04T08:24:34+00:00,2026-05-04T08:24:34+00:00,status_expire_candidate_after_approval,still_active_from_prior_high_confidence_expire_manifest,no
485,active_fanout_0013,fanout_0014,CLARITY,catalyst,A2 MILK's product recall,active,0.7,0.74,commentary:youtube_transcript,youtube_transcript:asx-daily-rundown-atlassian-lifts-tech-a2-milk-recall-shock-accent-group-all-time-lows:88e960386e503796,2026-05-04T08:24:35+00:00,2026-05-04T08:24:35+00:00,status_expire_candidate_after_approval,still_active_from_prior_high_confidence_expire_manifest,no
486,active_fanout_0013,fanout_0014,WIN MEDALS,catalyst,A2 MILK's product recall,active,0.7,0.74,commentary:youtube_transcript,youtube_transcript:asx-daily-rundown-atlassian-lifts-tech-a2-milk-recall-shock-accent-group-all-time-lows:88e960386e503796,2026-05-04T08:24:35+00:00,2026-05-04T08:24:35+00:00,status_expire_candidate_after_approval,still_active_from_prior_high_confidence_expire_manifest,no
487,active_fanout_0013,fanout_0014,AXEN GROUP,catalyst,A2 MILK's product recall,active,0.7,0.74,commentary:youtube_transcript,youtube_transcript:asx-daily-rundown-atlassian-lifts-tech-a2-milk-recall-shock-accent-group-all-time-lows:88e960386e503796,2026-05-04T08:24:35+00:00,2026-05-04T08:24:35+00:00,status_expire_candidate_after_approval,still_active_from_prior_high_confidence_expire_manifest,no
488,active_fanout_0013,fanout_0014,STRICKLAND METALS,catalyst,A2 MILK's product recall,active,0.7,0.74,commentary:youtube_transcript,youtube_transcript:asx-daily-rundown-atlassian-lifts-tech-a2-milk-recall-shock-accent-group-all-time-lows:88e960386e503796,2026-05-04T08:24:35+00:00,2026-05-04T08:24:35+00:00,status_expire_candidate_after_approval,still_active_from_prior_high_confidence_expire_manifest,no
489,active_fanout_0013,fanout_0014,LION TOWN,catalyst,A2 MILK's product recall,active,0.7,0.74,commentary:youtube_transcript,youtube_transcript:asx-daily-rundown-atlassian-lifts-tech-a2-milk-recall-shock-accent-group-all-time-lows:88e960386e503796,2026-05-04T08:24:35+00:00,2026-05-04T08:24:35+00:00,status_expire_candidate_after_approval,still_active_from_prior_high_confidence_expire_manifest,no
490,active_fanout_0013,fanout_0014,IMRO,catalyst,A2 MILK's product recall,active,0.7,0.74,commentary:youtube_transcript,youtube_transcript:asx-daily-rundown-atlassian-lifts-tech-a2-milk-recall-shock-accent-group-all-time-lows:88e960386e503796,2026-05-04T08:24:35+00:00,2026-05-04T08:24:35+00:00,status_expire_candidate_after_approval,still_active_from_prior_high_confidence_expire_manifest,no
491,active_fanout_0013,fanout_0014,PENINSULA,catalyst,A2 MILK's product recall,active,0.7,0.74,commentary:youtube_transcript,youtube_transcript:asx-daily-rundown-atlassian-lifts-tech-a2-milk-recall-shock-accent-group-all-time-lows:88e960386e503796,2026-05-04T08:24:35+00:00,2026-05-04T08:24:35+00:00,status_expire_candidate_after_approval,still_active_from_prior_high_confidence_expire_manifest,no
492,active_fanout_0013,fanout_0014,BRAIN CHIP,catalyst,A2 MILK's product recall,active,0.7,0.74,commentary:youtube_transcript,youtube_transcript:asx-daily-rundown-atlassian-lifts-tech-a2-milk-recall-shock-accent-group-all-time-lows:88e960386e503796,2026-05-04T08:24:35+00:00,2026-05-04T08:24:35+00:00,status_expire_candidate_after_approval,still_active_from_prior_high_confidence_expire_manifest,no
493,active_fanout_0013,fanout_0014,VERITUS,catalyst,A2 MILK's product recall,active,0.7,0.74,commentary:youtube_transcript,youtube_transcript:asx-daily-rundown-atlassian-lifts-tech-a2-milk-recall-shock-accent-group-all-time-lows:88e960386e503796,2026-05-04T08:24:36+00:00,2026-05-04T08:24:36+00:00,status_expire_candidate_after_approval,still_active_from_prior_high_confidence_expire_manifest,no
494,active_fanout_0013,fanout_0014,PETTIMED,catalyst,A2 MILK's product recall,active,0.7,0.74,commentary:youtube_transcript,youtube_transcript:asx-daily-rundown-atlassian-lifts-tech-a2-milk-recall-shock-accent-group-all-time-lows:88e960386e503796,2026-05-04T08:24:36+00:00,2026-05-04T08:24:36+00:00,status_expire_candidate_after_approval,still_active_from_prior_high_confidence_expire_manifest,no
495,active_fanout_0013,fanout_0014,IMPEDIMED,catalyst,A2 MILK's product recall,active,0.7,0.74,commentary:youtube_transcript,youtube_transcript:asx-daily-rundown-atlassian-lifts-tech-a2-milk-recall-shock-accent-group-all-time-lows:88e960386e503796,2026-05-04T08:24:36+00:00,2026-05-04T08:24:36+00:00,status_expire_candidate_after_approval,still_active_from_prior_high_confidence_expire_manifest,no
496,active_fanout_0013,fanout_0014,INDE,catalyst,A2 MILK's product recall,active,0.7,0.74,commentary:youtube_transcript,youtube_transcript:asx-daily-rundown-atlassian-lifts-tech-a2-milk-recall-shock-accent-group-all-time-lows:88e960386e503796,2026-05-04T08:24:37+00:00,2026-05-04T08:24:37+00:00,status_expire_candidate_after_approval,still_active_from_prior_high_confidence_expire_manifest,no
497,active_fanout_0013,fanout_0014,PETT,catalyst,A2 MILK's product recall,active,0.7,0.74,commentary:youtube_transcript,youtube_transcript:asx-daily-rundown-atlassian-lifts-tech-a2-milk-recall-shock-accent-group-all-time-lows:88e960386e503796,2026-05-04T08:24:37+00:00,2026-05-04T08:24:37+00:00,status_expire_candidate_after_approval,still_active_from_prior_high_confidence_expire_manifest,no
498,active_fanout_0013,fanout_0014,C79,catalyst,A2 MILK's product recall,active,0.7,0.74,commentary:youtube_transcript,youtube_transcript:asx-daily-rundown-atlassian-lifts-tech-a2-milk-recall-shock-accent-group-all-time-lows:88e960386e503796,2026-05-04T08:24:37+00:00,2026-05-04T08:24:37+00:00,status_expire_candidate_after_approval,still_active_from_prior_high_confidence_expire_manifest,no
500,active_fanout_0013,fanout_0014,ACCENT GROUP,catalyst,A2 MILK's product recall,active,0.7,0.74,commentary:youtube_transcript,youtube_transcript:asx-daily-rundown-atlassian-lifts-tech-a2-milk-recall-shock-accent-group-all-time-lows:88e960386e503796,2026-05-04T08:24:37+00:00,2026-05-04T08:24:37+00:00,status_expire_candidate_after_approval,still_active_from_prior_high_confidence_expire_manifest,no
953,active_fanout_0013,fanout_0014,END,catalyst,A2 MILK's product recall,active,0.7,0.74,commentary:youtube_transcript,youtube_transcript:asx-daily-rundown-atlassian-lifts-tech-a2-milk-recall-shock-accent-group-all-time-lows:88e960386e503796,2026-05-04T08:26:16+00:00,2026-05-04T08:26:16+00:00,status_expire_candidate_after_approval,still_active_from_prior_high_confidence_expire_manifest,no
954,active_fanout_0013,fanout_0014,COH,catalyst,A2 MILK's product recall,active,0.7,0.74,commentary:youtube_transcript,youtube_transcript:asx-daily-rundown-atlassian-lifts-tech-a2-milk-recall-shock-accent-group-all-time-lows:88e960386e503796,2026-05-04T08:26:16+00:00,2026-05-04T08:26:16+00:00,status_expire_candidate_after_approval,still_active_from_prior_high_confidence_expire_manifest,no
955,active_fanout_0013,fanout_0014,WES,catalyst,A2 MILK's product recall,active,0.7,0.74,commentary:youtube_transcript,youtube_transcript:asx-daily-rundown-atlassian-lifts-tech-a2-milk-recall-shock-accent-group-all-time-lows:88e960386e503796,2026-05-04T08:26:17+00:00,2026-05-04T08:26:17+00:00,status_expire_candidate_after_approval,still_active_from_prior_high_confidence_expire_manifest,no
956,active_fanout_0013,fanout_0014,WBC,catalyst,A2 MILK's product recall,active,0.7,0.74,commentary:youtube_transcript,youtube_transcript:asx-daily-rundown-atlassian-lifts-tech-a2-milk-recall-shock-accent-group-all-time-lows:88e960386e503796,2026-05-04T08:26:17+00:00,2026-05-04T08:26:17+00:00,status_expire_candidate_after_approval,still_active_from_prior_high_confidence_expire_manifest,no
957,active_fanout_0013,fanout_0014,KEY,catalyst,A2 MILK's product recall,active,0.7,0.74,commentary:youtube_transcript,youtube_transcript:asx-daily-rundown-atlassian-lifts-tech-a2-milk-recall-shock-accent-group-all-time-lows:88e960386e503796,2026-05-04T08:26:17+00:00,2026-05-04T08:26:17+00:00,status_expire_candidate_after_approval,still_active_from_prior_high_confidence_expire_manifest,no
958,active_fanout_0013,fanout_0014,GCM,catalyst,A2 MILK's product recall,active,0.7,0.74,commentary:youtube_transcript,youtube_transcript:asx-daily-rundown-atlassian-lifts-tech-a2-milk-recall-shock-accent-group-all-time-lows:88e960386e503796,2026-05-04T08:26:17+00:00,2026-05-04T08:26:17+00:00,status_expire_candidate_after_approval,still_active_from_prior_high_confidence_expire_manifest,no
959,active_fanout_0013,fanout_0014,MAR,catalyst,A2 MILK's product recall,active,0.7,0.74,commentary:youtube_transcript,youtube_transcript:asx-daily-rundown-atlassian-lifts-tech-a2-milk-recall-shock-accent-group-all-time-lows:88e960386e503796,2026-05-04T08:26:18+00:00,2026-05-04T08:26:18+00:00,status_expire_candidate_after_approval,still_active_from_prior_high_confidence_expire_manifest,no
960,active_fanout_0013,fanout_0014,CLT,catalyst,A2 MILK's product recall,active,0.7,0.74,commentary:youtube_transcript,youtube_transcript:asx-daily-rundown-atlassian-lifts-tech-a2-milk-recall-shock-accent-group-all-time-lows:88e960386e503796,2026-05-04T08:26:19+00:00,2026-05-04T08:26:19+00:00,status_expire_candidate_after_approval,still_active_from_prior_high_confidence_expire_manifest,no
961,active_fanout_0013,fanout_0014,WIN,catalyst,A2 MILK's product recall,active,0.7,0.74,commentary:youtube_transcript,youtube_transcript:asx-daily-rundown-atlassian-lifts-tech-a2-milk-recall-shock-accent-group-all-time-lows:88e960386e503796,2026-05-04T08:26:19+00:00,2026-05-04T08:26:19+00:00,status_expire_candidate_after_approval,still_active_from_prior_high_confidence_expire_manifest,no
962,active_fanout_0013,fanout_0014,SKT,catalyst,A2 MILK's product recall,active,0.7,0.74,commentary:youtube_transcript,youtube_transcript:asx-daily-rundown-atlassian-lifts-tech-a2-milk-recall-shock-accent-group-all-time-lows:88e960386e503796,2026-05-04T08:26:19+00:00,2026-05-04T08:26:19+00:00,status_expire_candidate_after_approval,still_active_from_prior_high_confidence_expire_manifest,no
963,active_fanout_0013,fanout_0014,VCE,catalyst,A2 MILK's product recall,active,0.7,0.74,commentary:youtube_transcript,youtube_transcript:asx-daily-rundown-atlassian-lifts-tech-a2-milk-recall-shock-accent-group-all-time-lows:88e960386e503796,2026-05-04T08:26:19+00:00,2026-05-04T08:26:19+00:00,status_expire_candidate_after_approval,still_active_from_prior_high_confidence_expire_manifest,no
964,active_fanout_0013,fanout_0014,SNW,catalyst,A2 MILK's product recall,active,0.7,0.74,commentary:youtube_transcript,youtube_transcript:asx-daily-rundown-atlassian-lifts-tech-a2-milk-recall-shock-accent-group-all-time-lows:88e960386e503796,2026-05-04T08:26:19+00:00,2026-05-04T08:26:19+00:00,status_expire_candidate_after_approval,still_active_from_prior_high_confidence_expire_manifest,no
965,active_fanout_0013,fanout_0014,LON,catalyst,A2 MILK's product recall,active,0.7,0.74,commentary:youtube_transcript,youtube_transcript:asx-daily-rundown-atlassian-lifts-tech-a2-milk-recall-shock-accent-group-all-time-lows:88e960386e503796,2026-05-04T08:26:19+00:00,2026-05-04T08:26:19+00:00,status_expire_candidate_after_approval,still_active_from_prior_high_confidence_expire_manifest,no
966,active_fanout_0013,fanout_0014,PET,catalyst,A2 MILK's product recall,active,0.7,0.74,commentary:youtube_transcript,youtube_transcript:asx-daily-rundown-atlassian-lifts-tech-a2-milk-recall-shock-accent-group-all-time-lows:88e960386e503796,2026-05-04T08:26:19+00:00,2026-05-04T08:26:19+00:00,status_expire_candidate_after_approval,still_active_from_prior_high_confidence_expire_manifest,no
967,active_fanout_0013,fanout_0014,STK,catalyst,A2 MILK's product recall,active,0.7,0.74,commentary:youtube_transcript,youtube_transcript:asx-daily-rundown-atlassian-lifts-tech-a2-milk-recall-shock-accent-group-all-time-lows:88e960386e503796,2026-05-04T08:26:19+00:00,2026-05-04T08:26:19+00:00,status_expire_candidate_after_approval,still_active_from_prior_high_confidence_expire_manifest,no
447,active_fanout_0015,fanout_0016,ASX,catalyst,Positive trading update for Chrysos Corporation,active,0.72,0.82,commentary:youtube_transcript,youtube_transcript:asx-daily-rundown-atlassian-lifts-tech-a2-milk-recall-shock-accent-group-all-time-lows:88e960386e503796,2026-05-04T08:24:27+00:00,2026-05-04T08:24:27+00:00,status_expire_candidate_after_approval,still_active_from_prior_high_confidence_expire_manifest,no
448,active_fanout_0015,fanout_0016,TXT,catalyst,Positive trading update for Chrysos Corporation,active,0.72,0.82,commentary:youtube_transcript,youtube_transcript:asx-daily-rundown-atlassian-lifts-tech-a2-milk-recall-shock-accent-group-all-time-lows:88e960386e503796,2026-05-04T08:24:27+00:00,2026-05-04T08:24:27+00:00,status_expire_candidate_after_approval,still_active_from_prior_high_confidence_expire_manifest,no
449,active_fanout_0015,fanout_0016,XTX,catalyst,Positive trading update for Chrysos Corporation,active,0.72,0.82,commentary:youtube_transcript,youtube_transcript:asx-daily-rundown-atlassian-lifts-tech-a2-milk-recall-shock-accent-group-all-time-lows:88e960386e503796,2026-05-04T08:24:28+00:00,2026-05-04T08:24:28+00:00,status_expire_candidate_after_approval,still_active_from_prior_high_confidence_expire_manifest,no
450,active_fanout_0015,fanout_0016,A2 MILK,catalyst,Positive trading update for Chrysos Corporation,active,0.72,0.82,commentary:youtube_transcript,youtube_transcript:asx-daily-rundown-atlassian-lifts-tech-a2-milk-recall-shock-accent-group-all-time-lows:88e960386e503796,2026-05-04T08:24:28+00:00,2026-05-04T08:24:28+00:00,status_expire_candidate_after_approval,still_active_from_prior_high_confidence_expire_manifest,no
451,active_fanout_0015,fanout_0016,ENDEAVOR GROUP,catalyst,Positive trading update for Chrysos Corporation,active,0.72,0.82,commentary:youtube_transcript,youtube_transcript:asx-daily-rundown-atlassian-lifts-tech-a2-milk-recall-shock-accent-group-all-time-lows:88e960386e503796,2026-05-04T08:24:28+00:00,2026-05-04T08:24:28+00:00,status_expire_candidate_after_approval,still_active_from_prior_high_confidence_expire_manifest,no
452,active_fanout_0015,fanout_0016,ATLASSIAN,catalyst,Positive trading update for Chrysos Corporation,active,0.72,0.82,commentary:youtube_transcript,youtube_transcript:asx-daily-rundown-atlassian-lifts-tech-a2-milk-recall-shock-accent-group-all-time-lows:88e960386e503796,2026-05-04T08:24:28+00:00,2026-05-04T08:24:28+00:00,status_expire_candidate_after_approval,still_active_from_prior_high_confidence_expire_manifest,no
453,active_fanout_0015,fanout_0016,NAB,catalyst,Positive trading update for Chrysos Corporation,active,0.72,0.82,commentary:youtube_transcript,youtube_transcript:asx-daily-rundown-atlassian-lifts-tech-a2-milk-recall-shock-accent-group-all-time-lows:88e960386e503796,2026-05-04T08:24:28+00:00,2026-05-04T08:24:28+00:00,status_expire_candidate_after_approval,still_active_from_prior_high_confidence_expire_manifest,no
454,active_fanout_0015,fanout_0016,BHP,catalyst,Positive trading update for Chrysos Corporation,active,0.72,0.82,commentary:youtube_transcript,youtube_transcript:asx-daily-rundown-atlassian-lifts-tech-a2-milk-recall-shock-accent-group-all-time-lows:88e960386e503796,2026-05-04T08:24:28+00:00,2026-05-04T08:24:28+00:00,status_expire_candidate_after_approval,still_active_from_prior_high_confidence_expire_manifest,no
455,active_fanout_0015,fanout_0016,KEY PETROLEUM,catalyst,Positive trading update for Chrysos Corporation,active,0.72,0.82,commentary:youtube_transcript,youtube_transcript:asx-daily-rundown-atlassian-lifts-tech-a2-milk-recall-shock-accent-group-all-time-lows:88e960386e503796,2026-05-04T08:24:29+00:00,2026-05-04T08:24:29+00:00,status_expire_candidate_after_approval,still_active_from_prior_high_confidence_expire_manifest,no
457,active_fanout_0015,fanout_0016,MARINO AND CO,catalyst,Positive trading update for Chrysos Corporation,active,0.72,0.82,commentary:youtube_transcript,youtube_transcript:asx-daily-rundown-atlassian-lifts-tech-a2-milk-recall-shock-accent-group-all-time-lows:88e960386e503796,2026-05-04T08:24:29+00:00,2026-05-04T08:24:29+00:00,status_expire_candidate_after_approval,still_active_from_prior_high_confidence_expire_manifest,no
458,active_fanout_0015,fanout_0016,CLARITY,catalyst,Positive trading update for Chrysos Corporation,active,0.72,0.82,commentary:youtube_transcript,youtube_transcript:asx-daily-rundown-atlassian-lifts-tech-a2-milk-recall-shock-accent-group-all-time-lows:88e960386e503796,2026-05-04T08:24:29+00:00,2026-05-04T08:24:29+00:00,status_expire_candidate_after_approval,still_active_from_prior_high_confidence_expire_manifest,no
459,active_fanout_0015,fanout_0016,WIN MEDALS,catalyst,Positive trading update for Chrysos Corporation,active,0.72,0.82,commentary:youtube_transcript,youtube_transcript:asx-daily-rundown-atlassian-lifts-tech-a2-milk-recall-shock-accent-group-all-time-lows:88e960386e503796,2026-05-04T08:24:29+00:00,2026-05-04T08:24:29+00:00,status_expire_candidate_after_approval,still_active_from_prior_high_confidence_expire_manifest,no
460,active_fanout_0015,fanout_0016,AXEN GROUP,catalyst,Positive trading update for Chrysos Corporation,active,0.72,0.82,commentary:youtube_transcript,youtube_transcript:asx-daily-rundown-atlassian-lifts-tech-a2-milk-recall-shock-accent-group-all-time-lows:88e960386e503796,2026-05-04T08:24:29+00:00,2026-05-04T08:24:29+00:00,status_expire_candidate_after_approval,still_active_from_prior_high_confidence_expire_manifest,no
461,active_fanout_0015,fanout_0016,STRICKLAND METALS,catalyst,Positive trading update for Chrysos Corporation,active,0.72,0.82,commentary:youtube_transcript,youtube_transcript:asx-daily-rundown-atlassian-lifts-tech-a2-milk-recall-shock-accent-group-all-time-lows:88e960386e503796,2026-05-04T08:24:29+00:00,2026-05-04T08:24:29+00:00,status_expire_candidate_after_approval,still_active_from_prior_high_confidence_expire_manifest,no
462,active_fanout_0015,fanout_0016,LION TOWN,catalyst,Positive trading update for Chrysos Corporation,active,0.72,0.82,commentary:youtube_transcript,youtube_transcript:asx-daily-rundown-atlassian-lifts-tech-a2-milk-recall-shock-accent-group-all-time-lows:88e960386e503796,2026-05-04T08:24:29+00:00,2026-05-04T08:24:29+00:00,status_expire_candidate_after_approval,still_active_from_prior_high_confidence_expire_manifest,no
463,active_fanout_0015,fanout_0016,IMRO,catalyst,Positive trading update for Chrysos Corporation,active,0.72,0.82,commentary:youtube_transcript,youtube_transcript:asx-daily-rundown-atlassian-lifts-tech-a2-milk-recall-shock-accent-group-all-time-lows:88e960386e503796,2026-05-04T08:24:29+00:00,2026-05-04T08:24:29+00:00,status_expire_candidate_after_approval,still_active_from_prior_high_confidence_expire_manifest,no
464,active_fanout_0015,fanout_0016,PENINSULA,catalyst,Positive trading update for Chrysos Corporation,active,0.72,0.82,commentary:youtube_transcript,youtube_transcript:asx-daily-rundown-atlassian-lifts-tech-a2-milk-recall-shock-accent-group-all-time-lows:88e960386e503796,2026-05-04T08:24:30+00:00,2026-05-04T08:24:30+00:00,status_expire_candidate_after_approval,still_active_from_prior_high_confidence_expire_manifest,no
465,active_fanout_0015,fanout_0016,BRAIN CHIP,catalyst,Positive trading update for Chrysos Corporation,active,0.72,0.82,commentary:youtube_transcript,youtube_transcript:asx-daily-rundown-atlassian-lifts-tech-a2-milk-recall-shock-accent-group-all-time-lows:88e960386e503796,2026-05-04T08:24:30+00:00,2026-05-04T08:24:30+00:00,status_expire_candidate_after_approval,still_active_from_prior_high_confidence_expire_manifest,no
466,active_fanout_0015,fanout_0016,VERITUS,catalyst,Positive trading update for Chrysos Corporation,active,0.72,0.82,commentary:youtube_transcript,youtube_transcript:asx-daily-rundown-atlassian-lifts-tech-a2-milk-recall-shock-accent-group-all-time-lows:88e960386e503796,2026-05-04T08:24:30+00:00,2026-05-04T08:24:30+00:00,status_expire_candidate_after_approval,still_active_from_prior_high_confidence_expire_manifest,no
467,active_fanout_0015,fanout_0016,PETTIMED,catalyst,Positive trading update for Chrysos Corporation,active,0.72,0.82,commentary:youtube_transcript,youtube_transcript:asx-daily-rundown-atlassian-lifts-tech-a2-milk-recall-shock-accent-group-all-time-lows:88e960386e503796,2026-05-04T08:24:31+00:00,2026-05-04T08:24:31+00:00,status_expire_candidate_after_approval,still_active_from_prior_high_confidence_expire_manifest,no
468,active_fanout_0015,fanout_0016,IMPEDIMED,catalyst,Positive trading update for Chrysos Corporation,active,0.72,0.82,commentary:youtube_transcript,youtube_transcript:asx-daily-rundown-atlassian-lifts-tech-a2-milk-recall-shock-accent-group-all-time-lows:88e960386e503796,2026-05-04T08:24:31+00:00,2026-05-04T08:24:31+00:00,status_expire_candidate_after_approval,still_active_from_prior_high_confidence_expire_manifest,no
469,active_fanout_0015,fanout_0016,INDE,catalyst,Positive trading update for Chrysos Corporation,active,0.72,0.82,commentary:youtube_transcript,youtube_transcript:asx-daily-rundown-atlassian-lifts-tech-a2-milk-recall-shock-accent-group-all-time-lows:88e960386e503796,2026-05-04T08:24:31+00:00,2026-05-04T08:24:31+00:00,status_expire_candidate_after_approval,still_active_from_prior_high_confidence_expire_manifest,no
470,active_fanout_0015,fanout_0016,PETT,catalyst,Positive trading update for Chrysos Corporation,active,0.72,0.82,commentary:youtube_transcript,youtube_transcript:asx-daily-rundown-atlassian-lifts-tech-a2-milk-recall-shock-accent-group-all-time-lows:88e960386e503796,2026-05-04T08:24:31+00:00,2026-05-04T08:24:31+00:00,status_expire_candidate_after_approval,still_active_from_prior_high_confidence_expire_manifest,no
472,active_fanout_0015,fanout_0016,A2M,catalyst,Positive trading update for Chrysos Corporation,active,0.72,0.82,commentary:youtube_transcript,youtube_transcript:asx-daily-rundown-atlassian-lifts-tech-a2-milk-recall-shock-accent-group-all-time-lows:88e960386e503796,2026-05-04T08:24:32+00:00,2026-05-04T08:24:32+00:00,status_expire_candidate_after_approval,still_active_from_prior_high_confidence_expire_manifest,no
473,active_fanout_0015,fanout_0016,ACCENT GROUP,catalyst,Positive trading update for Chrysos Corporation,active,0.72,0.82,commentary:youtube_transcript,youtube_transcript:asx-daily-rundown-atlassian-lifts-tech-a2-milk-recall-shock-accent-group-all-time-lows:88e960386e503796,2026-05-04T08:24:32+00:00,2026-05-04T08:24:32+00:00,status_expire_candidate_after_approval,still_active_from_prior_high_confidence_expire_manifest,no
938,active_fanout_0015,fanout_0016,END,catalyst,Positive trading update for Chrysos Corporation,active,0.72,0.82,commentary:youtube_transcript,youtube_transcript:asx-daily-rundown-atlassian-lifts-tech-a2-milk-recall-shock-accent-group-all-time-lows:88e960386e503796,2026-05-04T08:26:10+00:00,2026-05-04T08:26:10+00:00,status_expire_candidate_after_approval,still_active_from_prior_high_confidence_expire_manifest,no
939,active_fanout_0015,fanout_0016,COH,catalyst,Positive trading update for Chrysos Corporation,active,0.72,0.82,commentary:youtube_transcript,youtube_transcript:asx-daily-rundown-atlassian-lifts-tech-a2-milk-recall-shock-accent-group-all-time-lows:88e960386e503796,2026-05-04T08:26:10+00:00,2026-05-04T08:26:10+00:00,status_expire_candidate_after_approval,still_active_from_prior_high_confidence_expire_manifest,no
940,active_fanout_0015,fanout_0016,WES,catalyst,Positive trading update for Chrysos Corporation,active,0.72,0.82,commentary:youtube_transcript,youtube_transcript:asx-daily-rundown-atlassian-lifts-tech-a2-milk-recall-shock-accent-group-all-time-lows:88e960386e503796,2026-05-04T08:26:10+00:00,2026-05-04T08:26:10+00:00,status_expire_candidate_after_approval,still_active_from_prior_high_confidence_expire_manifest,no
941,active_fanout_0015,fanout_0016,WBC,catalyst,Positive trading update for Chrysos Corporation,active,0.72,0.82,commentary:youtube_transcript,youtube_transcript:asx-daily-rundown-atlassian-lifts-tech-a2-milk-recall-shock-accent-group-all-time-lows:88e960386e503796,2026-05-04T08:26:11+00:00,2026-05-04T08:26:11+00:00,status_expire_candidate_after_approval,still_active_from_prior_high_confidence_expire_manifest,no
942,active_fanout_0015,fanout_0016,KEY,catalyst,Positive trading update for Chrysos Corporation,active,0.72,0.82,commentary:youtube_transcript,youtube_transcript:asx-daily-rundown-atlassian-lifts-tech-a2-milk-recall-shock-accent-group-all-time-lows:88e960386e503796,2026-05-04T08:26:11+00:00,2026-05-04T08:26:11+00:00,status_expire_candidate_after_approval,still_active_from_prior_high_confidence_expire_manifest,no
944,active_fanout_0015,fanout_0016,MAR,catalyst,Positive trading update for Chrysos Corporation,active,0.72,0.82,commentary:youtube_transcript,youtube_transcript:asx-daily-rundown-atlassian-lifts-tech-a2-milk-recall-shock-accent-group-all-time-lows:88e960386e503796,2026-05-04T08:26:12+00:00,2026-05-04T08:26:12+00:00,status_expire_candidate_after_approval,still_active_from_prior_high_confidence_expire_manifest,no
945,active_fanout_0015,fanout_0016,CLT,catalyst,Positive trading update for Chrysos Corporation,active,0.72,0.82,commentary:youtube_transcript,youtube_transcript:asx-daily-rundown-atlassian-lifts-tech-a2-milk-recall-shock-accent-group-all-time-lows:88e960386e503796,2026-05-04T08:26:12+00:00,2026-05-04T08:26:12+00:00,status_expire_candidate_after_approval,still_active_from_prior_high_confidence_expire_manifest,no
946,active_fanout_0015,fanout_0016,WIN,catalyst,Positive trading update for Chrysos Corporation,active,0.72,0.82,commentary:youtube_transcript,youtube_transcript:asx-daily-rundown-atlassian-lifts-tech-a2-milk-recall-shock-accent-group-all-time-lows:88e960386e503796,2026-05-04T08:26:12+00:00,2026-05-04T08:26:12+00:00,status_expire_candidate_after_approval,still_active_from_prior_high_confidence_expire_manifest,no
947,active_fanout_0015,fanout_0016,SKT,catalyst,Positive trading update for Chrysos Corporation,active,0.72,0.82,commentary:youtube_transcript,youtube_transcript:asx-daily-rundown-atlassian-lifts-tech-a2-milk-recall-shock-accent-group-all-time-lows:88e960386e503796,2026-05-04T08:26:12+00:00,2026-05-04T08:26:12+00:00,status_expire_candidate_after_approval,still_active_from_prior_high_confidence_expire_manifest,no
948,active_fanout_0015,fanout_0016,VCE,catalyst,Positive trading update for Chrysos Corporation,active,0.72,0.82,commentary:youtube_transcript,youtube_transcript:asx-daily-rundown-atlassian-lifts-tech-a2-milk-recall-shock-accent-group-all-time-lows:88e960386e503796,2026-05-04T08:26:13+00:00,2026-05-04T08:26:13+00:00,status_expire_candidate_after_approval,still_active_from_prior_high_confidence_expire_manifest,no
949,active_fanout_0015,fanout_0016,SNW,catalyst,Positive trading update for Chrysos Corporation,active,0.72,0.82,commentary:youtube_transcript,youtube_transcript:asx-daily-rundown-atlassian-lifts-tech-a2-milk-recall-shock-accent-group-all-time-lows:88e960386e503796,2026-05-04T08:26:13+00:00,2026-05-04T08:26:13+00:00,status_expire_candidate_after_approval,still_active_from_prior_high_confidence_expire_manifest,no
950,active_fanout_0015,fanout_0016,LON,catalyst,Positive trading update for Chrysos Corporation,active,0.72,0.82,commentary:youtube_transcript,youtube_transcript:asx-daily-rundown-atlassian-lifts-tech-a2-milk-recall-shock-accent-group-all-time-lows:88e960386e503796,2026-05-04T08:26:13+00:00,2026-05-04T08:26:13+00:00,status_expire_candidate_after_approval,still_active_from_prior_high_confidence_expire_manifest,no
951,active_fanout_0015,fanout_0016,PET,catalyst,Positive trading update for Chrysos Corporation,active,0.72,0.82,commentary:youtube_transcript,youtube_transcript:asx-daily-rundown-atlassian-lifts-tech-a2-milk-recall-shock-accent-group-all-time-lows:88e960386e503796,2026-05-04T08:26:14+00:00,2026-05-04T08:26:14+00:00,status_expire_candidate_after_approval,still_active_from_prior_high_confidence_expire_manifest,no
952,active_fanout_0015,fanout_0016,STK,catalyst,Positive trading update for Chrysos Corporation,active,0.72,0.82,commentary:youtube_transcript,youtube_transcript:asx-daily-rundown-atlassian-lifts-tech-a2-milk-recall-shock-accent-group-all-time-lows:88e960386e503796,2026-05-04T08:26:14+00:00,2026-05-04T08:26:14+00:00,status_expire_candidate_after_approval,still_active_from_prior_high_confidence_expire_manifest,no
663,active_fanout_0016,fanout_0017,ASX,risk,A2 MILK's product recall and negative market reaction,active,0.74,0.82,commentary:youtube_transcript,youtube_transcript:asx-daily-rundown-atlassian-lifts-tech-a2-milk-recall-shock-accent-group-all-time-lows:88e960386e503796,2026-05-04T08:25:04+00:00,2026-05-04T08:25:04+00:00,status_expire_candidate_after_approval,still_active_from_prior_high_confidence_expire_manifest,no
664,active_fanout_0016,fanout_0017,TXT,risk,A2 MILK's product recall and negative market reaction,active,0.74,0.82,commentary:youtube_transcript,youtube_transcript:asx-daily-rundown-atlassian-lifts-tech-a2-milk-recall-shock-accent-group-all-time-lows:88e960386e503796,2026-05-04T08:25:04+00:00,2026-05-04T08:25:04+00:00,status_expire_candidate_after_approval,still_active_from_prior_high_confidence_expire_manifest,no
665,active_fanout_0016,fanout_0017,XTX,risk,A2 MILK's product recall and negative market reaction,active,0.74,0.82,commentary:youtube_transcript,youtube_transcript:asx-daily-rundown-atlassian-lifts-tech-a2-milk-recall-shock-accent-group-all-time-lows:88e960386e503796,2026-05-04T08:25:04+00:00,2026-05-04T08:25:04+00:00,status_expire_candidate_after_approval,still_active_from_prior_high_confidence_expire_manifest,no
667,active_fanout_0016,fanout_0017,ENDEAVOR GROUP,risk,A2 MILK's product recall and negative market reaction,active,0.74,0.82,commentary:youtube_transcript,youtube_transcript:asx-daily-rundown-atlassian-lifts-tech-a2-milk-recall-shock-accent-group-all-time-lows:88e960386e503796,2026-05-04T08:25:05+00:00,2026-05-04T08:25:05+00:00,status_expire_candidate_after_approval,still_active_from_prior_high_confidence_expire_manifest,no
735,active_fanout_0016,fanout_0017,ATLASSIAN,risk,A2 MILK's product recall and negative market reaction,active,0.74,0.82,commentary:youtube_transcript,youtube_transcript:asx-daily-rundown-atlassian-lifts-tech-a2-milk-recall-shock-accent-group-all-time-lows:88e960386e503796,2026-05-04T08:25:05+00:00,2026-05-04T08:25:05+00:00,status_expire_candidate_after_approval,still_active_from_prior_high_confidence_expire_manifest,no
736,active_fanout_0016,fanout_0017,NAB,risk,A2 MILK's product recall and negative market reaction,active,0.74,0.82,commentary:youtube_transcript,youtube_transcript:asx-daily-rundown-atlassian-lifts-tech-a2-milk-recall-shock-accent-group-all-time-lows:88e960386e503796,2026-05-04T08:25:16+00:00,2026-05-04T08:25:16+00:00,status_expire_candidate_after_approval,still_active_from_prior_high_confidence_expire_manifest,no
737,active_fanout_0016,fanout_0017,BHP,risk,A2 MILK's product recall and negative market reaction,active,0.74,0.82,commentary:youtube_transcript,youtube_transcript:asx-daily-rundown-atlassian-lifts-tech-a2-milk-recall-shock-accent-group-all-time-lows:88e960386e503796,2026-05-04T08:25:16+00:00,2026-05-04T08:25:16+00:00,status_expire_candidate_after_approval,still_active_from_prior_high_confidence_expire_manifest,no
738,active_fanout_0016,fanout_0017,KEY PETROLEUM,risk,A2 MILK's product recall and negative market reaction,active,0.74,0.82,commentary:youtube_transcript,youtube_transcript:asx-daily-rundown-atlassian-lifts-tech-a2-milk-recall-shock-accent-group-all-time-lows:88e960386e503796,2026-05-04T08:25:16+00:00,2026-05-04T08:25:16+00:00,status_expire_candidate_after_approval,still_active_from_prior_high_confidence_expire_manifest,no
739,active_fanout_0016,fanout_0017,GCM CORPORATION,risk,A2 MILK's product recall and negative market reaction,active,0.74,0.82,commentary:youtube_transcript,youtube_transcript:asx-daily-rundown-atlassian-lifts-tech-a2-milk-recall-shock-accent-group-all-time-lows:88e960386e503796,2026-05-04T08:25:16+00:00,2026-05-04T08:25:16+00:00,status_expire_candidate_after_approval,still_active_from_prior_high_confidence_expire_manifest,no
740,active_fanout_0016,fanout_0017,MARINO AND CO,risk,A2 MILK's product recall and negative market reaction,active,0.74,0.82,commentary:youtube_transcript,youtube_transcript:asx-daily-rundown-atlassian-lifts-tech-a2-milk-recall-shock-accent-group-all-time-lows:88e960386e503796,2026-05-04T08:25:16+00:00,2026-05-04T08:25:16+00:00,status_expire_candidate_after_approval,still_active_from_prior_high_confidence_expire_manifest,no
741,active_fanout_0016,fanout_0017,CLARITY,risk,A2 MILK's product recall and negative market reaction,active,0.74,0.82,commentary:youtube_transcript,youtube_transcript:asx-daily-rundown-atlassian-lifts-tech-a2-milk-recall-shock-accent-group-all-time-lows:88e960386e503796,2026-05-04T08:25:16+00:00,2026-05-04T08:25:16+00:00,status_expire_candidate_after_approval,still_active_from_prior_high_confidence_expire_manifest,no
742,active_fanout_0016,fanout_0017,WIN MEDALS,risk,A2 MILK's product recall and negative market reaction,active,0.74,0.82,commentary:youtube_transcript,youtube_transcript:asx-daily-rundown-atlassian-lifts-tech-a2-milk-recall-shock-accent-group-all-time-lows:88e960386e503796,2026-05-04T08:25:16+00:00,2026-05-04T08:25:16+00:00,status_expire_candidate_after_approval,still_active_from_prior_high_confidence_expire_manifest,no
743,active_fanout_0016,fanout_0017,AXEN GROUP,risk,A2 MILK's product recall and negative market reaction,active,0.74,0.82,commentary:youtube_transcript,youtube_transcript:asx-daily-rundown-atlassian-lifts-tech-a2-milk-recall-shock-accent-group-all-time-lows:88e960386e503796,2026-05-04T08:25:16+00:00,2026-05-04T08:25:16+00:00,status_expire_candidate_after_approval,still_active_from_prior_high_confidence_expire_manifest,no
744,active_fanout_0016,fanout_0017,STRICKLAND METALS,risk,A2 MILK's product recall and negative market reaction,active,0.74,0.82,commentary:youtube_transcript,youtube_transcript:asx-daily-rundown-atlassian-lifts-tech-a2-milk-recall-shock-accent-group-all-time-lows:88e960386e503796,2026-05-04T08:25:16+00:00,2026-05-04T08:25:16+00:00,status_expire_candidate_after_approval,still_active_from_prior_high_confidence_expire_manifest,no
745,active_fanout_0016,fanout_0017,LION TOWN,risk,A2 MILK's product recall and negative market reaction,active,0.74,0.82,commentary:youtube_transcript,youtube_transcript:asx-daily-rundown-atlassian-lifts-tech-a2-milk-recall-shock-accent-group-all-time-lows:88e960386e503796,2026-05-04T08:25:17+00:00,2026-05-04T08:25:17+00:00,status_expire_candidate_after_approval,still_active_from_prior_high_confidence_expire_manifest,no
746,active_fanout_0016,fanout_0017,IMRO,risk,A2 MILK's product recall and negative market reaction,active,0.74,0.82,commentary:youtube_transcript,youtube_transcript:asx-daily-rundown-atlassian-lifts-tech-a2-milk-recall-shock-accent-group-all-time-lows:88e960386e503796,2026-05-04T08:25:17+00:00,2026-05-04T08:25:17+00:00,status_expire_candidate_after_approval,still_active_from_prior_high_confidence_expire_manifest,no
747,active_fanout_0016,fanout_0017,PENINSULA,risk,A2 MILK's product recall and negative market reaction,active,0.74,0.82,commentary:youtube_transcript,youtube_transcript:asx-daily-rundown-atlassian-lifts-tech-a2-milk-recall-shock-accent-group-all-time-lows:88e960386e503796,2026-05-04T08:25:17+00:00,2026-05-04T08:25:17+00:00,status_expire_candidate_after_approval,still_active_from_prior_high_confidence_expire_manifest,no
748,active_fanout_0016,fanout_0017,BRAIN CHIP,risk,A2 MILK's product recall and negative market reaction,active,0.74,0.82,commentary:youtube_transcript,youtube_transcript:asx-daily-rundown-atlassian-lifts-tech-a2-milk-recall-shock-accent-group-all-time-lows:88e960386e503796,2026-05-04T08:25:17+00:00,2026-05-04T08:25:17+00:00,status_expire_candidate_after_approval,still_active_from_prior_high_confidence_expire_manifest,no
749,active_fanout_0016,fanout_0017,VERITUS,risk,A2 MILK's product recall and negative market reaction,active,0.74,0.82,commentary:youtube_transcript,youtube_transcript:asx-daily-rundown-atlassian-lifts-tech-a2-milk-recall-shock-accent-group-all-time-lows:88e960386e503796,2026-05-04T08:25:18+00:00,2026-05-04T08:25:18+00:00,status_expire_candidate_after_approval,still_active_from_prior_high_confidence_expire_manifest,no
750,active_fanout_0016,fanout_0017,PETTIMED,risk,A2 MILK's product recall and negative market reaction,active,0.74,0.82,commentary:youtube_transcript,youtube_transcript:asx-daily-rundown-atlassian-lifts-tech-a2-milk-recall-shock-accent-group-all-time-lows:88e960386e503796,2026-05-04T08:25:18+00:00,2026-05-04T08:25:18+00:00,status_expire_candidate_after_approval,still_active_from_prior_high_confidence_expire_manifest,no
1081,active_fanout_0016,fanout_0017,END,risk,A2 MILK's product recall and negative market reaction,active,0.74,0.82,commentary:youtube_transcript,youtube_transcript:asx-daily-rundown-atlassian-lifts-tech-a2-milk-recall-shock-accent-group-all-time-lows:88e960386e503796,2026-05-04T08:26:48+00:00,2026-05-04T08:26:48+00:00,status_expire_candidate_after_approval,still_active_from_prior_high_confidence_expire_manifest,no
1082,active_fanout_0016,fanout_0017,COH,risk,A2 MILK's product recall and negative market reaction,active,0.74,0.82,commentary:youtube_transcript,youtube_transcript:asx-daily-rundown-atlassian-lifts-tech-a2-milk-recall-shock-accent-group-all-time-lows:88e960386e503796,2026-05-04T08:26:48+00:00,2026-05-04T08:26:48+00:00,status_expire_candidate_after_approval,still_active_from_prior_high_confidence_expire_manifest,no
1083,active_fanout_0016,fanout_0017,WES,risk,A2 MILK's product recall and negative market reaction,active,0.74,0.82,commentary:youtube_transcript,youtube_transcript:asx-daily-rundown-atlassian-lifts-tech-a2-milk-recall-shock-accent-group-all-time-lows:88e960386e503796,2026-05-04T08:26:49+00:00,2026-05-04T08:26:49+00:00,status_expire_candidate_after_approval,still_active_from_prior_high_confidence_expire_manifest,no
1084,active_fanout_0016,fanout_0017,WBC,risk,A2 MILK's product recall and negative market reaction,active,0.74,0.82,commentary:youtube_transcript,youtube_transcript:asx-daily-rundown-atlassian-lifts-tech-a2-milk-recall-shock-accent-group-all-time-lows:88e960386e503796,2026-05-04T08:26:49+00:00,2026-05-04T08:26:49+00:00,status_expire_candidate_after_approval,still_active_from_prior_high_confidence_expire_manifest,no
1085,active_fanout_0016,fanout_0017,KEY,risk,A2 MILK's product recall and negative market reaction,active,0.74,0.82,commentary:youtube_transcript,youtube_transcript:asx-daily-rundown-atlassian-lifts-tech-a2-milk-recall-shock-accent-group-all-time-lows:88e960386e503796,2026-05-04T08:26:49+00:00,2026-05-04T08:26:49+00:00,status_expire_candidate_after_approval,still_active_from_prior_high_confidence_expire_manifest,no
1086,active_fanout_0016,fanout_0017,GCM,risk,A2 MILK's product recall and negative market reaction,active,0.74,0.82,commentary:youtube_transcript,youtube_transcript:asx-daily-rundown-atlassian-lifts-tech-a2-milk-recall-shock-accent-group-all-time-lows:88e960386e503796,2026-05-04T08:26:49+00:00,2026-05-04T08:26:49+00:00,status_expire_candidate_after_approval,still_active_from_prior_high_confidence_expire_manifest,no
1087,active_fanout_0016,fanout_0017,MAR,risk,A2 MILK's product recall and negative market reaction,active,0.74,0.82,commentary:youtube_transcript,youtube_transcript:asx-daily-rundown-atlassian-lifts-tech-a2-milk-recall-shock-accent-group-all-time-lows:88e960386e503796,2026-05-04T08:26:49+00:00,2026-05-04T08:26:49+00:00,status_expire_candidate_after_approval,still_active_from_prior_high_confidence_expire_manifest,no
1088,active_fanout_0016,fanout_0017,CLT,risk,A2 MILK's product recall and negative market reaction,active,0.74,0.82,commentary:youtube_transcript,youtube_transcript:asx-daily-rundown-atlassian-lifts-tech-a2-milk-recall-shock-accent-group-all-time-lows:88e960386e503796,2026-05-04T08:26:50+00:00,2026-05-04T08:26:50+00:00,status_expire_candidate_after_approval,still_active_from_prior_high_confidence_expire_manifest,no
1089,active_fanout_0016,fanout_0017,WIN,risk,A2 MILK's product recall and negative market reaction,active,0.74,0.82,commentary:youtube_transcript,youtube_transcript:asx-daily-rundown-atlassian-lifts-tech-a2-milk-recall-shock-accent-group-all-time-lows:88e960386e503796,2026-05-04T08:26:51+00:00,2026-05-04T08:26:51+00:00,status_expire_candidate_after_approval,still_active_from_prior_high_confidence_expire_manifest,no
1090,active_fanout_0016,fanout_0017,SKT,risk,A2 MILK's product recall and negative market reaction,active,0.74,0.82,commentary:youtube_transcript,youtube_transcript:asx-daily-rundown-atlassian-lifts-tech-a2-milk-recall-shock-accent-group-all-time-lows:88e960386e503796,2026-05-04T08:26:51+00:00,2026-05-04T08:26:51+00:00,status_expire_candidate_after_approval,still_active_from_prior_high_confidence_expire_manifest,no
1091,active_fanout_0016,fanout_0017,VCE,risk,A2 MILK's product recall and negative market reaction,active,0.74,0.82,commentary:youtube_transcript,youtube_transcript:asx-daily-rundown-atlassian-lifts-tech-a2-milk-recall-shock-accent-group-all-time-lows:88e960386e503796,2026-05-04T08:26:51+00:00,2026-05-04T08:26:51+00:00,status_expire_candidate_after_approval,still_active_from_prior_high_confidence_expire_manifest,no
1092,active_fanout_0016,fanout_0017,SNW,risk,A2 MILK's product recall and negative market reaction,active,0.74,0.82,commentary:youtube_transcript,youtube_transcript:asx-daily-rundown-atlassian-lifts-tech-a2-milk-recall-shock-accent-group-all-time-lows:88e960386e503796,2026-05-04T08:26:51+00:00,2026-05-04T08:26:51+00:00,status_expire_candidate_after_approval,still_active_from_prior_high_confidence_expire_manifest,no
1093,active_fanout_0016,fanout_0017,LON,risk,A2 MILK's product recall and negative market reaction,active,0.74,0.82,commentary:youtube_transcript,youtube_transcript:asx-daily-rundown-atlassian-lifts-tech-a2-milk-recall-shock-accent-group-all-time-lows:88e960386e503796,2026-05-04T08:26:51+00:00,2026-05-04T08:26:51+00:00,status_expire_candidate_after_approval,still_active_from_prior_high_confidence_expire_manifest,no
1094,active_fanout_0016,fanout_0017,PET,risk,A2 MILK's product recall and negative market reaction,active,0.74,0.82,commentary:youtube_transcript,youtube_transcript:asx-daily-rundown-atlassian-lifts-tech-a2-milk-recall-shock-accent-group-all-time-lows:88e960386e503796,2026-05-04T08:26:51+00:00,2026-05-04T08:26:51+00:00,status_expire_candidate_after_approval,still_active_from_prior_high_confidence_expire_manifest,no
1095,active_fanout_0016,fanout_0017,STK,risk,A2 MILK's product recall and negative market reaction,active,0.74,0.82,commentary:youtube_transcript,youtube_transcript:asx-daily-rundown-atlassian-lifts-tech-a2-milk-recall-shock-accent-group-all-time-lows:88e960386e503796,2026-05-04T08:26:51+00:00,2026-05-04T08:26:51+00:00,status_expire_candidate_after_approval,still_active_from_prior_high_confidence_expire_manifest,no
1096,active_fanout_0016,fanout_0017,INDE,risk,A2 MILK's product recall and negative market reaction,active,0.74,0.82,commentary:youtube_transcript,youtube_transcript:asx-daily-rundown-atlassian-lifts-tech-a2-milk-recall-shock-accent-group-all-time-lows:88e960386e503796,2026-05-04T08:26:51+00:00,2026-05-04T08:26:51+00:00,status_expire_candidate_after_approval,still_active_from_prior_high_confidence_expire_manifest,no
1097,active_fanout_0016,fanout_0017,PETT,risk,A2 MILK's product recall and negative market reaction,active,0.74,0.82,commentary:youtube_transcript,youtube_transcript:asx-daily-rundown-atlassian-lifts-tech-a2-milk-recall-shock-accent-group-all-time-lows:88e960386e503796,2026-05-04T08:26:51+00:00,2026-05-04T08:26:51+00:00,status_expire_candidate_after_approval,still_active_from_prior_high_confidence_expire_manifest,no
1098,active_fanout_0016,fanout_0017,C79,risk,A2 MILK's product recall and negative market reaction,active,0.74,0.82,commentary:youtube_transcript,youtube_transcript:asx-daily-rundown-atlassian-lifts-tech-a2-milk-recall-shock-accent-group-all-time-lows:88e960386e503796,2026-05-04T08:26:51+00:00,2026-05-04T08:26:51+00:00,status_expire_candidate_after_approval,still_active_from_prior_high_confidence_expire_manifest,no
1099,active_fanout_0016,fanout_0017,ACCENT GROUP,risk,A2 MILK's product recall and negative market reaction,active,0.74,0.82,commentary:youtube_transcript,youtube_transcript:asx-daily-rundown-atlassian-lifts-tech-a2-milk-recall-shock-accent-group-all-time-lows:88e960386e503796,2026-05-04T08:26:52+00:00,2026-05-04T08:26:52+00:00,status_expire_candidate_after_approval,still_active_from_prior_high_confidence_expire_manifest,no
1152,active_fanout_0017,fanout_0019,ASX,risk,"ACCENT GROUP's share price approaching 50 cents, which is an all-time low for the company",active,0.79,0.91,commentary:youtube_transcript,youtube_transcript:asx-daily-rundown-atlassian-lifts-tech-a2-milk-recall-shock-accent-group-all-time-lows:88e960386e503796,2026-05-04T08:27:00+00:00,2026-05-04T08:27:00+00:00,status_expire_candidate_after_approval,still_active_from_prior_high_confidence_expire_manifest,no
1153,active_fanout_0017,fanout_0019,TXT,risk,"ACCENT GROUP's share price approaching 50 cents, which is an all-time low for the company",active,0.79,0.91,commentary:youtube_transcript,youtube_transcript:asx-daily-rundown-atlassian-lifts-tech-a2-milk-recall-shock-accent-group-all-time-lows:88e960386e503796,2026-05-04T08:27:00+00:00,2026-05-04T08:27:00+00:00,status_expire_candidate_after_approval,still_active_from_prior_high_confidence_expire_manifest,no
1154,active_fanout_0017,fanout_0019,XTX,risk,"ACCENT GROUP's share price approaching 50 cents, which is an all-time low for the company",active,0.79,0.91,commentary:youtube_transcript,youtube_transcript:asx-daily-rundown-atlassian-lifts-tech-a2-milk-recall-shock-accent-group-all-time-lows:88e960386e503796,2026-05-04T08:27:00+00:00,2026-05-04T08:27:00+00:00,status_expire_candidate_after_approval,still_active_from_prior_high_confidence_expire_manifest,no
1155,active_fanout_0017,fanout_0019,A2M,risk,"ACCENT GROUP's share price approaching 50 cents, which is an all-time low for the company",active,0.79,0.91,commentary:youtube_transcript,youtube_transcript:asx-daily-rundown-atlassian-lifts-tech-a2-milk-recall-shock-accent-group-all-time-lows:88e960386e503796,2026-05-04T08:27:00+00:00,2026-05-04T08:27:00+00:00,status_expire_candidate_after_approval,still_active_from_prior_high_confidence_expire_manifest,no
1156,active_fanout_0017,fanout_0019,END,risk,"ACCENT GROUP's share price approaching 50 cents, which is an all-time low for the company",active,0.79,0.91,commentary:youtube_transcript,youtube_transcript:asx-daily-rundown-atlassian-lifts-tech-a2-milk-recall-shock-accent-group-all-time-lows:88e960386e503796,2026-05-04T08:27:00+00:00,2026-05-04T08:27:00+00:00,status_expire_candidate_after_approval,still_active_from_prior_high_confidence_expire_manifest,no
1157,active_fanout_0017,fanout_0019,COH,risk,"ACCENT GROUP's share price approaching 50 cents, which is an all-time low for the company",active,0.79,0.91,commentary:youtube_transcript,youtube_transcript:asx-daily-rundown-atlassian-lifts-tech-a2-milk-recall-shock-accent-group-all-time-lows:88e960386e503796,2026-05-04T08:27:00+00:00,2026-05-04T08:27:00+00:00,status_expire_candidate_after_approval,still_active_from_prior_high_confidence_expire_manifest,no
1158,active_fanout_0017,fanout_0019,WES,risk,"ACCENT GROUP's share price approaching 50 cents, which is an all-time low for the company",active,0.79,0.91,commentary:youtube_transcript,youtube_transcript:asx-daily-rundown-atlassian-lifts-tech-a2-milk-recall-shock-accent-group-all-time-lows:88e960386e503796,2026-05-04T08:27:01+00:00,2026-05-04T08:27:01+00:00,status_expire_candidate_after_approval,still_active_from_prior_high_confidence_expire_manifest,no
1159,active_fanout_0017,fanout_0019,BHP,risk,"ACCENT GROUP's share price approaching 50 cents, which is an all-time low for the company",active,0.79,0.91,commentary:youtube_transcript,youtube_transcript:asx-daily-rundown-atlassian-lifts-tech-a2-milk-recall-shock-accent-group-all-time-lows:88e960386e503796,2026-05-04T08:27:02+00:00,2026-05-04T08:27:02+00:00,status_expire_candidate_after_approval,still_active_from_prior_high_confidence_expire_manifest,no
1160,active_fanout_0017,fanout_0019,NAB,risk,"ACCENT GROUP's share price approaching 50 cents, which is an all-time low for the company",active,0.79,0.91,commentary:youtube_transcript,youtube_transcript:asx-daily-rundown-atlassian-lifts-tech-a2-milk-recall-shock-accent-group-all-time-lows:88e960386e503796,2026-05-04T08:27:02+00:00,2026-05-04T08:27:02+00:00,status_expire_candidate_after_approval,still_active_from_prior_high_confidence_expire_manifest,no
1161,active_fanout_0017,fanout_0019,WBC,risk,"ACCENT GROUP's share price approaching 50 cents, which is an all-time low for the company",active,0.79,0.91,commentary:youtube_transcript,youtube_transcript:asx-daily-rundown-atlassian-lifts-tech-a2-milk-recall-shock-accent-group-all-time-lows:88e960386e503796,2026-05-04T08:27:02+00:00,2026-05-04T08:27:02+00:00,status_expire_candidate_after_approval,still_active_from_prior_high_confidence_expire_manifest,no
1162,active_fanout_0017,fanout_0019,KEY,risk,"ACCENT GROUP's share price approaching 50 cents, which is an all-time low for the company",active,0.79,0.91,commentary:youtube_transcript,youtube_transcript:asx-daily-rundown-atlassian-lifts-tech-a2-milk-recall-shock-accent-group-all-time-lows:88e960386e503796,2026-05-04T08:27:02+00:00,2026-05-04T08:27:02+00:00,status_expire_candidate_after_approval,still_active_from_prior_high_confidence_expire_manifest,no
1163,active_fanout_0017,fanout_0019,GCM,risk,"ACCENT GROUP's share price approaching 50 cents, which is an all-time low for the company",active,0.79,0.91,commentary:youtube_transcript,youtube_transcript:asx-daily-rundown-atlassian-lifts-tech-a2-milk-recall-shock-accent-group-all-time-lows:88e960386e503796,2026-05-04T08:27:02+00:00,2026-05-04T08:27:02+00:00,status_expire_candidate_after_approval,still_active_from_prior_high_confidence_expire_manifest,no
1164,active_fanout_0017,fanout_0019,MAR,risk,"ACCENT GROUP's share price approaching 50 cents, which is an all-time low for the company",active,0.79,0.91,commentary:youtube_transcript,youtube_transcript:asx-daily-rundown-atlassian-lifts-tech-a2-milk-recall-shock-accent-group-all-time-lows:88e960386e503796,2026-05-04T08:27:03+00:00,2026-05-04T08:27:03+00:00,status_expire_candidate_after_approval,still_active_from_prior_high_confidence_expire_manifest,no
1165,active_fanout_0017,fanout_0019,CLT,risk,"ACCENT GROUP's share price approaching 50 cents, which is an all-time low for the company",active,0.79,0.91,commentary:youtube_transcript,youtube_transcript:asx-daily-rundown-atlassian-lifts-tech-a2-milk-recall-shock-accent-group-all-time-lows:88e960386e503796,2026-05-04T08:27:03+00:00,2026-05-04T08:27:03+00:00,status_expire_candidate_after_approval,still_active_from_prior_high_confidence_expire_manifest,no
1166,active_fanout_0017,fanout_0019,WIN,risk,"ACCENT GROUP's share price approaching 50 cents, which is an all-time low for the company",active,0.79,0.91,commentary:youtube_transcript,youtube_transcript:asx-daily-rundown-atlassian-lifts-tech-a2-milk-recall-shock-accent-group-all-time-lows:88e960386e503796,2026-05-04T08:27:04+00:00,2026-05-04T08:27:04+00:00,status_expire_candidate_after_approval,still_active_from_prior_high_confidence_expire_manifest,no
1167,active_fanout_0017,fanout_0019,SKT,risk,"ACCENT GROUP's share price approaching 50 cents, which is an all-time low for the company",active,0.79,0.91,commentary:youtube_transcript,youtube_transcript:asx-daily-rundown-atlassian-lifts-tech-a2-milk-recall-shock-accent-group-all-time-lows:88e960386e503796,2026-05-04T08:27:04+00:00,2026-05-04T08:27:04+00:00,status_expire_candidate_after_approval,still_active_from_prior_high_confidence_expire_manifest,no
1168,active_fanout_0017,fanout_0019,VCE,risk,"ACCENT GROUP's share price approaching 50 cents, which is an all-time low for the company",active,0.79,0.91,commentary:youtube_transcript,youtube_transcript:asx-daily-rundown-atlassian-lifts-tech-a2-milk-recall-shock-accent-group-all-time-lows:88e960386e503796,2026-05-04T08:27:04+00:00,2026-05-04T08:27:04+00:00,status_expire_candidate_after_approval,still_active_from_prior_high_confidence_expire_manifest,no
1169,active_fanout_0017,fanout_0019,SNW,risk,"ACCENT GROUP's share price approaching 50 cents, which is an all-time low for the company",active,0.79,0.91,commentary:youtube_transcript,youtube_transcript:asx-daily-rundown-atlassian-lifts-tech-a2-milk-recall-shock-accent-group-all-time-lows:88e960386e503796,2026-05-04T08:27:04+00:00,2026-05-04T08:27:04+00:00,status_expire_candidate_after_approval,still_active_from_prior_high_confidence_expire_manifest,no
1170,active_fanout_0017,fanout_0019,LON,risk,"ACCENT GROUP's share price approaching 50 cents, which is an all-time low for the company",active,0.79,0.91,commentary:youtube_transcript,youtube_transcript:asx-daily-rundown-atlassian-lifts-tech-a2-milk-recall-shock-accent-group-all-time-lows:88e960386e503796,2026-05-04T08:27:04+00:00,2026-05-04T08:27:04+00:00,status_expire_candidate_after_approval,still_active_from_prior_high_confidence_expire_manifest,no
1171,active_fanout_0017,fanout_0019,PET,risk,"ACCENT GROUP's share price approaching 50 cents, which is an all-time low for the company",active,0.79,0.91,commentary:youtube_transcript,youtube_transcript:asx-daily-rundown-atlassian-lifts-tech-a2-milk-recall-shock-accent-group-all-time-lows:88e960386e503796,2026-05-04T08:27:04+00:00,2026-05-04T08:27:04+00:00,status_expire_candidate_after_approval,still_active_from_prior_high_confidence_expire_manifest,no
1172,active_fanout_0017,fanout_0019,STK,risk,"ACCENT GROUP's share price approaching 50 cents, which is an all-time low for the company",active,0.79,0.91,commentary:youtube_transcript,youtube_transcript:asx-daily-rundown-atlassian-lifts-tech-a2-milk-recall-shock-accent-group-all-time-lows:88e960386e503796,2026-05-04T08:27:05+00:00,2026-05-04T08:27:05+00:00,status_expire_candidate_after_approval,still_active_from_prior_high_confidence_expire_manifest,no
1173,active_fanout_0017,fanout_0019,INDE,risk,"ACCENT GROUP's share price approaching 50 cents, which is an all-time low for the company",active,0.79,0.91,commentary:youtube_transcript,youtube_transcript:asx-daily-rundown-atlassian-lifts-tech-a2-milk-recall-shock-accent-group-all-time-lows:88e960386e503796,2026-05-04T08:27:05+00:00,2026-05-04T08:27:05+00:00,status_expire_candidate_after_approval,still_active_from_prior_high_confidence_expire_manifest,no
1174,active_fanout_0017,fanout_0019,PETT,risk,"ACCENT GROUP's share price approaching 50 cents, which is an all-time low for the company",active,0.79,0.91,commentary:youtube_transcript,youtube_transcript:asx-daily-rundown-atlassian-lifts-tech-a2-milk-recall-shock-accent-group-all-time-lows:88e960386e503796,2026-05-04T08:27:05+00:00,2026-05-04T08:27:05+00:00,status_expire_candidate_after_approval,still_active_from_prior_high_confidence_expire_manifest,no
1175,active_fanout_0017,fanout_0019,C79,risk,"ACCENT GROUP's share price approaching 50 cents, which is an all-time low for the company",active,0.79,0.91,commentary:youtube_transcript,youtube_transcript:asx-daily-rundown-atlassian-lifts-tech-a2-milk-recall-shock-accent-group-all-time-lows:88e960386e503796,2026-05-04T08:27:05+00:00,2026-05-04T08:27:05+00:00,status_expire_candidate_after_approval,still_active_from_prior_high_confidence_expire_manifest,no
1176,active_fanout_0017,fanout_0019,A2 MILK,risk,"ACCENT GROUP's share price approaching 50 cents, which is an all-time low for the company",active,0.79,0.91,commentary:youtube_transcript,youtube_transcript:asx-daily-rundown-atlassian-lifts-tech-a2-milk-recall-shock-accent-group-all-time-lows:88e960386e503796,2026-05-04T08:27:06+00:00,2026-05-04T08:27:06+00:00,status_expire_candidate_after_approval,still_active_from_prior_high_confidence_expire_manifest,no
1991,active_fanout_0017,fanout_0019,ENDV,risk,"ACCENT GROUP's share price approaching 50 cents, which is an all-time low for the company",active,0.79,0.91,commentary:youtube_transcript,youtube_transcript:asx-daily-rundown-atlassian-lifts-tech-a2-milk-recall-shock-accent-group-all-time-lows:88e960386e503796,2026-05-05T04:22:19+00:00,2026-05-05T04:22:19+00:00,status_expire_candidate_after_approval,still_active_from_prior_high_confidence_expire_manifest,no
1992,active_fanout_0017,fanout_0019,KEYP,risk,"ACCENT GROUP's share price approaching 50 cents, which is an all-time low for the company",active,0.79,0.91,commentary:youtube_transcript,youtube_transcript:asx-daily-rundown-atlassian-lifts-tech-a2-milk-recall-shock-accent-group-all-time-lows:88e960386e503796,2026-05-05T04:22:21+00:00,2026-05-05T04:22:21+00:00,status_expire_candidate_after_approval,still_active_from_prior_high_confidence_expire_manifest,no
1993,active_fanout_0017,fanout_0019,GCMC,risk,"ACCENT GROUP's share price approaching 50 cents, which is an all-time low for the company",active,0.79,0.91,commentary:youtube_transcript,youtube_transcript:asx-daily-rundown-atlassian-lifts-tech-a2-milk-recall-shock-accent-group-all-time-lows:88e960386e503796,2026-05-05T04:22:21+00:00,2026-05-05T04:22:21+00:00,status_expire_candidate_after_approval,still_active_from_prior_high_confidence_expire_manifest,no
1994,active_fanout_0017,fanout_0019,MARINO,risk,"ACCENT GROUP's share price approaching 50 cents, which is an all-time low for the company",active,0.79,0.91,commentary:youtube_transcript,youtube_transcript:asx-daily-rundown-atlassian-lifts-tech-a2-milk-recall-shock-accent-group-all-time-lows:88e960386e503796,2026-05-05T04:22:21+00:00,2026-05-05T04:22:21+00:00,status_expire_candidate_after_approval,still_active_from_prior_high_confidence_expire_manifest,no
1995,active_fanout_0017,fanout_0019,CLAR,risk,"ACCENT GROUP's share price approaching 50 cents, which is an all-time low for the company",active,0.79,0.91,commentary:youtube_transcript,youtube_transcript:asx-daily-rundown-atlassian-lifts-tech-a2-milk-recall-shock-accent-group-all-time-lows:88e960386e503796,2026-05-05T04:22:21+00:00,2026-05-05T04:22:21+00:00,status_expire_candidate_after_approval,still_active_from_prior_high_confidence_expire_manifest,no
1996,active_fanout_0017,fanout_0019,LIVN,risk,"ACCENT GROUP's share price approaching 50 cents, which is an all-time low for the company",active,0.79,0.91,commentary:youtube_transcript,youtube_transcript:asx-daily-rundown-atlassian-lifts-tech-a2-milk-recall-shock-accent-group-all-time-lows:88e960386e503796,2026-05-05T04:22:22+00:00,2026-05-05T04:22:22+00:00,status_expire_candidate_after_approval,still_active_from_prior_high_confidence_expire_manifest,no
1997,active_fanout_0017,fanout_0019,SN,risk,"ACCENT GROUP's share price approaching 50 cents, which is an all-time low for the company",active,0.79,0.91,commentary:youtube_transcript,youtube_transcript:asx-daily-rundown-atlassian-lifts-tech-a2-milk-recall-shock-accent-group-all-time-lows:88e960386e503796,2026-05-05T04:22:22+00:00,2026-05-05T04:22:22+00:00,status_expire_candidate_after_approval,still_active_from_prior_high_confidence_expire_manifest,no
1998,active_fanout_0017,fanout_0019,LION,risk,"ACCENT GROUP's share price approaching 50 cents, which is an all-time low for the company",active,0.79,0.91,commentary:youtube_transcript,youtube_transcript:asx-daily-rundown-atlassian-lifts-tech-a2-milk-recall-shock-accent-group-all-time-lows:88e960386e503796,2026-05-05T04:22:22+00:00,2026-05-05T04:22:22+00:00,status_expire_candidate_after_approval,still_active_from_prior_high_confidence_expire_manifest,no
1039,active_fanout_0018,fanout_0021,ASX,risk,Over issuance of shares by Pettimed leading to a significant drop in share price,active,0.76,0.91,commentary:youtube_transcript,youtube_transcript:asx-daily-rundown-atlassian-lifts-tech-a2-milk-recall-shock-accent-group-all-time-lows:88e960386e503796,2026-05-04T08:26:36+00:00,2026-05-04T08:26:36+00:00,status_expire_candidate_after_approval,still_active_from_prior_high_confidence_expire_manifest,no
1040,active_fanout_0018,fanout_0021,TXT,risk,Over issuance of shares by Pettimed leading to a significant drop in share price,active,0.76,0.91,commentary:youtube_transcript,youtube_transcript:asx-daily-rundown-atlassian-lifts-tech-a2-milk-recall-shock-accent-group-all-time-lows:88e960386e503796,2026-05-04T08:26:36+00:00,2026-05-04T08:26:36+00:00,status_expire_candidate_after_approval,still_active_from_prior_high_confidence_expire_manifest,no
1041,active_fanout_0018,fanout_0021,XTX,risk,Over issuance of shares by Pettimed leading to a significant drop in share price,active,0.76,0.91,commentary:youtube_transcript,youtube_transcript:asx-daily-rundown-atlassian-lifts-tech-a2-milk-recall-shock-accent-group-all-time-lows:88e960386e503796,2026-05-04T08:26:36+00:00,2026-05-04T08:26:36+00:00,status_expire_candidate_after_approval,still_active_from_prior_high_confidence_expire_manifest,no
1042,active_fanout_0018,fanout_0021,A2M,risk,Over issuance of shares by Pettimed leading to a significant drop in share price,active,0.76,0.91,commentary:youtube_transcript,youtube_transcript:asx-daily-rundown-atlassian-lifts-tech-a2-milk-recall-shock-accent-group-all-time-lows:88e960386e503796,2026-05-04T08:26:36+00:00,2026-05-04T08:26:36+00:00,status_expire_candidate_after_approval,still_active_from_prior_high_confidence_expire_manifest,no
1043,active_fanout_0018,fanout_0021,END,risk,Over issuance of shares by Pettimed leading to a significant drop in share price,active,0.76,0.91,commentary:youtube_transcript,youtube_transcript:asx-daily-rundown-atlassian-lifts-tech-a2-milk-recall-shock-accent-group-all-time-lows:88e960386e503796,2026-05-04T08:26:36+00:00,2026-05-04T08:26:36+00:00,status_expire_candidate_after_approval,still_active_from_prior_high_confidence_expire_manifest,no
1044,active_fanout_0018,fanout_0021,COH,risk,Over issuance of shares by Pettimed leading to a significant drop in share price,active,0.76,0.91,commentary:youtube_transcript,youtube_transcript:asx-daily-rundown-atlassian-lifts-tech-a2-milk-recall-shock-accent-group-all-time-lows:88e960386e503796,2026-05-04T08:26:36+00:00,2026-05-04T08:26:36+00:00,status_expire_candidate_after_approval,still_active_from_prior_high_confidence_expire_manifest,no
1045,active_fanout_0018,fanout_0021,WES,risk,Over issuance of shares by Pettimed leading to a significant drop in share price,active,0.76,0.91,commentary:youtube_transcript,youtube_transcript:asx-daily-rundown-atlassian-lifts-tech-a2-milk-recall-shock-accent-group-all-time-lows:88e960386e503796,2026-05-04T08:26:37+00:00,2026-05-04T08:26:37+00:00,status_expire_candidate_after_approval,still_active_from_prior_high_confidence_expire_manifest,no
1046,active_fanout_0018,fanout_0021,BHP,risk,Over issuance of shares by Pettimed leading to a significant drop in share price,active,0.76,0.91,commentary:youtube_transcript,youtube_transcript:asx-daily-rundown-atlassian-lifts-tech-a2-milk-recall-shock-accent-group-all-time-lows:88e960386e503796,2026-05-04T08:26:38+00:00,2026-05-04T08:26:38+00:00,status_expire_candidate_after_approval,still_active_from_prior_high_confidence_expire_manifest,no
1047,active_fanout_0018,fanout_0021,NAB,risk,Over issuance of shares by Pettimed leading to a significant drop in share price,active,0.76,0.91,commentary:youtube_transcript,youtube_transcript:asx-daily-rundown-atlassian-lifts-tech-a2-milk-recall-shock-accent-group-all-time-lows:88e960386e503796,2026-05-04T08:26:38+00:00,2026-05-04T08:26:38+00:00,status_expire_candidate_after_approval,still_active_from_prior_high_confidence_expire_manifest,no
1048,active_fanout_0018,fanout_0021,WBC,risk,Over issuance of shares by Pettimed leading to a significant drop in share price,active,0.76,0.91,commentary:youtube_transcript,youtube_transcript:asx-daily-rundown-atlassian-lifts-tech-a2-milk-recall-shock-accent-group-all-time-lows:88e960386e503796,2026-05-04T08:26:38+00:00,2026-05-04T08:26:38+00:00,status_expire_candidate_after_approval,still_active_from_prior_high_confidence_expire_manifest,no
1049,active_fanout_0018,fanout_0021,KEY,risk,Over issuance of shares by Pettimed leading to a significant drop in share price,active,0.76,0.91,commentary:youtube_transcript,youtube_transcript:asx-daily-rundown-atlassian-lifts-tech-a2-milk-recall-shock-accent-group-all-time-lows:88e960386e503796,2026-05-04T08:26:38+00:00,2026-05-04T08:26:38+00:00,status_expire_candidate_after_approval,still_active_from_prior_high_confidence_expire_manifest,no
1050,active_fanout_0018,fanout_0021,GCM,risk,Over issuance of shares by Pettimed leading to a significant drop in share price,active,0.76,0.91,commentary:youtube_transcript,youtube_transcript:asx-daily-rundown-atlassian-lifts-tech-a2-milk-recall-shock-accent-group-all-time-lows:88e960386e503796,2026-05-04T08:26:38+00:00,2026-05-04T08:26:38+00:00,status_expire_candidate_after_approval,still_active_from_prior_high_confidence_expire_manifest,no
1051,active_fanout_0018,fanout_0021,MAR,risk,Over issuance of shares by Pettimed leading to a significant drop in share price,active,0.76,0.91,commentary:youtube_transcript,youtube_transcript:asx-daily-rundown-atlassian-lifts-tech-a2-milk-recall-shock-accent-group-all-time-lows:88e960386e503796,2026-05-04T08:26:38+00:00,2026-05-04T08:26:38+00:00,status_expire_candidate_after_approval,still_active_from_prior_high_confidence_expire_manifest,no
1052,active_fanout_0018,fanout_0021,CLT,risk,Over issuance of shares by Pettimed leading to a significant drop in share price,active,0.76,0.91,commentary:youtube_transcript,youtube_transcript:asx-daily-rundown-atlassian-lifts-tech-a2-milk-recall-shock-accent-group-all-time-lows:88e960386e503796,2026-05-04T08:26:38+00:00,2026-05-04T08:26:38+00:00,status_expire_candidate_after_approval,still_active_from_prior_high_confidence_expire_manifest,no
1053,active_fanout_0018,fanout_0021,WIN,risk,Over issuance of shares by Pettimed leading to a significant drop in share price,active,0.76,0.91,commentary:youtube_transcript,youtube_transcript:asx-daily-rundown-atlassian-lifts-tech-a2-milk-recall-shock-accent-group-all-time-lows:88e960386e503796,2026-05-04T08:26:39+00:00,2026-05-04T08:26:39+00:00,status_expire_candidate_after_approval,still_active_from_prior_high_confidence_expire_manifest,no
1054,active_fanout_0018,fanout_0021,SKT,risk,Over issuance of shares by Pettimed leading to a significant drop in share price,active,0.76,0.91,commentary:youtube_transcript,youtube_transcript:asx-daily-rundown-atlassian-lifts-tech-a2-milk-recall-shock-accent-group-all-time-lows:88e960386e503796,2026-05-04T08:26:39+00:00,2026-05-04T08:26:39+00:00,status_expire_candidate_after_approval,still_active_from_prior_high_confidence_expire_manifest,no
1055,active_fanout_0018,fanout_0021,VCE,risk,Over issuance of shares by Pettimed leading to a significant drop in share price,active,0.76,0.91,commentary:youtube_transcript,youtube_transcript:asx-daily-rundown-atlassian-lifts-tech-a2-milk-recall-shock-accent-group-all-time-lows:88e960386e503796,2026-05-04T08:26:40+00:00,2026-05-04T08:26:40+00:00,status_expire_candidate_after_approval,still_active_from_prior_high_confidence_expire_manifest,no
1056,active_fanout_0018,fanout_0021,SNW,risk,Over issuance of shares by Pettimed leading to a significant drop in share price,active,0.76,0.91,commentary:youtube_transcript,youtube_transcript:asx-daily-rundown-atlassian-lifts-tech-a2-milk-recall-shock-accent-group-all-time-lows:88e960386e503796,2026-05-04T08:26:40+00:00,2026-05-04T08:26:40+00:00,status_expire_candidate_after_approval,still_active_from_prior_high_confidence_expire_manifest,no
1057,active_fanout_0018,fanout_0021,LON,risk,Over issuance of shares by Pettimed leading to a significant drop in share price,active,0.76,0.91,commentary:youtube_transcript,youtube_transcript:asx-daily-rundown-atlassian-lifts-tech-a2-milk-recall-shock-accent-group-all-time-lows:88e960386e503796,2026-05-04T08:26:40+00:00,2026-05-04T08:26:40+00:00,status_expire_candidate_after_approval,still_active_from_prior_high_confidence_expire_manifest,no
1059,active_fanout_0018,fanout_0021,STK,risk,Over issuance of shares by Pettimed leading to a significant drop in share price,active,0.76,0.91,commentary:youtube_transcript,youtube_transcript:asx-daily-rundown-atlassian-lifts-tech-a2-milk-recall-shock-accent-group-all-time-lows:88e960386e503796,2026-05-04T08:26:41+00:00,2026-05-04T08:26:41+00:00,status_expire_candidate_after_approval,still_active_from_prior_high_confidence_expire_manifest,no
1060,active_fanout_0018,fanout_0021,INDE,risk,Over issuance of shares by Pettimed leading to a significant drop in share price,active,0.76,0.91,commentary:youtube_transcript,youtube_transcript:asx-daily-rundown-atlassian-lifts-tech-a2-milk-recall-shock-accent-group-all-time-lows:88e960386e503796,2026-05-04T08:26:41+00:00,2026-05-04T08:26:41+00:00,status_expire_candidate_after_approval,still_active_from_prior_high_confidence_expire_manifest,no
1062,active_fanout_0018,fanout_0021,C79,risk,Over issuance of shares by Pettimed leading to a significant drop in share price,active,0.76,0.91,commentary:youtube_transcript,youtube_transcript:asx-daily-rundown-atlassian-lifts-tech-a2-milk-recall-shock-accent-group-all-time-lows:88e960386e503796,2026-05-04T08:26:42+00:00,2026-05-04T08:26:42+00:00,status_expire_candidate_after_approval,still_active_from_prior_high_confidence_expire_manifest,no
1063,active_fanout_0018,fanout_0021,A2 MILK,risk,Over issuance of shares by Pettimed leading to a significant drop in share price,active,0.76,0.91,commentary:youtube_transcript,youtube_transcript:asx-daily-rundown-atlassian-lifts-tech-a2-milk-recall-shock-accent-group-all-time-lows:88e960386e503796,2026-05-04T08:26:42+00:00,2026-05-04T08:26:42+00:00,status_expire_candidate_after_approval,still_active_from_prior_high_confidence_expire_manifest,no
1064,active_fanout_0018,fanout_0021,ACCENT GROUP,risk,Over issuance of shares by Pettimed leading to a significant drop in share price,active,0.76,0.91,commentary:youtube_transcript,youtube_transcript:asx-daily-rundown-atlassian-lifts-tech-a2-milk-recall-shock-accent-group-all-time-lows:88e960386e503796,2026-05-04T08:26:42+00:00,2026-05-04T08:26:42+00:00,status_expire_candidate_after_approval,still_active_from_prior_high_confidence_expire_manifest,no
1900,active_fanout_0018,fanout_0021,ENDV,risk,Over issuance of shares by Pettimed leading to a significant drop in share price,active,0.76,0.91,commentary:youtube_transcript,youtube_transcript:asx-daily-rundown-atlassian-lifts-tech-a2-milk-recall-shock-accent-group-all-time-lows:88e960386e503796,2026-05-05T04:21:42+00:00,2026-05-05T04:21:42+00:00,status_expire_candidate_after_approval,still_active_from_prior_high_confidence_expire_manifest,no
1901,active_fanout_0018,fanout_0021,KEYP,risk,Over issuance of shares by Pettimed leading to a significant drop in share price,active,0.76,0.91,commentary:youtube_transcript,youtube_transcript:asx-daily-rundown-atlassian-lifts-tech-a2-milk-recall-shock-accent-group-all-time-lows:88e960386e503796,2026-05-05T04:21:42+00:00,2026-05-05T04:21:42+00:00,status_expire_candidate_after_approval,still_active_from_prior_high_confidence_expire_manifest,no
1902,active_fanout_0018,fanout_0021,GCMC,risk,Over issuance of shares by Pettimed leading to a significant drop in share price,active,0.76,0.91,commentary:youtube_transcript,youtube_transcript:asx-daily-rundown-atlassian-lifts-tech-a2-milk-recall-shock-accent-group-all-time-lows:88e960386e503796,2026-05-05T04:21:42+00:00,2026-05-05T04:21:42+00:00,status_expire_candidate_after_approval,still_active_from_prior_high_confidence_expire_manifest,no
1903,active_fanout_0018,fanout_0021,MARINO,risk,Over issuance of shares by Pettimed leading to a significant drop in share price,active,0.76,0.91,commentary:youtube_transcript,youtube_transcript:asx-daily-rundown-atlassian-lifts-tech-a2-milk-recall-shock-accent-group-all-time-lows:88e960386e503796,2026-05-05T04:21:43+00:00,2026-05-05T04:21:43+00:00,status_expire_candidate_after_approval,still_active_from_prior_high_confidence_expire_manifest,no
1904,active_fanout_0018,fanout_0021,CLAR,risk,Over issuance of shares by Pettimed leading to a significant drop in share price,active,0.76,0.91,commentary:youtube_transcript,youtube_transcript:asx-daily-rundown-atlassian-lifts-tech-a2-milk-recall-shock-accent-group-all-time-lows:88e960386e503796,2026-05-05T04:21:44+00:00,2026-05-05T04:21:44+00:00,status_expire_candidate_after_approval,still_active_from_prior_high_confidence_expire_manifest,no
1905,active_fanout_0018,fanout_0021,LIVN,risk,Over issuance of shares by Pettimed leading to a significant drop in share price,active,0.76,0.91,commentary:youtube_transcript,youtube_transcript:asx-daily-rundown-atlassian-lifts-tech-a2-milk-recall-shock-accent-group-all-time-lows:88e960386e503796,2026-05-05T04:21:44+00:00,2026-05-05T04:21:44+00:00,status_expire_candidate_after_approval,still_active_from_prior_high_confidence_expire_manifest,no
1906,active_fanout_0018,fanout_0021,SN,risk,Over issuance of shares by Pettimed leading to a significant drop in share price,active,0.76,0.91,commentary:youtube_transcript,youtube_transcript:asx-daily-rundown-atlassian-lifts-tech-a2-milk-recall-shock-accent-group-all-time-lows:88e960386e503796,2026-05-05T04:21:44+00:00,2026-05-05T04:21:44+00:00,status_expire_candidate_after_approval,still_active_from_prior_high_confidence_expire_manifest,no
1907,active_fanout_0018,fanout_0021,LION,risk,Over issuance of shares by Pettimed leading to a significant drop in share price,active,0.76,0.91,commentary:youtube_transcript,youtube_transcript:asx-daily-rundown-atlassian-lifts-tech-a2-milk-recall-shock-accent-group-all-time-lows:88e960386e503796,2026-05-05T04:21:44+00:00,2026-05-05T04:21:44+00:00,status_expire_candidate_after_approval,still_active_from_prior_high_confidence_expire_manifest,no
1126,active_fanout_0019,fanout_0022,ASX,risk,Potential overreaction by the market to the recall announcement for A2 MILK,active,0.74,0.82,commentary:youtube_transcript,youtube_transcript:asx-daily-rundown-atlassian-lifts-tech-a2-milk-recall-shock-accent-group-all-time-lows:88e960386e503796,2026-05-04T08:26:56+00:00,2026-05-04T08:26:56+00:00,status_expire_candidate_after_approval,still_active_from_prior_high_confidence_expire_manifest,no
1127,active_fanout_0019,fanout_0022,TXT,risk,Potential overreaction by the market to the recall announcement for A2 MILK,active,0.74,0.82,commentary:youtube_transcript,youtube_transcript:asx-daily-rundown-atlassian-lifts-tech-a2-milk-recall-shock-accent-group-all-time-lows:88e960386e503796,2026-05-04T08:26:56+00:00,2026-05-04T08:26:56+00:00,status_expire_candidate_after_approval,still_active_from_prior_high_confidence_expire_manifest,no
1128,active_fanout_0019,fanout_0022,XTX,risk,Potential overreaction by the market to the recall announcement for A2 MILK,active,0.74,0.82,commentary:youtube_transcript,youtube_transcript:asx-daily-rundown-atlassian-lifts-tech-a2-milk-recall-shock-accent-group-all-time-lows:88e960386e503796,2026-05-04T08:26:56+00:00,2026-05-04T08:26:56+00:00,status_expire_candidate_after_approval,still_active_from_prior_high_confidence_expire_manifest,no
1130,active_fanout_0019,fanout_0022,END,risk,Potential overreaction by the market to the recall announcement for A2 MILK,active,0.74,0.82,commentary:youtube_transcript,youtube_transcript:asx-daily-rundown-atlassian-lifts-tech-a2-milk-recall-shock-accent-group-all-time-lows:88e960386e503796,2026-05-04T08:26:56+00:00,2026-05-04T08:26:56+00:00,status_expire_candidate_after_approval,still_active_from_prior_high_confidence_expire_manifest,no
1131,active_fanout_0019,fanout_0022,COH,risk,Potential overreaction by the market to the recall announcement for A2 MILK,active,0.74,0.82,commentary:youtube_transcript,youtube_transcript:asx-daily-rundown-atlassian-lifts-tech-a2-milk-recall-shock-accent-group-all-time-lows:88e960386e503796,2026-05-04T08:26:56+00:00,2026-05-04T08:26:56+00:00,status_expire_candidate_after_approval,still_active_from_prior_high_confidence_expire_manifest,no
1132,active_fanout_0019,fanout_0022,WES,risk,Potential overreaction by the market to the recall announcement for A2 MILK,active,0.74,0.82,commentary:youtube_transcript,youtube_transcript:asx-daily-rundown-atlassian-lifts-tech-a2-milk-recall-shock-accent-group-all-time-lows:88e960386e503796,2026-05-04T08:26:56+00:00,2026-05-04T08:26:56+00:00,status_expire_candidate_after_approval,still_active_from_prior_high_confidence_expire_manifest,no
1133,active_fanout_0019,fanout_0022,BHP,risk,Potential overreaction by the market to the recall announcement for A2 MILK,active,0.74,0.82,commentary:youtube_transcript,youtube_transcript:asx-daily-rundown-atlassian-lifts-tech-a2-milk-recall-shock-accent-group-all-time-lows:88e960386e503796,2026-05-04T08:26:56+00:00,2026-05-04T08:26:56+00:00,status_expire_candidate_after_approval,still_active_from_prior_high_confidence_expire_manifest,no
1134,active_fanout_0019,fanout_0022,NAB,risk,Potential overreaction by the market to the recall announcement for A2 MILK,active,0.74,0.82,commentary:youtube_transcript,youtube_transcript:asx-daily-rundown-atlassian-lifts-tech-a2-milk-recall-shock-accent-group-all-time-lows:88e960386e503796,2026-05-04T08:26:57+00:00,2026-05-04T08:26:57+00:00,status_expire_candidate_after_approval,still_active_from_prior_high_confidence_expire_manifest,no
1135,active_fanout_0019,fanout_0022,WBC,risk,Potential overreaction by the market to the recall announcement for A2 MILK,active,0.74,0.82,commentary:youtube_transcript,youtube_transcript:asx-daily-rundown-atlassian-lifts-tech-a2-milk-recall-shock-accent-group-all-time-lows:88e960386e503796,2026-05-04T08:26:57+00:00,2026-05-04T08:26:57+00:00,status_expire_candidate_after_approval,still_active_from_prior_high_confidence_expire_manifest,no
1136,active_fanout_0019,fanout_0022,KEY,risk,Potential overreaction by the market to the recall announcement for A2 MILK,active,0.74,0.82,commentary:youtube_transcript,youtube_transcript:asx-daily-rundown-atlassian-lifts-tech-a2-milk-recall-shock-accent-group-all-time-lows:88e960386e503796,2026-05-04T08:26:57+00:00,2026-05-04T08:26:57+00:00,status_expire_candidate_after_approval,still_active_from_prior_high_confidence_expire_manifest,no
1137,active_fanout_0019,fanout_0022,GCM,risk,Potential overreaction by the market to the recall announcement for A2 MILK,active,0.74,0.82,commentary:youtube_transcript,youtube_transcript:asx-daily-rundown-atlassian-lifts-tech-a2-milk-recall-shock-accent-group-all-time-lows:88e960386e503796,2026-05-04T08:26:58+00:00,2026-05-04T08:26:58+00:00,status_expire_candidate_after_approval,still_active_from_prior_high_confidence_expire_manifest,no
1138,active_fanout_0019,fanout_0022,MAR,risk,Potential overreaction by the market to the recall announcement for A2 MILK,active,0.74,0.82,commentary:youtube_transcript,youtube_transcript:asx-daily-rundown-atlassian-lifts-tech-a2-milk-recall-shock-accent-group-all-time-lows:88e960386e503796,2026-05-04T08:26:58+00:00,2026-05-04T08:26:58+00:00,status_expire_candidate_after_approval,still_active_from_prior_high_confidence_expire_manifest,no
1139,active_fanout_0019,fanout_0022,CLT,risk,Potential overreaction by the market to the recall announcement for A2 MILK,active,0.74,0.82,commentary:youtube_transcript,youtube_transcript:asx-daily-rundown-atlassian-lifts-tech-a2-milk-recall-shock-accent-group-all-time-lows:88e960386e503796,2026-05-04T08:26:58+00:00,2026-05-04T08:26:58+00:00,status_expire_candidate_after_approval,still_active_from_prior_high_confidence_expire_manifest,no
1140,active_fanout_0019,fanout_0022,WIN,risk,Potential overreaction by the market to the recall announcement for A2 MILK,active,0.74,0.82,commentary:youtube_transcript,youtube_transcript:asx-daily-rundown-atlassian-lifts-tech-a2-milk-recall-shock-accent-group-all-time-lows:88e960386e503796,2026-05-04T08:26:58+00:00,2026-05-04T08:26:58+00:00,status_expire_candidate_after_approval,still_active_from_prior_high_confidence_expire_manifest,no
1141,active_fanout_0019,fanout_0022,SKT,risk,Potential overreaction by the market to the recall announcement for A2 MILK,active,0.74,0.82,commentary:youtube_transcript,youtube_transcript:asx-daily-rundown-atlassian-lifts-tech-a2-milk-recall-shock-accent-group-all-time-lows:88e960386e503796,2026-05-04T08:26:58+00:00,2026-05-04T08:26:58+00:00,status_expire_candidate_after_approval,still_active_from_prior_high_confidence_expire_manifest,no
1142,active_fanout_0019,fanout_0022,VCE,risk,Potential overreaction by the market to the recall announcement for A2 MILK,active,0.74,0.82,commentary:youtube_transcript,youtube_transcript:asx-daily-rundown-atlassian-lifts-tech-a2-milk-recall-shock-accent-group-all-time-lows:88e960386e503796,2026-05-04T08:26:58+00:00,2026-05-04T08:26:58+00:00,status_expire_candidate_after_approval,still_active_from_prior_high_confidence_expire_manifest,no
1143,active_fanout_0019,fanout_0022,SNW,risk,Potential overreaction by the market to the recall announcement for A2 MILK,active,0.74,0.82,commentary:youtube_transcript,youtube_transcript:asx-daily-rundown-atlassian-lifts-tech-a2-milk-recall-shock-accent-group-all-time-lows:88e960386e503796,2026-05-04T08:26:58+00:00,2026-05-04T08:26:58+00:00,status_expire_candidate_after_approval,still_active_from_prior_high_confidence_expire_manifest,no
1144,active_fanout_0019,fanout_0022,LON,risk,Potential overreaction by the market to the recall announcement for A2 MILK,active,0.74,0.82,commentary:youtube_transcript,youtube_transcript:asx-daily-rundown-atlassian-lifts-tech-a2-milk-recall-shock-accent-group-all-time-lows:88e960386e503796,2026-05-04T08:26:58+00:00,2026-05-04T08:26:58+00:00,status_expire_candidate_after_approval,still_active_from_prior_high_confidence_expire_manifest,no
1145,active_fanout_0019,fanout_0022,PET,risk,Potential overreaction by the market to the recall announcement for A2 MILK,active,0.74,0.82,commentary:youtube_transcript,youtube_transcript:asx-daily-rundown-atlassian-lifts-tech-a2-milk-recall-shock-accent-group-all-time-lows:88e960386e503796,2026-05-04T08:26:58+00:00,2026-05-04T08:26:58+00:00,status_expire_candidate_after_approval,still_active_from_prior_high_confidence_expire_manifest,no
1146,active_fanout_0019,fanout_0022,STK,risk,Potential overreaction by the market to the recall announcement for A2 MILK,active,0.74,0.82,commentary:youtube_transcript,youtube_transcript:asx-daily-rundown-atlassian-lifts-tech-a2-milk-recall-shock-accent-group-all-time-lows:88e960386e503796,2026-05-04T08:26:59+00:00,2026-05-04T08:26:59+00:00,status_expire_candidate_after_approval,still_active_from_prior_high_confidence_expire_manifest,no
1147,active_fanout_0019,fanout_0022,INDE,risk,Potential overreaction by the market to the recall announcement for A2 MILK,active,0.74,0.82,commentary:youtube_transcript,youtube_transcript:asx-daily-rundown-atlassian-lifts-tech-a2-milk-recall-shock-accent-group-all-time-lows:88e960386e503796,2026-05-04T08:26:59+00:00,2026-05-04T08:26:59+00:00,status_expire_candidate_after_approval,still_active_from_prior_high_confidence_expire_manifest,no
1148,active_fanout_0019,fanout_0022,PETT,risk,Potential overreaction by the market to the recall announcement for A2 MILK,active,0.74,0.82,commentary:youtube_transcript,youtube_transcript:asx-daily-rundown-atlassian-lifts-tech-a2-milk-recall-shock-accent-group-all-time-lows:88e960386e503796,2026-05-04T08:27:00+00:00,2026-05-04T08:27:00+00:00,status_expire_candidate_after_approval,still_active_from_prior_high_confidence_expire_manifest,no
1149,active_fanout_0019,fanout_0022,C79,risk,Potential overreaction by the market to the recall announcement for A2 MILK,active,0.74,0.82,commentary:youtube_transcript,youtube_transcript:asx-daily-rundown-atlassian-lifts-tech-a2-milk-recall-shock-accent-group-all-time-lows:88e960386e503796,2026-05-04T08:27:00+00:00,2026-05-04T08:27:00+00:00,status_expire_candidate_after_approval,still_active_from_prior_high_confidence_expire_manifest,no
1151,active_fanout_0019,fanout_0022,ACCENT GROUP,risk,Potential overreaction by the market to the recall announcement for A2 MILK,active,0.74,0.82,commentary:youtube_transcript,youtube_transcript:asx-daily-rundown-atlassian-lifts-tech-a2-milk-recall-shock-accent-group-all-time-lows:88e960386e503796,2026-05-04T08:27:00+00:00,2026-05-04T08:27:00+00:00,status_expire_candidate_after_approval,still_active_from_prior_high_confidence_expire_manifest,no
1983,active_fanout_0019,fanout_0022,ENDV,risk,Potential overreaction by the market to the recall announcement for A2 MILK,active,0.74,0.82,commentary:youtube_transcript,youtube_transcript:asx-daily-rundown-atlassian-lifts-tech-a2-milk-recall-shock-accent-group-all-time-lows:88e960386e503796,2026-05-05T04:22:09+00:00,2026-05-05T04:22:09+00:00,status_expire_candidate_after_approval,still_active_from_prior_high_confidence_expire_manifest,no
1984,active_fanout_0019,fanout_0022,KEYP,risk,Potential overreaction by the market to the recall announcement for A2 MILK,active,0.74,0.82,commentary:youtube_transcript,youtube_transcript:asx-daily-rundown-atlassian-lifts-tech-a2-milk-recall-shock-accent-group-all-time-lows:88e960386e503796,2026-05-05T04:22:12+00:00,2026-05-05T04:22:12+00:00,status_expire_candidate_after_approval,still_active_from_prior_high_confidence_expire_manifest,no
1985,active_fanout_0019,fanout_0022,GCMC,risk,Potential overreaction by the market to the recall announcement for A2 MILK,active,0.74,0.82,commentary:youtube_transcript,youtube_transcript:asx-daily-rundown-atlassian-lifts-tech-a2-milk-recall-shock-accent-group-all-time-lows:88e960386e503796,2026-05-05T04:22:12+00:00,2026-05-05T04:22:12+00:00,status_expire_candidate_after_approval,still_active_from_prior_high_confidence_expire_manifest,no
1986,active_fanout_0019,fanout_0022,MARINO,risk,Potential overreaction by the market to the recall announcement for A2 MILK,active,0.74,0.82,commentary:youtube_transcript,youtube_transcript:asx-daily-rundown-atlassian-lifts-tech-a2-milk-recall-shock-accent-group-all-time-lows:88e960386e503796,2026-05-05T04:22:12+00:00,2026-05-05T04:22:12+00:00,status_expire_candidate_after_approval,still_active_from_prior_high_confidence_expire_manifest,no
1987,active_fanout_0019,fanout_0022,CLAR,risk,Potential overreaction by the market to the recall announcement for A2 MILK,active,0.74,0.82,commentary:youtube_transcript,youtube_transcript:asx-daily-rundown-atlassian-lifts-tech-a2-milk-recall-shock-accent-group-all-time-lows:88e960386e503796,2026-05-05T04:22:13+00:00,2026-05-05T04:22:13+00:00,status_expire_candidate_after_approval,still_active_from_prior_high_confidence_expire_manifest,no
1988,active_fanout_0019,fanout_0022,LIVN,risk,Potential overreaction by the market to the recall announcement for A2 MILK,active,0.74,0.82,commentary:youtube_transcript,youtube_transcript:asx-daily-rundown-atlassian-lifts-tech-a2-milk-recall-shock-accent-group-all-time-lows:88e960386e503796,2026-05-05T04:22:13+00:00,2026-05-05T04:22:13+00:00,status_expire_candidate_after_approval,still_active_from_prior_high_confidence_expire_manifest,no
1989,active_fanout_0019,fanout_0022,SN,risk,Potential overreaction by the market to the recall announcement for A2 MILK,active,0.74,0.82,commentary:youtube_transcript,youtube_transcript:asx-daily-rundown-atlassian-lifts-tech-a2-milk-recall-shock-accent-group-all-time-lows:88e960386e503796,2026-05-05T04:22:15+00:00,2026-05-05T04:22:15+00:00,status_expire_candidate_after_approval,still_active_from_prior_high_confidence_expire_manifest,no
1990,active_fanout_0019,fanout_0022,LION,risk,Potential overreaction by the market to the recall announcement for A2 MILK,active,0.74,0.82,commentary:youtube_transcript,youtube_transcript:asx-daily-rundown-atlassian-lifts-tech-a2-milk-recall-shock-accent-group-all-time-lows:88e960386e503796,2026-05-05T04:22:15+00:00,2026-05-05T04:22:15+00:00,status_expire_candidate_after_approval,still_active_from_prior_high_confidence_expire_manifest,no
998,active_fanout_0024,fanout_0030,ASX,risk,AI fears impacting Atlassian's share price,active,0.74,0.91,commentary:youtube_transcript,youtube_transcript:asx-daily-rundown-atlassian-lifts-tech-a2-milk-recall-shock-accent-group-all-time-lows:88e960386e503796,2026-05-04T08:26:29+00:00,2026-05-04T08:26:29+00:00,status_expire_candidate_after_approval,still_active_from_prior_high_confidence_expire_manifest,no
999,active_fanout_0024,fanout_0030,TXT,risk,AI fears impacting Atlassian's share price,active,0.74,0.91,commentary:youtube_transcript,youtube_transcript:asx-daily-rundown-atlassian-lifts-tech-a2-milk-recall-shock-accent-group-all-time-lows:88e960386e503796,2026-05-04T08:26:29+00:00,2026-05-04T08:26:29+00:00,status_expire_candidate_after_approval,still_active_from_prior_high_confidence_expire_manifest,no
1000,active_fanout_0024,fanout_0030,XTX,risk,AI fears impacting Atlassian's share price,active,0.74,0.91,commentary:youtube_transcript,youtube_transcript:asx-daily-rundown-atlassian-lifts-tech-a2-milk-recall-shock-accent-group-all-time-lows:88e960386e503796,2026-05-04T08:26:29+00:00,2026-05-04T08:26:29+00:00,status_expire_candidate_after_approval,still_active_from_prior_high_confidence_expire_manifest,no
1001,active_fanout_0024,fanout_0030,A2M,risk,AI fears impacting Atlassian's share price,active,0.74,0.91,commentary:youtube_transcript,youtube_transcript:asx-daily-rundown-atlassian-lifts-tech-a2-milk-recall-shock-accent-group-all-time-lows:88e960386e503796,2026-05-04T08:26:29+00:00,2026-05-04T08:26:29+00:00,status_expire_candidate_after_approval,still_active_from_prior_high_confidence_expire_manifest,no
1002,active_fanout_0024,fanout_0030,END,risk,AI fears impacting Atlassian's share price,active,0.74,0.91,commentary:youtube_transcript,youtube_transcript:asx-daily-rundown-atlassian-lifts-tech-a2-milk-recall-shock-accent-group-all-time-lows:88e960386e503796,2026-05-04T08:26:29+00:00,2026-05-04T08:26:29+00:00,status_expire_candidate_after_approval,still_active_from_prior_high_confidence_expire_manifest,no
1003,active_fanout_0024,fanout_0030,COH,risk,AI fears impacting Atlassian's share price,active,0.74,0.91,commentary:youtube_transcript,youtube_transcript:asx-daily-rundown-atlassian-lifts-tech-a2-milk-recall-shock-accent-group-all-time-lows:88e960386e503796,2026-05-04T08:26:29+00:00,2026-05-04T08:26:29+00:00,status_expire_candidate_after_approval,still_active_from_prior_high_confidence_expire_manifest,no
1004,active_fanout_0024,fanout_0030,WES,risk,AI fears impacting Atlassian's share price,active,0.74,0.91,commentary:youtube_transcript,youtube_transcript:asx-daily-rundown-atlassian-lifts-tech-a2-milk-recall-shock-accent-group-all-time-lows:88e960386e503796,2026-05-04T08:26:29+00:00,2026-05-04T08:26:29+00:00,status_expire_candidate_after_approval,still_active_from_prior_high_confidence_expire_manifest,no
1005,active_fanout_0024,fanout_0030,BHP,risk,AI fears impacting Atlassian's share price,active,0.74,0.91,commentary:youtube_transcript,youtube_transcript:asx-daily-rundown-atlassian-lifts-tech-a2-milk-recall-shock-accent-group-all-time-lows:88e960386e503796,2026-05-04T08:26:29+00:00,2026-05-04T08:26:29+00:00,status_expire_candidate_after_approval,still_active_from_prior_high_confidence_expire_manifest,no
1006,active_fanout_0024,fanout_0030,NAB,risk,AI fears impacting Atlassian's share price,active,0.74,0.91,commentary:youtube_transcript,youtube_transcript:asx-daily-rundown-atlassian-lifts-tech-a2-milk-recall-shock-accent-group-all-time-lows:88e960386e503796,2026-05-04T08:26:29+00:00,2026-05-04T08:26:29+00:00,status_expire_candidate_after_approval,still_active_from_prior_high_confidence_expire_manifest,no
1007,active_fanout_0024,fanout_0030,WBC,risk,AI fears impacting Atlassian's share price,active,0.74,0.91,commentary:youtube_transcript,youtube_transcript:asx-daily-rundown-atlassian-lifts-tech-a2-milk-recall-shock-accent-group-all-time-lows:88e960386e503796,2026-05-04T08:26:29+00:00,2026-05-04T08:26:29+00:00,status_expire_candidate_after_approval,still_active_from_prior_high_confidence_expire_manifest,no
1008,active_fanout_0024,fanout_0030,KEY,risk,AI fears impacting Atlassian's share price,active,0.74,0.91,commentary:youtube_transcript,youtube_transcript:asx-daily-rundown-atlassian-lifts-tech-a2-milk-recall-shock-accent-group-all-time-lows:88e960386e503796,2026-05-04T08:26:29+00:00,2026-05-04T08:26:29+00:00,status_expire_candidate_after_approval,still_active_from_prior_high_confidence_expire_manifest,no
1009,active_fanout_0024,fanout_0030,GCM,risk,AI fears impacting Atlassian's share price,active,0.74,0.91,commentary:youtube_transcript,youtube_transcript:asx-daily-rundown-atlassian-lifts-tech-a2-milk-recall-shock-accent-group-all-time-lows:88e960386e503796,2026-05-04T08:26:30+00:00,2026-05-04T08:26:30+00:00,status_expire_candidate_after_approval,still_active_from_prior_high_confidence_expire_manifest,no
1010,active_fanout_0024,fanout_0030,MAR,risk,AI fears impacting Atlassian's share price,active,0.74,0.91,commentary:youtube_transcript,youtube_transcript:asx-daily-rundown-atlassian-lifts-tech-a2-milk-recall-shock-accent-group-all-time-lows:88e960386e503796,2026-05-04T08:26:30+00:00,2026-05-04T08:26:30+00:00,status_expire_candidate_after_approval,still_active_from_prior_high_confidence_expire_manifest,no
1011,active_fanout_0024,fanout_0030,CLT,risk,AI fears impacting Atlassian's share price,active,0.74,0.91,commentary:youtube_transcript,youtube_transcript:asx-daily-rundown-atlassian-lifts-tech-a2-milk-recall-shock-accent-group-all-time-lows:88e960386e503796,2026-05-04T08:26:31+00:00,2026-05-04T08:26:31+00:00,status_expire_candidate_after_approval,still_active_from_prior_high_confidence_expire_manifest,no
1012,active_fanout_0024,fanout_0030,WIN,risk,AI fears impacting Atlassian's share price,active,0.74,0.91,commentary:youtube_transcript,youtube_transcript:asx-daily-rundown-atlassian-lifts-tech-a2-milk-recall-shock-accent-group-all-time-lows:88e960386e503796,2026-05-04T08:26:31+00:00,2026-05-04T08:26:31+00:00,status_expire_candidate_after_approval,still_active_from_prior_high_confidence_expire_manifest,no
1013,active_fanout_0024,fanout_0030,SKT,risk,AI fears impacting Atlassian's share price,active,0.74,0.91,commentary:youtube_transcript,youtube_transcript:asx-daily-rundown-atlassian-lifts-tech-a2-milk-recall-shock-accent-group-all-time-lows:88e960386e503796,2026-05-04T08:26:31+00:00,2026-05-04T08:26:31+00:00,status_expire_candidate_after_approval,still_active_from_prior_high_confidence_expire_manifest,no
1014,active_fanout_0024,fanout_0030,VCE,risk,AI fears impacting Atlassian's share price,active,0.74,0.91,commentary:youtube_transcript,youtube_transcript:asx-daily-rundown-atlassian-lifts-tech-a2-milk-recall-shock-accent-group-all-time-lows:88e960386e503796,2026-05-04T08:26:31+00:00,2026-05-04T08:26:31+00:00,status_expire_candidate_after_approval,still_active_from_prior_high_confidence_expire_manifest,no
1015,active_fanout_0024,fanout_0030,SNW,risk,AI fears impacting Atlassian's share price,active,0.74,0.91,commentary:youtube_transcript,youtube_transcript:asx-daily-rundown-atlassian-lifts-tech-a2-milk-recall-shock-accent-group-all-time-lows:88e960386e503796,2026-05-04T08:26:31+00:00,2026-05-04T08:26:31+00:00,status_expire_candidate_after_approval,still_active_from_prior_high_confidence_expire_manifest,no
1016,active_fanout_0024,fanout_0030,LON,risk,AI fears impacting Atlassian's share price,active,0.74,0.91,commentary:youtube_transcript,youtube_transcript:asx-daily-rundown-atlassian-lifts-tech-a2-milk-recall-shock-accent-group-all-time-lows:88e960386e503796,2026-05-04T08:26:31+00:00,2026-05-04T08:26:31+00:00,status_expire_candidate_after_approval,still_active_from_prior_high_confidence_expire_manifest,no
1017,active_fanout_0024,fanout_0030,PET,risk,AI fears impacting Atlassian's share price,active,0.74,0.91,commentary:youtube_transcript,youtube_transcript:asx-daily-rundown-atlassian-lifts-tech-a2-milk-recall-shock-accent-group-all-time-lows:88e960386e503796,2026-05-04T08:26:31+00:00,2026-05-04T08:26:31+00:00,status_expire_candidate_after_approval,still_active_from_prior_high_confidence_expire_manifest,no
1018,active_fanout_0024,fanout_0030,STK,risk,AI fears impacting Atlassian's share price,active,0.74,0.91,commentary:youtube_transcript,youtube_transcript:asx-daily-rundown-atlassian-lifts-tech-a2-milk-recall-shock-accent-group-all-time-lows:88e960386e503796,2026-05-04T08:26:31+00:00,2026-05-04T08:26:31+00:00,status_expire_candidate_after_approval,still_active_from_prior_high_confidence_expire_manifest,no
1019,active_fanout_0024,fanout_0030,INDE,risk,AI fears impacting Atlassian's share price,active,0.74,0.91,commentary:youtube_transcript,youtube_transcript:asx-daily-rundown-atlassian-lifts-tech-a2-milk-recall-shock-accent-group-all-time-lows:88e960386e503796,2026-05-04T08:26:31+00:00,2026-05-04T08:26:31+00:00,status_expire_candidate_after_approval,still_active_from_prior_high_confidence_expire_manifest,no
1020,active_fanout_0024,fanout_0030,PETT,risk,AI fears impacting Atlassian's share price,active,0.74,0.91,commentary:youtube_transcript,youtube_transcript:asx-daily-rundown-atlassian-lifts-tech-a2-milk-recall-shock-accent-group-all-time-lows:88e960386e503796,2026-05-04T08:26:31+00:00,2026-05-04T08:26:31+00:00,status_expire_candidate_after_approval,still_active_from_prior_high_confidence_expire_manifest,no
1021,active_fanout_0024,fanout_0030,C79,risk,AI fears impacting Atlassian's share price,active,0.74,0.91,commentary:youtube_transcript,youtube_transcript:asx-daily-rundown-atlassian-lifts-tech-a2-milk-recall-shock-accent-group-all-time-lows:88e960386e503796,2026-05-04T08:26:32+00:00,2026-05-04T08:26:32+00:00,status_expire_candidate_after_approval,still_active_from_prior_high_confidence_expire_manifest,no
1022,active_fanout_0024,fanout_0030,A2 MILK,risk,AI fears impacting Atlassian's share price,active,0.74,0.91,commentary:youtube_transcript,youtube_transcript:asx-daily-rundown-atlassian-lifts-tech-a2-milk-recall-shock-accent-group-all-time-lows:88e960386e503796,2026-05-04T08:26:32+00:00,2026-05-04T08:26:32+00:00,status_expire_candidate_after_approval,still_active_from_prior_high_confidence_expire_manifest,no
1023,active_fanout_0024,fanout_0030,ACCENT GROUP,risk,AI fears impacting Atlassian's share price,active,0.74,0.91,commentary:youtube_transcript,youtube_transcript:asx-daily-rundown-atlassian-lifts-tech-a2-milk-recall-shock-accent-group-all-time-lows:88e960386e503796,2026-05-04T08:26:32+00:00,2026-05-04T08:26:32+00:00,status_expire_candidate_after_approval,still_active_from_prior_high_confidence_expire_manifest,no
886,active_fanout_0025,fanout_0031,ASX,catalyst,Atlassian's strong performance due to better-than-expected results,active,0.72,0.82,commentary:youtube_transcript,youtube_transcript:asx-daily-rundown-atlassian-lifts-tech-a2-milk-recall-shock-accent-group-all-time-lows:88e960386e503796,2026-05-04T08:25:59+00:00,2026-05-04T08:25:59+00:00,status_expire_candidate_after_approval,still_active_from_prior_high_confidence_expire_manifest,no
887,active_fanout_0025,fanout_0031,TXT,catalyst,Atlassian's strong performance due to better-than-expected results,active,0.72,0.82,commentary:youtube_transcript,youtube_transcript:asx-daily-rundown-atlassian-lifts-tech-a2-milk-recall-shock-accent-group-all-time-lows:88e960386e503796,2026-05-04T08:25:59+00:00,2026-05-04T08:25:59+00:00,status_expire_candidate_after_approval,still_active_from_prior_high_confidence_expire_manifest,no
888,active_fanout_0025,fanout_0031,XTX,catalyst,Atlassian's strong performance due to better-than-expected results,active,0.72,0.82,commentary:youtube_transcript,youtube_transcript:asx-daily-rundown-atlassian-lifts-tech-a2-milk-recall-shock-accent-group-all-time-lows:88e960386e503796,2026-05-04T08:25:59+00:00,2026-05-04T08:25:59+00:00,status_expire_candidate_after_approval,still_active_from_prior_high_confidence_expire_manifest,no
889,active_fanout_0025,fanout_0031,A2M,catalyst,Atlassian's strong performance due to better-than-expected results,active,0.72,0.82,commentary:youtube_transcript,youtube_transcript:asx-daily-rundown-atlassian-lifts-tech-a2-milk-recall-shock-accent-group-all-time-lows:88e960386e503796,2026-05-04T08:25:59+00:00,2026-05-04T08:25:59+00:00,status_expire_candidate_after_approval,still_active_from_prior_high_confidence_expire_manifest,no
890,active_fanout_0025,fanout_0031,END,catalyst,Atlassian's strong performance due to better-than-expected results,active,0.72,0.82,commentary:youtube_transcript,youtube_transcript:asx-daily-rundown-atlassian-lifts-tech-a2-milk-recall-shock-accent-group-all-time-lows:88e960386e503796,2026-05-04T08:26:00+00:00,2026-05-04T08:26:00+00:00,status_expire_candidate_after_approval,still_active_from_prior_high_confidence_expire_manifest,no
891,active_fanout_0025,fanout_0031,COH,catalyst,Atlassian's strong performance due to better-than-expected results,active,0.72,0.82,commentary:youtube_transcript,youtube_transcript:asx-daily-rundown-atlassian-lifts-tech-a2-milk-recall-shock-accent-group-all-time-lows:88e960386e503796,2026-05-04T08:26:00+00:00,2026-05-04T08:26:00+00:00,status_expire_candidate_after_approval,still_active_from_prior_high_confidence_expire_manifest,no
892,active_fanout_0025,fanout_0031,WES,catalyst,Atlassian's strong performance due to better-than-expected results,active,0.72,0.82,commentary:youtube_transcript,youtube_transcript:asx-daily-rundown-atlassian-lifts-tech-a2-milk-recall-shock-accent-group-all-time-lows:88e960386e503796,2026-05-04T08:26:01+00:00,2026-05-04T08:26:01+00:00,status_expire_candidate_after_approval,still_active_from_prior_high_confidence_expire_manifest,no
893,active_fanout_0025,fanout_0031,BHP,catalyst,Atlassian's strong performance due to better-than-expected results,active,0.72,0.82,commentary:youtube_transcript,youtube_transcript:asx-daily-rundown-atlassian-lifts-tech-a2-milk-recall-shock-accent-group-all-time-lows:88e960386e503796,2026-05-04T08:26:01+00:00,2026-05-04T08:26:01+00:00,status_expire_candidate_after_approval,still_active_from_prior_high_confidence_expire_manifest,no
894,active_fanout_0025,fanout_0031,NAB,catalyst,Atlassian's strong performance due to better-than-expected results,active,0.72,0.82,commentary:youtube_transcript,youtube_transcript:asx-daily-rundown-atlassian-lifts-tech-a2-milk-recall-shock-accent-group-all-time-lows:88e960386e503796,2026-05-04T08:26:01+00:00,2026-05-04T08:26:01+00:00,status_expire_candidate_after_approval,still_active_from_prior_high_confidence_expire_manifest,no
895,active_fanout_0025,fanout_0031,WBC,catalyst,Atlassian's strong performance due to better-than-expected results,active,0.72,0.82,commentary:youtube_transcript,youtube_transcript:asx-daily-rundown-atlassian-lifts-tech-a2-milk-recall-shock-accent-group-all-time-lows:88e960386e503796,2026-05-04T08:26:01+00:00,2026-05-04T08:26:01+00:00,status_expire_candidate_after_approval,still_active_from_prior_high_confidence_expire_manifest,no
896,active_fanout_0025,fanout_0031,KEY,catalyst,Atlassian's strong performance due to better-than-expected results,active,0.72,0.82,commentary:youtube_transcript,youtube_transcript:asx-daily-rundown-atlassian-lifts-tech-a2-milk-recall-shock-accent-group-all-time-lows:88e960386e503796,2026-05-04T08:26:01+00:00,2026-05-04T08:26:01+00:00,status_expire_candidate_after_approval,still_active_from_prior_high_confidence_expire_manifest,no
897,active_fanout_0025,fanout_0031,GCM,catalyst,Atlassian's strong performance due to better-than-expected results,active,0.72,0.82,commentary:youtube_transcript,youtube_transcript:asx-daily-rundown-atlassian-lifts-tech-a2-milk-recall-shock-accent-group-all-time-lows:88e960386e503796,2026-05-04T08:26:01+00:00,2026-05-04T08:26:01+00:00,status_expire_candidate_after_approval,still_active_from_prior_high_confidence_expire_manifest,no
898,active_fanout_0025,fanout_0031,MAR,catalyst,Atlassian's strong performance due to better-than-expected results,active,0.72,0.82,commentary:youtube_transcript,youtube_transcript:asx-daily-rundown-atlassian-lifts-tech-a2-milk-recall-shock-accent-group-all-time-lows:88e960386e503796,2026-05-04T08:26:01+00:00,2026-05-04T08:26:01+00:00,status_expire_candidate_after_approval,still_active_from_prior_high_confidence_expire_manifest,no
899,active_fanout_0025,fanout_0031,CLT,catalyst,Atlassian's strong performance due to better-than-expected results,active,0.72,0.82,commentary:youtube_transcript,youtube_transcript:asx-daily-rundown-atlassian-lifts-tech-a2-milk-recall-shock-accent-group-all-time-lows:88e960386e503796,2026-05-04T08:26:02+00:00,2026-05-04T08:26:02+00:00,status_expire_candidate_after_approval,still_active_from_prior_high_confidence_expire_manifest,no
900,active_fanout_0025,fanout_0031,WIN,catalyst,Atlassian's strong performance due to better-than-expected results,active,0.72,0.82,commentary:youtube_transcript,youtube_transcript:asx-daily-rundown-atlassian-lifts-tech-a2-milk-recall-shock-accent-group-all-time-lows:88e960386e503796,2026-05-04T08:26:02+00:00,2026-05-04T08:26:02+00:00,status_expire_candidate_after_approval,still_active_from_prior_high_confidence_expire_manifest,no
901,active_fanout_0025,fanout_0031,SKT,catalyst,Atlassian's strong performance due to better-than-expected results,active,0.72,0.82,commentary:youtube_transcript,youtube_transcript:asx-daily-rundown-atlassian-lifts-tech-a2-milk-recall-shock-accent-group-all-time-lows:88e960386e503796,2026-05-04T08:26:02+00:00,2026-05-04T08:26:02+00:00,status_expire_candidate_after_approval,still_active_from_prior_high_confidence_expire_manifest,no
902,active_fanout_0025,fanout_0031,VCE,catalyst,Atlassian's strong performance due to better-than-expected results,active,0.72,0.82,commentary:youtube_transcript,youtube_transcript:asx-daily-rundown-atlassian-lifts-tech-a2-milk-recall-shock-accent-group-all-time-lows:88e960386e503796,2026-05-04T08:26:02+00:00,2026-05-04T08:26:02+00:00,status_expire_candidate_after_approval,still_active_from_prior_high_confidence_expire_manifest,no
903,active_fanout_0025,fanout_0031,SNW,catalyst,Atlassian's strong performance due to better-than-expected results,active,0.72,0.82,commentary:youtube_transcript,youtube_transcript:asx-daily-rundown-atlassian-lifts-tech-a2-milk-recall-shock-accent-group-all-time-lows:88e960386e503796,2026-05-04T08:26:02+00:00,2026-05-04T08:26:02+00:00,status_expire_candidate_after_approval,still_active_from_prior_high_confidence_expire_manifest,no
904,active_fanout_0025,fanout_0031,LON,catalyst,Atlassian's strong performance due to better-than-expected results,active,0.72,0.82,commentary:youtube_transcript,youtube_transcript:asx-daily-rundown-atlassian-lifts-tech-a2-milk-recall-shock-accent-group-all-time-lows:88e960386e503796,2026-05-04T08:26:03+00:00,2026-05-04T08:26:03+00:00,status_expire_candidate_after_approval,still_active_from_prior_high_confidence_expire_manifest,no
905,active_fanout_0025,fanout_0031,PET,catalyst,Atlassian's strong performance due to better-than-expected results,active,0.72,0.82,commentary:youtube_transcript,youtube_transcript:asx-daily-rundown-atlassian-lifts-tech-a2-milk-recall-shock-accent-group-all-time-lows:88e960386e503796,2026-05-04T08:26:03+00:00,2026-05-04T08:26:03+00:00,status_expire_candidate_after_approval,still_active_from_prior_high_confidence_expire_manifest,no
906,active_fanout_0025,fanout_0031,STK,catalyst,Atlassian's strong performance due to better-than-expected results,active,0.72,0.82,commentary:youtube_transcript,youtube_transcript:asx-daily-rundown-atlassian-lifts-tech-a2-milk-recall-shock-accent-group-all-time-lows:88e960386e503796,2026-05-04T08:26:03+00:00,2026-05-04T08:26:03+00:00,status_expire_candidate_after_approval,still_active_from_prior_high_confidence_expire_manifest,no
907,active_fanout_0025,fanout_0031,INDE,catalyst,Atlassian's strong performance due to better-than-expected results,active,0.72,0.82,commentary:youtube_transcript,youtube_transcript:asx-daily-rundown-atlassian-lifts-tech-a2-milk-recall-shock-accent-group-all-time-lows:88e960386e503796,2026-05-04T08:26:03+00:00,2026-05-04T08:26:03+00:00,status_expire_candidate_after_approval,still_active_from_prior_high_confidence_expire_manifest,no
908,active_fanout_0025,fanout_0031,PETT,catalyst,Atlassian's strong performance due to better-than-expected results,active,0.72,0.82,commentary:youtube_transcript,youtube_transcript:asx-daily-rundown-atlassian-lifts-tech-a2-milk-recall-shock-accent-group-all-time-lows:88e960386e503796,2026-05-04T08:26:04+00:00,2026-05-04T08:26:04+00:00,status_expire_candidate_after_approval,still_active_from_prior_high_confidence_expire_manifest,no
909,active_fanout_0025,fanout_0031,C79,catalyst,Atlassian's strong performance due to better-than-expected results,active,0.72,0.82,commentary:youtube_transcript,youtube_transcript:asx-daily-rundown-atlassian-lifts-tech-a2-milk-recall-shock-accent-group-all-time-lows:88e960386e503796,2026-05-04T08:26:04+00:00,2026-05-04T08:26:04+00:00,status_expire_candidate_after_approval,still_active_from_prior_high_confidence_expire_manifest,no
910,active_fanout_0025,fanout_0031,A2 MILK,catalyst,Atlassian's strong performance due to better-than-expected results,active,0.72,0.82,commentary:youtube_transcript,youtube_transcript:asx-daily-rundown-atlassian-lifts-tech-a2-milk-recall-shock-accent-group-all-time-lows:88e960386e503796,2026-05-04T08:26:04+00:00,2026-05-04T08:26:04+00:00,status_expire_candidate_after_approval,still_active_from_prior_high_confidence_expire_manifest,no
911,active_fanout_0025,fanout_0031,ACCENT GROUP,catalyst,Atlassian's strong performance due to better-than-expected results,active,0.72,0.82,commentary:youtube_transcript,youtube_transcript:asx-daily-rundown-atlassian-lifts-tech-a2-milk-recall-shock-accent-group-all-time-lows:88e960386e503796,2026-05-04T08:26:04+00:00,2026-05-04T08:26:04+00:00,status_expire_candidate_after_approval,still_active_from_prior_high_confidence_expire_manifest,no
1100,active_fanout_0026,fanout_0032,ASX,risk,Chrysos Corporation's unexpected negative market reaction to a positive update,active,0.74,0.82,commentary:youtube_transcript,youtube_transcript:asx-daily-rundown-atlassian-lifts-tech-a2-milk-recall-shock-accent-group-all-time-lows:88e960386e503796,2026-05-04T08:26:52+00:00,2026-05-04T08:26:52+00:00,status_expire_candidate_after_approval,still_active_from_prior_high_confidence_expire_manifest,no
1101,active_fanout_0026,fanout_0032,TXT,risk,Chrysos Corporation's unexpected negative market reaction to a positive update,active,0.74,0.82,commentary:youtube_transcript,youtube_transcript:asx-daily-rundown-atlassian-lifts-tech-a2-milk-recall-shock-accent-group-all-time-lows:88e960386e503796,2026-05-04T08:26:53+00:00,2026-05-04T08:26:53+00:00,status_expire_candidate_after_approval,still_active_from_prior_high_confidence_expire_manifest,no
1102,active_fanout_0026,fanout_0032,XTX,risk,Chrysos Corporation's unexpected negative market reaction to a positive update,active,0.74,0.82,commentary:youtube_transcript,youtube_transcript:asx-daily-rundown-atlassian-lifts-tech-a2-milk-recall-shock-accent-group-all-time-lows:88e960386e503796,2026-05-04T08:26:53+00:00,2026-05-04T08:26:53+00:00,status_expire_candidate_after_approval,still_active_from_prior_high_confidence_expire_manifest,no
1103,active_fanout_0026,fanout_0032,A2M,risk,Chrysos Corporation's unexpected negative market reaction to a positive update,active,0.74,0.82,commentary:youtube_transcript,youtube_transcript:asx-daily-rundown-atlassian-lifts-tech-a2-milk-recall-shock-accent-group-all-time-lows:88e960386e503796,2026-05-04T08:26:53+00:00,2026-05-04T08:26:53+00:00,status_expire_candidate_after_approval,still_active_from_prior_high_confidence_expire_manifest,no
1104,active_fanout_0026,fanout_0032,END,risk,Chrysos Corporation's unexpected negative market reaction to a positive update,active,0.74,0.82,commentary:youtube_transcript,youtube_transcript:asx-daily-rundown-atlassian-lifts-tech-a2-milk-recall-shock-accent-group-all-time-lows:88e960386e503796,2026-05-04T08:26:53+00:00,2026-05-04T08:26:53+00:00,status_expire_candidate_after_approval,still_active_from_prior_high_confidence_expire_manifest,no
1105,active_fanout_0026,fanout_0032,COH,risk,Chrysos Corporation's unexpected negative market reaction to a positive update,active,0.74,0.82,commentary:youtube_transcript,youtube_transcript:asx-daily-rundown-atlassian-lifts-tech-a2-milk-recall-shock-accent-group-all-time-lows:88e960386e503796,2026-05-04T08:26:53+00:00,2026-05-04T08:26:53+00:00,status_expire_candidate_after_approval,still_active_from_prior_high_confidence_expire_manifest,no
1106,active_fanout_0026,fanout_0032,WES,risk,Chrysos Corporation's unexpected negative market reaction to a positive update,active,0.74,0.82,commentary:youtube_transcript,youtube_transcript:asx-daily-rundown-atlassian-lifts-tech-a2-milk-recall-shock-accent-group-all-time-lows:88e960386e503796,2026-05-04T08:26:53+00:00,2026-05-04T08:26:53+00:00,status_expire_candidate_after_approval,still_active_from_prior_high_confidence_expire_manifest,no
1107,active_fanout_0026,fanout_0032,BHP,risk,Chrysos Corporation's unexpected negative market reaction to a positive update,active,0.74,0.82,commentary:youtube_transcript,youtube_transcript:asx-daily-rundown-atlassian-lifts-tech-a2-milk-recall-shock-accent-group-all-time-lows:88e960386e503796,2026-05-04T08:26:53+00:00,2026-05-04T08:26:53+00:00,status_expire_candidate_after_approval,still_active_from_prior_high_confidence_expire_manifest,no
1108,active_fanout_0026,fanout_0032,NAB,risk,Chrysos Corporation's unexpected negative market reaction to a positive update,active,0.74,0.82,commentary:youtube_transcript,youtube_transcript:asx-daily-rundown-atlassian-lifts-tech-a2-milk-recall-shock-accent-group-all-time-lows:88e960386e503796,2026-05-04T08:26:53+00:00,2026-05-04T08:26:53+00:00,status_expire_candidate_after_approval,still_active_from_prior_high_confidence_expire_manifest,no
1109,active_fanout_0026,fanout_0032,WBC,risk,Chrysos Corporation's unexpected negative market reaction to a positive update,active,0.74,0.82,commentary:youtube_transcript,youtube_transcript:asx-daily-rundown-atlassian-lifts-tech-a2-milk-recall-shock-accent-group-all-time-lows:88e960386e503796,2026-05-04T08:26:53+00:00,2026-05-04T08:26:53+00:00,status_expire_candidate_after_approval,still_active_from_prior_high_confidence_expire_manifest,no
1110,active_fanout_0026,fanout_0032,KEY,risk,Chrysos Corporation's unexpected negative market reaction to a positive update,active,0.74,0.82,commentary:youtube_transcript,youtube_transcript:asx-daily-rundown-atlassian-lifts-tech-a2-milk-recall-shock-accent-group-all-time-lows:88e960386e503796,2026-05-04T08:26:53+00:00,2026-05-04T08:26:53+00:00,status_expire_candidate_after_approval,still_active_from_prior_high_confidence_expire_manifest,no
1112,active_fanout_0026,fanout_0032,MAR,risk,Chrysos Corporation's unexpected negative market reaction to a positive update,active,0.74,0.82,commentary:youtube_transcript,youtube_transcript:asx-daily-rundown-atlassian-lifts-tech-a2-milk-recall-shock-accent-group-all-time-lows:88e960386e503796,2026-05-04T08:26:53+00:00,2026-05-04T08:26:53+00:00,status_expire_candidate_after_approval,still_active_from_prior_high_confidence_expire_manifest,no
1113,active_fanout_0026,fanout_0032,CLT,risk,Chrysos Corporation's unexpected negative market reaction to a positive update,active,0.74,0.82,commentary:youtube_transcript,youtube_transcript:asx-daily-rundown-atlassian-lifts-tech-a2-milk-recall-shock-accent-group-all-time-lows:88e960386e503796,2026-05-04T08:26:54+00:00,2026-05-04T08:26:54+00:00,status_expire_candidate_after_approval,still_active_from_prior_high_confidence_expire_manifest,no
1114,active_fanout_0026,fanout_0032,WIN,risk,Chrysos Corporation's unexpected negative market reaction to a positive update,active,0.74,0.82,commentary:youtube_transcript,youtube_transcript:asx-daily-rundown-atlassian-lifts-tech-a2-milk-recall-shock-accent-group-all-time-lows:88e960386e503796,2026-05-04T08:26:54+00:00,2026-05-04T08:26:54+00:00,status_expire_candidate_after_approval,still_active_from_prior_high_confidence_expire_manifest,no
1115,active_fanout_0026,fanout_0032,SKT,risk,Chrysos Corporation's unexpected negative market reaction to a positive update,active,0.74,0.82,commentary:youtube_transcript,youtube_transcript:asx-daily-rundown-atlassian-lifts-tech-a2-milk-recall-shock-accent-group-all-time-lows:88e960386e503796,2026-05-04T08:26:54+00:00,2026-05-04T08:26:54+00:00,status_expire_candidate_after_approval,still_active_from_prior_high_confidence_expire_manifest,no
1116,active_fanout_0026,fanout_0032,VCE,risk,Chrysos Corporation's unexpected negative market reaction to a positive update,active,0.74,0.82,commentary:youtube_transcript,youtube_transcript:asx-daily-rundown-atlassian-lifts-tech-a2-milk-recall-shock-accent-group-all-time-lows:88e960386e503796,2026-05-04T08:26:54+00:00,2026-05-04T08:26:54+00:00,status_expire_candidate_after_approval,still_active_from_prior_high_confidence_expire_manifest,no
1117,active_fanout_0026,fanout_0032,SNW,risk,Chrysos Corporation's unexpected negative market reaction to a positive update,active,0.74,0.82,commentary:youtube_transcript,youtube_transcript:asx-daily-rundown-atlassian-lifts-tech-a2-milk-recall-shock-accent-group-all-time-lows:88e960386e503796,2026-05-04T08:26:54+00:00,2026-05-04T08:26:54+00:00,status_expire_candidate_after_approval,still_active_from_prior_high_confidence_expire_manifest,no
1118,active_fanout_0026,fanout_0032,LON,risk,Chrysos Corporation's unexpected negative market reaction to a positive update,active,0.74,0.82,commentary:youtube_transcript,youtube_transcript:asx-daily-rundown-atlassian-lifts-tech-a2-milk-recall-shock-accent-group-all-time-lows:88e960386e503796,2026-05-04T08:26:55+00:00,2026-05-04T08:26:55+00:00,status_expire_candidate_after_approval,still_active_from_prior_high_confidence_expire_manifest,no
1119,active_fanout_0026,fanout_0032,PET,risk,Chrysos Corporation's unexpected negative market reaction to a positive update,active,0.74,0.82,commentary:youtube_transcript,youtube_transcript:asx-daily-rundown-atlassian-lifts-tech-a2-milk-recall-shock-accent-group-all-time-lows:88e960386e503796,2026-05-04T08:26:55+00:00,2026-05-04T08:26:55+00:00,status_expire_candidate_after_approval,still_active_from_prior_high_confidence_expire_manifest,no
1120,active_fanout_0026,fanout_0032,STK,risk,Chrysos Corporation's unexpected negative market reaction to a positive update,active,0.74,0.82,commentary:youtube_transcript,youtube_transcript:asx-daily-rundown-atlassian-lifts-tech-a2-milk-recall-shock-accent-group-all-time-lows:88e960386e503796,2026-05-04T08:26:55+00:00,2026-05-04T08:26:55+00:00,status_expire_candidate_after_approval,still_active_from_prior_high_confidence_expire_manifest,no
1121,active_fanout_0026,fanout_0032,INDE,risk,Chrysos Corporation's unexpected negative market reaction to a positive update,active,0.74,0.82,commentary:youtube_transcript,youtube_transcript:asx-daily-rundown-atlassian-lifts-tech-a2-milk-recall-shock-accent-group-all-time-lows:88e960386e503796,2026-05-04T08:26:55+00:00,2026-05-04T08:26:55+00:00,status_expire_candidate_after_approval,still_active_from_prior_high_confidence_expire_manifest,no
1122,active_fanout_0026,fanout_0032,PETT,risk,Chrysos Corporation's unexpected negative market reaction to a positive update,active,0.74,0.82,commentary:youtube_transcript,youtube_transcript:asx-daily-rundown-atlassian-lifts-tech-a2-milk-recall-shock-accent-group-all-time-lows:88e960386e503796,2026-05-04T08:26:55+00:00,2026-05-04T08:26:55+00:00,status_expire_candidate_after_approval,still_active_from_prior_high_confidence_expire_manifest,no
1124,active_fanout_0026,fanout_0032,A2 MILK,risk,Chrysos Corporation's unexpected negative market reaction to a positive update,active,0.74,0.82,commentary:youtube_transcript,youtube_transcript:asx-daily-rundown-atlassian-lifts-tech-a2-milk-recall-shock-accent-group-all-time-lows:88e960386e503796,2026-05-04T08:26:55+00:00,2026-05-04T08:26:55+00:00,status_expire_candidate_after_approval,still_active_from_prior_high_confidence_expire_manifest,no
1125,active_fanout_0026,fanout_0032,ACCENT GROUP,risk,Chrysos Corporation's unexpected negative market reaction to a positive update,active,0.74,0.82,commentary:youtube_transcript,youtube_transcript:asx-daily-rundown-atlassian-lifts-tech-a2-milk-recall-shock-accent-group-all-time-lows:88e960386e503796,2026-05-04T08:26:56+00:00,2026-05-04T08:26:56+00:00,status_expire_candidate_after_approval,still_active_from_prior_high_confidence_expire_manifest,no
1958,active_fanout_0029,fanout_0035,ASX,risk,A2 MILK's potential overreaction from the market due to the product recall,active,0.74,0.82,commentary:youtube_transcript,youtube_transcript:asx-daily-rundown-atlassian-lifts-tech-a2-milk-recall-shock-accent-group-all-time-lows:88e960386e503796,2026-05-05T04:21:59+00:00,2026-05-05T04:21:59+00:00,status_expire_candidate_after_approval,still_active_from_prior_high_confidence_expire_manifest,no
1959,active_fanout_0029,fanout_0035,TXT,risk,A2 MILK's potential overreaction from the market due to the product recall,active,0.74,0.82,commentary:youtube_transcript,youtube_transcript:asx-daily-rundown-atlassian-lifts-tech-a2-milk-recall-shock-accent-group-all-time-lows:88e960386e503796,2026-05-05T04:22:00+00:00,2026-05-05T04:22:00+00:00,status_expire_candidate_after_approval,still_active_from_prior_high_confidence_expire_manifest,no
1960,active_fanout_0029,fanout_0035,XTX,risk,A2 MILK's potential overreaction from the market due to the product recall,active,0.74,0.82,commentary:youtube_transcript,youtube_transcript:asx-daily-rundown-atlassian-lifts-tech-a2-milk-recall-shock-accent-group-all-time-lows:88e960386e503796,2026-05-05T04:22:00+00:00,2026-05-05T04:22:00+00:00,status_expire_candidate_after_approval,still_active_from_prior_high_confidence_expire_manifest,no
1962,active_fanout_0029,fanout_0035,ENDV,risk,A2 MILK's potential overreaction from the market due to the product recall,active,0.74,0.82,commentary:youtube_transcript,youtube_transcript:asx-daily-rundown-atlassian-lifts-tech-a2-milk-recall-shock-accent-group-all-time-lows:88e960386e503796,2026-05-05T04:22:01+00:00,2026-05-05T04:22:01+00:00,status_expire_candidate_after_approval,still_active_from_prior_high_confidence_expire_manifest,no
1963,active_fanout_0029,fanout_0035,COH,risk,A2 MILK's potential overreaction from the market due to the product recall,active,0.74,0.82,commentary:youtube_transcript,youtube_transcript:asx-daily-rundown-atlassian-lifts-tech-a2-milk-recall-shock-accent-group-all-time-lows:88e960386e503796,2026-05-05T04:22:01+00:00,2026-05-05T04:22:01+00:00,status_expire_candidate_after_approval,still_active_from_prior_high_confidence_expire_manifest,no
1964,active_fanout_0029,fanout_0035,BHP,risk,A2 MILK's potential overreaction from the market due to the product recall,active,0.74,0.82,commentary:youtube_transcript,youtube_transcript:asx-daily-rundown-atlassian-lifts-tech-a2-milk-recall-shock-accent-group-all-time-lows:88e960386e503796,2026-05-05T04:22:01+00:00,2026-05-05T04:22:01+00:00,status_expire_candidate_after_approval,still_active_from_prior_high_confidence_expire_manifest,no
1965,active_fanout_0029,fanout_0035,WES,risk,A2 MILK's potential overreaction from the market due to the product recall,active,0.74,0.82,commentary:youtube_transcript,youtube_transcript:asx-daily-rundown-atlassian-lifts-tech-a2-milk-recall-shock-accent-group-all-time-lows:88e960386e503796,2026-05-05T04:22:02+00:00,2026-05-05T04:22:02+00:00,status_expire_candidate_after_approval,still_active_from_prior_high_confidence_expire_manifest,no
1966,active_fanout_0029,fanout_0035,NAB,risk,A2 MILK's potential overreaction from the market due to the product recall,active,0.74,0.82,commentary:youtube_transcript,youtube_transcript:asx-daily-rundown-atlassian-lifts-tech-a2-milk-recall-shock-accent-group-all-time-lows:88e960386e503796,2026-05-05T04:22:02+00:00,2026-05-05T04:22:02+00:00,status_expire_candidate_after_approval,still_active_from_prior_high_confidence_expire_manifest,no
1967,active_fanout_0029,fanout_0035,WBC,risk,A2 MILK's potential overreaction from the market due to the product recall,active,0.74,0.82,commentary:youtube_transcript,youtube_transcript:asx-daily-rundown-atlassian-lifts-tech-a2-milk-recall-shock-accent-group-all-time-lows:88e960386e503796,2026-05-05T04:22:02+00:00,2026-05-05T04:22:02+00:00,status_expire_candidate_after_approval,still_active_from_prior_high_confidence_expire_manifest,no
1968,active_fanout_0029,fanout_0035,KEYP,risk,A2 MILK's potential overreaction from the market due to the product recall,active,0.74,0.82,commentary:youtube_transcript,youtube_transcript:asx-daily-rundown-atlassian-lifts-tech-a2-milk-recall-shock-accent-group-all-time-lows:88e960386e503796,2026-05-05T04:22:03+00:00,2026-05-05T04:22:03+00:00,status_expire_candidate_after_approval,still_active_from_prior_high_confidence_expire_manifest,no
1969,active_fanout_0029,fanout_0035,GCMC,risk,A2 MILK's potential overreaction from the market due to the product recall,active,0.74,0.82,commentary:youtube_transcript,youtube_transcript:asx-daily-rundown-atlassian-lifts-tech-a2-milk-recall-shock-accent-group-all-time-lows:88e960386e503796,2026-05-05T04:22:04+00:00,2026-05-05T04:22:04+00:00,status_expire_candidate_after_approval,still_active_from_prior_high_confidence_expire_manifest,no
1970,active_fanout_0029,fanout_0035,MARINO,risk,A2 MILK's potential overreaction from the market due to the product recall,active,0.74,0.82,commentary:youtube_transcript,youtube_transcript:asx-daily-rundown-atlassian-lifts-tech-a2-milk-recall-shock-accent-group-all-time-lows:88e960386e503796,2026-05-05T04:22:04+00:00,2026-05-05T04:22:04+00:00,status_expire_candidate_after_approval,still_active_from_prior_high_confidence_expire_manifest,no
1971,active_fanout_0029,fanout_0035,CLAR,risk,A2 MILK's potential overreaction from the market due to the product recall,active,0.74,0.82,commentary:youtube_transcript,youtube_transcript:asx-daily-rundown-atlassian-lifts-tech-a2-milk-recall-shock-accent-group-all-time-lows:88e960386e503796,2026-05-05T04:22:04+00:00,2026-05-05T04:22:04+00:00,status_expire_candidate_after_approval,still_active_from_prior_high_confidence_expire_manifest,no
1972,active_fanout_0029,fanout_0035,WIN,risk,A2 MILK's potential overreaction from the market due to the product recall,active,0.74,0.82,commentary:youtube_transcript,youtube_transcript:asx-daily-rundown-atlassian-lifts-tech-a2-milk-recall-shock-accent-group-all-time-lows:88e960386e503796,2026-05-05T04:22:05+00:00,2026-05-05T04:22:05+00:00,status_expire_candidate_after_approval,still_active_from_prior_high_confidence_expire_manifest,no
1973,active_fanout_0029,fanout_0035,LIVN,risk,A2 MILK's potential overreaction from the market due to the product recall,active,0.74,0.82,commentary:youtube_transcript,youtube_transcript:asx-daily-rundown-atlassian-lifts-tech-a2-milk-recall-shock-accent-group-all-time-lows:88e960386e503796,2026-05-05T04:22:05+00:00,2026-05-05T04:22:05+00:00,status_expire_candidate_after_approval,still_active_from_prior_high_confidence_expire_manifest,no
1974,active_fanout_0029,fanout_0035,SKT,risk,A2 MILK's potential overreaction from the market due to the product recall,active,0.74,0.82,commentary:youtube_transcript,youtube_transcript:asx-daily-rundown-atlassian-lifts-tech-a2-milk-recall-shock-accent-group-all-time-lows:88e960386e503796,2026-05-05T04:22:05+00:00,2026-05-05T04:22:05+00:00,status_expire_candidate_after_approval,still_active_from_prior_high_confidence_expire_manifest,no
1975,active_fanout_0029,fanout_0035,VCE,risk,A2 MILK's potential overreaction from the market due to the product recall,active,0.74,0.82,commentary:youtube_transcript,youtube_transcript:asx-daily-rundown-atlassian-lifts-tech-a2-milk-recall-shock-accent-group-all-time-lows:88e960386e503796,2026-05-05T04:22:05+00:00,2026-05-05T04:22:05+00:00,status_expire_candidate_after_approval,still_active_from_prior_high_confidence_expire_manifest,no
1976,active_fanout_0029,fanout_0035,SN,risk,A2 MILK's potential overreaction from the market due to the product recall,active,0.74,0.82,commentary:youtube_transcript,youtube_transcript:asx-daily-rundown-atlassian-lifts-tech-a2-milk-recall-shock-accent-group-all-time-lows:88e960386e503796,2026-05-05T04:22:06+00:00,2026-05-05T04:22:06+00:00,status_expire_candidate_after_approval,still_active_from_prior_high_confidence_expire_manifest,no
1977,active_fanout_0029,fanout_0035,LION,risk,A2 MILK's potential overreaction from the market due to the product recall,active,0.74,0.82,commentary:youtube_transcript,youtube_transcript:asx-daily-rundown-atlassian-lifts-tech-a2-milk-recall-shock-accent-group-all-time-lows:88e960386e503796,2026-05-05T04:22:06+00:00,2026-05-05T04:22:06+00:00,status_expire_candidate_after_approval,still_active_from_prior_high_confidence_expire_manifest,no
1978,active_fanout_0029,fanout_0035,PETT,risk,A2 MILK's potential overreaction from the market due to the product recall,active,0.74,0.82,commentary:youtube_transcript,youtube_transcript:asx-daily-rundown-atlassian-lifts-tech-a2-milk-recall-shock-accent-group-all-time-lows:88e960386e503796,2026-05-05T04:22:06+00:00,2026-05-05T04:22:06+00:00,status_expire_candidate_after_approval,still_active_from_prior_high_confidence_expire_manifest,no
1979,active_fanout_0029,fanout_0035,INDE,risk,A2 MILK's potential overreaction from the market due to the product recall,active,0.74,0.82,commentary:youtube_transcript,youtube_transcript:asx-daily-rundown-atlassian-lifts-tech-a2-milk-recall-shock-accent-group-all-time-lows:88e960386e503796,2026-05-05T04:22:07+00:00,2026-05-05T04:22:07+00:00,status_expire_candidate_after_approval,still_active_from_prior_high_confidence_expire_manifest,no
1980,active_fanout_0029,fanout_0035,C79,risk,A2 MILK's potential overreaction from the market due to the product recall,active,0.74,0.82,commentary:youtube_transcript,youtube_transcript:asx-daily-rundown-atlassian-lifts-tech-a2-milk-recall-shock-accent-group-all-time-lows:88e960386e503796,2026-05-05T04:22:07+00:00,2026-05-05T04:22:07+00:00,status_expire_candidate_after_approval,still_active_from_prior_high_confidence_expire_manifest,no
1982,active_fanout_0029,fanout_0035,ACCENT GROUP,risk,A2 MILK's potential overreaction from the market due to the product recall,active,0.74,0.82,commentary:youtube_transcript,youtube_transcript:asx-daily-rundown-atlassian-lifts-tech-a2-milk-recall-shock-accent-group-all-time-lows:88e960386e503796,2026-05-05T04:22:07+00:00,2026-05-05T04:22:07+00:00,status_expire_candidate_after_approval,still_active_from_prior_high_confidence_expire_manifest,no
1826,active_fanout_0030,fanout_0036,ASX,catalyst,A2 MILK's voluntary recall of three batches of A2 Platinum USA label infant milk formula,active,0.74,0.82,commentary:youtube_transcript,youtube_transcript:asx-daily-rundown-atlassian-lifts-tech-a2-milk-recall-shock-accent-group-all-time-lows:88e960386e503796,2026-05-05T04:21:06+00:00,2026-05-05T04:21:06+00:00,status_expire_candidate_after_approval,still_active_from_prior_high_confidence_expire_manifest,no
1827,active_fanout_0030,fanout_0036,TXT,catalyst,A2 MILK's voluntary recall of three batches of A2 Platinum USA label infant milk formula,active,0.74,0.82,commentary:youtube_transcript,youtube_transcript:asx-daily-rundown-atlassian-lifts-tech-a2-milk-recall-shock-accent-group-all-time-lows:88e960386e503796,2026-05-05T04:21:06+00:00,2026-05-05T04:21:06+00:00,status_expire_candidate_after_approval,still_active_from_prior_high_confidence_expire_manifest,no
1828,active_fanout_0030,fanout_0036,XTX,catalyst,A2 MILK's voluntary recall of three batches of A2 Platinum USA label infant milk formula,active,0.74,0.82,commentary:youtube_transcript,youtube_transcript:asx-daily-rundown-atlassian-lifts-tech-a2-milk-recall-shock-accent-group-all-time-lows:88e960386e503796,2026-05-05T04:21:06+00:00,2026-05-05T04:21:06+00:00,status_expire_candidate_after_approval,still_active_from_prior_high_confidence_expire_manifest,no
1830,active_fanout_0030,fanout_0036,ENDV,catalyst,A2 MILK's voluntary recall of three batches of A2 Platinum USA label infant milk formula,active,0.74,0.82,commentary:youtube_transcript,youtube_transcript:asx-daily-rundown-atlassian-lifts-tech-a2-milk-recall-shock-accent-group-all-time-lows:88e960386e503796,2026-05-05T04:21:06+00:00,2026-05-05T04:21:06+00:00,status_expire_candidate_after_approval,still_active_from_prior_high_confidence_expire_manifest,no
1831,active_fanout_0030,fanout_0036,COH,catalyst,A2 MILK's voluntary recall of three batches of A2 Platinum USA label infant milk formula,active,0.74,0.82,commentary:youtube_transcript,youtube_transcript:asx-daily-rundown-atlassian-lifts-tech-a2-milk-recall-shock-accent-group-all-time-lows:88e960386e503796,2026-05-05T04:21:06+00:00,2026-05-05T04:21:06+00:00,status_expire_candidate_after_approval,still_active_from_prior_high_confidence_expire_manifest,no
1832,active_fanout_0030,fanout_0036,BHP,catalyst,A2 MILK's voluntary recall of three batches of A2 Platinum USA label infant milk formula,active,0.74,0.82,commentary:youtube_transcript,youtube_transcript:asx-daily-rundown-atlassian-lifts-tech-a2-milk-recall-shock-accent-group-all-time-lows:88e960386e503796,2026-05-05T04:21:07+00:00,2026-05-05T04:21:07+00:00,status_expire_candidate_after_approval,still_active_from_prior_high_confidence_expire_manifest,no
1833,active_fanout_0030,fanout_0036,WES,catalyst,A2 MILK's voluntary recall of three batches of A2 Platinum USA label infant milk formula,active,0.74,0.82,commentary:youtube_transcript,youtube_transcript:asx-daily-rundown-atlassian-lifts-tech-a2-milk-recall-shock-accent-group-all-time-lows:88e960386e503796,2026-05-05T04:21:08+00:00,2026-05-05T04:21:08+00:00,status_expire_candidate_after_approval,still_active_from_prior_high_confidence_expire_manifest,no
1834,active_fanout_0030,fanout_0036,NAB,catalyst,A2 MILK's voluntary recall of three batches of A2 Platinum USA label infant milk formula,active,0.74,0.82,commentary:youtube_transcript,youtube_transcript:asx-daily-rundown-atlassian-lifts-tech-a2-milk-recall-shock-accent-group-all-time-lows:88e960386e503796,2026-05-05T04:21:08+00:00,2026-05-05T04:21:08+00:00,status_expire_candidate_after_approval,still_active_from_prior_high_confidence_expire_manifest,no
1835,active_fanout_0030,fanout_0036,WBC,catalyst,A2 MILK's voluntary recall of three batches of A2 Platinum USA label infant milk formula,active,0.74,0.82,commentary:youtube_transcript,youtube_transcript:asx-daily-rundown-atlassian-lifts-tech-a2-milk-recall-shock-accent-group-all-time-lows:88e960386e503796,2026-05-05T04:21:08+00:00,2026-05-05T04:21:08+00:00,status_expire_candidate_after_approval,still_active_from_prior_high_confidence_expire_manifest,no
1836,active_fanout_0030,fanout_0036,KEYP,catalyst,A2 MILK's voluntary recall of three batches of A2 Platinum USA label infant milk formula,active,0.74,0.82,commentary:youtube_transcript,youtube_transcript:asx-daily-rundown-atlassian-lifts-tech-a2-milk-recall-shock-accent-group-all-time-lows:88e960386e503796,2026-05-05T04:21:08+00:00,2026-05-05T04:21:08+00:00,status_expire_candidate_after_approval,still_active_from_prior_high_confidence_expire_manifest,no
1837,active_fanout_0030,fanout_0036,GCMC,catalyst,A2 MILK's voluntary recall of three batches of A2 Platinum USA label infant milk formula,active,0.74,0.82,commentary:youtube_transcript,youtube_transcript:asx-daily-rundown-atlassian-lifts-tech-a2-milk-recall-shock-accent-group-all-time-lows:88e960386e503796,2026-05-05T04:21:08+00:00,2026-05-05T04:21:08+00:00,status_expire_candidate_after_approval,still_active_from_prior_high_confidence_expire_manifest,no
1838,active_fanout_0030,fanout_0036,MARINO,catalyst,A2 MILK's voluntary recall of three batches of A2 Platinum USA label infant milk formula,active,0.74,0.82,commentary:youtube_transcript,youtube_transcript:asx-daily-rundown-atlassian-lifts-tech-a2-milk-recall-shock-accent-group-all-time-lows:88e960386e503796,2026-05-05T04:21:09+00:00,2026-05-05T04:21:09+00:00,status_expire_candidate_after_approval,still_active_from_prior_high_confidence_expire_manifest,no
1839,active_fanout_0030,fanout_0036,CLAR,catalyst,A2 MILK's voluntary recall of three batches of A2 Platinum USA label infant milk formula,active,0.74,0.82,commentary:youtube_transcript,youtube_transcript:asx-daily-rundown-atlassian-lifts-tech-a2-milk-recall-shock-accent-group-all-time-lows:88e960386e503796,2026-05-05T04:21:09+00:00,2026-05-05T04:21:09+00:00,status_expire_candidate_after_approval,still_active_from_prior_high_confidence_expire_manifest,no
1840,active_fanout_0030,fanout_0036,WIN,catalyst,A2 MILK's voluntary recall of three batches of A2 Platinum USA label infant milk formula,active,0.74,0.82,commentary:youtube_transcript,youtube_transcript:asx-daily-rundown-atlassian-lifts-tech-a2-milk-recall-shock-accent-group-all-time-lows:88e960386e503796,2026-05-05T04:21:09+00:00,2026-05-05T04:21:09+00:00,status_expire_candidate_after_approval,still_active_from_prior_high_confidence_expire_manifest,no
1841,active_fanout_0030,fanout_0036,LIVN,catalyst,A2 MILK's voluntary recall of three batches of A2 Platinum USA label infant milk formula,active,0.74,0.82,commentary:youtube_transcript,youtube_transcript:asx-daily-rundown-atlassian-lifts-tech-a2-milk-recall-shock-accent-group-all-time-lows:88e960386e503796,2026-05-05T04:21:10+00:00,2026-05-05T04:21:10+00:00,status_expire_candidate_after_approval,still_active_from_prior_high_confidence_expire_manifest,no
1842,active_fanout_0030,fanout_0036,SKT,catalyst,A2 MILK's voluntary recall of three batches of A2 Platinum USA label infant milk formula,active,0.74,0.82,commentary:youtube_transcript,youtube_transcript:asx-daily-rundown-atlassian-lifts-tech-a2-milk-recall-shock-accent-group-all-time-lows:88e960386e503796,2026-05-05T04:21:10+00:00,2026-05-05T04:21:10+00:00,status_expire_candidate_after_approval,still_active_from_prior_high_confidence_expire_manifest,no
1843,active_fanout_0030,fanout_0036,VCE,catalyst,A2 MILK's voluntary recall of three batches of A2 Platinum USA label infant milk formula,active,0.74,0.82,commentary:youtube_transcript,youtube_transcript:asx-daily-rundown-atlassian-lifts-tech-a2-milk-recall-shock-accent-group-all-time-lows:88e960386e503796,2026-05-05T04:21:10+00:00,2026-05-05T04:21:10+00:00,status_expire_candidate_after_approval,still_active_from_prior_high_confidence_expire_manifest,no
1844,active_fanout_0030,fanout_0036,SN,catalyst,A2 MILK's voluntary recall of three batches of A2 Platinum USA label infant milk formula,active,0.74,0.82,commentary:youtube_transcript,youtube_transcript:asx-daily-rundown-atlassian-lifts-tech-a2-milk-recall-shock-accent-group-all-time-lows:88e960386e503796,2026-05-05T04:21:11+00:00,2026-05-05T04:21:11+00:00,status_expire_candidate_after_approval,still_active_from_prior_high_confidence_expire_manifest,no
1845,active_fanout_0030,fanout_0036,LION,catalyst,A2 MILK's voluntary recall of three batches of A2 Platinum USA label infant milk formula,active,0.74,0.82,commentary:youtube_transcript,youtube_transcript:asx-daily-rundown-atlassian-lifts-tech-a2-milk-recall-shock-accent-group-all-time-lows:88e960386e503796,2026-05-05T04:21:11+00:00,2026-05-05T04:21:11+00:00,status_expire_candidate_after_approval,still_active_from_prior_high_confidence_expire_manifest,no
1846,active_fanout_0030,fanout_0036,PETT,catalyst,A2 MILK's voluntary recall of three batches of A2 Platinum USA label infant milk formula,active,0.74,0.82,commentary:youtube_transcript,youtube_transcript:asx-daily-rundown-atlassian-lifts-tech-a2-milk-recall-shock-accent-group-all-time-lows:88e960386e503796,2026-05-05T04:21:11+00:00,2026-05-05T04:21:11+00:00,status_expire_candidate_after_approval,still_active_from_prior_high_confidence_expire_manifest,no
1847,active_fanout_0030,fanout_0036,INDE,catalyst,A2 MILK's voluntary recall of three batches of A2 Platinum USA label infant milk formula,active,0.74,0.82,commentary:youtube_transcript,youtube_transcript:asx-daily-rundown-atlassian-lifts-tech-a2-milk-recall-shock-accent-group-all-time-lows:88e960386e503796,2026-05-05T04:21:11+00:00,2026-05-05T04:21:11+00:00,status_expire_candidate_after_approval,still_active_from_prior_high_confidence_expire_manifest,no
1848,active_fanout_0030,fanout_0036,C79,catalyst,A2 MILK's voluntary recall of three batches of A2 Platinum USA label infant milk formula,active,0.74,0.82,commentary:youtube_transcript,youtube_transcript:asx-daily-rundown-atlassian-lifts-tech-a2-milk-recall-shock-accent-group-all-time-lows:88e960386e503796,2026-05-05T04:21:11+00:00,2026-05-05T04:21:11+00:00,status_expire_candidate_after_approval,still_active_from_prior_high_confidence_expire_manifest,no
1850,active_fanout_0030,fanout_0036,ACCENT GROUP,catalyst,A2 MILK's voluntary recall of three batches of A2 Platinum USA label infant milk formula,active,0.74,0.82,commentary:youtube_transcript,youtube_transcript:asx-daily-rundown-atlassian-lifts-tech-a2-milk-recall-shock-accent-group-all-time-lows:88e960386e503796,2026-05-05T04:21:13+00:00,2026-05-05T04:21:13+00:00,status_expire_candidate_after_approval,still_active_from_prior_high_confidence_expire_manifest,no
1867,active_fanout_0031,fanout_0037,ASX,risk,AI fears affecting Atlassian's share price,active,0.74,0.91,commentary:youtube_transcript,youtube_transcript:asx-daily-rundown-atlassian-lifts-tech-a2-milk-recall-shock-accent-group-all-time-lows:88e960386e503796,2026-05-05T04:21:27+00:00,2026-05-05T04:21:27+00:00,status_expire_candidate_after_approval,still_active_from_prior_high_confidence_expire_manifest,no
1868,active_fanout_0031,fanout_0037,TXT,risk,AI fears affecting Atlassian's share price,active,0.74,0.91,commentary:youtube_transcript,youtube_transcript:asx-daily-rundown-atlassian-lifts-tech-a2-milk-recall-shock-accent-group-all-time-lows:88e960386e503796,2026-05-05T04:21:28+00:00,2026-05-05T04:21:28+00:00,status_expire_candidate_after_approval,still_active_from_prior_high_confidence_expire_manifest,no
1869,active_fanout_0031,fanout_0037,XTX,risk,AI fears affecting Atlassian's share price,active,0.74,0.91,commentary:youtube_transcript,youtube_transcript:asx-daily-rundown-atlassian-lifts-tech-a2-milk-recall-shock-accent-group-all-time-lows:88e960386e503796,2026-05-05T04:21:29+00:00,2026-05-05T04:21:29+00:00,status_expire_candidate_after_approval,still_active_from_prior_high_confidence_expire_manifest,no
1870,active_fanout_0031,fanout_0037,A2M,risk,AI fears affecting Atlassian's share price,active,0.74,0.91,commentary:youtube_transcript,youtube_transcript:asx-daily-rundown-atlassian-lifts-tech-a2-milk-recall-shock-accent-group-all-time-lows:88e960386e503796,2026-05-05T04:21:29+00:00,2026-05-05T04:21:29+00:00,status_expire_candidate_after_approval,still_active_from_prior_high_confidence_expire_manifest,no
1871,active_fanout_0031,fanout_0037,ENDV,risk,AI fears affecting Atlassian's share price,active,0.74,0.91,commentary:youtube_transcript,youtube_transcript:asx-daily-rundown-atlassian-lifts-tech-a2-milk-recall-shock-accent-group-all-time-lows:88e960386e503796,2026-05-05T04:21:30+00:00,2026-05-05T04:21:30+00:00,status_expire_candidate_after_approval,still_active_from_prior_high_confidence_expire_manifest,no
1872,active_fanout_0031,fanout_0037,COH,risk,AI fears affecting Atlassian's share price,active,0.74,0.91,commentary:youtube_transcript,youtube_transcript:asx-daily-rundown-atlassian-lifts-tech-a2-milk-recall-shock-accent-group-all-time-lows:88e960386e503796,2026-05-05T04:21:31+00:00,2026-05-05T04:21:31+00:00,status_expire_candidate_after_approval,still_active_from_prior_high_confidence_expire_manifest,no
1873,active_fanout_0031,fanout_0037,BHP,risk,AI fears affecting Atlassian's share price,active,0.74,0.91,commentary:youtube_transcript,youtube_transcript:asx-daily-rundown-atlassian-lifts-tech-a2-milk-recall-shock-accent-group-all-time-lows:88e960386e503796,2026-05-05T04:21:31+00:00,2026-05-05T04:21:31+00:00,status_expire_candidate_after_approval,still_active_from_prior_high_confidence_expire_manifest,no
1874,active_fanout_0031,fanout_0037,WES,risk,AI fears affecting Atlassian's share price,active,0.74,0.91,commentary:youtube_transcript,youtube_transcript:asx-daily-rundown-atlassian-lifts-tech-a2-milk-recall-shock-accent-group-all-time-lows:88e960386e503796,2026-05-05T04:21:32+00:00,2026-05-05T04:21:32+00:00,status_expire_candidate_after_approval,still_active_from_prior_high_confidence_expire_manifest,no
1875,active_fanout_0031,fanout_0037,NAB,risk,AI fears affecting Atlassian's share price,active,0.74,0.91,commentary:youtube_transcript,youtube_transcript:asx-daily-rundown-atlassian-lifts-tech-a2-milk-recall-shock-accent-group-all-time-lows:88e960386e503796,2026-05-05T04:21:32+00:00,2026-05-05T04:21:32+00:00,status_expire_candidate_after_approval,still_active_from_prior_high_confidence_expire_manifest,no
1876,active_fanout_0031,fanout_0037,WBC,risk,AI fears affecting Atlassian's share price,active,0.74,0.91,commentary:youtube_transcript,youtube_transcript:asx-daily-rundown-atlassian-lifts-tech-a2-milk-recall-shock-accent-group-all-time-lows:88e960386e503796,2026-05-05T04:21:33+00:00,2026-05-05T04:21:33+00:00,status_expire_candidate_after_approval,still_active_from_prior_high_confidence_expire_manifest,no
1877,active_fanout_0031,fanout_0037,KEYP,risk,AI fears affecting Atlassian's share price,active,0.74,0.91,commentary:youtube_transcript,youtube_transcript:asx-daily-rundown-atlassian-lifts-tech-a2-milk-recall-shock-accent-group-all-time-lows:88e960386e503796,2026-05-05T04:21:33+00:00,2026-05-05T04:21:33+00:00,status_expire_candidate_after_approval,still_active_from_prior_high_confidence_expire_manifest,no
1878,active_fanout_0031,fanout_0037,GCMC,risk,AI fears affecting Atlassian's share price,active,0.74,0.91,commentary:youtube_transcript,youtube_transcript:asx-daily-rundown-atlassian-lifts-tech-a2-milk-recall-shock-accent-group-all-time-lows:88e960386e503796,2026-05-05T04:21:33+00:00,2026-05-05T04:21:33+00:00,status_expire_candidate_after_approval,still_active_from_prior_high_confidence_expire_manifest,no
1879,active_fanout_0031,fanout_0037,MARINO,risk,AI fears affecting Atlassian's share price,active,0.74,0.91,commentary:youtube_transcript,youtube_transcript:asx-daily-rundown-atlassian-lifts-tech-a2-milk-recall-shock-accent-group-all-time-lows:88e960386e503796,2026-05-05T04:21:33+00:00,2026-05-05T04:21:33+00:00,status_expire_candidate_after_approval,still_active_from_prior_high_confidence_expire_manifest,no
1880,active_fanout_0031,fanout_0037,CLAR,risk,AI fears affecting Atlassian's share price,active,0.74,0.91,commentary:youtube_transcript,youtube_transcript:asx-daily-rundown-atlassian-lifts-tech-a2-milk-recall-shock-accent-group-all-time-lows:88e960386e503796,2026-05-05T04:21:33+00:00,2026-05-05T04:21:33+00:00,status_expire_candidate_after_approval,still_active_from_prior_high_confidence_expire_manifest,no
1881,active_fanout_0031,fanout_0037,WIN,risk,AI fears affecting Atlassian's share price,active,0.74,0.91,commentary:youtube_transcript,youtube_transcript:asx-daily-rundown-atlassian-lifts-tech-a2-milk-recall-shock-accent-group-all-time-lows:88e960386e503796,2026-05-05T04:21:34+00:00,2026-05-05T04:21:34+00:00,status_expire_candidate_after_approval,still_active_from_prior_high_confidence_expire_manifest,no
1882,active_fanout_0031,fanout_0037,LIVN,risk,AI fears affecting Atlassian's share price,active,0.74,0.91,commentary:youtube_transcript,youtube_transcript:asx-daily-rundown-atlassian-lifts-tech-a2-milk-recall-shock-accent-group-all-time-lows:88e960386e503796,2026-05-05T04:21:34+00:00,2026-05-05T04:21:34+00:00,status_expire_candidate_after_approval,still_active_from_prior_high_confidence_expire_manifest,no
1883,active_fanout_0031,fanout_0037,SKT,risk,AI fears affecting Atlassian's share price,active,0.74,0.91,commentary:youtube_transcript,youtube_transcript:asx-daily-rundown-atlassian-lifts-tech-a2-milk-recall-shock-accent-group-all-time-lows:88e960386e503796,2026-05-05T04:21:34+00:00,2026-05-05T04:21:34+00:00,status_expire_candidate_after_approval,still_active_from_prior_high_confidence_expire_manifest,no
1884,active_fanout_0031,fanout_0037,VCE,risk,AI fears affecting Atlassian's share price,active,0.74,0.91,commentary:youtube_transcript,youtube_transcript:asx-daily-rundown-atlassian-lifts-tech-a2-milk-recall-shock-accent-group-all-time-lows:88e960386e503796,2026-05-05T04:21:34+00:00,2026-05-05T04:21:34+00:00,status_expire_candidate_after_approval,still_active_from_prior_high_confidence_expire_manifest,no
1885,active_fanout_0031,fanout_0037,SN,risk,AI fears affecting Atlassian's share price,active,0.74,0.91,commentary:youtube_transcript,youtube_transcript:asx-daily-rundown-atlassian-lifts-tech-a2-milk-recall-shock-accent-group-all-time-lows:88e960386e503796,2026-05-05T04:21:35+00:00,2026-05-05T04:21:35+00:00,status_expire_candidate_after_approval,still_active_from_prior_high_confidence_expire_manifest,no
1886,active_fanout_0031,fanout_0037,LION,risk,AI fears affecting Atlassian's share price,active,0.74,0.91,commentary:youtube_transcript,youtube_transcript:asx-daily-rundown-atlassian-lifts-tech-a2-milk-recall-shock-accent-group-all-time-lows:88e960386e503796,2026-05-05T04:21:35+00:00,2026-05-05T04:21:35+00:00,status_expire_candidate_after_approval,still_active_from_prior_high_confidence_expire_manifest,no
1887,active_fanout_0031,fanout_0037,PETT,risk,AI fears affecting Atlassian's share price,active,0.74,0.91,commentary:youtube_transcript,youtube_transcript:asx-daily-rundown-atlassian-lifts-tech-a2-milk-recall-shock-accent-group-all-time-lows:88e960386e503796,2026-05-05T04:21:36+00:00,2026-05-05T04:21:36+00:00,status_expire_candidate_after_approval,still_active_from_prior_high_confidence_expire_manifest,no
1888,active_fanout_0031,fanout_0037,INDE,risk,AI fears affecting Atlassian's share price,active,0.74,0.91,commentary:youtube_transcript,youtube_transcript:asx-daily-rundown-atlassian-lifts-tech-a2-milk-recall-shock-accent-group-all-time-lows:88e960386e503796,2026-05-05T04:21:36+00:00,2026-05-05T04:21:36+00:00,status_expire_candidate_after_approval,still_active_from_prior_high_confidence_expire_manifest,no
1889,active_fanout_0031,fanout_0037,C79,risk,AI fears affecting Atlassian's share price,active,0.74,0.91,commentary:youtube_transcript,youtube_transcript:asx-daily-rundown-atlassian-lifts-tech-a2-milk-recall-shock-accent-group-all-time-lows:88e960386e503796,2026-05-05T04:21:36+00:00,2026-05-05T04:21:36+00:00,status_expire_candidate_after_approval,still_active_from_prior_high_confidence_expire_manifest,no
1890,active_fanout_0031,fanout_0037,A2 MILK,risk,AI fears affecting Atlassian's share price,active,0.74,0.91,commentary:youtube_transcript,youtube_transcript:asx-daily-rundown-atlassian-lifts-tech-a2-milk-recall-shock-accent-group-all-time-lows:88e960386e503796,2026-05-05T04:21:36+00:00,2026-05-05T04:21:36+00:00,status_expire_candidate_after_approval,still_active_from_prior_high_confidence_expire_manifest,no
1891,active_fanout_0031,fanout_0037,ACCENT GROUP,risk,AI fears affecting Atlassian's share price,active,0.74,0.91,commentary:youtube_transcript,youtube_transcript:asx-daily-rundown-atlassian-lifts-tech-a2-milk-recall-shock-accent-group-all-time-lows:88e960386e503796,2026-05-05T04:21:36+00:00,2026-05-05T04:21:36+00:00,status_expire_candidate_after_approval,still_active_from_prior_high_confidence_expire_manifest,no
1801,active_fanout_0032,fanout_0038,ASX,catalyst,Chrysos Corporation's guidance towards the upper end of their range,active,0.74,0.86,commentary:youtube_transcript,youtube_transcript:asx-daily-rundown-atlassian-lifts-tech-a2-milk-recall-shock-accent-group-all-time-lows:88e960386e503796,2026-05-05T04:20:56+00:00,2026-05-05T04:20:56+00:00,status_expire_candidate_after_approval,still_active_from_prior_high_confidence_expire_manifest,no
1802,active_fanout_0032,fanout_0038,TXT,catalyst,Chrysos Corporation's guidance towards the upper end of their range,active,0.74,0.86,commentary:youtube_transcript,youtube_transcript:asx-daily-rundown-atlassian-lifts-tech-a2-milk-recall-shock-accent-group-all-time-lows:88e960386e503796,2026-05-05T04:20:56+00:00,2026-05-05T04:20:56+00:00,status_expire_candidate_after_approval,still_active_from_prior_high_confidence_expire_manifest,no
1803,active_fanout_0032,fanout_0038,XTX,catalyst,Chrysos Corporation's guidance towards the upper end of their range,active,0.74,0.86,commentary:youtube_transcript,youtube_transcript:asx-daily-rundown-atlassian-lifts-tech-a2-milk-recall-shock-accent-group-all-time-lows:88e960386e503796,2026-05-05T04:20:58+00:00,2026-05-05T04:20:58+00:00,status_expire_candidate_after_approval,still_active_from_prior_high_confidence_expire_manifest,no
1804,active_fanout_0032,fanout_0038,A2M,catalyst,Chrysos Corporation's guidance towards the upper end of their range,active,0.74,0.86,commentary:youtube_transcript,youtube_transcript:asx-daily-rundown-atlassian-lifts-tech-a2-milk-recall-shock-accent-group-all-time-lows:88e960386e503796,2026-05-05T04:20:58+00:00,2026-05-05T04:20:58+00:00,status_expire_candidate_after_approval,still_active_from_prior_high_confidence_expire_manifest,no
1805,active_fanout_0032,fanout_0038,ENDV,catalyst,Chrysos Corporation's guidance towards the upper end of their range,active,0.74,0.86,commentary:youtube_transcript,youtube_transcript:asx-daily-rundown-atlassian-lifts-tech-a2-milk-recall-shock-accent-group-all-time-lows:88e960386e503796,2026-05-05T04:20:58+00:00,2026-05-05T04:20:58+00:00,status_expire_candidate_after_approval,still_active_from_prior_high_confidence_expire_manifest,no
1806,active_fanout_0032,fanout_0038,COH,catalyst,Chrysos Corporation's guidance towards the upper end of their range,active,0.74,0.86,commentary:youtube_transcript,youtube_transcript:asx-daily-rundown-atlassian-lifts-tech-a2-milk-recall-shock-accent-group-all-time-lows:88e960386e503796,2026-05-05T04:20:58+00:00,2026-05-05T04:20:58+00:00,status_expire_candidate_after_approval,still_active_from_prior_high_confidence_expire_manifest,no
1807,active_fanout_0032,fanout_0038,BHP,catalyst,Chrysos Corporation's guidance towards the upper end of their range,active,0.74,0.86,commentary:youtube_transcript,youtube_transcript:asx-daily-rundown-atlassian-lifts-tech-a2-milk-recall-shock-accent-group-all-time-lows:88e960386e503796,2026-05-05T04:20:59+00:00,2026-05-05T04:20:59+00:00,status_expire_candidate_after_approval,still_active_from_prior_high_confidence_expire_manifest,no
1808,active_fanout_0032,fanout_0038,WES,catalyst,Chrysos Corporation's guidance towards the upper end of their range,active,0.74,0.86,commentary:youtube_transcript,youtube_transcript:asx-daily-rundown-atlassian-lifts-tech-a2-milk-recall-shock-accent-group-all-time-lows:88e960386e503796,2026-05-05T04:20:59+00:00,2026-05-05T04:20:59+00:00,status_expire_candidate_after_approval,still_active_from_prior_high_confidence_expire_manifest,no
1809,active_fanout_0032,fanout_0038,NAB,catalyst,Chrysos Corporation's guidance towards the upper end of their range,active,0.74,0.86,commentary:youtube_transcript,youtube_transcript:asx-daily-rundown-atlassian-lifts-tech-a2-milk-recall-shock-accent-group-all-time-lows:88e960386e503796,2026-05-05T04:20:59+00:00,2026-05-05T04:20:59+00:00,status_expire_candidate_after_approval,still_active_from_prior_high_confidence_expire_manifest,no
1810,active_fanout_0032,fanout_0038,WBC,catalyst,Chrysos Corporation's guidance towards the upper end of their range,active,0.74,0.86,commentary:youtube_transcript,youtube_transcript:asx-daily-rundown-atlassian-lifts-tech-a2-milk-recall-shock-accent-group-all-time-lows:88e960386e503796,2026-05-05T04:20:59+00:00,2026-05-05T04:20:59+00:00,status_expire_candidate_after_approval,still_active_from_prior_high_confidence_expire_manifest,no
1811,active_fanout_0032,fanout_0038,KEYP,catalyst,Chrysos Corporation's guidance towards the upper end of their range,active,0.74,0.86,commentary:youtube_transcript,youtube_transcript:asx-daily-rundown-atlassian-lifts-tech-a2-milk-recall-shock-accent-group-all-time-lows:88e960386e503796,2026-05-05T04:21:00+00:00,2026-05-05T04:21:00+00:00,status_expire_candidate_after_approval,still_active_from_prior_high_confidence_expire_manifest,no
1813,active_fanout_0032,fanout_0038,MARINO,catalyst,Chrysos Corporation's guidance towards the upper end of their range,active,0.74,0.86,commentary:youtube_transcript,youtube_transcript:asx-daily-rundown-atlassian-lifts-tech-a2-milk-recall-shock-accent-group-all-time-lows:88e960386e503796,2026-05-05T04:21:01+00:00,2026-05-05T04:21:01+00:00,status_expire_candidate_after_approval,still_active_from_prior_high_confidence_expire_manifest,no
1814,active_fanout_0032,fanout_0038,CLAR,catalyst,Chrysos Corporation's guidance towards the upper end of their range,active,0.74,0.86,commentary:youtube_transcript,youtube_transcript:asx-daily-rundown-atlassian-lifts-tech-a2-milk-recall-shock-accent-group-all-time-lows:88e960386e503796,2026-05-05T04:21:01+00:00,2026-05-05T04:21:01+00:00,status_expire_candidate_after_approval,still_active_from_prior_high_confidence_expire_manifest,no
1815,active_fanout_0032,fanout_0038,WIN,catalyst,Chrysos Corporation's guidance towards the upper end of their range,active,0.74,0.86,commentary:youtube_transcript,youtube_transcript:asx-daily-rundown-atlassian-lifts-tech-a2-milk-recall-shock-accent-group-all-time-lows:88e960386e503796,2026-05-05T04:21:01+00:00,2026-05-05T04:21:01+00:00,status_expire_candidate_after_approval,still_active_from_prior_high_confidence_expire_manifest,no
1816,active_fanout_0032,fanout_0038,LIVN,catalyst,Chrysos Corporation's guidance towards the upper end of their range,active,0.74,0.86,commentary:youtube_transcript,youtube_transcript:asx-daily-rundown-atlassian-lifts-tech-a2-milk-recall-shock-accent-group-all-time-lows:88e960386e503796,2026-05-05T04:21:01+00:00,2026-05-05T04:21:01+00:00,status_expire_candidate_after_approval,still_active_from_prior_high_confidence_expire_manifest,no
1817,active_fanout_0032,fanout_0038,SKT,catalyst,Chrysos Corporation's guidance towards the upper end of their range,active,0.74,0.86,commentary:youtube_transcript,youtube_transcript:asx-daily-rundown-atlassian-lifts-tech-a2-milk-recall-shock-accent-group-all-time-lows:88e960386e503796,2026-05-05T04:21:02+00:00,2026-05-05T04:21:02+00:00,status_expire_candidate_after_approval,still_active_from_prior_high_confidence_expire_manifest,no
1818,active_fanout_0032,fanout_0038,VCE,catalyst,Chrysos Corporation's guidance towards the upper end of their range,active,0.74,0.86,commentary:youtube_transcript,youtube_transcript:asx-daily-rundown-atlassian-lifts-tech-a2-milk-recall-shock-accent-group-all-time-lows:88e960386e503796,2026-05-05T04:21:02+00:00,2026-05-05T04:21:02+00:00,status_expire_candidate_after_approval,still_active_from_prior_high_confidence_expire_manifest,no
1819,active_fanout_0032,fanout_0038,SN,catalyst,Chrysos Corporation's guidance towards the upper end of their range,active,0.74,0.86,commentary:youtube_transcript,youtube_transcript:asx-daily-rundown-atlassian-lifts-tech-a2-milk-recall-shock-accent-group-all-time-lows:88e960386e503796,2026-05-05T04:21:03+00:00,2026-05-05T04:21:03+00:00,status_expire_candidate_after_approval,still_active_from_prior_high_confidence_expire_manifest,no
1820,active_fanout_0032,fanout_0038,LION,catalyst,Chrysos Corporation's guidance towards the upper end of their range,active,0.74,0.86,commentary:youtube_transcript,youtube_transcript:asx-daily-rundown-atlassian-lifts-tech-a2-milk-recall-shock-accent-group-all-time-lows:88e960386e503796,2026-05-05T04:21:04+00:00,2026-05-05T04:21:04+00:00,status_expire_candidate_after_approval,still_active_from_prior_high_confidence_expire_manifest,no
1821,active_fanout_0032,fanout_0038,PETT,catalyst,Chrysos Corporation's guidance towards the upper end of their range,active,0.74,0.86,commentary:youtube_transcript,youtube_transcript:asx-daily-rundown-atlassian-lifts-tech-a2-milk-recall-shock-accent-group-all-time-lows:88e960386e503796,2026-05-05T04:21:04+00:00,2026-05-05T04:21:04+00:00,status_expire_candidate_after_approval,still_active_from_prior_high_confidence_expire_manifest,no
1822,active_fanout_0032,fanout_0038,INDE,catalyst,Chrysos Corporation's guidance towards the upper end of their range,active,0.74,0.86,commentary:youtube_transcript,youtube_transcript:asx-daily-rundown-atlassian-lifts-tech-a2-milk-recall-shock-accent-group-all-time-lows:88e960386e503796,2026-05-05T04:21:05+00:00,2026-05-05T04:21:05+00:00,status_expire_candidate_after_approval,still_active_from_prior_high_confidence_expire_manifest,no
1824,active_fanout_0032,fanout_0038,A2 MILK,catalyst,Chrysos Corporation's guidance towards the upper end of their range,active,0.74,0.86,commentary:youtube_transcript,youtube_transcript:asx-daily-rundown-atlassian-lifts-tech-a2-milk-recall-shock-accent-group-all-time-lows:88e960386e503796,2026-05-05T04:21:05+00:00,2026-05-05T04:21:05+00:00,status_expire_candidate_after_approval,still_active_from_prior_high_confidence_expire_manifest,no
1825,active_fanout_0032,fanout_0038,ACCENT GROUP,catalyst,Chrysos Corporation's guidance towards the upper end of their range,active,0.74,0.86,commentary:youtube_transcript,youtube_transcript:asx-daily-rundown-atlassian-lifts-tech-a2-milk-recall-shock-accent-group-all-time-lows:88e960386e503796,2026-05-05T04:21:05+00:00,2026-05-05T04:21:05+00:00,status_expire_candidate_after_approval,still_active_from_prior_high_confidence_expire_manifest,no
1933,active_fanout_0033,fanout_0039,ASX,risk,Chrysos Corporation's share price reaction to a positive update,active,0.74,0.91,commentary:youtube_transcript,youtube_transcript:asx-daily-rundown-atlassian-lifts-tech-a2-milk-recall-shock-accent-group-all-time-lows:88e960386e503796,2026-05-05T04:21:51+00:00,2026-05-05T04:21:51+00:00,status_expire_candidate_after_approval,still_active_from_prior_high_confidence_expire_manifest,no
1934,active_fanout_0033,fanout_0039,TXT,risk,Chrysos Corporation's share price reaction to a positive update,active,0.74,0.91,commentary:youtube_transcript,youtube_transcript:asx-daily-rundown-atlassian-lifts-tech-a2-milk-recall-shock-accent-group-all-time-lows:88e960386e503796,2026-05-05T04:21:51+00:00,2026-05-05T04:21:51+00:00,status_expire_candidate_after_approval,still_active_from_prior_high_confidence_expire_manifest,no
1935,active_fanout_0033,fanout_0039,XTX,risk,Chrysos Corporation's share price reaction to a positive update,active,0.74,0.91,commentary:youtube_transcript,youtube_transcript:asx-daily-rundown-atlassian-lifts-tech-a2-milk-recall-shock-accent-group-all-time-lows:88e960386e503796,2026-05-05T04:21:52+00:00,2026-05-05T04:21:52+00:00,status_expire_candidate_after_approval,still_active_from_prior_high_confidence_expire_manifest,no
1936,active_fanout_0033,fanout_0039,A2M,risk,Chrysos Corporation's share price reaction to a positive update,active,0.74,0.91,commentary:youtube_transcript,youtube_transcript:asx-daily-rundown-atlassian-lifts-tech-a2-milk-recall-shock-accent-group-all-time-lows:88e960386e503796,2026-05-05T04:21:52+00:00,2026-05-05T04:21:52+00:00,status_expire_candidate_after_approval,still_active_from_prior_high_confidence_expire_manifest,no
1937,active_fanout_0033,fanout_0039,ENDV,risk,Chrysos Corporation's share price reaction to a positive update,active,0.74,0.91,commentary:youtube_transcript,youtube_transcript:asx-daily-rundown-atlassian-lifts-tech-a2-milk-recall-shock-accent-group-all-time-lows:88e960386e503796,2026-05-05T04:21:52+00:00,2026-05-05T04:21:52+00:00,status_expire_candidate_after_approval,still_active_from_prior_high_confidence_expire_manifest,no
1938,active_fanout_0033,fanout_0039,COH,risk,Chrysos Corporation's share price reaction to a positive update,active,0.74,0.91,commentary:youtube_transcript,youtube_transcript:asx-daily-rundown-atlassian-lifts-tech-a2-milk-recall-shock-accent-group-all-time-lows:88e960386e503796,2026-05-05T04:21:52+00:00,2026-05-05T04:21:52+00:00,status_expire_candidate_after_approval,still_active_from_prior_high_confidence_expire_manifest,no
1939,active_fanout_0033,fanout_0039,BHP,risk,Chrysos Corporation's share price reaction to a positive update,active,0.74,0.91,commentary:youtube_transcript,youtube_transcript:asx-daily-rundown-atlassian-lifts-tech-a2-milk-recall-shock-accent-group-all-time-lows:88e960386e503796,2026-05-05T04:21:52+00:00,2026-05-05T04:21:52+00:00,status_expire_candidate_after_approval,still_active_from_prior_high_confidence_expire_manifest,no
1940,active_fanout_0033,fanout_0039,WES,risk,Chrysos Corporation's share price reaction to a positive update,active,0.74,0.91,commentary:youtube_transcript,youtube_transcript:asx-daily-rundown-atlassian-lifts-tech-a2-milk-recall-shock-accent-group-all-time-lows:88e960386e503796,2026-05-05T04:21:52+00:00,2026-05-05T04:21:52+00:00,status_expire_candidate_after_approval,still_active_from_prior_high_confidence_expire_manifest,no
1941,active_fanout_0033,fanout_0039,NAB,risk,Chrysos Corporation's share price reaction to a positive update,active,0.74,0.91,commentary:youtube_transcript,youtube_transcript:asx-daily-rundown-atlassian-lifts-tech-a2-milk-recall-shock-accent-group-all-time-lows:88e960386e503796,2026-05-05T04:21:53+00:00,2026-05-05T04:21:53+00:00,status_expire_candidate_after_approval,still_active_from_prior_high_confidence_expire_manifest,no
1942,active_fanout_0033,fanout_0039,WBC,risk,Chrysos Corporation's share price reaction to a positive update,active,0.74,0.91,commentary:youtube_transcript,youtube_transcript:asx-daily-rundown-atlassian-lifts-tech-a2-milk-recall-shock-accent-group-all-time-lows:88e960386e503796,2026-05-05T04:21:53+00:00,2026-05-05T04:21:53+00:00,status_expire_candidate_after_approval,still_active_from_prior_high_confidence_expire_manifest,no
1943,active_fanout_0033,fanout_0039,KEYP,risk,Chrysos Corporation's share price reaction to a positive update,active,0.74,0.91,commentary:youtube_transcript,youtube_transcript:asx-daily-rundown-atlassian-lifts-tech-a2-milk-recall-shock-accent-group-all-time-lows:88e960386e503796,2026-05-05T04:21:53+00:00,2026-05-05T04:21:53+00:00,status_expire_candidate_after_approval,still_active_from_prior_high_confidence_expire_manifest,no
1945,active_fanout_0033,fanout_0039,MARINO,risk,Chrysos Corporation's share price reaction to a positive update,active,0.74,0.91,commentary:youtube_transcript,youtube_transcript:asx-daily-rundown-atlassian-lifts-tech-a2-milk-recall-shock-accent-group-all-time-lows:88e960386e503796,2026-05-05T04:21:54+00:00,2026-05-05T04:21:54+00:00,status_expire_candidate_after_approval,still_active_from_prior_high_confidence_expire_manifest,no
1946,active_fanout_0033,fanout_0039,CLAR,risk,Chrysos Corporation's share price reaction to a positive update,active,0.74,0.91,commentary:youtube_transcript,youtube_transcript:asx-daily-rundown-atlassian-lifts-tech-a2-milk-recall-shock-accent-group-all-time-lows:88e960386e503796,2026-05-05T04:21:54+00:00,2026-05-05T04:21:54+00:00,status_expire_candidate_after_approval,still_active_from_prior_high_confidence_expire_manifest,no
1947,active_fanout_0033,fanout_0039,WIN,risk,Chrysos Corporation's share price reaction to a positive update,active,0.74,0.91,commentary:youtube_transcript,youtube_transcript:asx-daily-rundown-atlassian-lifts-tech-a2-milk-recall-shock-accent-group-all-time-lows:88e960386e503796,2026-05-05T04:21:54+00:00,2026-05-05T04:21:54+00:00,status_expire_candidate_after_approval,still_active_from_prior_high_confidence_expire_manifest,no
1948,active_fanout_0033,fanout_0039,LIVN,risk,Chrysos Corporation's share price reaction to a positive update,active,0.74,0.91,commentary:youtube_transcript,youtube_transcript:asx-daily-rundown-atlassian-lifts-tech-a2-milk-recall-shock-accent-group-all-time-lows:88e960386e503796,2026-05-05T04:21:54+00:00,2026-05-05T04:21:54+00:00,status_expire_candidate_after_approval,still_active_from_prior_high_confidence_expire_manifest,no
1949,active_fanout_0033,fanout_0039,SKT,risk,Chrysos Corporation's share price reaction to a positive update,active,0.74,0.91,commentary:youtube_transcript,youtube_transcript:asx-daily-rundown-atlassian-lifts-tech-a2-milk-recall-shock-accent-group-all-time-lows:88e960386e503796,2026-05-05T04:21:54+00:00,2026-05-05T04:21:54+00:00,status_expire_candidate_after_approval,still_active_from_prior_high_confidence_expire_manifest,no
1950,active_fanout_0033,fanout_0039,VCE,risk,Chrysos Corporation's share price reaction to a positive update,active,0.74,0.91,commentary:youtube_transcript,youtube_transcript:asx-daily-rundown-atlassian-lifts-tech-a2-milk-recall-shock-accent-group-all-time-lows:88e960386e503796,2026-05-05T04:21:55+00:00,2026-05-05T04:21:55+00:00,status_expire_candidate_after_approval,still_active_from_prior_high_confidence_expire_manifest,no
1951,active_fanout_0033,fanout_0039,SN,risk,Chrysos Corporation's share price reaction to a positive update,active,0.74,0.91,commentary:youtube_transcript,youtube_transcript:asx-daily-rundown-atlassian-lifts-tech-a2-milk-recall-shock-accent-group-all-time-lows:88e960386e503796,2026-05-05T04:21:55+00:00,2026-05-05T04:21:55+00:00,status_expire_candidate_after_approval,still_active_from_prior_high_confidence_expire_manifest,no
1952,active_fanout_0033,fanout_0039,LION,risk,Chrysos Corporation's share price reaction to a positive update,active,0.74,0.91,commentary:youtube_transcript,youtube_transcript:asx-daily-rundown-atlassian-lifts-tech-a2-milk-recall-shock-accent-group-all-time-lows:88e960386e503796,2026-05-05T04:21:55+00:00,2026-05-05T04:21:55+00:00,status_expire_candidate_after_approval,still_active_from_prior_high_confidence_expire_manifest,no
1953,active_fanout_0033,fanout_0039,PETT,risk,Chrysos Corporation's share price reaction to a positive update,active,0.74,0.91,commentary:youtube_transcript,youtube_transcript:asx-daily-rundown-atlassian-lifts-tech-a2-milk-recall-shock-accent-group-all-time-lows:88e960386e503796,2026-05-05T04:21:56+00:00,2026-05-05T04:21:56+00:00,status_expire_candidate_after_approval,still_active_from_prior_high_confidence_expire_manifest,no
1954,active_fanout_0033,fanout_0039,INDE,risk,Chrysos Corporation's share price reaction to a positive update,active,0.74,0.91,commentary:youtube_transcript,youtube_transcript:asx-daily-rundown-atlassian-lifts-tech-a2-milk-recall-shock-accent-group-all-time-lows:88e960386e503796,2026-05-05T04:21:57+00:00,2026-05-05T04:21:57+00:00,status_expire_candidate_after_approval,still_active_from_prior_high_confidence_expire_manifest,no
1956,active_fanout_0033,fanout_0039,A2 MILK,risk,Chrysos Corporation's share price reaction to a positive update,active,0.74,0.91,commentary:youtube_transcript,youtube_transcript:asx-daily-rundown-atlassian-lifts-tech-a2-milk-recall-shock-accent-group-all-time-lows:88e960386e503796,2026-05-05T04:21:57+00:00,2026-05-05T04:21:57+00:00,status_expire_candidate_after_approval,still_active_from_prior_high_confidence_expire_manifest,no
1957,active_fanout_0033,fanout_0039,ACCENT GROUP,risk,Chrysos Corporation's share price reaction to a positive update,active,0.74,0.91,commentary:youtube_transcript,youtube_transcript:asx-daily-rundown-atlassian-lifts-tech-a2-milk-recall-shock-accent-group-all-time-lows:88e960386e503796,2026-05-05T04:21:58+00:00,2026-05-05T04:21:58+00:00,status_expire_candidate_after_approval,still_active_from_prior_high_confidence_expire_manifest,no
1908,active_fanout_0035,fanout_0041,ASX,risk,Pettimed's oversupply of shares and poor market reception,active,0.76,0.86,commentary:youtube_transcript,youtube_transcript:asx-daily-rundown-atlassian-lifts-tech-a2-milk-recall-shock-accent-group-all-time-lows:88e960386e503796,2026-05-05T04:21:47+00:00,2026-05-05T04:21:47+00:00,status_expire_candidate_after_approval,still_active_from_prior_high_confidence_expire_manifest,no
1909,active_fanout_0035,fanout_0041,TXT,risk,Pettimed's oversupply of shares and poor market reception,active,0.76,0.86,commentary:youtube_transcript,youtube_transcript:asx-daily-rundown-atlassian-lifts-tech-a2-milk-recall-shock-accent-group-all-time-lows:88e960386e503796,2026-05-05T04:21:47+00:00,2026-05-05T04:21:47+00:00,status_expire_candidate_after_approval,still_active_from_prior_high_confidence_expire_manifest,no
1910,active_fanout_0035,fanout_0041,XTX,risk,Pettimed's oversupply of shares and poor market reception,active,0.76,0.86,commentary:youtube_transcript,youtube_transcript:asx-daily-rundown-atlassian-lifts-tech-a2-milk-recall-shock-accent-group-all-time-lows:88e960386e503796,2026-05-05T04:21:47+00:00,2026-05-05T04:21:47+00:00,status_expire_candidate_after_approval,still_active_from_prior_high_confidence_expire_manifest,no
1911,active_fanout_0035,fanout_0041,A2M,risk,Pettimed's oversupply of shares and poor market reception,active,0.76,0.86,commentary:youtube_transcript,youtube_transcript:asx-daily-rundown-atlassian-lifts-tech-a2-milk-recall-shock-accent-group-all-time-lows:88e960386e503796,2026-05-05T04:21:47+00:00,2026-05-05T04:21:47+00:00,status_expire_candidate_after_approval,still_active_from_prior_high_confidence_expire_manifest,no
1912,active_fanout_0035,fanout_0041,ENDV,risk,Pettimed's oversupply of shares and poor market reception,active,0.76,0.86,commentary:youtube_transcript,youtube_transcript:asx-daily-rundown-atlassian-lifts-tech-a2-milk-recall-shock-accent-group-all-time-lows:88e960386e503796,2026-05-05T04:21:47+00:00,2026-05-05T04:21:47+00:00,status_expire_candidate_after_approval,still_active_from_prior_high_confidence_expire_manifest,no
1913,active_fanout_0035,fanout_0041,COH,risk,Pettimed's oversupply of shares and poor market reception,active,0.76,0.86,commentary:youtube_transcript,youtube_transcript:asx-daily-rundown-atlassian-lifts-tech-a2-milk-recall-shock-accent-group-all-time-lows:88e960386e503796,2026-05-05T04:21:47+00:00,2026-05-05T04:21:47+00:00,status_expire_candidate_after_approval,still_active_from_prior_high_confidence_expire_manifest,no
1914,active_fanout_0035,fanout_0041,BHP,risk,Pettimed's oversupply of shares and poor market reception,active,0.76,0.86,commentary:youtube_transcript,youtube_transcript:asx-daily-rundown-atlassian-lifts-tech-a2-milk-recall-shock-accent-group-all-time-lows:88e960386e503796,2026-05-05T04:21:49+00:00,2026-05-05T04:21:49+00:00,status_expire_candidate_after_approval,still_active_from_prior_high_confidence_expire_manifest,no
1915,active_fanout_0035,fanout_0041,WES,risk,Pettimed's oversupply of shares and poor market reception,active,0.76,0.86,commentary:youtube_transcript,youtube_transcript:asx-daily-rundown-atlassian-lifts-tech-a2-milk-recall-shock-accent-group-all-time-lows:88e960386e503796,2026-05-05T04:21:49+00:00,2026-05-05T04:21:49+00:00,status_expire_candidate_after_approval,still_active_from_prior_high_confidence_expire_manifest,no
1916,active_fanout_0035,fanout_0041,NAB,risk,Pettimed's oversupply of shares and poor market reception,active,0.76,0.86,commentary:youtube_transcript,youtube_transcript:asx-daily-rundown-atlassian-lifts-tech-a2-milk-recall-shock-accent-group-all-time-lows:88e960386e503796,2026-05-05T04:21:49+00:00,2026-05-05T04:21:49+00:00,status_expire_candidate_after_approval,still_active_from_prior_high_confidence_expire_manifest,no
1917,active_fanout_0035,fanout_0041,WBC,risk,Pettimed's oversupply of shares and poor market reception,active,0.76,0.86,commentary:youtube_transcript,youtube_transcript:asx-daily-rundown-atlassian-lifts-tech-a2-milk-recall-shock-accent-group-all-time-lows:88e960386e503796,2026-05-05T04:21:49+00:00,2026-05-05T04:21:49+00:00,status_expire_candidate_after_approval,still_active_from_prior_high_confidence_expire_manifest,no
1918,active_fanout_0035,fanout_0041,KEYP,risk,Pettimed's oversupply of shares and poor market reception,active,0.76,0.86,commentary:youtube_transcript,youtube_transcript:asx-daily-rundown-atlassian-lifts-tech-a2-milk-recall-shock-accent-group-all-time-lows:88e960386e503796,2026-05-05T04:21:49+00:00,2026-05-05T04:21:49+00:00,status_expire_candidate_after_approval,still_active_from_prior_high_confidence_expire_manifest,no
1919,active_fanout_0035,fanout_0041,GCMC,risk,Pettimed's oversupply of shares and poor market reception,active,0.76,0.86,commentary:youtube_transcript,youtube_transcript:asx-daily-rundown-atlassian-lifts-tech-a2-milk-recall-shock-accent-group-all-time-lows:88e960386e503796,2026-05-05T04:21:49+00:00,2026-05-05T04:21:49+00:00,status_expire_candidate_after_approval,still_active_from_prior_high_confidence_expire_manifest,no
1920,active_fanout_0035,fanout_0041,MARINO,risk,Pettimed's oversupply of shares and poor market reception,active,0.76,0.86,commentary:youtube_transcript,youtube_transcript:asx-daily-rundown-atlassian-lifts-tech-a2-milk-recall-shock-accent-group-all-time-lows:88e960386e503796,2026-05-05T04:21:49+00:00,2026-05-05T04:21:49+00:00,status_expire_candidate_after_approval,still_active_from_prior_high_confidence_expire_manifest,no
1921,active_fanout_0035,fanout_0041,CLAR,risk,Pettimed's oversupply of shares and poor market reception,active,0.76,0.86,commentary:youtube_transcript,youtube_transcript:asx-daily-rundown-atlassian-lifts-tech-a2-milk-recall-shock-accent-group-all-time-lows:88e960386e503796,2026-05-05T04:21:49+00:00,2026-05-05T04:21:49+00:00,status_expire_candidate_after_approval,still_active_from_prior_high_confidence_expire_manifest,no
1922,active_fanout_0035,fanout_0041,WIN,risk,Pettimed's oversupply of shares and poor market reception,active,0.76,0.86,commentary:youtube_transcript,youtube_transcript:asx-daily-rundown-atlassian-lifts-tech-a2-milk-recall-shock-accent-group-all-time-lows:88e960386e503796,2026-05-05T04:21:49+00:00,2026-05-05T04:21:49+00:00,status_expire_candidate_after_approval,still_active_from_prior_high_confidence_expire_manifest,no
1923,active_fanout_0035,fanout_0041,LIVN,risk,Pettimed's oversupply of shares and poor market reception,active,0.76,0.86,commentary:youtube_transcript,youtube_transcript:asx-daily-rundown-atlassian-lifts-tech-a2-milk-recall-shock-accent-group-all-time-lows:88e960386e503796,2026-05-05T04:21:49+00:00,2026-05-05T04:21:49+00:00,status_expire_candidate_after_approval,still_active_from_prior_high_confidence_expire_manifest,no
1924,active_fanout_0035,fanout_0041,SKT,risk,Pettimed's oversupply of shares and poor market reception,active,0.76,0.86,commentary:youtube_transcript,youtube_transcript:asx-daily-rundown-atlassian-lifts-tech-a2-milk-recall-shock-accent-group-all-time-lows:88e960386e503796,2026-05-05T04:21:50+00:00,2026-05-05T04:21:50+00:00,status_expire_candidate_after_approval,still_active_from_prior_high_confidence_expire_manifest,no
1925,active_fanout_0035,fanout_0041,VCE,risk,Pettimed's oversupply of shares and poor market reception,active,0.76,0.86,commentary:youtube_transcript,youtube_transcript:asx-daily-rundown-atlassian-lifts-tech-a2-milk-recall-shock-accent-group-all-time-lows:88e960386e503796,2026-05-05T04:21:50+00:00,2026-05-05T04:21:50+00:00,status_expire_candidate_after_approval,still_active_from_prior_high_confidence_expire_manifest,no
1926,active_fanout_0035,fanout_0041,SN,risk,Pettimed's oversupply of shares and poor market reception,active,0.76,0.86,commentary:youtube_transcript,youtube_transcript:asx-daily-rundown-atlassian-lifts-tech-a2-milk-recall-shock-accent-group-all-time-lows:88e960386e503796,2026-05-05T04:21:50+00:00,2026-05-05T04:21:50+00:00,status_expire_candidate_after_approval,still_active_from_prior_high_confidence_expire_manifest,no
1927,active_fanout_0035,fanout_0041,LION,risk,Pettimed's oversupply of shares and poor market reception,active,0.76,0.86,commentary:youtube_transcript,youtube_transcript:asx-daily-rundown-atlassian-lifts-tech-a2-milk-recall-shock-accent-group-all-time-lows:88e960386e503796,2026-05-05T04:21:50+00:00,2026-05-05T04:21:50+00:00,status_expire_candidate_after_approval,still_active_from_prior_high_confidence_expire_manifest,no
1929,active_fanout_0035,fanout_0041,INDE,risk,Pettimed's oversupply of shares and poor market reception,active,0.76,0.86,commentary:youtube_transcript,youtube_transcript:asx-daily-rundown-atlassian-lifts-tech-a2-milk-recall-shock-accent-group-all-time-lows:88e960386e503796,2026-05-05T04:21:50+00:00,2026-05-05T04:21:50+00:00,status_expire_candidate_after_approval,still_active_from_prior_high_confidence_expire_manifest,no
1930,active_fanout_0035,fanout_0041,C79,risk,Pettimed's oversupply of shares and poor market reception,active,0.76,0.86,commentary:youtube_transcript,youtube_transcript:asx-daily-rundown-atlassian-lifts-tech-a2-milk-recall-shock-accent-group-all-time-lows:88e960386e503796,2026-05-05T04:21:51+00:00,2026-05-05T04:21:51+00:00,status_expire_candidate_after_approval,still_active_from_prior_high_confidence_expire_manifest,no
1931,active_fanout_0035,fanout_0041,A2 MILK,risk,Pettimed's oversupply of shares and poor market reception,active,0.76,0.86,commentary:youtube_transcript,youtube_transcript:asx-daily-rundown-atlassian-lifts-tech-a2-milk-recall-shock-accent-group-all-time-lows:88e960386e503796,2026-05-05T04:21:51+00:00,2026-05-05T04:21:51+00:00,status_expire_candidate_after_approval,still_active_from_prior_high_confidence_expire_manifest,no
1932,active_fanout_0035,fanout_0041,ACCENT GROUP,risk,Pettimed's oversupply of shares and poor market reception,active,0.76,0.86,commentary:youtube_transcript,youtube_transcript:asx-daily-rundown-atlassian-lifts-tech-a2-milk-recall-shock-accent-group-all-time-lows:88e960386e503796,2026-05-05T04:21:51+00:00,2026-05-05T04:21:51+00:00,status_expire_candidate_after_approval,still_active_from_prior_high_confidence_expire_manifest,no
1615,active_fanout_0036,fanout_0042,ASX,observed_fact,Tech stocks are performing well due to strength in Atlassian,active,0.74,0.62,commentary:youtube_transcript,youtube_transcript:asx-daily-rundown-atlassian-lifts-tech-a2-milk-recall-shock-accent-group-all-time-lows:88e960386e503796,2026-05-05T04:19:06+00:00,2026-05-05T04:19:06+00:00,status_expire_candidate_after_approval,still_active_from_prior_high_confidence_expire_manifest,no
1616,active_fanout_0036,fanout_0042,TXT,observed_fact,Tech stocks are performing well due to strength in Atlassian,active,0.74,0.62,commentary:youtube_transcript,youtube_transcript:asx-daily-rundown-atlassian-lifts-tech-a2-milk-recall-shock-accent-group-all-time-lows:88e960386e503796,2026-05-05T04:19:06+00:00,2026-05-05T04:19:06+00:00,status_expire_candidate_after_approval,still_active_from_prior_high_confidence_expire_manifest,no
1617,active_fanout_0036,fanout_0042,XTX,observed_fact,Tech stocks are performing well due to strength in Atlassian,active,0.74,0.62,commentary:youtube_transcript,youtube_transcript:asx-daily-rundown-atlassian-lifts-tech-a2-milk-recall-shock-accent-group-all-time-lows:88e960386e503796,2026-05-05T04:19:06+00:00,2026-05-05T04:19:06+00:00,status_expire_candidate_after_approval,still_active_from_prior_high_confidence_expire_manifest,no
1618,active_fanout_0036,fanout_0042,A2M,observed_fact,Tech stocks are performing well due to strength in Atlassian,active,0.74,0.62,commentary:youtube_transcript,youtube_transcript:asx-daily-rundown-atlassian-lifts-tech-a2-milk-recall-shock-accent-group-all-time-lows:88e960386e503796,2026-05-05T04:19:06+00:00,2026-05-05T04:19:06+00:00,status_expire_candidate_after_approval,still_active_from_prior_high_confidence_expire_manifest,no
1619,active_fanout_0036,fanout_0042,ENDV,observed_fact,Tech stocks are performing well due to strength in Atlassian,active,0.74,0.62,commentary:youtube_transcript,youtube_transcript:asx-daily-rundown-atlassian-lifts-tech-a2-milk-recall-shock-accent-group-all-time-lows:88e960386e503796,2026-05-05T04:19:07+00:00,2026-05-05T04:19:07+00:00,status_expire_candidate_after_approval,still_active_from_prior_high_confidence_expire_manifest,no
1620,active_fanout_0036,fanout_0042,COH,observed_fact,Tech stocks are performing well due to strength in Atlassian,active,0.74,0.62,commentary:youtube_transcript,youtube_transcript:asx-daily-rundown-atlassian-lifts-tech-a2-milk-recall-shock-accent-group-all-time-lows:88e960386e503796,2026-05-05T04:19:07+00:00,2026-05-05T04:19:07+00:00,status_expire_candidate_after_approval,still_active_from_prior_high_confidence_expire_manifest,no
1621,active_fanout_0036,fanout_0042,BHP,observed_fact,Tech stocks are performing well due to strength in Atlassian,active,0.74,0.62,commentary:youtube_transcript,youtube_transcript:asx-daily-rundown-atlassian-lifts-tech-a2-milk-recall-shock-accent-group-all-time-lows:88e960386e503796,2026-05-05T04:19:07+00:00,2026-05-05T04:19:07+00:00,status_expire_candidate_after_approval,still_active_from_prior_high_confidence_expire_manifest,no
1622,active_fanout_0036,fanout_0042,WES,observed_fact,Tech stocks are performing well due to strength in Atlassian,active,0.74,0.62,commentary:youtube_transcript,youtube_transcript:asx-daily-rundown-atlassian-lifts-tech-a2-milk-recall-shock-accent-group-all-time-lows:88e960386e503796,2026-05-05T04:19:07+00:00,2026-05-05T04:19:07+00:00,status_expire_candidate_after_approval,still_active_from_prior_high_confidence_expire_manifest,no
1623,active_fanout_0036,fanout_0042,NAB,observed_fact,Tech stocks are performing well due to strength in Atlassian,active,0.74,0.62,commentary:youtube_transcript,youtube_transcript:asx-daily-rundown-atlassian-lifts-tech-a2-milk-recall-shock-accent-group-all-time-lows:88e960386e503796,2026-05-05T04:19:07+00:00,2026-05-05T04:19:07+00:00,status_expire_candidate_after_approval,still_active_from_prior_high_confidence_expire_manifest,no
1624,active_fanout_0036,fanout_0042,WBC,observed_fact,Tech stocks are performing well due to strength in Atlassian,active,0.74,0.62,commentary:youtube_transcript,youtube_transcript:asx-daily-rundown-atlassian-lifts-tech-a2-milk-recall-shock-accent-group-all-time-lows:88e960386e503796,2026-05-05T04:19:07+00:00,2026-05-05T04:19:07+00:00,status_expire_candidate_after_approval,still_active_from_prior_high_confidence_expire_manifest,no
1625,active_fanout_0036,fanout_0042,KEYP,observed_fact,Tech stocks are performing well due to strength in Atlassian,active,0.74,0.62,commentary:youtube_transcript,youtube_transcript:asx-daily-rundown-atlassian-lifts-tech-a2-milk-recall-shock-accent-group-all-time-lows:88e960386e503796,2026-05-05T04:19:07+00:00,2026-05-05T04:19:07+00:00,status_expire_candidate_after_approval,still_active_from_prior_high_confidence_expire_manifest,no
1626,active_fanout_0036,fanout_0042,GCMC,observed_fact,Tech stocks are performing well due to strength in Atlassian,active,0.74,0.62,commentary:youtube_transcript,youtube_transcript:asx-daily-rundown-atlassian-lifts-tech-a2-milk-recall-shock-accent-group-all-time-lows:88e960386e503796,2026-05-05T04:19:07+00:00,2026-05-05T04:19:07+00:00,status_expire_candidate_after_approval,still_active_from_prior_high_confidence_expire_manifest,no
1627,active_fanout_0036,fanout_0042,MARINO,observed_fact,Tech stocks are performing well due to strength in Atlassian,active,0.74,0.62,commentary:youtube_transcript,youtube_transcript:asx-daily-rundown-atlassian-lifts-tech-a2-milk-recall-shock-accent-group-all-time-lows:88e960386e503796,2026-05-05T04:19:07+00:00,2026-05-05T04:19:07+00:00,status_expire_candidate_after_approval,still_active_from_prior_high_confidence_expire_manifest,no
1628,active_fanout_0036,fanout_0042,CLAR,observed_fact,Tech stocks are performing well due to strength in Atlassian,active,0.74,0.62,commentary:youtube_transcript,youtube_transcript:asx-daily-rundown-atlassian-lifts-tech-a2-milk-recall-shock-accent-group-all-time-lows:88e960386e503796,2026-05-05T04:19:08+00:00,2026-05-05T04:19:08+00:00,status_expire_candidate_after_approval,still_active_from_prior_high_confidence_expire_manifest,no
1629,active_fanout_0036,fanout_0042,WIN,observed_fact,Tech stocks are performing well due to strength in Atlassian,active,0.74,0.62,commentary:youtube_transcript,youtube_transcript:asx-daily-rundown-atlassian-lifts-tech-a2-milk-recall-shock-accent-group-all-time-lows:88e960386e503796,2026-05-05T04:19:08+00:00,2026-05-05T04:19:08+00:00,status_expire_candidate_after_approval,still_active_from_prior_high_confidence_expire_manifest,no
1630,active_fanout_0036,fanout_0042,LIVN,observed_fact,Tech stocks are performing well due to strength in Atlassian,active,0.74,0.62,commentary:youtube_transcript,youtube_transcript:asx-daily-rundown-atlassian-lifts-tech-a2-milk-recall-shock-accent-group-all-time-lows:88e960386e503796,2026-05-05T04:19:09+00:00,2026-05-05T04:19:09+00:00,status_expire_candidate_after_approval,still_active_from_prior_high_confidence_expire_manifest,no
1631,active_fanout_0036,fanout_0042,SKT,observed_fact,Tech stocks are performing well due to strength in Atlassian,active,0.74,0.62,commentary:youtube_transcript,youtube_transcript:asx-daily-rundown-atlassian-lifts-tech-a2-milk-recall-shock-accent-group-all-time-lows:88e960386e503796,2026-05-05T04:19:10+00:00,2026-05-05T04:19:10+00:00,status_expire_candidate_after_approval,still_active_from_prior_high_confidence_expire_manifest,no
1632,active_fanout_0036,fanout_0042,VCE,observed_fact,Tech stocks are performing well due to strength in Atlassian,active,0.74,0.62,commentary:youtube_transcript,youtube_transcript:asx-daily-rundown-atlassian-lifts-tech-a2-milk-recall-shock-accent-group-all-time-lows:88e960386e503796,2026-05-05T04:19:10+00:00,2026-05-05T04:19:10+00:00,status_expire_candidate_after_approval,still_active_from_prior_high_confidence_expire_manifest,no
1633,active_fanout_0036,fanout_0042,SN,observed_fact,Tech stocks are performing well due to strength in Atlassian,active,0.74,0.62,commentary:youtube_transcript,youtube_transcript:asx-daily-rundown-atlassian-lifts-tech-a2-milk-recall-shock-accent-group-all-time-lows:88e960386e503796,2026-05-05T04:19:10+00:00,2026-05-05T04:19:10+00:00,status_expire_candidate_after_approval,still_active_from_prior_high_confidence_expire_manifest,no
1634,active_fanout_0036,fanout_0042,LION,observed_fact,Tech stocks are performing well due to strength in Atlassian,active,0.74,0.62,commentary:youtube_transcript,youtube_transcript:asx-daily-rundown-atlassian-lifts-tech-a2-milk-recall-shock-accent-group-all-time-lows:88e960386e503796,2026-05-05T04:19:10+00:00,2026-05-05T04:19:10+00:00,status_expire_candidate_after_approval,still_active_from_prior_high_confidence_expire_manifest,no
1635,active_fanout_0036,fanout_0042,PETT,observed_fact,Tech stocks are performing well due to strength in Atlassian,active,0.74,0.62,commentary:youtube_transcript,youtube_transcript:asx-daily-rundown-atlassian-lifts-tech-a2-milk-recall-shock-accent-group-all-time-lows:88e960386e503796,2026-05-05T04:19:10+00:00,2026-05-05T04:19:10+00:00,status_expire_candidate_after_approval,still_active_from_prior_high_confidence_expire_manifest,no
1636,active_fanout_0036,fanout_0042,INDE,observed_fact,Tech stocks are performing well due to strength in Atlassian,active,0.74,0.62,commentary:youtube_transcript,youtube_transcript:asx-daily-rundown-atlassian-lifts-tech-a2-milk-recall-shock-accent-group-all-time-lows:88e960386e503796,2026-05-05T04:19:10+00:00,2026-05-05T04:19:10+00:00,status_expire_candidate_after_approval,still_active_from_prior_high_confidence_expire_manifest,no
1637,active_fanout_0036,fanout_0042,C79,observed_fact,Tech stocks are performing well due to strength in Atlassian,active,0.74,0.62,commentary:youtube_transcript,youtube_transcript:asx-daily-rundown-atlassian-lifts-tech-a2-milk-recall-shock-accent-group-all-time-lows:88e960386e503796,2026-05-05T04:19:10+00:00,2026-05-05T04:19:10+00:00,status_expire_candidate_after_approval,still_active_from_prior_high_confidence_expire_manifest,no
1638,active_fanout_0036,fanout_0042,A2 MILK,observed_fact,Tech stocks are performing well due to strength in Atlassian,active,0.74,0.62,commentary:youtube_transcript,youtube_transcript:asx-daily-rundown-atlassian-lifts-tech-a2-milk-recall-shock-accent-group-all-time-lows:88e960386e503796,2026-05-05T04:19:11+00:00,2026-05-05T04:19:11+00:00,status_expire_candidate_after_approval,still_active_from_prior_high_confidence_expire_manifest,no
1639,active_fanout_0036,fanout_0042,ACCENT GROUP,observed_fact,Tech stocks are performing well due to strength in Atlassian,active,0.74,0.62,commentary:youtube_transcript,youtube_transcript:asx-daily-rundown-atlassian-lifts-tech-a2-milk-recall-shock-accent-group-all-time-lows:88e960386e503796,2026-05-05T04:19:11+00:00,2026-05-05T04:19:11+00:00,status_expire_candidate_after_approval,still_active_from_prior_high_confidence_expire_manifest,no
1312,active_fanout_0038,fanout_0051,COH,observed_fact,PARADIGM BIOPHARMACEUTICALS expands share base for growth,active,0.85,0.74,news:newspaper4k,news:art_e4faef3c4644fe5bb3b66e32,2026-05-04T16:12:13+00:00,2026-05-04T16:12:13+00:00,status_expire_candidate_after_approval,still_active_from_prior_high_confidence_expire_manifest,no
1313,active_fanout_0038,fanout_0051,EZZ,observed_fact,PARADIGM BIOPHARMACEUTICALS expands share base for growth,active,0.85,0.74,news:newspaper4k,news:art_e4faef3c4644fe5bb3b66e32,2026-05-04T16:12:13+00:00,2026-05-04T16:12:13+00:00,status_expire_candidate_after_approval,still_active_from_prior_high_confidence_expire_manifest,no
1314,active_fanout_0038,fanout_0051,AROVELLA,observed_fact,PARADIGM BIOPHARMACEUTICALS expands share base for growth,active,0.85,0.74,news:newspaper4k,news:art_e4faef3c4644fe5bb3b66e32,2026-05-04T16:12:14+00:00,2026-05-04T16:12:14+00:00,status_expire_candidate_after_approval,still_active_from_prior_high_confidence_expire_manifest,no
1315,active_fanout_0038,fanout_0051,4DMEDICAL,observed_fact,PARADIGM BIOPHARMACEUTICALS expands share base for growth,active,0.85,0.74,news:newspaper4k,news:art_e4faef3c4644fe5bb3b66e32,2026-05-04T16:12:14+00:00,2026-05-04T16:12:14+00:00,status_expire_candidate_after_approval,still_active_from_prior_high_confidence_expire_manifest,no
1316,active_fanout_0038,fanout_0051,LTR PHARMA,observed_fact,PARADIGM BIOPHARMACEUTICALS expands share base for growth,active,0.85,0.74,news:newspaper4k,news:art_e4faef3c4644fe5bb3b66e32,2026-05-04T16:12:14+00:00,2026-05-04T16:12:14+00:00,status_expire_candidate_after_approval,still_active_from_prior_high_confidence_expire_manifest,no
1317,active_fanout_0038,fanout_0051,CSL,observed_fact,PARADIGM BIOPHARMACEUTICALS expands share base for growth,active,0.85,0.74,news:newspaper4k,news:art_e4faef3c4644fe5bb3b66e32,2026-05-04T16:12:14+00:00,2026-05-04T16:12:14+00:00,status_expire_candidate_after_approval,still_active_from_prior_high_confidence_expire_manifest,no
1318,active_fanout_0038,fanout_0051,RESMED,observed_fact,PARADIGM BIOPHARMACEUTICALS expands share base for growth,active,0.85,0.74,news:newspaper4k,news:art_e4faef3c4644fe5bb3b66e32,2026-05-04T16:12:14+00:00,2026-05-04T16:12:14+00:00,status_expire_candidate_after_approval,still_active_from_prior_high_confidence_expire_manifest,no
1304,active_fanout_0039,fanout_0052,COH,observed_fact,RESMED delivers strong quarterly growth,active,0.77,0.66,news:newspaper4k,news:art_e4faef3c4644fe5bb3b66e32,2026-05-04T16:12:12+00:00,2026-05-04T16:12:12+00:00,status_expire_candidate_after_approval,still_active_from_prior_high_confidence_expire_manifest,no
1305,active_fanout_0039,fanout_0052,EZZ,observed_fact,RESMED delivers strong quarterly growth,active,0.77,0.66,news:newspaper4k,news:art_e4faef3c4644fe5bb3b66e32,2026-05-04T16:12:12+00:00,2026-05-04T16:12:12+00:00,status_expire_candidate_after_approval,still_active_from_prior_high_confidence_expire_manifest,no
1306,active_fanout_0039,fanout_0052,AROVELLA,observed_fact,RESMED delivers strong quarterly growth,active,0.77,0.66,news:newspaper4k,news:art_e4faef3c4644fe5bb3b66e32,2026-05-04T16:12:12+00:00,2026-05-04T16:12:12+00:00,status_expire_candidate_after_approval,still_active_from_prior_high_confidence_expire_manifest,no
1307,active_fanout_0039,fanout_0052,4DMEDICAL,observed_fact,RESMED delivers strong quarterly growth,active,0.77,0.66,news:newspaper4k,news:art_e4faef3c4644fe5bb3b66e32,2026-05-04T16:12:12+00:00,2026-05-04T16:12:12+00:00,status_expire_candidate_after_approval,still_active_from_prior_high_confidence_expire_manifest,no
1308,active_fanout_0039,fanout_0052,LTR PHARMA,observed_fact,RESMED delivers strong quarterly growth,active,0.77,0.66,news:newspaper4k,news:art_e4faef3c4644fe5bb3b66e32,2026-05-04T16:12:12+00:00,2026-05-04T16:12:12+00:00,status_expire_candidate_after_approval,still_active_from_prior_high_confidence_expire_manifest,no
1309,active_fanout_0039,fanout_0052,CSL,observed_fact,RESMED delivers strong quarterly growth,active,0.77,0.66,news:newspaper4k,news:art_e4faef3c4644fe5bb3b66e32,2026-05-04T16:12:13+00:00,2026-05-04T16:12:13+00:00,status_expire_candidate_after_approval,still_active_from_prior_high_confidence_expire_manifest,no
1311,active_fanout_0039,fanout_0052,PARADIGM BIOPHARMACEUTICALS,observed_fact,RESMED delivers strong quarterly growth,active,0.77,0.66,news:newspaper4k,news:art_e4faef3c4644fe5bb3b66e32,2026-05-04T16:12:13+00:00,2026-05-04T16:12:13+00:00,status_expire_candidate_after_approval,still_active_from_prior_high_confidence_expire_manifest,no
