row_id,ticker/entity,memory_type,statement/text,status,confidence,source_id,source_type,source_title,source_published_at,created_at,updated_at,duplicate_cluster_id,fanout_cluster_size,classification,proposed_action,reason,certainty,risk_level,manual_review_required,original_store,proposed_destination_if_any,cluster_entities,cluster_row_ids,preserve_count,manual_review_count,quarantine_count,expire_count,alias_merge_count,rehome_count,blocked_count
636|637|638|639|640|641|642|643|644|645|646|647|648|649|650|651|652|653|654|655|656|657|658|659|660|661|662|1065|1066|1067|1068|1069|1070|1071|1072|1073|1074|1075|1076|1077|1078|1079|1776|1777|1778|1779|1780|1781|1782|1783|1784|1785|1786|1787|1788|1789|1790|1791|1792|1793|1794|1795|1796|1797|1798|1799|1800,A2 MILK|A2M|ACCENT GROUP|ASX|ATLASSIAN|AXEN GROUP|BHP|BRAIN CHIP|C79|CLAR|CLARITY|CLT|COH|END|ENDEAVOR GROUP|ENDV|GCM|GCM CORPORATION|GCMC|IMPEDIMED|IMRO|INDE|KEY|KEY PETROLEUM|KEYP|LION|LION TOWN|LIVN|LON|MAR|MARINO|MARINO AND CO|NAB|PENINSULA|PET|PETT|PETTIMED|SKT|SN|SNW|STK|STRICKLAND METALS|TXT|VCE|VERITUS|WBC|WES|WIN|WIN MEDALS|XTX,risk,pettimed's capital raising at 1 cent per share,active,0.79,youtube_transcript:asx-daily-rundown-atlassian-lifts-tech-a2-milk-recall-shock-accent-group-all-time-lows:88e960386e503796,youtube_transcript,"ASX Daily Rundown | Atlassian Lifts Tech, A2 Milk Recall Shock & Accent Group All-Time Lows",2026-05-04T08:15:01Z,2026-05-04T08:25:00+00:00,2026-05-04T08:25:00+00:00,fanout_0001,67,fanout_cluster_candidate,mixed_cluster_actions,cluster-level rollup of row-id candidates from copied company_memory.sqlite,high,MEDIUM,yes,company_memory.sqlite:memory_entries,DATA_MISSING,A2 MILK|A2M|ACCENT GROUP|ASX|ATLASSIAN|AXEN GROUP|BHP|BRAIN CHIP|C79|CLAR|CLARITY|CLT|COH|END|ENDEAVOR GROUP|ENDV|GCM|GCM CORPORATION|GCMC|IMPEDIMED|IMRO|INDE|KEY|KEY PETROLEUM|KEYP|LION|LION TOWN|LIVN|LON|MAR|MARINO|MARINO AND CO|NAB|PENINSULA|PET|PETT|PETTIMED|SKT|SN|SNW|STK|STRICKLAND METALS|TXT|VCE|VERITUS|WBC|WES|WIN|WIN MEDALS|XTX,636|637|638|639|640|641|642|643|644|645|646|647|648|649|650|651|652|653|654|655|656|657|658|659|660|661|662|1065|1066|1067|1068|1069|1070|1071|1072|1073|1074|1075|1076|1077|1078|1079|1776|1777|1778|1779|1780|1781|1782|1783|1784|1785|1786|1787|1788|1789|1790|1791|1792|1793|1794|1795|1796|1797|1798|1799|1800,0,0,0,63,4,0,0
258|259|260|261|262|263|264|265|266|267|268|269|270|271|272|273|274|275|276|277|278|279|280|281|282|283|284|811|812|813|814|815|816|817|818|819|820|821|822|823|824|825|1697|1698|1699|1700|1701|1702|1703|1704,A2 MILK|A2M|ACCENT GROUP|ASX|ATLASSIAN|AXEN GROUP|BHP|BRAIN CHIP|C79|CLAR|CLARITY|CLT|COH|END|ENDEAVOR GROUP|ENDV|GCM|GCM CORPORATION|GCMC|IMPEDIMED|IMRO|INDE|KEY|KEY PETROLEUM|KEYP|LION|LION TOWN|LIVN|LON|MAR|MARINO|MARINO AND CO|NAB|PENINSULA|PET|PETT|PETTIMED|SKT|SN|SNW|STK|STRICKLAND METALS|TXT|VCE|VERITUS|WBC|WES|WIN|WIN MEDALS|XTX,observed_fact,a2 milk's share price dropped 10% due to a product recall,active,0.82,youtube_transcript:asx-daily-rundown-atlassian-lifts-tech-a2-milk-recall-shock-accent-group-all-time-lows:88e960386e503796,youtube_transcript,"ASX Daily Rundown | Atlassian Lifts Tech, A2 Milk Recall Shock & Accent Group All-Time Lows",2026-05-04T08:15:01Z,2026-05-04T08:23:57+00:00,2026-05-04T08:23:57+00:00,fanout_0002,50,fanout_cluster_candidate,mixed_cluster_actions,cluster-level rollup of row-id candidates from copied company_memory.sqlite,high,MEDIUM,yes,company_memory.sqlite:memory_entries,DATA_MISSING,A2 MILK|A2M|ACCENT GROUP|ASX|ATLASSIAN|AXEN GROUP|BHP|BRAIN CHIP|C79|CLAR|CLARITY|CLT|COH|END|ENDEAVOR GROUP|ENDV|GCM|GCM CORPORATION|GCMC|IMPEDIMED|IMRO|INDE|KEY|KEY PETROLEUM|KEYP|LION|LION TOWN|LIVN|LON|MAR|MARINO|MARINO AND CO|NAB|PENINSULA|PET|PETT|PETTIMED|SKT|SN|SNW|STK|STRICKLAND METALS|TXT|VCE|VERITUS|WBC|WES|WIN|WIN MEDALS|XTX,258|259|260|261|262|263|264|265|266|267|268|269|270|271|272|273|274|275|276|277|278|279|280|281|282|283|284|811|812|813|814|815|816|817|818|819|820|821|822|823|824|825|1697|1698|1699|1700|1701|1702|1703|1704,0,0,0,48,2,0,0
285|286|287|288|289|290|291|292|293|294|295|296|297|298|299|300|301|302|303|304|305|306|307|308|309|310|311|826|827|828|829|830|831|832|833|834|835|836|837|838|839|840|1705|1706|1707|1708|1709|1710|1711|1712,A2 MILK|A2M|ACCENT GROUP|ASX|ATLASSIAN|AXEN GROUP|BHP|BRAIN CHIP|C79|CLAR|CLARITY|CLT|COH|END|ENDEAVOR GROUP|ENDV|GCM|GCM CORPORATION|GCMC|IMPEDIMED|IMRO|INDE|KEY|KEY PETROLEUM|KEYP|LION|LION TOWN|LIVN|LON|MAR|MARINO|MARINO AND CO|NAB|PENINSULA|PET|PETT|PETTIMED|SKT|SN|SNW|STK|STRICKLAND METALS|TXT|VCE|VERITUS|WBC|WES|WIN|WIN MEDALS|XTX,observed_fact,a2 milk's share price has dropped from almost $10 back to $6.59 in a few months,active,0.82,youtube_transcript:asx-daily-rundown-atlassian-lifts-tech-a2-milk-recall-shock-accent-group-all-time-lows:88e960386e503796,youtube_transcript,"ASX Daily Rundown | Atlassian Lifts Tech, A2 Milk Recall Shock & Accent Group All-Time Lows",2026-05-04T08:15:01Z,2026-05-04T08:24:02+00:00,2026-05-04T08:24:02+00:00,fanout_0003,50,fanout_cluster_candidate,mixed_cluster_actions,cluster-level rollup of row-id candidates from copied company_memory.sqlite,high,MEDIUM,yes,company_memory.sqlite:memory_entries,DATA_MISSING,A2 MILK|A2M|ACCENT GROUP|ASX|ATLASSIAN|AXEN GROUP|BHP|BRAIN CHIP|C79|CLAR|CLARITY|CLT|COH|END|ENDEAVOR GROUP|ENDV|GCM|GCM CORPORATION|GCMC|IMPEDIMED|IMRO|INDE|KEY|KEY PETROLEUM|KEYP|LION|LION TOWN|LIVN|LON|MAR|MARINO|MARINO AND CO|NAB|PENINSULA|PET|PETT|PETTIMED|SKT|SN|SNW|STK|STRICKLAND METALS|TXT|VCE|VERITUS|WBC|WES|WIN|WIN MEDALS|XTX,285|286|287|288|289|290|291|292|293|294|295|296|297|298|299|300|301|302|303|304|305|306|307|308|309|310|311|826|827|828|829|830|831|832|833|834|835|836|837|838|839|840|1705|1706|1707|1708|1709|1710|1711|1712,0,0,0,48,2,0,0
528|529|530|531|532|533|534|535|536|537|538|539|540|541|542|543|544|545|546|547|548|549|550|551|552|553|554|983|984|985|986|987|988|989|990|991|992|993|994|995|996|997|1859|1860|1861|1862|1863|1864|1865|1866,A2 MILK|A2M|ACCENT GROUP|ASX|ATLASSIAN|AXEN GROUP|BHP|BRAIN CHIP|C79|CLAR|CLARITY|CLT|COH|END|ENDEAVOR GROUP|ENDV|GCM|GCM CORPORATION|GCMC|IMPEDIMED|IMRO|INDE|KEY|KEY PETROLEUM|KEYP|LION|LION TOWN|LIVN|LON|MAR|MARINO|MARINO AND CO|NAB|PENINSULA|PET|PETT|PETTIMED|SKT|SN|SNW|STK|STRICKLAND METALS|TXT|VCE|VERITUS|WBC|WES|WIN|WIN MEDALS|XTX,catalyst,accent group's downgrade announcement,active,0.72,youtube_transcript:asx-daily-rundown-atlassian-lifts-tech-a2-milk-recall-shock-accent-group-all-time-lows:88e960386e503796,youtube_transcript,"ASX Daily Rundown | Atlassian Lifts Tech, A2 Milk Recall Shock & Accent Group All-Time Lows",2026-05-04T08:15:01Z,2026-05-04T08:24:42+00:00,2026-05-04T08:24:42+00:00,fanout_0004,50,fanout_cluster_candidate,mixed_cluster_actions,cluster-level rollup of row-id candidates from copied company_memory.sqlite,high,MEDIUM,yes,company_memory.sqlite:memory_entries,DATA_MISSING,A2 MILK|A2M|ACCENT GROUP|ASX|ATLASSIAN|AXEN GROUP|BHP|BRAIN CHIP|C79|CLAR|CLARITY|CLT|COH|END|ENDEAVOR GROUP|ENDV|GCM|GCM CORPORATION|GCMC|IMPEDIMED|IMRO|INDE|KEY|KEY PETROLEUM|KEYP|LION|LION TOWN|LIVN|LON|MAR|MARINO|MARINO AND CO|NAB|PENINSULA|PET|PETT|PETTIMED|SKT|SN|SNW|STK|STRICKLAND METALS|TXT|VCE|VERITUS|WBC|WES|WIN|WIN MEDALS|XTX,528|529|530|531|532|533|534|535|536|537|538|539|540|541|542|543|544|545|546|547|548|549|550|551|552|553|554|983|984|985|986|987|988|989|990|991|992|993|994|995|996|997|1859|1860|1861|1862|1863|1864|1865|1866,0,0,0,49,1,0,0
366|367|368|369|370|371|372|373|374|375|376|377|378|379|380|381|382|383|384|385|386|387|388|389|390|391|392|871|872|873|874|875|876|877|878|879|880|881|882|883|884|885|1729|1730|1731|1732|1733|1734|1735|1736,A2 MILK|A2M|ACCENT GROUP|ASX|ATLASSIAN|AXEN GROUP|BHP|BRAIN CHIP|C79|CLAR|CLARITY|CLT|COH|END|ENDEAVOR GROUP|ENDV|GCM|GCM CORPORATION|GCMC|IMPEDIMED|IMRO|INDE|KEY|KEY PETROLEUM|KEYP|LION|LION TOWN|LIVN|LON|MAR|MARINO|MARINO AND CO|NAB|PENINSULA|PET|PETT|PETTIMED|SKT|SN|SNW|STK|STRICKLAND METALS|TXT|VCE|VERITUS|WBC|WES|WIN|WIN MEDALS|XTX,observed_fact,accent group's ebit for the second half has been decreased by $7 million,active,0.82,youtube_transcript:asx-daily-rundown-atlassian-lifts-tech-a2-milk-recall-shock-accent-group-all-time-lows:88e960386e503796,youtube_transcript,"ASX Daily Rundown | Atlassian Lifts Tech, A2 Milk Recall Shock & Accent Group All-Time Lows",2026-05-04T08:15:01Z,2026-05-04T08:24:15+00:00,2026-05-04T08:24:15+00:00,fanout_0005,50,fanout_cluster_candidate,mixed_cluster_actions,cluster-level rollup of row-id candidates from copied company_memory.sqlite,high,MEDIUM,yes,company_memory.sqlite:memory_entries,DATA_MISSING,A2 MILK|A2M|ACCENT GROUP|ASX|ATLASSIAN|AXEN GROUP|BHP|BRAIN CHIP|C79|CLAR|CLARITY|CLT|COH|END|ENDEAVOR GROUP|ENDV|GCM|GCM CORPORATION|GCMC|IMPEDIMED|IMRO|INDE|KEY|KEY PETROLEUM|KEYP|LION|LION TOWN|LIVN|LON|MAR|MARINO|MARINO AND CO|NAB|PENINSULA|PET|PETT|PETTIMED|SKT|SN|SNW|STK|STRICKLAND METALS|TXT|VCE|VERITUS|WBC|WES|WIN|WIN MEDALS|XTX,366|367|368|369|370|371|372|373|374|375|376|377|378|379|380|381|382|383|384|385|386|387|388|389|390|391|392|871|872|873|874|875|876|877|878|879|880|881|882|883|884|885|1729|1730|1731|1732|1733|1734|1735|1736,0,0,0,49,1,0,0
339|340|341|342|343|344|345|346|347|348|349|350|351|352|353|354|355|356|357|358|359|360|361|362|363|364|365|856|857|858|859|860|861|862|863|864|865|866|867|868|869|870|1721|1722|1723|1724|1725|1726|1727|1728,A2 MILK|A2M|ACCENT GROUP|ASX|ATLASSIAN|AXEN GROUP|BHP|BRAIN CHIP|C79|CLAR|CLARITY|CLT|COH|END|ENDEAVOR GROUP|ENDV|GCM|GCM CORPORATION|GCMC|IMPEDIMED|IMRO|INDE|KEY|KEY PETROLEUM|KEYP|LION|LION TOWN|LIVN|LON|MAR|MARINO|MARINO AND CO|NAB|PENINSULA|PET|PETT|PETTIMED|SKT|SN|SNW|STK|STRICKLAND METALS|TXT|VCE|VERITUS|WBC|WES|WIN|WIN MEDALS|XTX,observed_fact,accent group's share price is down 12.9% after a downgrade announcement,active,0.83,youtube_transcript:asx-daily-rundown-atlassian-lifts-tech-a2-milk-recall-shock-accent-group-all-time-lows:88e960386e503796,youtube_transcript,"ASX Daily Rundown | Atlassian Lifts Tech, A2 Milk Recall Shock & Accent Group All-Time Lows",2026-05-04T08:15:01Z,2026-05-04T08:24:11+00:00,2026-05-04T08:24:11+00:00,fanout_0006,50,fanout_cluster_candidate,mixed_cluster_actions,cluster-level rollup of row-id candidates from copied company_memory.sqlite,high,MEDIUM,yes,company_memory.sqlite:memory_entries,DATA_MISSING,A2 MILK|A2M|ACCENT GROUP|ASX|ATLASSIAN|AXEN GROUP|BHP|BRAIN CHIP|C79|CLAR|CLARITY|CLT|COH|END|ENDEAVOR GROUP|ENDV|GCM|GCM CORPORATION|GCMC|IMPEDIMED|IMRO|INDE|KEY|KEY PETROLEUM|KEYP|LION|LION TOWN|LIVN|LON|MAR|MARINO|MARINO AND CO|NAB|PENINSULA|PET|PETT|PETTIMED|SKT|SN|SNW|STK|STRICKLAND METALS|TXT|VCE|VERITUS|WBC|WES|WIN|WIN MEDALS|XTX,339|340|341|342|343|344|345|346|347|348|349|350|351|352|353|354|355|356|357|358|359|360|361|362|363|364|365|856|857|858|859|860|861|862|863|864|865|866|867|868|869|870|1721|1722|1723|1724|1725|1726|1727|1728,0,0,0,49,1,0,0
15|16|17|18|19|20|21|22|23|24|25|26|27|28|29|30|31|32|33|34|35|36|37|38|39|40|41|668|669|670|671|672|673|674|675|676|677|678|679|680|681|682|1607|1608|1609|1610|1611|1612|1613|1614,A2 MILK|A2M|ACCENT GROUP|ASX|ATLASSIAN|AXEN GROUP|BHP|BRAIN CHIP|C79|CLAR|CLARITY|CLT|COH|END|ENDEAVOR GROUP|ENDV|GCM|GCM CORPORATION|GCMC|IMPEDIMED|IMRO|INDE|KEY|KEY PETROLEUM|KEYP|LION|LION TOWN|LIVN|LON|MAR|MARINO|MARINO AND CO|NAB|PENINSULA|PET|PETT|PETTIMED|SKT|SN|SNW|STK|STRICKLAND METALS|TXT|VCE|VERITUS|WBC|WES|WIN|WIN MEDALS|XTX,observed_fact,atlassian's share price is up about 30% due to better-than-expected results,active,0.82,youtube_transcript:asx-daily-rundown-atlassian-lifts-tech-a2-milk-recall-shock-accent-group-all-time-lows:88e960386e503796,youtube_transcript,"ASX Daily Rundown | Atlassian Lifts Tech, A2 Milk Recall Shock & Accent Group All-Time Lows",2026-05-04T08:15:01Z,2026-05-04T08:23:27+00:00,2026-05-04T08:23:27+00:00,fanout_0007,50,fanout_cluster_candidate,mixed_cluster_actions,cluster-level rollup of row-id candidates from copied company_memory.sqlite,high,MEDIUM,no,company_memory.sqlite:memory_entries,DATA_MISSING,A2 MILK|A2M|ACCENT GROUP|ASX|ATLASSIAN|AXEN GROUP|BHP|BRAIN CHIP|C79|CLAR|CLARITY|CLT|COH|END|ENDEAVOR GROUP|ENDV|GCM|GCM CORPORATION|GCMC|IMPEDIMED|IMRO|INDE|KEY|KEY PETROLEUM|KEYP|LION|LION TOWN|LIVN|LON|MAR|MARINO|MARINO AND CO|NAB|PENINSULA|PET|PETT|PETTIMED|SKT|SN|SNW|STK|STRICKLAND METALS|TXT|VCE|VERITUS|WBC|WES|WIN|WIN MEDALS|XTX,15|16|17|18|19|20|21|22|23|24|25|26|27|28|29|30|31|32|33|34|35|36|37|38|39|40|41|668|669|670|671|672|673|674|675|676|677|678|679|680|681|682|1607|1608|1609|1610|1611|1612|1613|1614,1,0,0,49,0,0,0
231|232|233|234|235|236|237|238|239|240|241|242|243|244|245|246|247|248|249|250|251|252|253|254|255|256|257|796|797|798|799|800|801|802|803|804|805|806|807|808|809|810|1689|1690|1691|1692|1693|1694|1695|1696,A2 MILK|A2M|ACCENT GROUP|ASX|ATLASSIAN|AXEN GROUP|BHP|BRAIN CHIP|C79|CLAR|CLARITY|CLT|COH|END|ENDEAVOR GROUP|ENDV|GCM|GCM CORPORATION|GCMC|IMPEDIMED|IMRO|INDE|KEY|KEY PETROLEUM|KEYP|LION|LION TOWN|LIVN|LON|MAR|MARINO|MARINO AND CO|NAB|PENINSULA|PET|PETT|PETTIMED|SKT|SN|SNW|STK|STRICKLAND METALS|TXT|VCE|VERITUS|WBC|WES|WIN|WIN MEDALS|XTX,observed_fact,chrysos corporation's share price fell 6.39% despite a positive trading update,active,0.8,youtube_transcript:asx-daily-rundown-atlassian-lifts-tech-a2-milk-recall-shock-accent-group-all-time-lows:88e960386e503796,youtube_transcript,"ASX Daily Rundown | Atlassian Lifts Tech, A2 Milk Recall Shock & Accent Group All-Time Lows",2026-05-04T08:15:01Z,2026-05-04T08:23:53+00:00,2026-05-04T08:23:53+00:00,fanout_0008,50,fanout_cluster_candidate,mixed_cluster_actions,cluster-level rollup of row-id candidates from copied company_memory.sqlite,high,MEDIUM,yes,company_memory.sqlite:memory_entries,DATA_MISSING,A2 MILK|A2M|ACCENT GROUP|ASX|ATLASSIAN|AXEN GROUP|BHP|BRAIN CHIP|C79|CLAR|CLARITY|CLT|COH|END|ENDEAVOR GROUP|ENDV|GCM|GCM CORPORATION|GCMC|IMPEDIMED|IMRO|INDE|KEY|KEY PETROLEUM|KEYP|LION|LION TOWN|LIVN|LON|MAR|MARINO|MARINO AND CO|NAB|PENINSULA|PET|PETT|PETTIMED|SKT|SN|SNW|STK|STRICKLAND METALS|TXT|VCE|VERITUS|WBC|WES|WIN|WIN MEDALS|XTX,231|232|233|234|235|236|237|238|239|240|241|242|243|244|245|246|247|248|249|250|251|252|253|254|255|256|257|796|797|798|799|800|801|802|803|804|805|806|807|808|809|810|1689|1690|1691|1692|1693|1694|1695|1696,1,0,0,46,3,0,0
312|313|314|315|316|317|318|319|320|321|322|323|324|325|326|327|328|329|330|331|332|333|334|335|336|337|338|841|842|843|844|845|846|847|848|849|850|851|852|853|854|855|1713|1714|1715|1716|1717|1718|1719|1720,A2 MILK|A2M|ACCENT GROUP|ASX|ATLASSIAN|AXEN GROUP|BHP|BRAIN CHIP|C79|CLAR|CLARITY|CLT|COH|END|ENDEAVOR GROUP|ENDV|GCM|GCM CORPORATION|GCMC|IMPEDIMED|IMRO|INDE|KEY|KEY PETROLEUM|KEYP|LION|LION TOWN|LIVN|LON|MAR|MARINO|MARINO AND CO|NAB|PENINSULA|PET|PETT|PETTIMED|SKT|SN|SNW|STK|STRICKLAND METALS|TXT|VCE|VERITUS|WBC|WES|WIN|WIN MEDALS|XTX,observed_fact,"cockia's share price dropped 29% on the day of the recall announcement in september 2011, but then the share price took off from there",active,0.82,youtube_transcript:asx-daily-rundown-atlassian-lifts-tech-a2-milk-recall-shock-accent-group-all-time-lows:88e960386e503796,youtube_transcript,"ASX Daily Rundown | Atlassian Lifts Tech, A2 Milk Recall Shock & Accent Group All-Time Lows",2026-05-04T08:15:01Z,2026-05-04T08:24:07+00:00,2026-05-04T08:24:07+00:00,fanout_0009,50,fanout_cluster_candidate,mixed_cluster_actions,cluster-level rollup of row-id candidates from copied company_memory.sqlite,medium,HIGH,yes,company_memory.sqlite:memory_entries,DATA_MISSING,A2 MILK|A2M|ACCENT GROUP|ASX|ATLASSIAN|AXEN GROUP|BHP|BRAIN CHIP|C79|CLAR|CLARITY|CLT|COH|END|ENDEAVOR GROUP|ENDV|GCM|GCM CORPORATION|GCMC|IMPEDIMED|IMRO|INDE|KEY|KEY PETROLEUM|KEYP|LION|LION TOWN|LIVN|LON|MAR|MARINO|MARINO AND CO|NAB|PENINSULA|PET|PETT|PETTIMED|SKT|SN|SNW|STK|STRICKLAND METALS|TXT|VCE|VERITUS|WBC|WES|WIN|WIN MEDALS|XTX,312|313|314|315|316|317|318|319|320|321|322|323|324|325|326|327|328|329|330|331|332|333|334|335|336|337|338|841|842|843|844|845|846|847|848|849|850|851|852|853|854|855|1713|1714|1715|1716|1717|1718|1719|1720,0,0,0,0,0,0,50
204|205|206|207|208|209|210|211|212|213|214|215|216|217|218|219|220|221|222|223|224|225|226|227|228|229|230|781|782|783|784|785|786|787|788|789|790|791|792|793|794|795|1681|1682|1683|1684|1685|1686|1687|1688,A2 MILK|A2M|ACCENT GROUP|ASX|ATLASSIAN|AXEN GROUP|BHP|BRAIN CHIP|C79|CLAR|CLARITY|CLT|COH|END|ENDEAVOR GROUP|ENDV|GCM|GCM CORPORATION|GCMC|IMPEDIMED|IMRO|INDE|KEY|KEY PETROLEUM|KEYP|LION|LION TOWN|LIVN|LON|MAR|MARINO|MARINO AND CO|NAB|PENINSULA|PET|PETT|PETTIMED|SKT|SN|SNW|STK|STRICKLAND METALS|TXT|VCE|VERITUS|WBC|WES|WIN|WIN MEDALS|XTX,observed_fact,is below 1 cent,active,0.72,youtube_transcript:asx-daily-rundown-atlassian-lifts-tech-a2-milk-recall-shock-accent-group-all-time-lows:88e960386e503796,youtube_transcript,"ASX Daily Rundown | Atlassian Lifts Tech, A2 Milk Recall Shock & Accent Group All-Time Lows",2026-05-04T08:15:01Z,2026-05-04T08:23:49+00:00,2026-05-04T08:23:49+00:00,fanout_0010,50,fanout_cluster_candidate,mixed_cluster_actions,cluster-level rollup of row-id candidates from copied company_memory.sqlite,medium,HIGH,yes,company_memory.sqlite:memory_entries,DATA_MISSING,A2 MILK|A2M|ACCENT GROUP|ASX|ATLASSIAN|AXEN GROUP|BHP|BRAIN CHIP|C79|CLAR|CLARITY|CLT|COH|END|ENDEAVOR GROUP|ENDV|GCM|GCM CORPORATION|GCMC|IMPEDIMED|IMRO|INDE|KEY|KEY PETROLEUM|KEYP|LION|LION TOWN|LIVN|LON|MAR|MARINO|MARINO AND CO|NAB|PENINSULA|PET|PETT|PETTIMED|SKT|SN|SNW|STK|STRICKLAND METALS|TXT|VCE|VERITUS|WBC|WES|WIN|WIN MEDALS|XTX,204|205|206|207|208|209|210|211|212|213|214|215|216|217|218|219|220|221|222|223|224|225|226|227|228|229|230|781|782|783|784|785|786|787|788|789|790|791|792|793|794|795|1681|1682|1683|1684|1685|1686|1687|1688,0,0,0,0,0,0,50
582|583|584|585|586|587|588|589|590|591|592|593|594|595|596|597|598|599|600|601|602|603|604|605|606|607|608|1024|1025|1026|1027|1028|1029|1030|1031|1032|1033|1034|1035|1036|1037|1038|1892|1893|1894|1895|1896|1897|1898|1899,A2 MILK|A2M|ACCENT GROUP|ASX|ATLASSIAN|AXEN GROUP|BHP|BRAIN CHIP|C79|CLAR|CLARITY|CLT|COH|END|ENDEAVOR GROUP|ENDV|GCM|GCM CORPORATION|GCMC|IMPEDIMED|IMRO|INDE|KEY|KEY PETROLEUM|KEYP|LION|LION TOWN|LIVN|LON|MAR|MARINO|MARINO AND CO|NAB|PENINSULA|PET|PETT|PETTIMED|SKT|SN|SNW|STK|STRICKLAND METALS|TXT|VCE|VERITUS|WBC|WES|WIN|WIN MEDALS|XTX,risk,negative trading updates from a2 milk and endeavor group,active,0.74,youtube_transcript:asx-daily-rundown-atlassian-lifts-tech-a2-milk-recall-shock-accent-group-all-time-lows:88e960386e503796,youtube_transcript,"ASX Daily Rundown | Atlassian Lifts Tech, A2 Milk Recall Shock & Accent Group All-Time Lows",2026-05-04T08:15:01Z,2026-05-04T08:24:50+00:00,2026-05-04T08:24:50+00:00,fanout_0011,50,fanout_cluster_candidate,mixed_cluster_actions,cluster-level rollup of row-id candidates from copied company_memory.sqlite,high,MEDIUM,yes,company_memory.sqlite:memory_entries,DATA_MISSING,A2 MILK|A2M|ACCENT GROUP|ASX|ATLASSIAN|AXEN GROUP|BHP|BRAIN CHIP|C79|CLAR|CLARITY|CLT|COH|END|ENDEAVOR GROUP|ENDV|GCM|GCM CORPORATION|GCMC|IMPEDIMED|IMRO|INDE|KEY|KEY PETROLEUM|KEYP|LION|LION TOWN|LIVN|LON|MAR|MARINO|MARINO AND CO|NAB|PENINSULA|PET|PETT|PETTIMED|SKT|SN|SNW|STK|STRICKLAND METALS|TXT|VCE|VERITUS|WBC|WES|WIN|WIN MEDALS|XTX,582|583|584|585|586|587|588|589|590|591|592|593|594|595|596|597|598|599|600|601|602|603|604|605|606|607|608|1024|1025|1026|1027|1028|1029|1030|1031|1032|1033|1034|1035|1036|1037|1038|1892|1893|1894|1895|1896|1897|1898|1899,0,0,0,45,5,0,0
177|178|179|180|181|182|183|184|185|186|187|188|189|190|191|192|193|194|195|196|197|198|199|200|201|202|203|766|767|768|769|770|771|772|773|774|775|776|777|778|779|780|1673|1674|1675|1676|1677|1678|1679|1680,A2 MILK|A2M|ACCENT GROUP|ASX|ATLASSIAN|AXEN GROUP|BHP|BRAIN CHIP|C79|CLAR|CLARITY|CLT|COH|END|ENDEAVOR GROUP|ENDV|GCM|GCM CORPORATION|GCMC|IMPEDIMED|IMRO|INDE|KEY|KEY PETROLEUM|KEYP|LION|LION TOWN|LIVN|LON|MAR|MARINO|MARINO AND CO|NAB|PENINSULA|PET|PETT|PETTIMED|SKT|SN|SNW|STK|STRICKLAND METALS|TXT|VCE|VERITUS|WBC|WES|WIN|WIN MEDALS|XTX,observed_fact,pettimed's share price is down 35.71%,active,0.82,youtube_transcript:asx-daily-rundown-atlassian-lifts-tech-a2-milk-recall-shock-accent-group-all-time-lows:88e960386e503796,youtube_transcript,"ASX Daily Rundown | Atlassian Lifts Tech, A2 Milk Recall Shock & Accent Group All-Time Lows",2026-05-04T08:15:01Z,2026-05-04T08:23:45+00:00,2026-05-04T08:23:45+00:00,fanout_0012,50,fanout_cluster_candidate,mixed_cluster_actions,cluster-level rollup of row-id candidates from copied company_memory.sqlite,high,MEDIUM,yes,company_memory.sqlite:memory_entries,DATA_MISSING,A2 MILK|A2M|ACCENT GROUP|ASX|ATLASSIAN|AXEN GROUP|BHP|BRAIN CHIP|C79|CLAR|CLARITY|CLT|COH|END|ENDEAVOR GROUP|ENDV|GCM|GCM CORPORATION|GCMC|IMPEDIMED|IMRO|INDE|KEY|KEY PETROLEUM|KEYP|LION|LION TOWN|LIVN|LON|MAR|MARINO|MARINO AND CO|NAB|PENINSULA|PET|PETT|PETTIMED|SKT|SN|SNW|STK|STRICKLAND METALS|TXT|VCE|VERITUS|WBC|WES|WIN|WIN MEDALS|XTX,177|178|179|180|181|182|183|184|185|186|187|188|189|190|191|192|193|194|195|196|197|198|199|200|201|202|203|766|767|768|769|770|771|772|773|774|775|776|777|778|779|780|1673|1674|1675|1676|1677|1678|1679|1680,0,0,0,47,3,0,0
501|502|503|504|505|506|507|508|509|510|511|512|513|514|515|516|517|518|519|520|521|522|523|524|525|526|527|968|969|970|971|972|973|974|975|976|977|978|979|980|981|982|1851|1852|1853|1854|1855|1856|1857|1858,A2 MILK|A2M|ACCENT GROUP|ASX|ATLASSIAN|AXEN GROUP|BHP|BRAIN CHIP|C79|CLAR|CLARITY|CLT|COH|END|ENDEAVOR GROUP|ENDV|GCM|GCM CORPORATION|GCMC|IMPEDIMED|IMRO|INDE|KEY|KEY PETROLEUM|KEYP|LION|LION TOWN|LIVN|LON|MAR|MARINO|MARINO AND CO|NAB|PENINSULA|PET|PETT|PETTIMED|SKT|SN|SNW|STK|STRICKLAND METALS|TXT|VCE|VERITUS|WBC|WES|WIN|WIN MEDALS|XTX,catalyst,voluntary recall of three batches of a2 platinum usa label infant milk formula manufactured by liz sinlay,active,0.72,youtube_transcript:asx-daily-rundown-atlassian-lifts-tech-a2-milk-recall-shock-accent-group-all-time-lows:88e960386e503796,youtube_transcript,"ASX Daily Rundown | Atlassian Lifts Tech, A2 Milk Recall Shock & Accent Group All-Time Lows",2026-05-04T08:15:01Z,2026-05-04T08:24:37+00:00,2026-05-04T08:24:37+00:00,fanout_0013,50,fanout_cluster_candidate,mixed_cluster_actions,cluster-level rollup of row-id candidates from copied company_memory.sqlite,high,MEDIUM,yes,company_memory.sqlite:memory_entries,DATA_MISSING,A2 MILK|A2M|ACCENT GROUP|ASX|ATLASSIAN|AXEN GROUP|BHP|BRAIN CHIP|C79|CLAR|CLARITY|CLT|COH|END|ENDEAVOR GROUP|ENDV|GCM|GCM CORPORATION|GCMC|IMPEDIMED|IMRO|INDE|KEY|KEY PETROLEUM|KEYP|LION|LION TOWN|LIVN|LON|MAR|MARINO|MARINO AND CO|NAB|PENINSULA|PET|PETT|PETTIMED|SKT|SN|SNW|STK|STRICKLAND METALS|TXT|VCE|VERITUS|WBC|WES|WIN|WIN MEDALS|XTX,501|502|503|504|505|506|507|508|509|510|511|512|513|514|515|516|517|518|519|520|521|522|523|524|525|526|527|968|969|970|971|972|973|974|975|976|977|978|979|980|981|982|1851|1852|1853|1854|1855|1856|1857|1858,0,0,0,48,2,0,0
474|475|476|477|478|479|480|481|482|483|484|485|486|487|488|489|490|491|492|493|494|495|496|497|498|499|500|953|954|955|956|957|958|959|960|961|962|963|964|965|966|967,A2 MILK|A2M|ACCENT GROUP|ASX|ATLASSIAN|AXEN GROUP|BHP|BRAIN CHIP|C79|CLARITY|CLT|COH|END|ENDEAVOR GROUP|GCM|GCM CORPORATION|IMPEDIMED|IMRO|INDE|KEY|KEY PETROLEUM|LION TOWN|LON|MAR|MARINO AND CO|NAB|PENINSULA|PET|PETT|PETTIMED|SKT|SNW|STK|STRICKLAND METALS|TXT|VCE|VERITUS|WBC|WES|WIN|WIN MEDALS|XTX,catalyst,a2 milk's product recall,active,0.7,youtube_transcript:asx-daily-rundown-atlassian-lifts-tech-a2-milk-recall-shock-accent-group-all-time-lows:88e960386e503796,youtube_transcript,"ASX Daily Rundown | Atlassian Lifts Tech, A2 Milk Recall Shock & Accent Group All-Time Lows",2026-05-04T08:15:01Z,2026-05-04T08:24:32+00:00,2026-05-04T08:24:32+00:00,fanout_0014,42,fanout_cluster_candidate,mixed_cluster_actions,cluster-level rollup of row-id candidates from copied company_memory.sqlite,high,MEDIUM,yes,company_memory.sqlite:memory_entries,DATA_MISSING,A2 MILK|A2M|ACCENT GROUP|ASX|ATLASSIAN|AXEN GROUP|BHP|BRAIN CHIP|C79|CLARITY|CLT|COH|END|ENDEAVOR GROUP|GCM|GCM CORPORATION|IMPEDIMED|IMRO|INDE|KEY|KEY PETROLEUM|LION TOWN|LON|MAR|MARINO AND CO|NAB|PENINSULA|PET|PETT|PETTIMED|SKT|SNW|STK|STRICKLAND METALS|TXT|VCE|VERITUS|WBC|WES|WIN|WIN MEDALS|XTX,474|475|476|477|478|479|480|481|482|483|484|485|486|487|488|489|490|491|492|493|494|495|496|497|498|499|500|953|954|955|956|957|958|959|960|961|962|963|964|965|966|967,0,0,0,40,2,0,0
150|151|152|153|154|155|156|157|158|159|160|161|162|163|164|165|166|167|168|169|170|171|172|173|174|175|176|751|752|753|754|755|756|757|758|759|760|761|762|763|764|765,A2 MILK|A2M|ACCENT GROUP|ASX|ATLASSIAN|AXEN GROUP|BHP|BRAIN CHIP|C79|CLARITY|CLT|COH|END|ENDEAVOR GROUP|GCM|GCM CORPORATION|IMPEDIMED|IMRO|INDE|KEY|KEY PETROLEUM|LION TOWN|LON|MAR|MARINO AND CO|NAB|PENINSULA|PET|PETT|PETTIMED|SKT|SNW|STK|STRICKLAND METALS|TXT|VCE|VERITUS|WBC|WES|WIN|WIN MEDALS|XTX,observed_fact,indeed's share price has more than halved since 2022,active,0.84,youtube_transcript:asx-daily-rundown-atlassian-lifts-tech-a2-milk-recall-shock-accent-group-all-time-lows:88e960386e503796,youtube_transcript,"ASX Daily Rundown | Atlassian Lifts Tech, A2 Milk Recall Shock & Accent Group All-Time Lows",2026-05-04T08:15:01Z,2026-05-04T08:23:41+00:00,2026-05-04T08:23:41+00:00,fanout_0015,42,fanout_cluster_candidate,mixed_cluster_actions,cluster-level rollup of row-id candidates from copied company_memory.sqlite,medium,HIGH,yes,company_memory.sqlite:memory_entries,DATA_MISSING,A2 MILK|A2M|ACCENT GROUP|ASX|ATLASSIAN|AXEN GROUP|BHP|BRAIN CHIP|C79|CLARITY|CLT|COH|END|ENDEAVOR GROUP|GCM|GCM CORPORATION|IMPEDIMED|IMRO|INDE|KEY|KEY PETROLEUM|LION TOWN|LON|MAR|MARINO AND CO|NAB|PENINSULA|PET|PETT|PETTIMED|SKT|SNW|STK|STRICKLAND METALS|TXT|VCE|VERITUS|WBC|WES|WIN|WIN MEDALS|XTX,150|151|152|153|154|155|156|157|158|159|160|161|162|163|164|165|166|167|168|169|170|171|172|173|174|175|176|751|752|753|754|755|756|757|758|759|760|761|762|763|764|765,0,0,0,0,0,0,42
447|448|449|450|451|452|453|454|455|456|457|458|459|460|461|462|463|464|465|466|467|468|469|470|471|472|473|938|939|940|941|942|943|944|945|946|947|948|949|950|951|952,A2 MILK|A2M|ACCENT GROUP|ASX|ATLASSIAN|AXEN GROUP|BHP|BRAIN CHIP|C79|CLARITY|CLT|COH|END|ENDEAVOR GROUP|GCM|GCM CORPORATION|IMPEDIMED|IMRO|INDE|KEY|KEY PETROLEUM|LION TOWN|LON|MAR|MARINO AND CO|NAB|PENINSULA|PET|PETT|PETTIMED|SKT|SNW|STK|STRICKLAND METALS|TXT|VCE|VERITUS|WBC|WES|WIN|WIN MEDALS|XTX,catalyst,positive trading update for chrysos corporation,active,0.72,youtube_transcript:asx-daily-rundown-atlassian-lifts-tech-a2-milk-recall-shock-accent-group-all-time-lows:88e960386e503796,youtube_transcript,"ASX Daily Rundown | Atlassian Lifts Tech, A2 Milk Recall Shock & Accent Group All-Time Lows",2026-05-04T08:15:01Z,2026-05-04T08:24:27+00:00,2026-05-04T08:24:27+00:00,fanout_0016,42,fanout_cluster_candidate,mixed_cluster_actions,cluster-level rollup of row-id candidates from copied company_memory.sqlite,high,MEDIUM,yes,company_memory.sqlite:memory_entries,DATA_MISSING,A2 MILK|A2M|ACCENT GROUP|ASX|ATLASSIAN|AXEN GROUP|BHP|BRAIN CHIP|C79|CLARITY|CLT|COH|END|ENDEAVOR GROUP|GCM|GCM CORPORATION|IMPEDIMED|IMRO|INDE|KEY|KEY PETROLEUM|LION TOWN|LON|MAR|MARINO AND CO|NAB|PENINSULA|PET|PETT|PETTIMED|SKT|SNW|STK|STRICKLAND METALS|TXT|VCE|VERITUS|WBC|WES|WIN|WIN MEDALS|XTX,447|448|449|450|451|452|453|454|455|456|457|458|459|460|461|462|463|464|465|466|467|468|469|470|471|472|473|938|939|940|941|942|943|944|945|946|947|948|949|950|951|952,1,0,0,39,2,0,0
663|664|665|666|667|735|736|737|738|739|740|741|742|743|744|745|746|747|748|749|750|1080|1081|1082|1083|1084|1085|1086|1087|1088|1089|1090|1091|1092|1093|1094|1095|1096|1097|1098|1099,A2 MILK|A2M|ACCENT GROUP|ASX|ATLASSIAN|AXEN GROUP|BHP|BRAIN CHIP|C79|CLARITY|CLT|COH|END|ENDEAVOR GROUP|GCM|GCM CORPORATION|IMRO|INDE|KEY|KEY PETROLEUM|LION TOWN|LON|MAR|MARINO AND CO|NAB|PENINSULA|PET|PETT|PETTIMED|SKT|SNW|STK|STRICKLAND METALS|TXT|VCE|VERITUS|WBC|WES|WIN|WIN MEDALS|XTX,risk,a2 milk's product recall and negative market reaction,active,0.74,youtube_transcript:asx-daily-rundown-atlassian-lifts-tech-a2-milk-recall-shock-accent-group-all-time-lows:88e960386e503796,youtube_transcript,"ASX Daily Rundown | Atlassian Lifts Tech, A2 Milk Recall Shock & Accent Group All-Time Lows",2026-05-04T08:15:01Z,2026-05-04T08:25:04+00:00,2026-05-04T08:25:04+00:00,fanout_0017,41,fanout_cluster_candidate,mixed_cluster_actions,cluster-level rollup of row-id candidates from copied company_memory.sqlite,high,MEDIUM,yes,company_memory.sqlite:memory_entries,DATA_MISSING,A2 MILK|A2M|ACCENT GROUP|ASX|ATLASSIAN|AXEN GROUP|BHP|BRAIN CHIP|C79|CLARITY|CLT|COH|END|ENDEAVOR GROUP|GCM|GCM CORPORATION|IMRO|INDE|KEY|KEY PETROLEUM|LION TOWN|LON|MAR|MARINO AND CO|NAB|PENINSULA|PET|PETT|PETTIMED|SKT|SNW|STK|STRICKLAND METALS|TXT|VCE|VERITUS|WBC|WES|WIN|WIN MEDALS|XTX,663|664|665|666|667|735|736|737|738|739|740|741|742|743|744|745|746|747|748|749|750|1080|1081|1082|1083|1084|1085|1086|1087|1088|1089|1090|1091|1092|1093|1094|1095|1096|1097|1098|1099,0,0,0,39,2,0,0
393|394|395|396|397|398|399|400|401|402|403|404|405|406|407|408|409|410|411|412|413|414|415|416|417|418|419|1737|1738|1739|1740|1741|1742|1743|1744|1745|1746|1747|1748|1749|1750,A2 MILK|A2M|ACCENT GROUP|ASX|ATLASSIAN|AXEN GROUP|BHP|BRAIN CHIP|C79|CLAR|CLARITY|COH|ENDEAVOR GROUP|ENDV|GCM CORPORATION|GCMC|IMPEDIMED|IMRO|INDE|KEY PETROLEUM|KEYP|LION|LION TOWN|LIVN|MARINO|MARINO AND CO|NAB|PENINSULA|PETT|PETTIMED|SKT|SN|STRICKLAND METALS|TXT|VCE|VERITUS|WBC|WES|WIN|WIN MEDALS|XTX,catalyst,atlassian's better-than-expected results,active,0.74,youtube_transcript:asx-daily-rundown-atlassian-lifts-tech-a2-milk-recall-shock-accent-group-all-time-lows:88e960386e503796,youtube_transcript,"ASX Daily Rundown | Atlassian Lifts Tech, A2 Milk Recall Shock & Accent Group All-Time Lows",2026-05-04T08:15:01Z,2026-05-04T08:24:19+00:00,2026-05-04T08:24:19+00:00,fanout_0018,41,fanout_cluster_candidate,mixed_cluster_actions,cluster-level rollup of row-id candidates from copied company_memory.sqlite,high,MEDIUM,no,company_memory.sqlite:memory_entries,DATA_MISSING,A2 MILK|A2M|ACCENT GROUP|ASX|ATLASSIAN|AXEN GROUP|BHP|BRAIN CHIP|C79|CLAR|CLARITY|COH|ENDEAVOR GROUP|ENDV|GCM CORPORATION|GCMC|IMPEDIMED|IMRO|INDE|KEY PETROLEUM|KEYP|LION|LION TOWN|LIVN|MARINO|MARINO AND CO|NAB|PENINSULA|PETT|PETTIMED|SKT|SN|STRICKLAND METALS|TXT|VCE|VERITUS|WBC|WES|WIN|WIN MEDALS|XTX,393|394|395|396|397|398|399|400|401|402|403|404|405|406|407|408|409|410|411|412|413|414|415|416|417|418|419|1737|1738|1739|1740|1741|1742|1743|1744|1745|1746|1747|1748|1749|1750,1,0,0,40,0,0,0
1152|1153|1154|1155|1156|1157|1158|1159|1160|1161|1162|1163|1164|1165|1166|1167|1168|1169|1170|1171|1172|1173|1174|1175|1176|1177|1991|1992|1993|1994|1995|1996|1997|1998,A2 MILK|A2M|ACCENT GROUP|ASX|BHP|C79|CLAR|CLT|COH|END|ENDV|GCM|GCMC|INDE|KEY|KEYP|LION|LIVN|LON|MAR|MARINO|NAB|PET|PETT|SKT|SN|SNW|STK|TXT|VCE|WBC|WES|WIN|XTX,risk,"accent group's share price approaching 50 cents, which is an all-time low for the company",active,0.79,youtube_transcript:asx-daily-rundown-atlassian-lifts-tech-a2-milk-recall-shock-accent-group-all-time-lows:88e960386e503796,youtube_transcript,"ASX Daily Rundown | Atlassian Lifts Tech, A2 Milk Recall Shock & Accent Group All-Time Lows",2026-05-04T08:15:01Z,2026-05-04T08:27:00+00:00,2026-05-04T08:27:00+00:00,fanout_0019,34,fanout_cluster_candidate,mixed_cluster_actions,cluster-level rollup of row-id candidates from copied company_memory.sqlite,high,MEDIUM,yes,company_memory.sqlite:memory_entries,DATA_MISSING,A2 MILK|A2M|ACCENT GROUP|ASX|BHP|C79|CLAR|CLT|COH|END|ENDV|GCM|GCMC|INDE|KEY|KEYP|LION|LIVN|LON|MAR|MARINO|NAB|PET|PETT|SKT|SN|SNW|STK|TXT|VCE|WBC|WES|WIN|XTX,1152|1153|1154|1155|1156|1157|1158|1159|1160|1161|1162|1163|1164|1165|1166|1167|1168|1169|1170|1171|1172|1173|1174|1175|1176|1177|1991|1992|1993|1994|1995|1996|1997|1998,0,0,0,33,1,0,0
709|710|711|712|713|714|715|716|717|718|719|720|721|722|723|724|725|726|727|728|729|730|731|732|733|734|1640|1641|1642|1643|1644|1645|1646|1647,A2 MILK|A2M|ACCENT GROUP|ASX|BHP|C79|CLAR|CLT|COH|END|ENDV|GCM|GCMC|INDE|KEY|KEYP|LION|LIVN|LON|MAR|MARINO|NAB|PET|PETT|SKT|SN|SNW|STK|TXT|VCE|WBC|WES|WIN|XTX,observed_fact,"nab's half-year results were not good, showing very little growth",active,0.79,youtube_transcript:asx-daily-rundown-atlassian-lifts-tech-a2-milk-recall-shock-accent-group-all-time-lows:88e960386e503796,youtube_transcript,"ASX Daily Rundown | Atlassian Lifts Tech, A2 Milk Recall Shock & Accent Group All-Time Lows",2026-05-04T08:15:01Z,2026-05-04T08:25:12+00:00,2026-05-04T08:25:12+00:00,fanout_0020,34,fanout_cluster_candidate,mixed_cluster_actions,cluster-level rollup of row-id candidates from copied company_memory.sqlite,high,MEDIUM,no,company_memory.sqlite:memory_entries,DATA_MISSING,A2 MILK|A2M|ACCENT GROUP|ASX|BHP|C79|CLAR|CLT|COH|END|ENDV|GCM|GCMC|INDE|KEY|KEYP|LION|LIVN|LON|MAR|MARINO|NAB|PET|PETT|SKT|SN|SNW|STK|TXT|VCE|WBC|WES|WIN|XTX,709|710|711|712|713|714|715|716|717|718|719|720|721|722|723|724|725|726|727|728|729|730|731|732|733|734|1640|1641|1642|1643|1644|1645|1646|1647,1,0,0,33,0,0,0
1039|1040|1041|1042|1043|1044|1045|1046|1047|1048|1049|1050|1051|1052|1053|1054|1055|1056|1057|1058|1059|1060|1061|1062|1063|1064|1900|1901|1902|1903|1904|1905|1906|1907,A2 MILK|A2M|ACCENT GROUP|ASX|BHP|C79|CLAR|CLT|COH|END|ENDV|GCM|GCMC|INDE|KEY|KEYP|LION|LIVN|LON|MAR|MARINO|NAB|PET|PETT|SKT|SN|SNW|STK|TXT|VCE|WBC|WES|WIN|XTX,risk,over issuance of shares by pettimed leading to a significant drop in share price,active,0.76,youtube_transcript:asx-daily-rundown-atlassian-lifts-tech-a2-milk-recall-shock-accent-group-all-time-lows:88e960386e503796,youtube_transcript,"ASX Daily Rundown | Atlassian Lifts Tech, A2 Milk Recall Shock & Accent Group All-Time Lows",2026-05-04T08:15:01Z,2026-05-04T08:26:36+00:00,2026-05-04T08:26:36+00:00,fanout_0021,34,fanout_cluster_candidate,mixed_cluster_actions,cluster-level rollup of row-id candidates from copied company_memory.sqlite,high,MEDIUM,yes,company_memory.sqlite:memory_entries,DATA_MISSING,A2 MILK|A2M|ACCENT GROUP|ASX|BHP|C79|CLAR|CLT|COH|END|ENDV|GCM|GCMC|INDE|KEY|KEYP|LION|LIVN|LON|MAR|MARINO|NAB|PET|PETT|SKT|SN|SNW|STK|TXT|VCE|WBC|WES|WIN|XTX,1039|1040|1041|1042|1043|1044|1045|1046|1047|1048|1049|1050|1051|1052|1053|1054|1055|1056|1057|1058|1059|1060|1061|1062|1063|1064|1900|1901|1902|1903|1904|1905|1906|1907,0,0,0,32,2,0,0
1126|1127|1128|1129|1130|1131|1132|1133|1134|1135|1136|1137|1138|1139|1140|1141|1142|1143|1144|1145|1146|1147|1148|1149|1150|1151|1983|1984|1985|1986|1987|1988|1989|1990,A2 MILK|A2M|ACCENT GROUP|ASX|BHP|C79|CLAR|CLT|COH|END|ENDV|GCM|GCMC|INDE|KEY|KEYP|LION|LIVN|LON|MAR|MARINO|NAB|PET|PETT|SKT|SN|SNW|STK|TXT|VCE|WBC|WES|WIN|XTX,risk,potential overreaction by the market to the recall announcement for a2 milk,active,0.74,youtube_transcript:asx-daily-rundown-atlassian-lifts-tech-a2-milk-recall-shock-accent-group-all-time-lows:88e960386e503796,youtube_transcript,"ASX Daily Rundown | Atlassian Lifts Tech, A2 Milk Recall Shock & Accent Group All-Time Lows",2026-05-04T08:15:01Z,2026-05-04T08:26:56+00:00,2026-05-04T08:26:56+00:00,fanout_0022,34,fanout_cluster_candidate,mixed_cluster_actions,cluster-level rollup of row-id candidates from copied company_memory.sqlite,high,MEDIUM,yes,company_memory.sqlite:memory_entries,DATA_MISSING,A2 MILK|A2M|ACCENT GROUP|ASX|BHP|C79|CLAR|CLT|COH|END|ENDV|GCM|GCMC|INDE|KEY|KEYP|LION|LIVN|LON|MAR|MARINO|NAB|PET|PETT|SKT|SN|SNW|STK|TXT|VCE|WBC|WES|WIN|XTX,1126|1127|1128|1129|1130|1131|1132|1133|1134|1135|1136|1137|1138|1139|1140|1141|1142|1143|1144|1145|1146|1147|1148|1149|1150|1151|1983|1984|1985|1986|1987|1988|1989|1990,0,0,0,32,2,0,0
555|556|557|558|559|560|561|562|563|564|565|566|567|568|569|570|571|572|573|574|575|576|577|578|579|580|581,A2 MILK|A2M|ACCENT GROUP|ASX|ATLASSIAN|AXEN GROUP|BHP|BRAIN CHIP|C79|CLARITY|ENDEAVOR GROUP|GCM CORPORATION|IMPEDIMED|IMRO|INDE|KEY PETROLEUM|LION TOWN|MARINO AND CO|NAB|PENINSULA|PETT|PETTIMED|STRICKLAND METALS|TXT|VERITUS|WIN MEDALS|XTX,risk,ai fears for atlassian,active,0.69,youtube_transcript:asx-daily-rundown-atlassian-lifts-tech-a2-milk-recall-shock-accent-group-all-time-lows:88e960386e503796,youtube_transcript,"ASX Daily Rundown | Atlassian Lifts Tech, A2 Milk Recall Shock & Accent Group All-Time Lows",2026-05-04T08:15:01Z,2026-05-04T08:24:46+00:00,2026-05-04T08:24:46+00:00,fanout_0023,27,fanout_cluster_candidate,mixed_cluster_actions,cluster-level rollup of row-id candidates from copied company_memory.sqlite,high,MEDIUM,no,company_memory.sqlite:memory_entries,DATA_MISSING,A2 MILK|A2M|ACCENT GROUP|ASX|ATLASSIAN|AXEN GROUP|BHP|BRAIN CHIP|C79|CLARITY|ENDEAVOR GROUP|GCM CORPORATION|IMPEDIMED|IMRO|INDE|KEY PETROLEUM|LION TOWN|MARINO AND CO|NAB|PENINSULA|PETT|PETTIMED|STRICKLAND METALS|TXT|VERITUS|WIN MEDALS|XTX,555|556|557|558|559|560|561|562|563|564|565|566|567|568|569|570|571|572|573|574|575|576|577|578|579|580|581,1,0,0,26,0,0,0
69|70|71|72|73|74|75|76|77|78|79|80|81|82|83|84|85|86|87|88|89|90|91|92|93|94|95,A2 MILK|A2M|ACCENT GROUP|ASX|ATLASSIAN|AXEN GROUP|BHP|BRAIN CHIP|C79|CLARITY|ENDEAVOR GROUP|GCM CORPORATION|IMPEDIMED|IMRO|INDE|KEY PETROLEUM|LION TOWN|MARINO AND CO|NAB|PENINSULA|PETT|PETTIMED|STRICKLAND METALS|TXT|VERITUS|WIN MEDALS|XTX,observed_fact,"atlassian's share price closed at $88.88, which is considered lucky in chinese culture",active,0.82,youtube_transcript:asx-daily-rundown-atlassian-lifts-tech-a2-milk-recall-shock-accent-group-all-time-lows:88e960386e503796,youtube_transcript,"ASX Daily Rundown | Atlassian Lifts Tech, A2 Milk Recall Shock & Accent Group All-Time Lows",2026-05-04T08:15:01Z,2026-05-04T08:23:30+00:00,2026-05-04T08:23:30+00:00,fanout_0024,27,fanout_cluster_candidate,mixed_cluster_actions,cluster-level rollup of row-id candidates from copied company_memory.sqlite,high,MEDIUM,no,company_memory.sqlite:memory_entries,DATA_MISSING,A2 MILK|A2M|ACCENT GROUP|ASX|ATLASSIAN|AXEN GROUP|BHP|BRAIN CHIP|C79|CLARITY|ENDEAVOR GROUP|GCM CORPORATION|IMPEDIMED|IMRO|INDE|KEY PETROLEUM|LION TOWN|MARINO AND CO|NAB|PENINSULA|PETT|PETTIMED|STRICKLAND METALS|TXT|VERITUS|WIN MEDALS|XTX,69|70|71|72|73|74|75|76|77|78|79|80|81|82|83|84|85|86|87|88|89|90|91|92|93|94|95,1,0,0,26,0,0,0
96|97|98|99|100|101|102|103|104|105|106|107|108|109|110|111|112|113|114|115|116|117|118|119|120|121|122,A2 MILK|A2M|ACCENT GROUP|ASX|ATLASSIAN|AXEN GROUP|BHP|BRAIN CHIP|C79|CLARITY|ENDEAVOR GROUP|GCM CORPORATION|IMPEDIMED|IMRO|INDE|KEY PETROLEUM|LION TOWN|MARINO AND CO|NAB|PENINSULA|PETT|PETTIMED|STRICKLAND METALS|TXT|VERITUS|WIN MEDALS|XTX,observed_fact,australian inflation gauge has cooled from a record peak,active,0.74,youtube_transcript:asx-daily-rundown-atlassian-lifts-tech-a2-milk-recall-shock-accent-group-all-time-lows:88e960386e503796,youtube_transcript,"ASX Daily Rundown | Atlassian Lifts Tech, A2 Milk Recall Shock & Accent Group All-Time Lows",2026-05-04T08:15:01Z,2026-05-04T08:23:34+00:00,2026-05-04T08:23:34+00:00,fanout_0025,27,fanout_cluster_candidate,mixed_cluster_actions,cluster-level rollup of row-id candidates from copied company_memory.sqlite,medium,HIGH,yes,company_memory.sqlite:memory_entries,market_memory.sqlite:macro_state,A2 MILK|A2M|ACCENT GROUP|ASX|ATLASSIAN|AXEN GROUP|BHP|BRAIN CHIP|C79|CLARITY|ENDEAVOR GROUP|GCM CORPORATION|IMPEDIMED|IMRO|INDE|KEY PETROLEUM|LION TOWN|MARINO AND CO|NAB|PENINSULA|PETT|PETTIMED|STRICKLAND METALS|TXT|VERITUS|WIN MEDALS|XTX,96|97|98|99|100|101|102|103|104|105|106|107|108|109|110|111|112|113|114|115|116|117|118|119|120|121|122,0,0,0,0,0,27,0
609|610|611|612|613|614|615|616|617|618|619|620|621|622|623|624|625|626|627|628|629|630|631|632|633|634|635,A2 MILK|A2M|ACCENT GROUP|ASX|ATLASSIAN|AXEN GROUP|BHP|BRAIN CHIP|C79|CLARITY|ENDEAVOR GROUP|GCM CORPORATION|IMPEDIMED|IMRO|INDE|KEY PETROLEUM|LION TOWN|MARINO AND CO|NAB|PENINSULA|PETT|PETTIMED|STRICKLAND METALS|TXT|VERITUS|WIN MEDALS|XTX,risk,over issuance of shares by impedimed,active,0.74,youtube_transcript:asx-daily-rundown-atlassian-lifts-tech-a2-milk-recall-shock-accent-group-all-time-lows:88e960386e503796,youtube_transcript,"ASX Daily Rundown | Atlassian Lifts Tech, A2 Milk Recall Shock & Accent Group All-Time Lows",2026-05-04T08:15:01Z,2026-05-04T08:24:55+00:00,2026-05-04T08:24:55+00:00,fanout_0026,27,fanout_cluster_candidate,mixed_cluster_actions,cluster-level rollup of row-id candidates from copied company_memory.sqlite,high,MEDIUM,no,company_memory.sqlite:memory_entries,DATA_MISSING,A2 MILK|A2M|ACCENT GROUP|ASX|ATLASSIAN|AXEN GROUP|BHP|BRAIN CHIP|C79|CLARITY|ENDEAVOR GROUP|GCM CORPORATION|IMPEDIMED|IMRO|INDE|KEY PETROLEUM|LION TOWN|MARINO AND CO|NAB|PENINSULA|PETT|PETTIMED|STRICKLAND METALS|TXT|VERITUS|WIN MEDALS|XTX,609|610|611|612|613|614|615|616|617|618|619|620|621|622|623|624|625|626|627|628|629|630|631|632|633|634|635,1,0,0,26,0,0,0
123|124|125|126|127|128|129|130|131|132|133|134|135|136|137|138|139|140|141|142|143|144|145|146|147|148|149,A2 MILK|A2M|ACCENT GROUP|ASX|ATLASSIAN|AXEN GROUP|BHP|BRAIN CHIP|C79|CLARITY|ENDEAVOR GROUP|GCM CORPORATION|IMPEDIMED|IMRO|INDE|KEY PETROLEUM|LION TOWN|MARINO AND CO|NAB|PENINSULA|PETT|PETTIMED|STRICKLAND METALS|TXT|VERITUS|WIN MEDALS|XTX,observed_fact,south korean manufacturing growth is the strongest in four years,active,0.77,youtube_transcript:asx-daily-rundown-atlassian-lifts-tech-a2-milk-recall-shock-accent-group-all-time-lows:88e960386e503796,youtube_transcript,"ASX Daily Rundown | Atlassian Lifts Tech, A2 Milk Recall Shock & Accent Group All-Time Lows",2026-05-04T08:15:01Z,2026-05-04T08:23:37+00:00,2026-05-04T08:23:37+00:00,fanout_0027,27,fanout_cluster_candidate,mixed_cluster_actions,cluster-level rollup of row-id candidates from copied company_memory.sqlite,medium,HIGH,yes,company_memory.sqlite:memory_entries,market_memory.sqlite:macro_state,A2 MILK|A2M|ACCENT GROUP|ASX|ATLASSIAN|AXEN GROUP|BHP|BRAIN CHIP|C79|CLARITY|ENDEAVOR GROUP|GCM CORPORATION|IMPEDIMED|IMRO|INDE|KEY PETROLEUM|LION TOWN|MARINO AND CO|NAB|PENINSULA|PETT|PETTIMED|STRICKLAND METALS|TXT|VERITUS|WIN MEDALS|XTX,123|124|125|126|127|128|129|130|131|132|133|134|135|136|137|138|139|140|141|142|143|144|145|146|147|148|149,0,0,0,0,0,27,0
42|43|44|45|46|47|48|49|50|51|52|53|54|55|56|57|58|59|60|61|62|63|64|65|66|67|68,A2 MILK|A2M|ACCENT GROUP|ASX|ATLASSIAN|AXEN GROUP|BHP|BRAIN CHIP|C79|CLARITY|ENDEAVOR GROUP|GCM CORPORATION|IMPEDIMED|IMRO|INDE|KEY PETROLEUM|LION TOWN|MARINO AND CO|NAB|PENINSULA|PETT|PETTIMED|STRICKLAND METALS|TXT|VERITUS|WIN MEDALS|XTX,observed_fact,tech strength has led to a rally in asian stocks,active,0.74,youtube_transcript:asx-daily-rundown-atlassian-lifts-tech-a2-milk-recall-shock-accent-group-all-time-lows:88e960386e503796,youtube_transcript,"ASX Daily Rundown | Atlassian Lifts Tech, A2 Milk Recall Shock & Accent Group All-Time Lows",2026-05-04T08:15:01Z,2026-05-04T08:23:28+00:00,2026-05-04T08:23:28+00:00,fanout_0028,27,fanout_cluster_candidate,mixed_cluster_actions,cluster-level rollup of row-id candidates from copied company_memory.sqlite,medium,HIGH,yes,company_memory.sqlite:memory_entries,market_memory.sqlite:macro_state,A2 MILK|A2M|ACCENT GROUP|ASX|ATLASSIAN|AXEN GROUP|BHP|BRAIN CHIP|C79|CLARITY|ENDEAVOR GROUP|GCM CORPORATION|IMPEDIMED|IMRO|INDE|KEY PETROLEUM|LION TOWN|MARINO AND CO|NAB|PENINSULA|PETT|PETTIMED|STRICKLAND METALS|TXT|VERITUS|WIN MEDALS|XTX,42|43|44|45|46|47|48|49|50|51|52|53|54|55|56|57|58|59|60|61|62|63|64|65|66|67|68,0,0,0,0,0,27,0
420|421|422|423|424|425|426|427|428|429|430|431|432|433|434|435|436|437|438|439|440|441|442|443|444|445|446,A2 MILK|A2M|ACCENT GROUP|ASX|ATLASSIAN|AXEN GROUP|BHP|BRAIN CHIP|C79|CLARITY|ENDEAVOR GROUP|GCM CORPORATION|IMPEDIMED|IMRO|INDE|KEY PETROLEUM|LION TOWN|MARINO AND CO|NAB|PENINSULA|PETT|PETTIMED|STRICKLAND METALS|TXT|VERITUS|WIN MEDALS|XTX,catalyst,tech strength in the market,active,0.68,youtube_transcript:asx-daily-rundown-atlassian-lifts-tech-a2-milk-recall-shock-accent-group-all-time-lows:88e960386e503796,youtube_transcript,"ASX Daily Rundown | Atlassian Lifts Tech, A2 Milk Recall Shock & Accent Group All-Time Lows",2026-05-04T08:15:01Z,2026-05-04T08:24:23+00:00,2026-05-04T08:24:23+00:00,fanout_0029,27,fanout_cluster_candidate,mixed_cluster_actions,cluster-level rollup of row-id candidates from copied company_memory.sqlite,medium,HIGH,yes,company_memory.sqlite:memory_entries,market_memory.sqlite:sector_states,A2 MILK|A2M|ACCENT GROUP|ASX|ATLASSIAN|AXEN GROUP|BHP|BRAIN CHIP|C79|CLARITY|ENDEAVOR GROUP|GCM CORPORATION|IMPEDIMED|IMRO|INDE|KEY PETROLEUM|LION TOWN|MARINO AND CO|NAB|PENINSULA|PETT|PETTIMED|STRICKLAND METALS|TXT|VERITUS|WIN MEDALS|XTX,420|421|422|423|424|425|426|427|428|429|430|431|432|433|434|435|436|437|438|439|440|441|442|443|444|445|446,0,0,0,0,0,27,0
998|999|1000|1001|1002|1003|1004|1005|1006|1007|1008|1009|1010|1011|1012|1013|1014|1015|1016|1017|1018|1019|1020|1021|1022|1023,A2 MILK|A2M|ACCENT GROUP|ASX|BHP|C79|CLT|COH|END|GCM|INDE|KEY|LON|MAR|NAB|PET|PETT|SKT|SNW|STK|TXT|VCE|WBC|WES|WIN|XTX,risk,ai fears impacting atlassian's share price,active,0.74,youtube_transcript:asx-daily-rundown-atlassian-lifts-tech-a2-milk-recall-shock-accent-group-all-time-lows:88e960386e503796,youtube_transcript,"ASX Daily Rundown | Atlassian Lifts Tech, A2 Milk Recall Shock & Accent Group All-Time Lows",2026-05-04T08:15:01Z,2026-05-04T08:26:29+00:00,2026-05-04T08:26:29+00:00,fanout_0030,26,fanout_cluster_candidate,mixed_cluster_actions,cluster-level rollup of row-id candidates from copied company_memory.sqlite,high,MEDIUM,no,company_memory.sqlite:memory_entries,DATA_MISSING,A2 MILK|A2M|ACCENT GROUP|ASX|BHP|C79|CLT|COH|END|GCM|INDE|KEY|LON|MAR|NAB|PET|PETT|SKT|SNW|STK|TXT|VCE|WBC|WES|WIN|XTX,998|999|1000|1001|1002|1003|1004|1005|1006|1007|1008|1009|1010|1011|1012|1013|1014|1015|1016|1017|1018|1019|1020|1021|1022|1023,0,0,0,26,0,0,0
886|887|888|889|890|891|892|893|894|895|896|897|898|899|900|901|902|903|904|905|906|907|908|909|910|911,A2 MILK|A2M|ACCENT GROUP|ASX|BHP|C79|CLT|COH|END|GCM|INDE|KEY|LON|MAR|NAB|PET|PETT|SKT|SNW|STK|TXT|VCE|WBC|WES|WIN|XTX,catalyst,atlassian's strong performance due to better-than-expected results,active,0.72,youtube_transcript:asx-daily-rundown-atlassian-lifts-tech-a2-milk-recall-shock-accent-group-all-time-lows:88e960386e503796,youtube_transcript,"ASX Daily Rundown | Atlassian Lifts Tech, A2 Milk Recall Shock & Accent Group All-Time Lows",2026-05-04T08:15:01Z,2026-05-04T08:25:59+00:00,2026-05-04T08:25:59+00:00,fanout_0031,26,fanout_cluster_candidate,mixed_cluster_actions,cluster-level rollup of row-id candidates from copied company_memory.sqlite,high,MEDIUM,no,company_memory.sqlite:memory_entries,DATA_MISSING,A2 MILK|A2M|ACCENT GROUP|ASX|BHP|C79|CLT|COH|END|GCM|INDE|KEY|LON|MAR|NAB|PET|PETT|SKT|SNW|STK|TXT|VCE|WBC|WES|WIN|XTX,886|887|888|889|890|891|892|893|894|895|896|897|898|899|900|901|902|903|904|905|906|907|908|909|910|911,0,0,0,26,0,0,0
1100|1101|1102|1103|1104|1105|1106|1107|1108|1109|1110|1111|1112|1113|1114|1115|1116|1117|1118|1119|1120|1121|1122|1123|1124|1125,A2 MILK|A2M|ACCENT GROUP|ASX|BHP|C79|CLT|COH|END|GCM|INDE|KEY|LON|MAR|NAB|PET|PETT|SKT|SNW|STK|TXT|VCE|WBC|WES|WIN|XTX,risk,chrysos corporation's unexpected negative market reaction to a positive update,active,0.74,youtube_transcript:asx-daily-rundown-atlassian-lifts-tech-a2-milk-recall-shock-accent-group-all-time-lows:88e960386e503796,youtube_transcript,"ASX Daily Rundown | Atlassian Lifts Tech, A2 Milk Recall Shock & Accent Group All-Time Lows",2026-05-04T08:15:01Z,2026-05-04T08:26:52+00:00,2026-05-04T08:26:52+00:00,fanout_0032,26,fanout_cluster_candidate,mixed_cluster_actions,cluster-level rollup of row-id candidates from copied company_memory.sqlite,high,MEDIUM,yes,company_memory.sqlite:memory_entries,DATA_MISSING,A2 MILK|A2M|ACCENT GROUP|ASX|BHP|C79|CLT|COH|END|GCM|INDE|KEY|LON|MAR|NAB|PET|PETT|SKT|SNW|STK|TXT|VCE|WBC|WES|WIN|XTX,1100|1101|1102|1103|1104|1105|1106|1107|1108|1109|1110|1111|1112|1113|1114|1115|1116|1117|1118|1119|1120|1121|1122|1123|1124|1125,1,0,0,24,1,0,0
683|684|685|686|687|688|689|690|691|692|693|694|695|696|697|698|699|700|701|702|703|704|705|706|707|708,A2 MILK|A2M|ACCENT GROUP|ASX|BHP|C79|CLT|COH|END|GCM|INDE|KEY|LON|MAR|NAB|PET|PETT|SKT|SNW|STK|TXT|VCE|WBC|WES|WIN|XTX,observed_fact,tech had a good day on the asx despite a not-so-good day for the overall market,active,0.77,youtube_transcript:asx-daily-rundown-atlassian-lifts-tech-a2-milk-recall-shock-accent-group-all-time-lows:88e960386e503796,youtube_transcript,"ASX Daily Rundown | Atlassian Lifts Tech, A2 Milk Recall Shock & Accent Group All-Time Lows",2026-05-04T08:15:01Z,2026-05-04T08:25:10+00:00,2026-05-04T08:25:10+00:00,fanout_0033,26,fanout_cluster_candidate,mixed_cluster_actions,cluster-level rollup of row-id candidates from copied company_memory.sqlite,medium,HIGH,yes,company_memory.sqlite:memory_entries,market_memory.sqlite:sector_states,A2 MILK|A2M|ACCENT GROUP|ASX|BHP|C79|CLT|COH|END|GCM|INDE|KEY|LON|MAR|NAB|PET|PETT|SKT|SNW|STK|TXT|VCE|WBC|WES|WIN|XTX,683|684|685|686|687|688|689|690|691|692|693|694|695|696|697|698|699|700|701|702|703|704|705|706|707|708,0,0,0,0,0,26,0
912|913|914|915|916|917|918|919|920|921|922|923|924|925|926|927|928|929|930|931|932|933|934|935|936|937,A2 MILK|A2M|ACCENT GROUP|ASX|BHP|C79|CLT|COH|END|GCM|INDE|KEY|LON|MAR|NAB|PET|PETT|SKT|SNW|STK|TXT|VCE|WBC|WES|WIN|XTX,catalyst,tech strength leading to a rally in asian stocks,active,0.72,youtube_transcript:asx-daily-rundown-atlassian-lifts-tech-a2-milk-recall-shock-accent-group-all-time-lows:88e960386e503796,youtube_transcript,"ASX Daily Rundown | Atlassian Lifts Tech, A2 Milk Recall Shock & Accent Group All-Time Lows",2026-05-04T08:15:01Z,2026-05-04T08:26:04+00:00,2026-05-04T08:26:04+00:00,fanout_0034,26,fanout_cluster_candidate,mixed_cluster_actions,cluster-level rollup of row-id candidates from copied company_memory.sqlite,medium,HIGH,yes,company_memory.sqlite:memory_entries,market_memory.sqlite:macro_state,A2 MILK|A2M|ACCENT GROUP|ASX|BHP|C79|CLT|COH|END|GCM|INDE|KEY|LON|MAR|NAB|PET|PETT|SKT|SNW|STK|TXT|VCE|WBC|WES|WIN|XTX,912|913|914|915|916|917|918|919|920|921|922|923|924|925|926|927|928|929|930|931|932|933|934|935|936|937,0,0,0,0,0,26,0
1958|1959|1960|1961|1962|1963|1964|1965|1966|1967|1968|1969|1970|1971|1972|1973|1974|1975|1976|1977|1978|1979|1980|1981|1982,A2 MILK|A2M|ACCENT GROUP|ASX|BHP|C79|CLAR|COH|ENDV|GCMC|INDE|KEYP|LION|LIVN|MARINO|NAB|PETT|SKT|SN|TXT|VCE|WBC|WES|WIN|XTX,risk,a2 milk's potential overreaction from the market due to the product recall,active,0.74,youtube_transcript:asx-daily-rundown-atlassian-lifts-tech-a2-milk-recall-shock-accent-group-all-time-lows:88e960386e503796,youtube_transcript,"ASX Daily Rundown | Atlassian Lifts Tech, A2 Milk Recall Shock & Accent Group All-Time Lows",2026-05-04T08:15:01Z,2026-05-05T04:21:59+00:00,2026-05-05T04:21:59+00:00,fanout_0035,25,fanout_cluster_candidate,mixed_cluster_actions,cluster-level rollup of row-id candidates from copied company_memory.sqlite,high,MEDIUM,yes,company_memory.sqlite:memory_entries,DATA_MISSING,A2 MILK|A2M|ACCENT GROUP|ASX|BHP|C79|CLAR|COH|ENDV|GCMC|INDE|KEYP|LION|LIVN|MARINO|NAB|PETT|SKT|SN|TXT|VCE|WBC|WES|WIN|XTX,1958|1959|1960|1961|1962|1963|1964|1965|1966|1967|1968|1969|1970|1971|1972|1973|1974|1975|1976|1977|1978|1979|1980|1981|1982,0,0,0,23,2,0,0
1826|1827|1828|1829|1830|1831|1832|1833|1834|1835|1836|1837|1838|1839|1840|1841|1842|1843|1844|1845|1846|1847|1848|1849|1850,A2 MILK|A2M|ACCENT GROUP|ASX|BHP|C79|CLAR|COH|ENDV|GCMC|INDE|KEYP|LION|LIVN|MARINO|NAB|PETT|SKT|SN|TXT|VCE|WBC|WES|WIN|XTX,catalyst,a2 milk's voluntary recall of three batches of a2 platinum usa label infant milk formula,active,0.74,youtube_transcript:asx-daily-rundown-atlassian-lifts-tech-a2-milk-recall-shock-accent-group-all-time-lows:88e960386e503796,youtube_transcript,"ASX Daily Rundown | Atlassian Lifts Tech, A2 Milk Recall Shock & Accent Group All-Time Lows",2026-05-04T08:15:01Z,2026-05-05T04:21:06+00:00,2026-05-05T04:21:06+00:00,fanout_0036,25,fanout_cluster_candidate,mixed_cluster_actions,cluster-level rollup of row-id candidates from copied company_memory.sqlite,high,MEDIUM,yes,company_memory.sqlite:memory_entries,DATA_MISSING,A2 MILK|A2M|ACCENT GROUP|ASX|BHP|C79|CLAR|COH|ENDV|GCMC|INDE|KEYP|LION|LIVN|MARINO|NAB|PETT|SKT|SN|TXT|VCE|WBC|WES|WIN|XTX,1826|1827|1828|1829|1830|1831|1832|1833|1834|1835|1836|1837|1838|1839|1840|1841|1842|1843|1844|1845|1846|1847|1848|1849|1850,0,0,0,23,2,0,0
1867|1868|1869|1870|1871|1872|1873|1874|1875|1876|1877|1878|1879|1880|1881|1882|1883|1884|1885|1886|1887|1888|1889|1890|1891,A2 MILK|A2M|ACCENT GROUP|ASX|BHP|C79|CLAR|COH|ENDV|GCMC|INDE|KEYP|LION|LIVN|MARINO|NAB|PETT|SKT|SN|TXT|VCE|WBC|WES|WIN|XTX,risk,ai fears affecting atlassian's share price,active,0.74,youtube_transcript:asx-daily-rundown-atlassian-lifts-tech-a2-milk-recall-shock-accent-group-all-time-lows:88e960386e503796,youtube_transcript,"ASX Daily Rundown | Atlassian Lifts Tech, A2 Milk Recall Shock & Accent Group All-Time Lows",2026-05-04T08:15:01Z,2026-05-05T04:21:27+00:00,2026-05-05T04:21:27+00:00,fanout_0037,25,fanout_cluster_candidate,mixed_cluster_actions,cluster-level rollup of row-id candidates from copied company_memory.sqlite,high,MEDIUM,no,company_memory.sqlite:memory_entries,DATA_MISSING,A2 MILK|A2M|ACCENT GROUP|ASX|BHP|C79|CLAR|COH|ENDV|GCMC|INDE|KEYP|LION|LIVN|MARINO|NAB|PETT|SKT|SN|TXT|VCE|WBC|WES|WIN|XTX,1867|1868|1869|1870|1871|1872|1873|1874|1875|1876|1877|1878|1879|1880|1881|1882|1883|1884|1885|1886|1887|1888|1889|1890|1891,0,0,0,25,0,0,0
1801|1802|1803|1804|1805|1806|1807|1808|1809|1810|1811|1812|1813|1814|1815|1816|1817|1818|1819|1820|1821|1822|1823|1824|1825,A2 MILK|A2M|ACCENT GROUP|ASX|BHP|C79|CLAR|COH|ENDV|GCMC|INDE|KEYP|LION|LIVN|MARINO|NAB|PETT|SKT|SN|TXT|VCE|WBC|WES|WIN|XTX,catalyst,chrysos corporation's guidance towards the upper end of their range,active,0.74,youtube_transcript:asx-daily-rundown-atlassian-lifts-tech-a2-milk-recall-shock-accent-group-all-time-lows:88e960386e503796,youtube_transcript,"ASX Daily Rundown | Atlassian Lifts Tech, A2 Milk Recall Shock & Accent Group All-Time Lows",2026-05-04T08:15:01Z,2026-05-05T04:20:56+00:00,2026-05-05T04:20:56+00:00,fanout_0038,25,fanout_cluster_candidate,mixed_cluster_actions,cluster-level rollup of row-id candidates from copied company_memory.sqlite,high,MEDIUM,yes,company_memory.sqlite:memory_entries,DATA_MISSING,A2 MILK|A2M|ACCENT GROUP|ASX|BHP|C79|CLAR|COH|ENDV|GCMC|INDE|KEYP|LION|LIVN|MARINO|NAB|PETT|SKT|SN|TXT|VCE|WBC|WES|WIN|XTX,1801|1802|1803|1804|1805|1806|1807|1808|1809|1810|1811|1812|1813|1814|1815|1816|1817|1818|1819|1820|1821|1822|1823|1824|1825,1,0,0,23,1,0,0
1933|1934|1935|1936|1937|1938|1939|1940|1941|1942|1943|1944|1945|1946|1947|1948|1949|1950|1951|1952|1953|1954|1955|1956|1957,A2 MILK|A2M|ACCENT GROUP|ASX|BHP|C79|CLAR|COH|ENDV|GCMC|INDE|KEYP|LION|LIVN|MARINO|NAB|PETT|SKT|SN|TXT|VCE|WBC|WES|WIN|XTX,risk,chrysos corporation's share price reaction to a positive update,active,0.74,youtube_transcript:asx-daily-rundown-atlassian-lifts-tech-a2-milk-recall-shock-accent-group-all-time-lows:88e960386e503796,youtube_transcript,"ASX Daily Rundown | Atlassian Lifts Tech, A2 Milk Recall Shock & Accent Group All-Time Lows",2026-05-04T08:15:01Z,2026-05-05T04:21:51+00:00,2026-05-05T04:21:51+00:00,fanout_0039,25,fanout_cluster_candidate,mixed_cluster_actions,cluster-level rollup of row-id candidates from copied company_memory.sqlite,high,MEDIUM,yes,company_memory.sqlite:memory_entries,DATA_MISSING,A2 MILK|A2M|ACCENT GROUP|ASX|BHP|C79|CLAR|COH|ENDV|GCMC|INDE|KEYP|LION|LIVN|MARINO|NAB|PETT|SKT|SN|TXT|VCE|WBC|WES|WIN|XTX,1933|1934|1935|1936|1937|1938|1939|1940|1941|1942|1943|1944|1945|1946|1947|1948|1949|1950|1951|1952|1953|1954|1955|1956|1957,1,0,0,23,1,0,0
1648|1649|1650|1651|1652|1653|1654|1655|1656|1657|1658|1659|1660|1661|1662|1663|1664|1665|1666|1667|1668|1669|1670|1671|1672,A2 MILK|A2M|ACCENT GROUP|ASX|BHP|C79|CLAR|COH|ENDV|GCMC|INDE|KEYP|LION|LIVN|MARINO|NAB|PETT|SKT|SN|TXT|VCE|WBC|WES|WIN|XTX,observed_fact,indeed's share price has more than halved since 2022 highs,active,0.84,youtube_transcript:asx-daily-rundown-atlassian-lifts-tech-a2-milk-recall-shock-accent-group-all-time-lows:88e960386e503796,youtube_transcript,"ASX Daily Rundown | Atlassian Lifts Tech, A2 Milk Recall Shock & Accent Group All-Time Lows",2026-05-04T08:15:01Z,2026-05-05T04:19:16+00:00,2026-05-05T04:19:16+00:00,fanout_0040,25,fanout_cluster_candidate,mixed_cluster_actions,cluster-level rollup of row-id candidates from copied company_memory.sqlite,medium,HIGH,yes,company_memory.sqlite:memory_entries,DATA_MISSING,A2 MILK|A2M|ACCENT GROUP|ASX|BHP|C79|CLAR|COH|ENDV|GCMC|INDE|KEYP|LION|LIVN|MARINO|NAB|PETT|SKT|SN|TXT|VCE|WBC|WES|WIN|XTX,1648|1649|1650|1651|1652|1653|1654|1655|1656|1657|1658|1659|1660|1661|1662|1663|1664|1665|1666|1667|1668|1669|1670|1671|1672,0,0,0,0,0,0,25
1908|1909|1910|1911|1912|1913|1914|1915|1916|1917|1918|1919|1920|1921|1922|1923|1924|1925|1926|1927|1928|1929|1930|1931|1932,A2 MILK|A2M|ACCENT GROUP|ASX|BHP|C79|CLAR|COH|ENDV|GCMC|INDE|KEYP|LION|LIVN|MARINO|NAB|PETT|SKT|SN|TXT|VCE|WBC|WES|WIN|XTX,risk,pettimed's oversupply of shares and poor market reception,active,0.76,youtube_transcript:asx-daily-rundown-atlassian-lifts-tech-a2-milk-recall-shock-accent-group-all-time-lows:88e960386e503796,youtube_transcript,"ASX Daily Rundown | Atlassian Lifts Tech, A2 Milk Recall Shock & Accent Group All-Time Lows",2026-05-04T08:15:01Z,2026-05-05T04:21:47+00:00,2026-05-05T04:21:47+00:00,fanout_0041,25,fanout_cluster_candidate,mixed_cluster_actions,cluster-level rollup of row-id candidates from copied company_memory.sqlite,high,MEDIUM,yes,company_memory.sqlite:memory_entries,DATA_MISSING,A2 MILK|A2M|ACCENT GROUP|ASX|BHP|C79|CLAR|COH|ENDV|GCMC|INDE|KEYP|LION|LIVN|MARINO|NAB|PETT|SKT|SN|TXT|VCE|WBC|WES|WIN|XTX,1908|1909|1910|1911|1912|1913|1914|1915|1916|1917|1918|1919|1920|1921|1922|1923|1924|1925|1926|1927|1928|1929|1930|1931|1932,0,0,0,24,1,0,0
1615|1616|1617|1618|1619|1620|1621|1622|1623|1624|1625|1626|1627|1628|1629|1630|1631|1632|1633|1634|1635|1636|1637|1638|1639,A2 MILK|A2M|ACCENT GROUP|ASX|BHP|C79|CLAR|COH|ENDV|GCMC|INDE|KEYP|LION|LIVN|MARINO|NAB|PETT|SKT|SN|TXT|VCE|WBC|WES|WIN|XTX,observed_fact,tech stocks are performing well due to strength in atlassian,active,0.74,youtube_transcript:asx-daily-rundown-atlassian-lifts-tech-a2-milk-recall-shock-accent-group-all-time-lows:88e960386e503796,youtube_transcript,"ASX Daily Rundown | Atlassian Lifts Tech, A2 Milk Recall Shock & Accent Group All-Time Lows",2026-05-04T08:15:01Z,2026-05-05T04:19:06+00:00,2026-05-05T04:19:06+00:00,fanout_0042,25,fanout_cluster_candidate,mixed_cluster_actions,cluster-level rollup of row-id candidates from copied company_memory.sqlite,high,MEDIUM,no,company_memory.sqlite:memory_entries,DATA_MISSING,A2 MILK|A2M|ACCENT GROUP|ASX|BHP|C79|CLAR|COH|ENDV|GCMC|INDE|KEYP|LION|LIVN|MARINO|NAB|PETT|SKT|SN|TXT|VCE|WBC|WES|WIN|XTX,1615|1616|1617|1618|1619|1620|1621|1622|1623|1624|1625|1626|1627|1628|1629|1630|1631|1632|1633|1634|1635|1636|1637|1638|1639,0,0,0,25,0,0,0
1751|1752|1753|1754|1755|1756|1757|1758|1759|1760|1761|1762|1763|1764|1765|1766|1767|1768|1769|1770|1771|1772|1773|1774|1775,A2 MILK|A2M|ACCENT GROUP|ASX|BHP|C79|CLAR|COH|ENDV|GCMC|INDE|KEYP|LION|LIVN|MARINO|NAB|PETT|SKT|SN|TXT|VCE|WBC|WES|WIN|XTX,catalyst,tech strength leading to rally in asian stocks,active,0.72,youtube_transcript:asx-daily-rundown-atlassian-lifts-tech-a2-milk-recall-shock-accent-group-all-time-lows:88e960386e503796,youtube_transcript,"ASX Daily Rundown | Atlassian Lifts Tech, A2 Milk Recall Shock & Accent Group All-Time Lows",2026-05-04T08:15:01Z,2026-05-05T04:20:38+00:00,2026-05-05T04:20:38+00:00,fanout_0043,25,fanout_cluster_candidate,mixed_cluster_actions,cluster-level rollup of row-id candidates from copied company_memory.sqlite,medium,HIGH,yes,company_memory.sqlite:memory_entries,market_memory.sqlite:macro_state,A2 MILK|A2M|ACCENT GROUP|ASX|BHP|C79|CLAR|COH|ENDV|GCMC|INDE|KEYP|LION|LIVN|MARINO|NAB|PETT|SKT|SN|TXT|VCE|WBC|WES|WIN|XTX,1751|1752|1753|1754|1755|1756|1757|1758|1759|1760|1761|1762|1763|1764|1765|1766|1767|1768|1769|1770|1771|1772|1773|1774|1775,0,0,0,0,0,25,0
1280|1281|1282|1283|1284|1285|1286|1287,4DMEDICAL|AROVELLA|COH|CSL|EZZ|LTR PHARMA|PARADIGM BIOPHARMACEUTICALS|RESMED,operating_context,4dmedical collaborates with gsk on respiratory research,active,0.78,news:art_e4faef3c4644fe5bb3b66e32,newspaper4k,DATA_MISSING,2026-05-04T16:07:24Z,2026-05-04T16:12:07+00:00,2026-05-04T16:12:07+00:00,fanout_0044,8,fanout_cluster_candidate,mixed_cluster_actions,cluster-level rollup of row-id candidates from copied company_memory.sqlite,high,MEDIUM,no,company_memory.sqlite:memory_entries,DATA_MISSING,4DMEDICAL|AROVELLA|COH|CSL|EZZ|LTR PHARMA|PARADIGM BIOPHARMACEUTICALS|RESMED,1280|1281|1282|1283|1284|1285|1286|1287,1,0,0,7,0,0,0
1264|1265|1266|1267|1268|1269|1270|1271,4DMEDICAL|AROVELLA|COH|CSL|EZZ|LTR PHARMA|PARADIGM BIOPHARMACEUTICALS|RESMED,observed_fact,arovella undergoes major board changes and strategic review,active,0.83,news:art_e4faef3c4644fe5bb3b66e32,newspaper4k,DATA_MISSING,2026-05-04T16:07:24Z,2026-05-04T16:12:05+00:00,2026-05-04T16:12:05+00:00,fanout_0045,8,fanout_cluster_candidate,mixed_cluster_actions,cluster-level rollup of row-id candidates from copied company_memory.sqlite,high,MEDIUM,no,company_memory.sqlite:memory_entries,DATA_MISSING,4DMEDICAL|AROVELLA|COH|CSL|EZZ|LTR PHARMA|PARADIGM BIOPHARMACEUTICALS|RESMED,1264|1265|1266|1267|1268|1269|1270|1271,1,0,0,7,0,0,0
1328|1329|1330|1331|1332|1333|1334|1335,4DMEDICAL|AROVELLA|COH|CSL|EZZ|LTR PHARMA|PARADIGM BIOPHARMACEUTICALS|RESMED,risk,arovella's major board changes and strategic review,active,0.8,news:art_e4faef3c4644fe5bb3b66e32,newspaper4k,DATA_MISSING,2026-05-04T16:07:24Z,2026-05-04T16:12:16+00:00,2026-05-04T16:12:16+00:00,fanout_0046,8,fanout_cluster_candidate,mixed_cluster_actions,cluster-level rollup of row-id candidates from copied company_memory.sqlite,high,MEDIUM,no,company_memory.sqlite:memory_entries,DATA_MISSING,4DMEDICAL|AROVELLA|COH|CSL|EZZ|LTR PHARMA|PARADIGM BIOPHARMACEUTICALS|RESMED,1328|1329|1330|1331|1332|1333|1334|1335,1,0,0,7,0,0,0
1296|1297|1298|1299|1300|1301|1302|1303,4DMEDICAL|AROVELLA|COH|CSL|EZZ|LTR PHARMA|PARADIGM BIOPHARMACEUTICALS|RESMED,observed_fact,csl faces renewed scrutiny over valuation gaps and growth expectations,active,0.85,news:art_e4faef3c4644fe5bb3b66e32,newspaper4k,DATA_MISSING,2026-05-04T16:07:24Z,2026-05-04T16:12:11+00:00,2026-05-04T16:12:11+00:00,fanout_0047,8,fanout_cluster_candidate,mixed_cluster_actions,cluster-level rollup of row-id candidates from copied company_memory.sqlite,high,MEDIUM,no,company_memory.sqlite:memory_entries,DATA_MISSING,4DMEDICAL|AROVELLA|COH|CSL|EZZ|LTR PHARMA|PARADIGM BIOPHARMACEUTICALS|RESMED,1296|1297|1298|1299|1300|1301|1302|1303,1,0,0,7,0,0,0
1336|1337|1338|1339|1340|1341|1342|1343,4DMEDICAL|AROVELLA|COH|CSL|EZZ|LTR PHARMA|PARADIGM BIOPHARMACEUTICALS|RESMED,risk,csl's renewed scrutiny over valuation gaps and growth expectations,active,0.82,news:art_e4faef3c4644fe5bb3b66e32,newspaper4k,DATA_MISSING,2026-05-04T16:07:24Z,2026-05-04T16:12:17+00:00,2026-05-04T16:12:17+00:00,fanout_0048,8,fanout_cluster_candidate,mixed_cluster_actions,cluster-level rollup of row-id candidates from copied company_memory.sqlite,high,MEDIUM,no,company_memory.sqlite:memory_entries,DATA_MISSING,4DMEDICAL|AROVELLA|COH|CSL|EZZ|LTR PHARMA|PARADIGM BIOPHARMACEUTICALS|RESMED,1336|1337|1338|1339|1340|1341|1342|1343,1,0,0,7,0,0,0
1272|1273|1274|1275|1276|1277|1278|1279,4DMEDICAL|AROVELLA|COH|CSL|EZZ|LTR PHARMA|PARADIGM BIOPHARMACEUTICALS|RESMED,observed_fact,ezz enters the wellness market with its metime range,active,0.83,news:art_e4faef3c4644fe5bb3b66e32,newspaper4k,DATA_MISSING,2026-05-04T16:07:24Z,2026-05-04T16:12:06+00:00,2026-05-04T16:12:06+00:00,fanout_0049,8,fanout_cluster_candidate,mixed_cluster_actions,cluster-level rollup of row-id candidates from copied company_memory.sqlite,high,MEDIUM,no,company_memory.sqlite:memory_entries,DATA_MISSING,4DMEDICAL|AROVELLA|COH|CSL|EZZ|LTR PHARMA|PARADIGM BIOPHARMACEUTICALS|RESMED,1272|1273|1274|1275|1276|1277|1278|1279,1,0,0,7,0,0,0
1288|1289|1290|1291|1292|1293|1294|1295,4DMEDICAL|AROVELLA|COH|CSL|EZZ|LTR PHARMA|PARADIGM BIOPHARMACEUTICALS|RESMED,strategic_initiative,ltr pharma advances with clinical progress and us expansion,active,0.81,news:art_e4faef3c4644fe5bb3b66e32,newspaper4k,DATA_MISSING,2026-05-04T16:07:24Z,2026-05-04T16:12:09+00:00,2026-05-04T16:12:09+00:00,fanout_0050,8,fanout_cluster_candidate,mixed_cluster_actions,cluster-level rollup of row-id candidates from copied company_memory.sqlite,high,MEDIUM,no,company_memory.sqlite:memory_entries,DATA_MISSING,4DMEDICAL|AROVELLA|COH|CSL|EZZ|LTR PHARMA|PARADIGM BIOPHARMACEUTICALS|RESMED,1288|1289|1290|1291|1292|1293|1294|1295,1,0,0,7,0,0,0
1312|1313|1314|1315|1316|1317|1318|1319,4DMEDICAL|AROVELLA|COH|CSL|EZZ|LTR PHARMA|PARADIGM BIOPHARMACEUTICALS|RESMED,observed_fact,paradigm biopharmaceuticals expands share base for growth,active,0.85,news:art_e4faef3c4644fe5bb3b66e32,newspaper4k,DATA_MISSING,2026-05-04T16:07:24Z,2026-05-04T16:12:13+00:00,2026-05-04T16:12:13+00:00,fanout_0051,8,fanout_cluster_candidate,mixed_cluster_actions,cluster-level rollup of row-id candidates from copied company_memory.sqlite,high,MEDIUM,no,company_memory.sqlite:memory_entries,DATA_MISSING,4DMEDICAL|AROVELLA|COH|CSL|EZZ|LTR PHARMA|PARADIGM BIOPHARMACEUTICALS|RESMED,1312|1313|1314|1315|1316|1317|1318|1319,1,0,0,7,0,0,0
1304|1305|1306|1307|1308|1309|1310|1311,4DMEDICAL|AROVELLA|COH|CSL|EZZ|LTR PHARMA|PARADIGM BIOPHARMACEUTICALS|RESMED,observed_fact,resmed delivers strong quarterly growth,active,0.77,news:art_e4faef3c4644fe5bb3b66e32,newspaper4k,DATA_MISSING,2026-05-04T16:07:24Z,2026-05-04T16:12:12+00:00,2026-05-04T16:12:12+00:00,fanout_0052,8,fanout_cluster_candidate,mixed_cluster_actions,cluster-level rollup of row-id candidates from copied company_memory.sqlite,high,MEDIUM,no,company_memory.sqlite:memory_entries,DATA_MISSING,4DMEDICAL|AROVELLA|COH|CSL|EZZ|LTR PHARMA|PARADIGM BIOPHARMACEUTICALS|RESMED,1304|1305|1306|1307|1308|1309|1310|1311,1,0,0,7,0,0,0
1256|1257|1258|1259|1260|1261|1262|1263,4DMEDICAL|AROVELLA|COH|CSL|EZZ|LTR PHARMA|PARADIGM BIOPHARMACEUTICALS|RESMED,observed_fact,sonic healthcare faces profit pressure despite revenue growth,active,0.83,news:art_e4faef3c4644fe5bb3b66e32,newspaper4k,DATA_MISSING,2026-05-04T16:07:24Z,2026-05-04T16:12:04+00:00,2026-05-04T16:12:04+00:00,fanout_0053,8,fanout_cluster_candidate,mixed_cluster_actions,cluster-level rollup of row-id candidates from copied company_memory.sqlite,medium,HIGH,yes,company_memory.sqlite:memory_entries,market_memory.sqlite:sector_states,4DMEDICAL|AROVELLA|COH|CSL|EZZ|LTR PHARMA|PARADIGM BIOPHARMACEUTICALS|RESMED,1256|1257|1258|1259|1260|1261|1262|1263,0,0,0,0,0,8,0
1320|1321|1322|1323|1324|1325|1326|1327,4DMEDICAL|AROVELLA|COH|CSL|EZZ|LTR PHARMA|PARADIGM BIOPHARMACEUTICALS|RESMED,risk,sonic healthcare's profit pressure despite revenue growth,active,0.8,news:art_e4faef3c4644fe5bb3b66e32,newspaper4k,DATA_MISSING,2026-05-04T16:07:24Z,2026-05-04T16:12:14+00:00,2026-05-04T16:12:14+00:00,fanout_0054,8,fanout_cluster_candidate,mixed_cluster_actions,cluster-level rollup of row-id candidates from copied company_memory.sqlite,medium,HIGH,yes,company_memory.sqlite:memory_entries,market_memory.sqlite:sector_states,4DMEDICAL|AROVELLA|COH|CSL|EZZ|LTR PHARMA|PARADIGM BIOPHARMACEUTICALS|RESMED,1320|1321|1322|1323|1324|1325|1326|1327,0,0,0,0,0,8,0
1224|1225|1226|1227|1228|1229|1230|1231,4DMEDICAL|AROVELLA|COH|CSL|EZZ|LTR PHARMA|PARADIGM BIOPHARMACEUTICALS|RESMED,observed_fact,"{'date': '2026-05-01', 'description': '4dmedical secures a new pharma contract, boosting its lung imaging platform adoption.'}",active,0.88,news:art_e4faef3c4644fe5bb3b66e32,newspaper4k,DATA_MISSING,2026-05-04T16:07:24Z,2026-05-04T16:12:00+00:00,2026-05-04T16:12:00+00:00,fanout_0055,8,fanout_cluster_candidate,mixed_cluster_actions,cluster-level rollup of row-id candidates from copied company_memory.sqlite,medium,MEDIUM,yes,company_memory.sqlite:memory_entries,manual_review,4DMEDICAL|AROVELLA|COH|CSL|EZZ|LTR PHARMA|PARADIGM BIOPHARMACEUTICALS|RESMED,1224|1225|1226|1227|1228|1229|1230|1231,0,8,0,0,0,0,0
1232|1233|1234|1235|1236|1237|1238|1239,4DMEDICAL|AROVELLA|COH|CSL|EZZ|LTR PHARMA|PARADIGM BIOPHARMACEUTICALS|RESMED,observed_fact,"{'date': '2026-05-01', 'description': 'csl faces renewed scrutiny as valuation gaps and growth expectations drive market debate.'}",active,0.89,news:art_e4faef3c4644fe5bb3b66e32,newspaper4k,DATA_MISSING,2026-05-04T16:07:24Z,2026-05-04T16:12:00+00:00,2026-05-04T16:12:00+00:00,fanout_0056,8,fanout_cluster_candidate,mixed_cluster_actions,cluster-level rollup of row-id candidates from copied company_memory.sqlite,medium,MEDIUM,yes,company_memory.sqlite:memory_entries,manual_review,4DMEDICAL|AROVELLA|COH|CSL|EZZ|LTR PHARMA|PARADIGM BIOPHARMACEUTICALS|RESMED,1232|1233|1234|1235|1236|1237|1238|1239,0,8,0,0,0,0,0
1216|1217|1218|1219|1220|1221|1222|1223,4DMEDICAL|AROVELLA|COH|CSL|EZZ|LTR PHARMA|PARADIGM BIOPHARMACEUTICALS|RESMED,strategic_initiative,"{'date': '2026-05-01', 'description': 'ltr pharma highlights spontan clinical progress, us expansion strategy, and funding strength.'}",active,0.87,news:art_e4faef3c4644fe5bb3b66e32,newspaper4k,DATA_MISSING,2026-05-04T16:07:24Z,2026-05-04T16:12:00+00:00,2026-05-04T16:12:00+00:00,fanout_0057,8,fanout_cluster_candidate,mixed_cluster_actions,cluster-level rollup of row-id candidates from copied company_memory.sqlite,medium,MEDIUM,yes,company_memory.sqlite:memory_entries,manual_review,4DMEDICAL|AROVELLA|COH|CSL|EZZ|LTR PHARMA|PARADIGM BIOPHARMACEUTICALS|RESMED,1216|1217|1218|1219|1220|1221|1222|1223,0,8,0,0,0,0,0
1248|1249|1250|1251|1252|1253|1254|1255,4DMEDICAL|AROVELLA|COH|CSL|EZZ|LTR PHARMA|PARADIGM BIOPHARMACEUTICALS|RESMED,operating_context,"{'date': '2026-05-01', 'description': 'paradigm biopharmaceuticals expands its share base to support development, improve liquidity, and strengthen funding flexibility.'}",active,0.86,news:art_e4faef3c4644fe5bb3b66e32,newspaper4k,DATA_MISSING,2026-05-04T16:07:24Z,2026-05-04T16:12:02+00:00,2026-05-04T16:12:02+00:00,fanout_0058,8,fanout_cluster_candidate,mixed_cluster_actions,cluster-level rollup of row-id candidates from copied company_memory.sqlite,medium,MEDIUM,yes,company_memory.sqlite:memory_entries,manual_review,4DMEDICAL|AROVELLA|COH|CSL|EZZ|LTR PHARMA|PARADIGM BIOPHARMACEUTICALS|RESMED,1248|1249|1250|1251|1252|1253|1254|1255,0,8,0,0,0,0,0
1240|1241|1242|1243|1244|1245|1246|1247,4DMEDICAL|AROVELLA|COH|CSL|EZZ|LTR PHARMA|PARADIGM BIOPHARMACEUTICALS|RESMED,strategic_initiative,"{'date': '2026-05-01', 'description': 'resmed delivers strong quarterly growth supported by global demand, innovation, and digital health expansion.'}",active,0.87,news:art_e4faef3c4644fe5bb3b66e32,newspaper4k,DATA_MISSING,2026-05-04T16:07:24Z,2026-05-04T16:12:02+00:00,2026-05-04T16:12:02+00:00,fanout_0059,8,fanout_cluster_candidate,mixed_cluster_actions,cluster-level rollup of row-id candidates from copied company_memory.sqlite,medium,MEDIUM,yes,company_memory.sqlite:memory_entries,manual_review,4DMEDICAL|AROVELLA|COH|CSL|EZZ|LTR PHARMA|PARADIGM BIOPHARMACEUTICALS|RESMED,1240|1241|1242|1243|1244|1245|1246|1247,0,8,0,0,0,0,0
1208|1209|1210|1211|1212|1213|1214|1215,4DMEDICAL|AROVELLA|COH|CSL|EZZ|LTR PHARMA|PARADIGM BIOPHARMACEUTICALS|RESMED,operating_context,"{'date': '2026-05-03', 'description': '4dmedical’s collaboration with gsk highlights the growing role of advanced imaging in respiratory research.'}",active,0.83,news:art_e4faef3c4644fe5bb3b66e32,newspaper4k,DATA_MISSING,2026-05-04T16:07:24Z,2026-05-04T16:11:58+00:00,2026-05-04T16:11:58+00:00,fanout_0060,8,fanout_cluster_candidate,mixed_cluster_actions,cluster-level rollup of row-id candidates from copied company_memory.sqlite,medium,MEDIUM,yes,company_memory.sqlite:memory_entries,manual_review,4DMEDICAL|AROVELLA|COH|CSL|EZZ|LTR PHARMA|PARADIGM BIOPHARMACEUTICALS|RESMED,1208|1209|1210|1211|1212|1213|1214|1215,0,8,0,0,0,0,0
1192|1193|1194|1195|1196|1197|1198|1199,4DMEDICAL|AROVELLA|COH|CSL|EZZ|LTR PHARMA|PARADIGM BIOPHARMACEUTICALS|RESMED,observed_fact,"{'date': '2026-05-04', 'description': 'arovella undergoes major board changes after shareholder action, with a strategic review underway.'}",active,0.88,news:art_e4faef3c4644fe5bb3b66e32,newspaper4k,DATA_MISSING,2026-05-04T16:07:24Z,2026-05-04T16:11:57+00:00,2026-05-04T16:11:57+00:00,fanout_0061,8,fanout_cluster_candidate,mixed_cluster_actions,cluster-level rollup of row-id candidates from copied company_memory.sqlite,medium,MEDIUM,yes,company_memory.sqlite:memory_entries,manual_review,4DMEDICAL|AROVELLA|COH|CSL|EZZ|LTR PHARMA|PARADIGM BIOPHARMACEUTICALS|RESMED,1192|1193|1194|1195|1196|1197|1198|1199,0,8,0,0,0,0,0
1200|1201|1202|1203|1204|1205|1206|1207,4DMEDICAL|AROVELLA|COH|CSL|EZZ|LTR PHARMA|PARADIGM BIOPHARMACEUTICALS|RESMED,management_guidance,"{'date': '2026-05-04', 'description': 'ezz enters the wellness market with its metime range, targeting growing demand for functional supplements.'}",active,0.87,news:art_e4faef3c4644fe5bb3b66e32,newspaper4k,DATA_MISSING,2026-05-04T16:07:24Z,2026-05-04T16:11:57+00:00,2026-05-04T16:11:57+00:00,fanout_0062,8,fanout_cluster_candidate,mixed_cluster_actions,cluster-level rollup of row-id candidates from copied company_memory.sqlite,medium,MEDIUM,yes,company_memory.sqlite:memory_entries,manual_review,4DMEDICAL|AROVELLA|COH|CSL|EZZ|LTR PHARMA|PARADIGM BIOPHARMACEUTICALS|RESMED,1200|1201|1202|1203|1204|1205|1206|1207,0,8,0,0,0,0,0
1184|1185|1186|1187|1188|1189|1190|1191,4DMEDICAL|AROVELLA|COH|CSL|EZZ|LTR PHARMA|PARADIGM BIOPHARMACEUTICALS|RESMED,observed_fact,"{'date': '2026-05-04', 'description': 'sonic healthcare faces profit pressure despite revenue growth, highlighting margin pressure and debt considerations.'}",active,0.89,news:art_e4faef3c4644fe5bb3b66e32,newspaper4k,DATA_MISSING,2026-05-04T16:07:24Z,2026-05-04T16:11:57+00:00,2026-05-04T16:11:57+00:00,fanout_0063,8,fanout_cluster_candidate,mixed_cluster_actions,cluster-level rollup of row-id candidates from copied company_memory.sqlite,medium,MEDIUM,yes,company_memory.sqlite:memory_entries,manual_review,4DMEDICAL|AROVELLA|COH|CSL|EZZ|LTR PHARMA|PARADIGM BIOPHARMACEUTICALS|RESMED,1184|1185|1186|1187|1188|1189|1190|1191,0,8,0,0,0,0,0
1384|1385|1386|1387,METRICS CREDIT HOLDINGS|NATIONAL PENSION SERVICE OF KOREA (NPS)|PINNACLE INVESTMENT MANAGEMENT|TOWNSEND HOLDINGS,risk,approval by the foreign investment review board is required for the nps/townsend partnership's purchase,active,0.82,news:art_1e01218da9c5674a9584063c,newspaper4k,DATA_MISSING,2026-05-04T07:11:00Z,2026-05-04T16:42:14+00:00,2026-05-04T16:42:14+00:00,fanout_0064,4,fanout_cluster_candidate,mixed_cluster_actions,cluster-level rollup of row-id candidates from copied company_memory.sqlite,low,MEDIUM,yes,company_memory.sqlite:memory_entries,manual_review,METRICS CREDIT HOLDINGS|NATIONAL PENSION SERVICE OF KOREA (NPS)|PINNACLE INVESTMENT MANAGEMENT|TOWNSEND HOLDINGS,1384|1385|1386|1387,0,4,0,0,0,0,0
1352|1353|1354|1355,GOLD|RETAIL|UGL|WBC,observed_fact,"fund managers are piling into insurers, gold miners, and some more affordable retailers, betting these stocks will benefit from the rba rate rise",active,0.85,news:art_bcbc4dad9bda5cbf02c91115,newspaper4k,DATA_MISSING,2026-05-04T07:16:23Z,2026-05-04T16:41:39+00:00,2026-05-04T16:41:39+00:00,fanout_0065,4,fanout_cluster_candidate,mixed_cluster_actions,cluster-level rollup of row-id candidates from copied company_memory.sqlite,medium,HIGH,yes,company_memory.sqlite:memory_entries,market_memory.sqlite:macro_state,GOLD|RETAIL|UGL|WBC,1352|1353|1354|1355,0,0,0,0,0,4,0
1356|1357|1358|1359,GOLD|RETAIL|UGL|WBC,risk,inflation problem exacerbated by the iran war,active,0.78,news:art_bcbc4dad9bda5cbf02c91115,newspaper4k,DATA_MISSING,2026-05-04T07:16:23Z,2026-05-04T16:41:40+00:00,2026-05-04T16:41:40+00:00,fanout_0066,4,fanout_cluster_candidate,mixed_cluster_actions,cluster-level rollup of row-id candidates from copied company_memory.sqlite,medium,HIGH,yes,company_memory.sqlite:memory_entries,market_memory.sqlite:macro_state,GOLD|RETAIL|UGL|WBC,1356|1357|1358|1359,0,0,0,0,0,4,0
1595|1596|1597|1598,IAG|NHF|QBE|SUN,observed_fact,insurance australia group limited showed strong returns despite recent decline,active,0.81,news:art_5c310bef0f14a8ac13826bee,newspaper4k,DATA_MISSING,2026-05-03T07:41:44Z,2026-05-04T17:27:26+00:00,2026-05-04T17:27:26+00:00,fanout_0067,4,fanout_cluster_candidate,mixed_cluster_actions,cluster-level rollup of row-id candidates from copied company_memory.sqlite,low,MEDIUM,yes,company_memory.sqlite:memory_entries,manual_review,IAG|NHF|QBE|SUN,1595|1596|1597|1598,0,4,0,0,0,0,0
1591|1592|1593|1594,IAG|NHF|QBE|SUN,observed_fact,nib holdings saw a 56% increase over five years,active,0.84,news:art_5c310bef0f14a8ac13826bee,newspaper4k,DATA_MISSING,2026-05-03T07:41:44Z,2026-05-04T17:27:26+00:00,2026-05-04T17:27:26+00:00,fanout_0068,4,fanout_cluster_candidate,mixed_cluster_actions,cluster-level rollup of row-id candidates from copied company_memory.sqlite,low,MEDIUM,yes,company_memory.sqlite:memory_entries,manual_review,IAG|NHF|QBE|SUN,1591|1592|1593|1594,0,4,0,0,0,0,0
1372|1373|1374|1375,METRICS CREDIT HOLDINGS|NATIONAL PENSION SERVICE OF KOREA (NPS)|PINNACLE INVESTMENT MANAGEMENT|TOWNSEND HOLDINGS,observed_fact,pinnacle’s equity interest in metrics credit holdings will be restored to about 35%,active,0.85,news:art_1e01218da9c5674a9584063c,newspaper4k,DATA_MISSING,2026-05-04T07:11:00Z,2026-05-04T16:42:13+00:00,2026-05-04T16:42:13+00:00,fanout_0069,4,fanout_cluster_candidate,mixed_cluster_actions,cluster-level rollup of row-id candidates from copied company_memory.sqlite,low,MEDIUM,yes,company_memory.sqlite:memory_entries,manual_review,METRICS CREDIT HOLDINGS|NATIONAL PENSION SERVICE OF KOREA (NPS)|PINNACLE INVESTMENT MANAGEMENT|TOWNSEND HOLDINGS,1372|1373|1374|1375,0,4,0,0,0,0,0
1388|1389|1390|1391,METRICS CREDIT HOLDINGS|NATIONAL PENSION SERVICE OF KOREA (NPS)|PINNACLE INVESTMENT MANAGEMENT|TOWNSEND HOLDINGS,risk,potential risks associated with the transition of equity and the involvement of new shareholders,active,0.8,news:art_1e01218da9c5674a9584063c,newspaper4k,DATA_MISSING,2026-05-04T07:11:00Z,2026-05-04T16:42:14+00:00,2026-05-04T16:42:14+00:00,fanout_0070,4,fanout_cluster_candidate,mixed_cluster_actions,cluster-level rollup of row-id candidates from copied company_memory.sqlite,low,MEDIUM,yes,company_memory.sqlite:memory_entries,manual_review,METRICS CREDIT HOLDINGS|NATIONAL PENSION SERVICE OF KOREA (NPS)|PINNACLE INVESTMENT MANAGEMENT|TOWNSEND HOLDINGS,1388|1389|1390|1391,0,4,0,0,0,0,0
1587|1588|1589|1590,IAG|NHF|QBE|SUN,observed_fact,qbe insurance group has demonstrated strong eps growth over multiple years,active,0.85,news:art_5c310bef0f14a8ac13826bee,newspaper4k,DATA_MISSING,2026-05-03T07:41:44Z,2026-05-04T17:27:24+00:00,2026-05-04T17:27:24+00:00,fanout_0071,4,fanout_cluster_candidate,mixed_cluster_actions,cluster-level rollup of row-id candidates from copied company_memory.sqlite,low,MEDIUM,yes,company_memory.sqlite:memory_entries,manual_review,IAG|NHF|QBE|SUN,1587|1588|1589|1590,0,4,0,0,0,0,0
1599|1600|1601|1602,IAG|NHF|QBE|SUN,observed_fact,"suncorp group limited is trading with a p/e ratio of 14.8x, analysts estimate a decline in earnings over the next three years",active,0.85,news:art_5c310bef0f14a8ac13826bee,newspaper4k,DATA_MISSING,2026-05-03T07:41:44Z,2026-05-04T17:27:26+00:00,2026-05-04T17:27:26+00:00,fanout_0072,4,fanout_cluster_candidate,mixed_cluster_actions,cluster-level rollup of row-id candidates from copied company_memory.sqlite,low,MEDIUM,yes,company_memory.sqlite:memory_entries,manual_review,IAG|NHF|QBE|SUN,1599|1600|1601|1602,0,4,0,0,0,0,0
1603|1604|1605|1606,IAG|NHF|QBE|SUN,risk,suncorp group limited's p/e ratio might not align with negative growth expectations,active,0.82,news:art_5c310bef0f14a8ac13826bee,newspaper4k,DATA_MISSING,2026-05-03T07:41:44Z,2026-05-04T17:27:26+00:00,2026-05-04T17:27:26+00:00,fanout_0073,4,fanout_cluster_candidate,mixed_cluster_actions,cluster-level rollup of row-id candidates from copied company_memory.sqlite,low,MEDIUM,yes,company_memory.sqlite:memory_entries,manual_review,IAG|NHF|QBE|SUN,1603|1604|1605|1606,0,4,0,0,0,0,0
1380|1381|1382|1383,METRICS CREDIT HOLDINGS|NATIONAL PENSION SERVICE OF KOREA (NPS)|PINNACLE INVESTMENT MANAGEMENT|TOWNSEND HOLDINGS,observed_fact,the equity purchases are expected to be completed during the second and third quarter of 2026,active,0.86,news:art_1e01218da9c5674a9584063c,newspaper4k,DATA_MISSING,2026-05-04T07:11:00Z,2026-05-04T16:42:14+00:00,2026-05-04T16:42:14+00:00,fanout_0074,4,fanout_cluster_candidate,mixed_cluster_actions,cluster-level rollup of row-id candidates from copied company_memory.sqlite,low,MEDIUM,yes,company_memory.sqlite:memory_entries,manual_review,METRICS CREDIT HOLDINGS|NATIONAL PENSION SERVICE OF KOREA (NPS)|PINNACLE INVESTMENT MANAGEMENT|TOWNSEND HOLDINGS,1380|1381|1382|1383,0,4,0,0,0,0,0
1364|1365|1366|1367,METRICS CREDIT HOLDINGS|NATIONAL PENSION SERVICE OF KOREA (NPS)|PINNACLE INVESTMENT MANAGEMENT|TOWNSEND HOLDINGS,strategic_initiative,"the national pension service of korea (nps) through its strategic partnership with townsend holdings agrees to purchase another 6.37% of existing equity in metrics, taking its shareholding to 9.9%.'}",active,0.81,news:art_1e01218da9c5674a9584063c,newspaper4k,DATA_MISSING,2026-05-04T07:11:00Z,2026-05-04T16:42:12+00:00,2026-05-04T16:42:12+00:00,fanout_0075,4,fanout_cluster_candidate,mixed_cluster_actions,cluster-level rollup of row-id candidates from copied company_memory.sqlite,low,MEDIUM,yes,company_memory.sqlite:memory_entries,manual_review,METRICS CREDIT HOLDINGS|NATIONAL PENSION SERVICE OF KOREA (NPS)|PINNACLE INVESTMENT MANAGEMENT|TOWNSEND HOLDINGS,1364|1365|1366|1367,0,4,0,0,0,0,0
1376|1377|1378|1379,METRICS CREDIT HOLDINGS|NATIONAL PENSION SERVICE OF KOREA (NPS)|PINNACLE INVESTMENT MANAGEMENT|TOWNSEND HOLDINGS,strategic_initiative,the national pension service of korea (nps) through its strategic partnership with townsend holdings will take its shareholding to 9.9%,active,0.81,news:art_1e01218da9c5674a9584063c,newspaper4k,DATA_MISSING,2026-05-04T07:11:00Z,2026-05-04T16:42:14+00:00,2026-05-04T16:42:14+00:00,fanout_0076,4,fanout_cluster_candidate,mixed_cluster_actions,cluster-level rollup of row-id candidates from copied company_memory.sqlite,low,MEDIUM,yes,company_memory.sqlite:memory_entries,manual_review,METRICS CREDIT HOLDINGS|NATIONAL PENSION SERVICE OF KOREA (NPS)|PINNACLE INVESTMENT MANAGEMENT|TOWNSEND HOLDINGS,1376|1377|1378|1379,0,4,0,0,0,0,0
1583|1584|1585|1586,IAG|NHF|QBE|SUN,observed_fact,"{'date': '2025-04-08', 'description': 'suncorp group limited (asx:sun) trading with a p/e ratio of 14.8x, analysts estimate a decline in earnings over the next three years.'}",active,0.88,news:art_5c310bef0f14a8ac13826bee,newspaper4k,DATA_MISSING,2026-05-03T07:41:44Z,2026-05-04T17:27:24+00:00,2026-05-04T17:27:24+00:00,fanout_0077,4,fanout_cluster_candidate,mixed_cluster_actions,cluster-level rollup of row-id candidates from copied company_memory.sqlite,medium,MEDIUM,yes,company_memory.sqlite:memory_entries,manual_review,IAG|NHF|QBE|SUN,1583|1584|1585|1586,0,4,0,0,0,0,0
1579|1580|1581|1582,IAG|NHF|QBE|SUN,observed_fact,"{'date': '2025-04-09', 'description': 'insurance australia group limited (asx:iag) showed strong returns despite recent decline, with impressive 3-year growth in earnings per share.'}",active,0.89,news:art_5c310bef0f14a8ac13826bee,newspaper4k,DATA_MISSING,2026-05-03T07:41:44Z,2026-05-04T17:27:24+00:00,2026-05-04T17:27:24+00:00,fanout_0078,4,fanout_cluster_candidate,mixed_cluster_actions,cluster-level rollup of row-id candidates from copied company_memory.sqlite,medium,MEDIUM,yes,company_memory.sqlite:memory_entries,manual_review,IAG|NHF|QBE|SUN,1579|1580|1581|1582,0,4,0,0,0,0,0
1575|1576|1577|1578,IAG|NHF|QBE|SUN,observed_fact,"{'date': '2025-04-09', 'description': 'nib holdings (asx:nhf) saw a 56% increase over five years, operating within the healthcare insurance sector.'}",active,0.88,news:art_5c310bef0f14a8ac13826bee,newspaper4k,DATA_MISSING,2026-05-03T07:41:44Z,2026-05-04T17:27:24+00:00,2026-05-04T17:27:24+00:00,fanout_0079,4,fanout_cluster_candidate,mixed_cluster_actions,cluster-level rollup of row-id candidates from copied company_memory.sqlite,medium,MEDIUM,yes,company_memory.sqlite:memory_entries,manual_review,IAG|NHF|QBE|SUN,1575|1576|1577|1578,0,4,0,0,0,0,0
1571|1572|1573|1574,IAG|NHF|QBE|SUN,observed_fact,"{'date': '2025-04-19', 'description': 'wiseway group, listed on the all ordinaries and asx emerging companies indexes, showed upward movement in return on capital employed.'}",active,0.88,news:art_5c310bef0f14a8ac13826bee,newspaper4k,DATA_MISSING,2026-05-03T07:41:44Z,2026-05-04T17:27:24+00:00,2026-05-04T17:27:24+00:00,fanout_0080,4,fanout_cluster_candidate,mixed_cluster_actions,cluster-level rollup of row-id candidates from copied company_memory.sqlite,medium,MEDIUM,yes,company_memory.sqlite:memory_entries,manual_review,IAG|NHF|QBE|SUN,1571|1572|1573|1574,0,4,0,0,0,0,0
1567|1568|1569|1570,IAG|NHF|QBE|SUN,observed_fact,"{'date': '2025-04-24', 'description': 'australian market nears 8,000 points, with a focus on dividend stocks for stable income.'}",active,0.86,news:art_5c310bef0f14a8ac13826bee,newspaper4k,DATA_MISSING,2026-05-03T07:41:44Z,2026-05-04T17:27:23+00:00,2026-05-04T17:27:23+00:00,fanout_0081,4,fanout_cluster_candidate,mixed_cluster_actions,cluster-level rollup of row-id candidates from copied company_memory.sqlite,medium,MEDIUM,yes,company_memory.sqlite:memory_entries,manual_review,IAG|NHF|QBE|SUN,1567|1568|1569|1570,0,4,0,0,0,0,0
1563|1564|1565|1566,IAG|NHF|QBE|SUN,observed_fact,"{'date': '2025-04-29', 'description': 'qbe insurance group (asx:qbe) demonstrated strong eps growth over multiple years, maintained consistent revenue performance and steady ebit margins, and company executives purchased shares.'}",active,0.89,news:art_5c310bef0f14a8ac13826bee,newspaper4k,DATA_MISSING,2026-05-03T07:41:44Z,2026-05-04T17:27:23+00:00,2026-05-04T17:27:23+00:00,fanout_0082,4,fanout_cluster_candidate,mixed_cluster_actions,cluster-level rollup of row-id candidates from copied company_memory.sqlite,medium,MEDIUM,yes,company_memory.sqlite:memory_entries,manual_review,IAG|NHF|QBE|SUN,1563|1564|1565|1566,0,4,0,0,0,0,0
1368|1369|1370|1371,METRICS CREDIT HOLDINGS|NATIONAL PENSION SERVICE OF KOREA (NPS)|PINNACLE INVESTMENT MANAGEMENT|TOWNSEND HOLDINGS,observed_fact,"{'date': '2026-03-31', 'description': 'graham mcnamara, former managing partner of metrics credit holdings, retires but continues to be involved as an adviser.'}",active,0.88,news:art_1e01218da9c5674a9584063c,newspaper4k,DATA_MISSING,2026-05-04T07:11:00Z,2026-05-04T16:42:12+00:00,2026-05-04T16:42:12+00:00,fanout_0083,4,fanout_cluster_candidate,mixed_cluster_actions,cluster-level rollup of row-id candidates from copied company_memory.sqlite,medium,MEDIUM,yes,company_memory.sqlite:memory_entries,manual_review,METRICS CREDIT HOLDINGS|NATIONAL PENSION SERVICE OF KOREA (NPS)|PINNACLE INVESTMENT MANAGEMENT|TOWNSEND HOLDINGS,1368|1369|1370|1371,0,4,0,0,0,0,0
1508|1509|1510|1511,A2M|BGA|COH|EGH,observed_fact,"{'date': '2026-05-03', 'description': ""a2 milk's stock price drops significantly after recalling three batches of its usa infant formula.""}",active,0.88,news:art_06cd26d8be3fde12055ea3bf,newspaper4k,DATA_MISSING,2026-05-03T22:23:00Z,2026-05-04T17:14:30+00:00,2026-05-04T17:14:30+00:00,fanout_0084,4,fanout_cluster_candidate,mixed_cluster_actions,cluster-level rollup of row-id candidates from copied company_memory.sqlite,medium,MEDIUM,yes,company_memory.sqlite:memory_entries,manual_review,A2M|BGA|COH|EGH,1508|1509|1510|1511,0,4,0,0,0,0,0
1504|1505|1506|1507,A2M|BGA|COH|EGH,observed_fact,"{'date': '2026-05-03', 'description': ""asx opens lower due to us president trump's comments on iran's peace offer and anticipation of us employment data.""}",active,0.86,news:art_06cd26d8be3fde12055ea3bf,newspaper4k,DATA_MISSING,2026-05-03T22:23:00Z,2026-05-04T17:14:28+00:00,2026-05-04T17:14:28+00:00,fanout_0085,4,fanout_cluster_candidate,mixed_cluster_actions,cluster-level rollup of row-id candidates from copied company_memory.sqlite,medium,MEDIUM,yes,company_memory.sqlite:memory_entries,manual_review,A2M|BGA|COH|EGH,1504|1505|1506|1507,0,4,0,0,0,0,0
1528|1529|1530|1531,A2M|BGA|COH|EGH,risk,"{'date': '2026-05-03', 'description': ""potential negative impact on consumer staples due to a2 milk's recall and other factors.""}",active,0.83,news:art_06cd26d8be3fde12055ea3bf,newspaper4k,DATA_MISSING,2026-05-03T22:23:00Z,2026-05-04T17:14:31+00:00,2026-05-04T17:14:31+00:00,fanout_0086,4,fanout_cluster_candidate,mixed_cluster_actions,cluster-level rollup of row-id candidates from copied company_memory.sqlite,medium,MEDIUM,yes,company_memory.sqlite:memory_entries,manual_review,A2M|BGA|COH|EGH,1528|1529|1530|1531,0,4,0,0,0,0,0
1516|1517|1518|1519,A2M|BGA|COH|EGH,observed_fact,"{'date': '2026-05-03', 'description': ""us president trump's comments on iran's peace offer are not acceptable.""}",active,0.86,news:art_06cd26d8be3fde12055ea3bf,newspaper4k,DATA_MISSING,2026-05-03T22:23:00Z,2026-05-04T17:14:31+00:00,2026-05-04T17:14:31+00:00,fanout_0087,4,fanout_cluster_candidate,mixed_cluster_actions,cluster-level rollup of row-id candidates from copied company_memory.sqlite,medium,MEDIUM,yes,company_memory.sqlite:memory_entries,manual_review,A2M|BGA|COH|EGH,1516|1517|1518|1519,0,4,0,0,0,0,0
1524|1525|1526|1527,A2M|BGA|COH|EGH,risk,"{'date': '2026-05-03', 'description': 'continued geopolitical tensions between the us and iran.'}",active,0.83,news:art_06cd26d8be3fde12055ea3bf,newspaper4k,DATA_MISSING,2026-05-03T22:23:00Z,2026-05-04T17:14:31+00:00,2026-05-04T17:14:31+00:00,fanout_0088,4,fanout_cluster_candidate,mixed_cluster_actions,cluster-level rollup of row-id candidates from copied company_memory.sqlite,medium,MEDIUM,yes,company_memory.sqlite:memory_entries,manual_review,A2M|BGA|COH|EGH,1524|1525|1526|1527,0,4,0,0,0,0,0
1512|1513|1514|1515,A2M|BGA|COH|EGH,strategic_initiative,"{'date': '2026-05-03', 'description': 'endeavour group announces a $100 million cost reduction program, including layoffs.'}",active,0.84,news:art_06cd26d8be3fde12055ea3bf,newspaper4k,DATA_MISSING,2026-05-03T22:23:00Z,2026-05-04T17:14:30+00:00,2026-05-04T17:14:30+00:00,fanout_0089,4,fanout_cluster_candidate,mixed_cluster_actions,cluster-level rollup of row-id candidates from copied company_memory.sqlite,medium,MEDIUM,yes,company_memory.sqlite:memory_entries,manual_review,A2M|BGA|COH|EGH,1512|1513|1514|1515,0,4,0,0,0,0,0
1520|1521|1522|1523,A2M|BGA|COH|EGH,observed_fact,"{'date': '2026-05-03', 'description': 'us non-farm payrolls data expected to show job growth of 60,000 jobs in may.'}",active,0.88,news:art_06cd26d8be3fde12055ea3bf,newspaper4k,DATA_MISSING,2026-05-03T22:23:00Z,2026-05-04T17:14:31+00:00,2026-05-04T17:14:31+00:00,fanout_0090,4,fanout_cluster_candidate,mixed_cluster_actions,cluster-level rollup of row-id candidates from copied company_memory.sqlite,medium,MEDIUM,yes,company_memory.sqlite:memory_entries,manual_review,A2M|BGA|COH|EGH,1520|1521|1522|1523,0,4,0,0,0,0,0
1360|1361|1362|1363,METRICS CREDIT HOLDINGS|NATIONAL PENSION SERVICE OF KOREA (NPS)|PINNACLE INVESTMENT MANAGEMENT|TOWNSEND HOLDINGS,management_guidance,"{'date': '2026-05-04', 'description': 'pinnacle investment management acquires an additional 6.8% of metrics credit holdings for $100.5 million, restoring its equity interest to about 35%",active,0.87,news:art_1e01218da9c5674a9584063c,newspaper4k,DATA_MISSING,2026-05-04T07:11:00Z,2026-05-04T16:42:12+00:00,2026-05-04T16:42:12+00:00,fanout_0091,4,fanout_cluster_candidate,mixed_cluster_actions,cluster-level rollup of row-id candidates from copied company_memory.sqlite,medium,MEDIUM,yes,company_memory.sqlite:memory_entries,manual_review,METRICS CREDIT HOLDINGS|NATIONAL PENSION SERVICE OF KOREA (NPS)|PINNACLE INVESTMENT MANAGEMENT|TOWNSEND HOLDINGS,1360|1361|1362|1363,0,4,0,0,0,0,0
1344|1345|1346|1347,GOLD|RETAIL|UGL|WBC,observed_fact,"{'date': '2026-05-09', 'description': 'reserve bank of australia (rba) is expected to raise the cash rate to 4.35%.'}",active,0.88,news:art_bcbc4dad9bda5cbf02c91115,newspaper4k,DATA_MISSING,2026-05-04T07:16:23Z,2026-05-04T16:41:38+00:00,2026-05-04T16:41:38+00:00,fanout_0092,4,fanout_cluster_candidate,mixed_cluster_actions,cluster-level rollup of row-id candidates from copied company_memory.sqlite,medium,MEDIUM,yes,company_memory.sqlite:memory_entries,manual_review,GOLD|RETAIL|UGL|WBC,1344|1345|1346|1347,0,4,0,0,0,0,0
1348|1349|1350|1351,GOLD|RETAIL|UGL|WBC,observed_fact,"{'date': '2026-12-25', 'description': 'bond market is pricing in at least two more rate rises by christmas.'}",active,0.88,news:art_bcbc4dad9bda5cbf02c91115,newspaper4k,DATA_MISSING,2026-05-04T07:16:23Z,2026-05-04T16:41:39+00:00,2026-05-04T16:41:39+00:00,fanout_0093,4,fanout_cluster_candidate,mixed_cluster_actions,cluster-level rollup of row-id candidates from copied company_memory.sqlite,medium,MEDIUM,yes,company_memory.sqlite:memory_entries,manual_review,GOLD|RETAIL|UGL|WBC,1348|1349|1350|1351,0,4,0,0,0,0,0
1401|1402|1403,ASX|CSL|S&P 500,observed_fact,anchoring bias can prevent investors from making decisions based on current market conditions,active,0.81,news:art_6fa8b272bf847b9fe39a46ca,newspaper4k,DATA_MISSING,2026-05-04T05:42:25Z,2026-05-04T16:49:36+00:00,2026-05-04T16:49:36+00:00,fanout_0094,3,fanout_cluster_candidate,mixed_cluster_actions,cluster-level rollup of row-id candidates from copied company_memory.sqlite,low,MEDIUM,yes,company_memory.sqlite:memory_entries,manual_review,ASX|CSL|S&P 500,1401|1402|1403,0,3,0,0,0,0,0
1422|1423|1424,ASX|CSL|S&P 500,risk,anchoring to past data points can lead to suboptimal investment decisions,active,0.8,news:art_6fa8b272bf847b9fe39a46ca,newspaper4k,DATA_MISSING,2026-05-04T05:42:25Z,2026-05-04T16:49:37+00:00,2026-05-04T16:49:37+00:00,fanout_0095,3,fanout_cluster_candidate,mixed_cluster_actions,cluster-level rollup of row-id candidates from copied company_memory.sqlite,low,MEDIUM,yes,company_memory.sqlite:memory_entries,manual_review,ASX|CSL|S&P 500,1422|1423|1424,0,3,0,0,0,0,0
1395|1396|1397,ASX|CSL|S&P 500,observed_fact,bias is a wealth destroyer in the long term,active,0.83,news:art_6fa8b272bf847b9fe39a46ca,newspaper4k,DATA_MISSING,2026-05-04T05:42:25Z,2026-05-04T16:49:36+00:00,2026-05-04T16:49:36+00:00,fanout_0096,3,fanout_cluster_candidate,mixed_cluster_actions,cluster-level rollup of row-id candidates from copied company_memory.sqlite,low,MEDIUM,yes,company_memory.sqlite:memory_entries,manual_review,ASX|CSL|S&P 500,1395|1396|1397,0,3,0,0,0,0,0
1431|1432|1433,ASX|CSL|S&P 500,risk,fear of loss can prevent investors from making rational decisions,active,0.78,news:art_6fa8b272bf847b9fe39a46ca,newspaper4k,DATA_MISSING,2026-05-04T05:42:25Z,2026-05-04T16:49:39+00:00,2026-05-04T16:49:39+00:00,fanout_0097,3,fanout_cluster_candidate,mixed_cluster_actions,cluster-level rollup of row-id candidates from copied company_memory.sqlite,low,MEDIUM,yes,company_memory.sqlite:memory_entries,manual_review,ASX|CSL|S&P 500,1431|1432|1433,0,3,0,0,0,0,0
1425|1426|1427,ASX|CSL|S&P 500,risk,focusing on recent trends can lead to short-term thinking and missed opportunities,active,0.82,news:art_6fa8b272bf847b9fe39a46ca,newspaper4k,DATA_MISSING,2026-05-04T05:42:25Z,2026-05-04T16:49:37+00:00,2026-05-04T16:49:37+00:00,fanout_0098,3,fanout_cluster_candidate,mixed_cluster_actions,cluster-level rollup of row-id candidates from copied company_memory.sqlite,low,MEDIUM,yes,company_memory.sqlite:memory_entries,manual_review,ASX|CSL|S&P 500,1425|1426|1427,0,3,0,0,0,0,0
1428|1429|1430,ASX|CSL|S&P 500,risk,following the herd can result in risky investments and market timing errors,active,0.8,news:art_6fa8b272bf847b9fe39a46ca,newspaper4k,DATA_MISSING,2026-05-04T05:42:25Z,2026-05-04T16:49:38+00:00,2026-05-04T16:49:38+00:00,fanout_0099,3,fanout_cluster_candidate,mixed_cluster_actions,cluster-level rollup of row-id candidates from copied company_memory.sqlite,low,MEDIUM,yes,company_memory.sqlite:memory_entries,manual_review,ASX|CSL|S&P 500,1428|1429|1430,0,3,0,0,0,0,0
1407|1408|1409,ASX|CSL|S&P 500,observed_fact,herding can lead to risky investment decisions,active,0.83,news:art_6fa8b272bf847b9fe39a46ca,newspaper4k,DATA_MISSING,2026-05-04T05:42:25Z,2026-05-04T16:49:36+00:00,2026-05-04T16:49:36+00:00,fanout_0100,3,fanout_cluster_candidate,mixed_cluster_actions,cluster-level rollup of row-id candidates from copied company_memory.sqlite,low,MEDIUM,yes,company_memory.sqlite:memory_entries,manual_review,ASX|CSL|S&P 500,1407|1408|1409,0,3,0,0,0,0,0
1398|1399|1400,ASX|CSL|S&P 500,observed_fact,home bias can lead investors to favor local markets over potentially better-performing international markets,active,0.81,news:art_6fa8b272bf847b9fe39a46ca,newspaper4k,DATA_MISSING,2026-05-04T05:42:25Z,2026-05-04T16:49:36+00:00,2026-05-04T16:49:36+00:00,fanout_0101,3,fanout_cluster_candidate,mixed_cluster_actions,cluster-level rollup of row-id candidates from copied company_memory.sqlite,low,MEDIUM,yes,company_memory.sqlite:memory_entries,manual_review,ASX|CSL|S&P 500,1398|1399|1400,0,3,0,0,0,0,0
1419|1420|1421,ASX|CSL|S&P 500,risk,home bias can limit diversification and exposure to better-performing markets,active,0.78,news:art_6fa8b272bf847b9fe39a46ca,newspaper4k,DATA_MISSING,2026-05-04T05:42:25Z,2026-05-04T16:49:37+00:00,2026-05-04T16:49:37+00:00,fanout_0102,3,fanout_cluster_candidate,mixed_cluster_actions,cluster-level rollup of row-id candidates from copied company_memory.sqlite,low,MEDIUM,yes,company_memory.sqlite:memory_entries,manual_review,ASX|CSL|S&P 500,1419|1420|1421,0,3,0,0,0,0,0
1416|1417|1418,ASX|CSL|S&P 500,risk,investors may be influenced by biases that can negatively impact their investment decisions,active,0.8,news:art_6fa8b272bf847b9fe39a46ca,newspaper4k,DATA_MISSING,2026-05-04T05:42:25Z,2026-05-04T16:49:37+00:00,2026-05-04T16:49:37+00:00,fanout_0103,3,fanout_cluster_candidate,mixed_cluster_actions,cluster-level rollup of row-id candidates from copied company_memory.sqlite,low,MEDIUM,yes,company_memory.sqlite:memory_entries,manual_review,ASX|CSL|S&P 500,1416|1417|1418,0,3,0,0,0,0,0
1410|1411|1412,ASX|CSL|S&P 500,observed_fact,loss aversion can prevent investors from making rational decisions,active,0.81,news:art_6fa8b272bf847b9fe39a46ca,newspaper4k,DATA_MISSING,2026-05-04T05:42:25Z,2026-05-04T16:49:37+00:00,2026-05-04T16:49:37+00:00,fanout_0104,3,fanout_cluster_candidate,mixed_cluster_actions,cluster-level rollup of row-id candidates from copied company_memory.sqlite,low,MEDIUM,yes,company_memory.sqlite:memory_entries,manual_review,ASX|CSL|S&P 500,1410|1411|1412,0,3,0,0,0,0,0
1434|1435|1436,ASX|CSL|S&P 500,risk,overconfidence can lead to ignoring mistakes and relying on luck,active,0.78,news:art_6fa8b272bf847b9fe39a46ca,newspaper4k,DATA_MISSING,2026-05-04T05:42:25Z,2026-05-04T16:49:39+00:00,2026-05-04T16:49:39+00:00,fanout_0105,3,fanout_cluster_candidate,mixed_cluster_actions,cluster-level rollup of row-id candidates from copied company_memory.sqlite,low,MEDIUM,yes,company_memory.sqlite:memory_entries,manual_review,ASX|CSL|S&P 500,1434|1435|1436,0,3,0,0,0,0,0
1413|1414|1415,ASX|CSL|S&P 500,observed_fact,overconfidence can lead to overlooking mistakes and relying on luck,active,0.81,news:art_6fa8b272bf847b9fe39a46ca,newspaper4k,DATA_MISSING,2026-05-04T05:42:25Z,2026-05-04T16:49:37+00:00,2026-05-04T16:49:37+00:00,fanout_0106,3,fanout_cluster_candidate,mixed_cluster_actions,cluster-level rollup of row-id candidates from copied company_memory.sqlite,low,MEDIUM,yes,company_memory.sqlite:memory_entries,manual_review,ASX|CSL|S&P 500,1413|1414|1415,0,3,0,0,0,0,0
1404|1405|1406,ASX|CSL|S&P 500,observed_fact,recency bias can cause investors to focus too much on recent market trends,active,0.81,news:art_6fa8b272bf847b9fe39a46ca,newspaper4k,DATA_MISSING,2026-05-04T05:42:25Z,2026-05-04T16:49:36+00:00,2026-05-04T16:49:36+00:00,fanout_0107,3,fanout_cluster_candidate,mixed_cluster_actions,cluster-level rollup of row-id candidates from copied company_memory.sqlite,low,MEDIUM,yes,company_memory.sqlite:memory_entries,manual_review,ASX|CSL|S&P 500,1404|1405|1406,0,3,0,0,0,0,0
1550|1555,BHP,management_guidance,"the policy outlook for the fed is exceptionally complex with a new fed chair in the wings, elevated oil prices, and a low-hire, low-fire labor market",active,0.83,news:art_b3f267fa6b4ad9e3ddc7d62a,newspaper4k,DATA_MISSING,2026-05-03T07:41:44Z,2026-05-04T17:25:32+00:00,2026-05-04T17:25:32+00:00,fanout_0108,2,fanout_cluster_candidate,mixed_cluster_actions,cluster-level rollup of row-id candidates from copied company_memory.sqlite,medium,HIGH,yes,company_memory.sqlite:memory_entries,market_memory.sqlite:macro_state,BHP,1550|1555,0,0,0,0,0,2,0
