row_id,ticker/entity,memory_type,statement/text,status,confidence,source_id,source_type,source_title,source_published_at,created_at,updated_at,duplicate_cluster_id,fanout_cluster_size,classification,proposed_action,reason,certainty,risk_level,manual_review_required,original_store,proposed_destination_if_any
42,ASX,observed_fact,Tech strength has led to a rally in Asian stocks,active,0.74,youtube_transcript:asx-daily-rundown-atlassian-lifts-tech-a2-milk-recall-shock-accent-group-all-time-lows:88e960386e503796,youtube_transcript,"ASX Daily Rundown | Atlassian Lifts Tech, A2 Milk Recall Shock & Accent Group All-Time Lows",2026-05-04T08:15:01Z,2026-05-04T08:23:28+00:00,2026-05-04T08:23:28+00:00,fanout_0028,27,preserve_macro_context_but_wrong_store,macro_memory_rehome_candidate_later,macro/strategy context is useful but stored as company memory; rehome only after source review and no live mutation in this lane,medium,HIGH,yes,company_memory.sqlite:memory_entries,market_memory.sqlite:macro_state
43,TXT,observed_fact,Tech strength has led to a rally in Asian stocks,active,0.74,youtube_transcript:asx-daily-rundown-atlassian-lifts-tech-a2-milk-recall-shock-accent-group-all-time-lows:88e960386e503796,youtube_transcript,"ASX Daily Rundown | Atlassian Lifts Tech, A2 Milk Recall Shock & Accent Group All-Time Lows",2026-05-04T08:15:01Z,2026-05-04T08:23:28+00:00,2026-05-04T08:23:28+00:00,fanout_0028,27,preserve_macro_context_but_wrong_store,macro_memory_rehome_candidate_later,macro/strategy context is useful but stored as company memory; rehome only after source review and no live mutation in this lane,medium,HIGH,yes,company_memory.sqlite:memory_entries,market_memory.sqlite:macro_state
44,XTX,observed_fact,Tech strength has led to a rally in Asian stocks,active,0.74,youtube_transcript:asx-daily-rundown-atlassian-lifts-tech-a2-milk-recall-shock-accent-group-all-time-lows:88e960386e503796,youtube_transcript,"ASX Daily Rundown | Atlassian Lifts Tech, A2 Milk Recall Shock & Accent Group All-Time Lows",2026-05-04T08:15:01Z,2026-05-04T08:23:28+00:00,2026-05-04T08:23:28+00:00,fanout_0028,27,preserve_macro_context_but_wrong_store,macro_memory_rehome_candidate_later,macro/strategy context is useful but stored as company memory; rehome only after source review and no live mutation in this lane,medium,HIGH,yes,company_memory.sqlite:memory_entries,market_memory.sqlite:macro_state
45,A2 MILK,observed_fact,Tech strength has led to a rally in Asian stocks,active,0.74,youtube_transcript:asx-daily-rundown-atlassian-lifts-tech-a2-milk-recall-shock-accent-group-all-time-lows:88e960386e503796,youtube_transcript,"ASX Daily Rundown | Atlassian Lifts Tech, A2 Milk Recall Shock & Accent Group All-Time Lows",2026-05-04T08:15:01Z,2026-05-04T08:23:28+00:00,2026-05-04T08:23:28+00:00,fanout_0028,27,preserve_macro_context_but_wrong_store,macro_memory_rehome_candidate_later,macro/strategy context is useful but stored as company memory; rehome only after source review and no live mutation in this lane,medium,HIGH,yes,company_memory.sqlite:memory_entries,market_memory.sqlite:macro_state
46,ENDEAVOR GROUP,observed_fact,Tech strength has led to a rally in Asian stocks,active,0.74,youtube_transcript:asx-daily-rundown-atlassian-lifts-tech-a2-milk-recall-shock-accent-group-all-time-lows:88e960386e503796,youtube_transcript,"ASX Daily Rundown | Atlassian Lifts Tech, A2 Milk Recall Shock & Accent Group All-Time Lows",2026-05-04T08:15:01Z,2026-05-04T08:23:28+00:00,2026-05-04T08:23:28+00:00,fanout_0028,27,preserve_macro_context_but_wrong_store,macro_memory_rehome_candidate_later,macro/strategy context is useful but stored as company memory; rehome only after source review and no live mutation in this lane,medium,HIGH,yes,company_memory.sqlite:memory_entries,market_memory.sqlite:macro_state
47,ATLASSIAN,observed_fact,Tech strength has led to a rally in Asian stocks,active,0.74,youtube_transcript:asx-daily-rundown-atlassian-lifts-tech-a2-milk-recall-shock-accent-group-all-time-lows:88e960386e503796,youtube_transcript,"ASX Daily Rundown | Atlassian Lifts Tech, A2 Milk Recall Shock & Accent Group All-Time Lows",2026-05-04T08:15:01Z,2026-05-04T08:23:28+00:00,2026-05-04T08:23:28+00:00,fanout_0028,27,preserve_macro_context_but_wrong_store,macro_memory_rehome_candidate_later,macro/strategy context is useful but stored as company memory; rehome only after source review and no live mutation in this lane,medium,HIGH,yes,company_memory.sqlite:memory_entries,market_memory.sqlite:macro_state
48,NAB,observed_fact,Tech strength has led to a rally in Asian stocks,active,0.74,youtube_transcript:asx-daily-rundown-atlassian-lifts-tech-a2-milk-recall-shock-accent-group-all-time-lows:88e960386e503796,youtube_transcript,"ASX Daily Rundown | Atlassian Lifts Tech, A2 Milk Recall Shock & Accent Group All-Time Lows",2026-05-04T08:15:01Z,2026-05-04T08:23:28+00:00,2026-05-04T08:23:28+00:00,fanout_0028,27,preserve_macro_context_but_wrong_store,macro_memory_rehome_candidate_later,macro/strategy context is useful but stored as company memory; rehome only after source review and no live mutation in this lane,medium,HIGH,yes,company_memory.sqlite:memory_entries,market_memory.sqlite:macro_state
49,BHP,observed_fact,Tech strength has led to a rally in Asian stocks,active,0.74,youtube_transcript:asx-daily-rundown-atlassian-lifts-tech-a2-milk-recall-shock-accent-group-all-time-lows:88e960386e503796,youtube_transcript,"ASX Daily Rundown | Atlassian Lifts Tech, A2 Milk Recall Shock & Accent Group All-Time Lows",2026-05-04T08:15:01Z,2026-05-04T08:23:28+00:00,2026-05-04T08:23:28+00:00,fanout_0028,27,preserve_macro_context_but_wrong_store,macro_memory_rehome_candidate_later,macro/strategy context is useful but stored as company memory; rehome only after source review and no live mutation in this lane,medium,HIGH,yes,company_memory.sqlite:memory_entries,market_memory.sqlite:macro_state
50,KEY PETROLEUM,observed_fact,Tech strength has led to a rally in Asian stocks,active,0.74,youtube_transcript:asx-daily-rundown-atlassian-lifts-tech-a2-milk-recall-shock-accent-group-all-time-lows:88e960386e503796,youtube_transcript,"ASX Daily Rundown | Atlassian Lifts Tech, A2 Milk Recall Shock & Accent Group All-Time Lows",2026-05-04T08:15:01Z,2026-05-04T08:23:28+00:00,2026-05-04T08:23:28+00:00,fanout_0028,27,preserve_macro_context_but_wrong_store,macro_memory_rehome_candidate_later,macro/strategy context is useful but stored as company memory; rehome only after source review and no live mutation in this lane,medium,HIGH,yes,company_memory.sqlite:memory_entries,market_memory.sqlite:macro_state
51,GCM CORPORATION,observed_fact,Tech strength has led to a rally in Asian stocks,active,0.74,youtube_transcript:asx-daily-rundown-atlassian-lifts-tech-a2-milk-recall-shock-accent-group-all-time-lows:88e960386e503796,youtube_transcript,"ASX Daily Rundown | Atlassian Lifts Tech, A2 Milk Recall Shock & Accent Group All-Time Lows",2026-05-04T08:15:01Z,2026-05-04T08:23:28+00:00,2026-05-04T08:23:28+00:00,fanout_0028,27,preserve_macro_context_but_wrong_store,macro_memory_rehome_candidate_later,macro/strategy context is useful but stored as company memory; rehome only after source review and no live mutation in this lane,medium,HIGH,yes,company_memory.sqlite:memory_entries,market_memory.sqlite:macro_state
52,MARINO AND CO,observed_fact,Tech strength has led to a rally in Asian stocks,active,0.74,youtube_transcript:asx-daily-rundown-atlassian-lifts-tech-a2-milk-recall-shock-accent-group-all-time-lows:88e960386e503796,youtube_transcript,"ASX Daily Rundown | Atlassian Lifts Tech, A2 Milk Recall Shock & Accent Group All-Time Lows",2026-05-04T08:15:01Z,2026-05-04T08:23:29+00:00,2026-05-04T08:23:29+00:00,fanout_0028,27,preserve_macro_context_but_wrong_store,macro_memory_rehome_candidate_later,macro/strategy context is useful but stored as company memory; rehome only after source review and no live mutation in this lane,medium,HIGH,yes,company_memory.sqlite:memory_entries,market_memory.sqlite:macro_state
53,CLARITY,observed_fact,Tech strength has led to a rally in Asian stocks,active,0.74,youtube_transcript:asx-daily-rundown-atlassian-lifts-tech-a2-milk-recall-shock-accent-group-all-time-lows:88e960386e503796,youtube_transcript,"ASX Daily Rundown | Atlassian Lifts Tech, A2 Milk Recall Shock & Accent Group All-Time Lows",2026-05-04T08:15:01Z,2026-05-04T08:23:29+00:00,2026-05-04T08:23:29+00:00,fanout_0028,27,preserve_macro_context_but_wrong_store,macro_memory_rehome_candidate_later,macro/strategy context is useful but stored as company memory; rehome only after source review and no live mutation in this lane,medium,HIGH,yes,company_memory.sqlite:memory_entries,market_memory.sqlite:macro_state
54,WIN MEDALS,observed_fact,Tech strength has led to a rally in Asian stocks,active,0.74,youtube_transcript:asx-daily-rundown-atlassian-lifts-tech-a2-milk-recall-shock-accent-group-all-time-lows:88e960386e503796,youtube_transcript,"ASX Daily Rundown | Atlassian Lifts Tech, A2 Milk Recall Shock & Accent Group All-Time Lows",2026-05-04T08:15:01Z,2026-05-04T08:23:30+00:00,2026-05-04T08:23:30+00:00,fanout_0028,27,preserve_macro_context_but_wrong_store,macro_memory_rehome_candidate_later,macro/strategy context is useful but stored as company memory; rehome only after source review and no live mutation in this lane,medium,HIGH,yes,company_memory.sqlite:memory_entries,market_memory.sqlite:macro_state
55,AXEN GROUP,observed_fact,Tech strength has led to a rally in Asian stocks,active,0.74,youtube_transcript:asx-daily-rundown-atlassian-lifts-tech-a2-milk-recall-shock-accent-group-all-time-lows:88e960386e503796,youtube_transcript,"ASX Daily Rundown | Atlassian Lifts Tech, A2 Milk Recall Shock & Accent Group All-Time Lows",2026-05-04T08:15:01Z,2026-05-04T08:23:30+00:00,2026-05-04T08:23:30+00:00,fanout_0028,27,preserve_macro_context_but_wrong_store,macro_memory_rehome_candidate_later,macro/strategy context is useful but stored as company memory; rehome only after source review and no live mutation in this lane,medium,HIGH,yes,company_memory.sqlite:memory_entries,market_memory.sqlite:macro_state
56,STRICKLAND METALS,observed_fact,Tech strength has led to a rally in Asian stocks,active,0.74,youtube_transcript:asx-daily-rundown-atlassian-lifts-tech-a2-milk-recall-shock-accent-group-all-time-lows:88e960386e503796,youtube_transcript,"ASX Daily Rundown | Atlassian Lifts Tech, A2 Milk Recall Shock & Accent Group All-Time Lows",2026-05-04T08:15:01Z,2026-05-04T08:23:30+00:00,2026-05-04T08:23:30+00:00,fanout_0028,27,preserve_macro_context_but_wrong_store,macro_memory_rehome_candidate_later,macro/strategy context is useful but stored as company memory; rehome only after source review and no live mutation in this lane,medium,HIGH,yes,company_memory.sqlite:memory_entries,market_memory.sqlite:macro_state
57,LION TOWN,observed_fact,Tech strength has led to a rally in Asian stocks,active,0.74,youtube_transcript:asx-daily-rundown-atlassian-lifts-tech-a2-milk-recall-shock-accent-group-all-time-lows:88e960386e503796,youtube_transcript,"ASX Daily Rundown | Atlassian Lifts Tech, A2 Milk Recall Shock & Accent Group All-Time Lows",2026-05-04T08:15:01Z,2026-05-04T08:23:30+00:00,2026-05-04T08:23:30+00:00,fanout_0028,27,preserve_macro_context_but_wrong_store,macro_memory_rehome_candidate_later,macro/strategy context is useful but stored as company memory; rehome only after source review and no live mutation in this lane,medium,HIGH,yes,company_memory.sqlite:memory_entries,market_memory.sqlite:macro_state
58,IMRO,observed_fact,Tech strength has led to a rally in Asian stocks,active,0.74,youtube_transcript:asx-daily-rundown-atlassian-lifts-tech-a2-milk-recall-shock-accent-group-all-time-lows:88e960386e503796,youtube_transcript,"ASX Daily Rundown | Atlassian Lifts Tech, A2 Milk Recall Shock & Accent Group All-Time Lows",2026-05-04T08:15:01Z,2026-05-04T08:23:30+00:00,2026-05-04T08:23:30+00:00,fanout_0028,27,preserve_macro_context_but_wrong_store,macro_memory_rehome_candidate_later,macro/strategy context is useful but stored as company memory; rehome only after source review and no live mutation in this lane,medium,HIGH,yes,company_memory.sqlite:memory_entries,market_memory.sqlite:macro_state
59,PENINSULA,observed_fact,Tech strength has led to a rally in Asian stocks,active,0.74,youtube_transcript:asx-daily-rundown-atlassian-lifts-tech-a2-milk-recall-shock-accent-group-all-time-lows:88e960386e503796,youtube_transcript,"ASX Daily Rundown | Atlassian Lifts Tech, A2 Milk Recall Shock & Accent Group All-Time Lows",2026-05-04T08:15:01Z,2026-05-04T08:23:30+00:00,2026-05-04T08:23:30+00:00,fanout_0028,27,preserve_macro_context_but_wrong_store,macro_memory_rehome_candidate_later,macro/strategy context is useful but stored as company memory; rehome only after source review and no live mutation in this lane,medium,HIGH,yes,company_memory.sqlite:memory_entries,market_memory.sqlite:macro_state
60,BRAIN CHIP,observed_fact,Tech strength has led to a rally in Asian stocks,active,0.74,youtube_transcript:asx-daily-rundown-atlassian-lifts-tech-a2-milk-recall-shock-accent-group-all-time-lows:88e960386e503796,youtube_transcript,"ASX Daily Rundown | Atlassian Lifts Tech, A2 Milk Recall Shock & Accent Group All-Time Lows",2026-05-04T08:15:01Z,2026-05-04T08:23:30+00:00,2026-05-04T08:23:30+00:00,fanout_0028,27,preserve_macro_context_but_wrong_store,macro_memory_rehome_candidate_later,macro/strategy context is useful but stored as company memory; rehome only after source review and no live mutation in this lane,medium,HIGH,yes,company_memory.sqlite:memory_entries,market_memory.sqlite:macro_state
61,VERITUS,observed_fact,Tech strength has led to a rally in Asian stocks,active,0.74,youtube_transcript:asx-daily-rundown-atlassian-lifts-tech-a2-milk-recall-shock-accent-group-all-time-lows:88e960386e503796,youtube_transcript,"ASX Daily Rundown | Atlassian Lifts Tech, A2 Milk Recall Shock & Accent Group All-Time Lows",2026-05-04T08:15:01Z,2026-05-04T08:23:30+00:00,2026-05-04T08:23:30+00:00,fanout_0028,27,preserve_macro_context_but_wrong_store,macro_memory_rehome_candidate_later,macro/strategy context is useful but stored as company memory; rehome only after source review and no live mutation in this lane,medium,HIGH,yes,company_memory.sqlite:memory_entries,market_memory.sqlite:macro_state
62,PETTIMED,observed_fact,Tech strength has led to a rally in Asian stocks,active,0.74,youtube_transcript:asx-daily-rundown-atlassian-lifts-tech-a2-milk-recall-shock-accent-group-all-time-lows:88e960386e503796,youtube_transcript,"ASX Daily Rundown | Atlassian Lifts Tech, A2 Milk Recall Shock & Accent Group All-Time Lows",2026-05-04T08:15:01Z,2026-05-04T08:23:30+00:00,2026-05-04T08:23:30+00:00,fanout_0028,27,preserve_macro_context_but_wrong_store,macro_memory_rehome_candidate_later,macro/strategy context is useful but stored as company memory; rehome only after source review and no live mutation in this lane,medium,HIGH,yes,company_memory.sqlite:memory_entries,market_memory.sqlite:macro_state
63,IMPEDIMED,observed_fact,Tech strength has led to a rally in Asian stocks,active,0.74,youtube_transcript:asx-daily-rundown-atlassian-lifts-tech-a2-milk-recall-shock-accent-group-all-time-lows:88e960386e503796,youtube_transcript,"ASX Daily Rundown | Atlassian Lifts Tech, A2 Milk Recall Shock & Accent Group All-Time Lows",2026-05-04T08:15:01Z,2026-05-04T08:23:30+00:00,2026-05-04T08:23:30+00:00,fanout_0028,27,preserve_macro_context_but_wrong_store,macro_memory_rehome_candidate_later,macro/strategy context is useful but stored as company memory; rehome only after source review and no live mutation in this lane,medium,HIGH,yes,company_memory.sqlite:memory_entries,market_memory.sqlite:macro_state
64,INDE,observed_fact,Tech strength has led to a rally in Asian stocks,active,0.74,youtube_transcript:asx-daily-rundown-atlassian-lifts-tech-a2-milk-recall-shock-accent-group-all-time-lows:88e960386e503796,youtube_transcript,"ASX Daily Rundown | Atlassian Lifts Tech, A2 Milk Recall Shock & Accent Group All-Time Lows",2026-05-04T08:15:01Z,2026-05-04T08:23:30+00:00,2026-05-04T08:23:30+00:00,fanout_0028,27,preserve_macro_context_but_wrong_store,macro_memory_rehome_candidate_later,macro/strategy context is useful but stored as company memory; rehome only after source review and no live mutation in this lane,medium,HIGH,yes,company_memory.sqlite:memory_entries,market_memory.sqlite:macro_state
65,PETT,observed_fact,Tech strength has led to a rally in Asian stocks,active,0.74,youtube_transcript:asx-daily-rundown-atlassian-lifts-tech-a2-milk-recall-shock-accent-group-all-time-lows:88e960386e503796,youtube_transcript,"ASX Daily Rundown | Atlassian Lifts Tech, A2 Milk Recall Shock & Accent Group All-Time Lows",2026-05-04T08:15:01Z,2026-05-04T08:23:30+00:00,2026-05-04T08:23:30+00:00,fanout_0028,27,preserve_macro_context_but_wrong_store,macro_memory_rehome_candidate_later,macro/strategy context is useful but stored as company memory; rehome only after source review and no live mutation in this lane,medium,HIGH,yes,company_memory.sqlite:memory_entries,market_memory.sqlite:macro_state
66,C79,observed_fact,Tech strength has led to a rally in Asian stocks,active,0.74,youtube_transcript:asx-daily-rundown-atlassian-lifts-tech-a2-milk-recall-shock-accent-group-all-time-lows:88e960386e503796,youtube_transcript,"ASX Daily Rundown | Atlassian Lifts Tech, A2 Milk Recall Shock & Accent Group All-Time Lows",2026-05-04T08:15:01Z,2026-05-04T08:23:30+00:00,2026-05-04T08:23:30+00:00,fanout_0028,27,preserve_macro_context_but_wrong_store,macro_memory_rehome_candidate_later,macro/strategy context is useful but stored as company memory; rehome only after source review and no live mutation in this lane,medium,HIGH,yes,company_memory.sqlite:memory_entries,market_memory.sqlite:macro_state
67,A2M,observed_fact,Tech strength has led to a rally in Asian stocks,active,0.74,youtube_transcript:asx-daily-rundown-atlassian-lifts-tech-a2-milk-recall-shock-accent-group-all-time-lows:88e960386e503796,youtube_transcript,"ASX Daily Rundown | Atlassian Lifts Tech, A2 Milk Recall Shock & Accent Group All-Time Lows",2026-05-04T08:15:01Z,2026-05-04T08:23:30+00:00,2026-05-04T08:23:30+00:00,fanout_0028,27,preserve_macro_context_but_wrong_store,macro_memory_rehome_candidate_later,macro/strategy context is useful but stored as company memory; rehome only after source review and no live mutation in this lane,medium,HIGH,yes,company_memory.sqlite:memory_entries,market_memory.sqlite:macro_state
68,ACCENT GROUP,observed_fact,Tech strength has led to a rally in Asian stocks,active,0.74,youtube_transcript:asx-daily-rundown-atlassian-lifts-tech-a2-milk-recall-shock-accent-group-all-time-lows:88e960386e503796,youtube_transcript,"ASX Daily Rundown | Atlassian Lifts Tech, A2 Milk Recall Shock & Accent Group All-Time Lows",2026-05-04T08:15:01Z,2026-05-04T08:23:30+00:00,2026-05-04T08:23:30+00:00,fanout_0028,27,preserve_macro_context_but_wrong_store,macro_memory_rehome_candidate_later,macro/strategy context is useful but stored as company memory; rehome only after source review and no live mutation in this lane,medium,HIGH,yes,company_memory.sqlite:memory_entries,market_memory.sqlite:macro_state
96,ASX,observed_fact,Australian inflation gauge has cooled from a record peak,active,0.74,youtube_transcript:asx-daily-rundown-atlassian-lifts-tech-a2-milk-recall-shock-accent-group-all-time-lows:88e960386e503796,youtube_transcript,"ASX Daily Rundown | Atlassian Lifts Tech, A2 Milk Recall Shock & Accent Group All-Time Lows",2026-05-04T08:15:01Z,2026-05-04T08:23:34+00:00,2026-05-04T08:23:34+00:00,fanout_0025,27,preserve_macro_context_but_wrong_store,macro_memory_rehome_candidate_later,macro/strategy context is useful but stored as company memory; rehome only after source review and no live mutation in this lane,medium,HIGH,yes,company_memory.sqlite:memory_entries,market_memory.sqlite:macro_state
97,TXT,observed_fact,Australian inflation gauge has cooled from a record peak,active,0.74,youtube_transcript:asx-daily-rundown-atlassian-lifts-tech-a2-milk-recall-shock-accent-group-all-time-lows:88e960386e503796,youtube_transcript,"ASX Daily Rundown | Atlassian Lifts Tech, A2 Milk Recall Shock & Accent Group All-Time Lows",2026-05-04T08:15:01Z,2026-05-04T08:23:34+00:00,2026-05-04T08:23:34+00:00,fanout_0025,27,preserve_macro_context_but_wrong_store,macro_memory_rehome_candidate_later,macro/strategy context is useful but stored as company memory; rehome only after source review and no live mutation in this lane,medium,HIGH,yes,company_memory.sqlite:memory_entries,market_memory.sqlite:macro_state
98,XTX,observed_fact,Australian inflation gauge has cooled from a record peak,active,0.74,youtube_transcript:asx-daily-rundown-atlassian-lifts-tech-a2-milk-recall-shock-accent-group-all-time-lows:88e960386e503796,youtube_transcript,"ASX Daily Rundown | Atlassian Lifts Tech, A2 Milk Recall Shock & Accent Group All-Time Lows",2026-05-04T08:15:01Z,2026-05-04T08:23:34+00:00,2026-05-04T08:23:34+00:00,fanout_0025,27,preserve_macro_context_but_wrong_store,macro_memory_rehome_candidate_later,macro/strategy context is useful but stored as company memory; rehome only after source review and no live mutation in this lane,medium,HIGH,yes,company_memory.sqlite:memory_entries,market_memory.sqlite:macro_state
99,A2 MILK,observed_fact,Australian inflation gauge has cooled from a record peak,active,0.74,youtube_transcript:asx-daily-rundown-atlassian-lifts-tech-a2-milk-recall-shock-accent-group-all-time-lows:88e960386e503796,youtube_transcript,"ASX Daily Rundown | Atlassian Lifts Tech, A2 Milk Recall Shock & Accent Group All-Time Lows",2026-05-04T08:15:01Z,2026-05-04T08:23:34+00:00,2026-05-04T08:23:34+00:00,fanout_0025,27,preserve_macro_context_but_wrong_store,macro_memory_rehome_candidate_later,macro/strategy context is useful but stored as company memory; rehome only after source review and no live mutation in this lane,medium,HIGH,yes,company_memory.sqlite:memory_entries,market_memory.sqlite:macro_state
100,ENDEAVOR GROUP,observed_fact,Australian inflation gauge has cooled from a record peak,active,0.74,youtube_transcript:asx-daily-rundown-atlassian-lifts-tech-a2-milk-recall-shock-accent-group-all-time-lows:88e960386e503796,youtube_transcript,"ASX Daily Rundown | Atlassian Lifts Tech, A2 Milk Recall Shock & Accent Group All-Time Lows",2026-05-04T08:15:01Z,2026-05-04T08:23:34+00:00,2026-05-04T08:23:34+00:00,fanout_0025,27,preserve_macro_context_but_wrong_store,macro_memory_rehome_candidate_later,macro/strategy context is useful but stored as company memory; rehome only after source review and no live mutation in this lane,medium,HIGH,yes,company_memory.sqlite:memory_entries,market_memory.sqlite:macro_state
101,ATLASSIAN,observed_fact,Australian inflation gauge has cooled from a record peak,active,0.74,youtube_transcript:asx-daily-rundown-atlassian-lifts-tech-a2-milk-recall-shock-accent-group-all-time-lows:88e960386e503796,youtube_transcript,"ASX Daily Rundown | Atlassian Lifts Tech, A2 Milk Recall Shock & Accent Group All-Time Lows",2026-05-04T08:15:01Z,2026-05-04T08:23:34+00:00,2026-05-04T08:23:34+00:00,fanout_0025,27,preserve_macro_context_but_wrong_store,macro_memory_rehome_candidate_later,macro/strategy context is useful but stored as company memory; rehome only after source review and no live mutation in this lane,medium,HIGH,yes,company_memory.sqlite:memory_entries,market_memory.sqlite:macro_state
102,NAB,observed_fact,Australian inflation gauge has cooled from a record peak,active,0.74,youtube_transcript:asx-daily-rundown-atlassian-lifts-tech-a2-milk-recall-shock-accent-group-all-time-lows:88e960386e503796,youtube_transcript,"ASX Daily Rundown | Atlassian Lifts Tech, A2 Milk Recall Shock & Accent Group All-Time Lows",2026-05-04T08:15:01Z,2026-05-04T08:23:34+00:00,2026-05-04T08:23:34+00:00,fanout_0025,27,preserve_macro_context_but_wrong_store,macro_memory_rehome_candidate_later,macro/strategy context is useful but stored as company memory; rehome only after source review and no live mutation in this lane,medium,HIGH,yes,company_memory.sqlite:memory_entries,market_memory.sqlite:macro_state
103,BHP,observed_fact,Australian inflation gauge has cooled from a record peak,active,0.74,youtube_transcript:asx-daily-rundown-atlassian-lifts-tech-a2-milk-recall-shock-accent-group-all-time-lows:88e960386e503796,youtube_transcript,"ASX Daily Rundown | Atlassian Lifts Tech, A2 Milk Recall Shock & Accent Group All-Time Lows",2026-05-04T08:15:01Z,2026-05-04T08:23:34+00:00,2026-05-04T08:23:34+00:00,fanout_0025,27,preserve_macro_context_but_wrong_store,macro_memory_rehome_candidate_later,macro/strategy context is useful but stored as company memory; rehome only after source review and no live mutation in this lane,medium,HIGH,yes,company_memory.sqlite:memory_entries,market_memory.sqlite:macro_state
104,KEY PETROLEUM,observed_fact,Australian inflation gauge has cooled from a record peak,active,0.74,youtube_transcript:asx-daily-rundown-atlassian-lifts-tech-a2-milk-recall-shock-accent-group-all-time-lows:88e960386e503796,youtube_transcript,"ASX Daily Rundown | Atlassian Lifts Tech, A2 Milk Recall Shock & Accent Group All-Time Lows",2026-05-04T08:15:01Z,2026-05-04T08:23:35+00:00,2026-05-04T08:23:35+00:00,fanout_0025,27,preserve_macro_context_but_wrong_store,macro_memory_rehome_candidate_later,macro/strategy context is useful but stored as company memory; rehome only after source review and no live mutation in this lane,medium,HIGH,yes,company_memory.sqlite:memory_entries,market_memory.sqlite:macro_state
105,GCM CORPORATION,observed_fact,Australian inflation gauge has cooled from a record peak,active,0.74,youtube_transcript:asx-daily-rundown-atlassian-lifts-tech-a2-milk-recall-shock-accent-group-all-time-lows:88e960386e503796,youtube_transcript,"ASX Daily Rundown | Atlassian Lifts Tech, A2 Milk Recall Shock & Accent Group All-Time Lows",2026-05-04T08:15:01Z,2026-05-04T08:23:35+00:00,2026-05-04T08:23:35+00:00,fanout_0025,27,preserve_macro_context_but_wrong_store,macro_memory_rehome_candidate_later,macro/strategy context is useful but stored as company memory; rehome only after source review and no live mutation in this lane,medium,HIGH,yes,company_memory.sqlite:memory_entries,market_memory.sqlite:macro_state
106,MARINO AND CO,observed_fact,Australian inflation gauge has cooled from a record peak,active,0.74,youtube_transcript:asx-daily-rundown-atlassian-lifts-tech-a2-milk-recall-shock-accent-group-all-time-lows:88e960386e503796,youtube_transcript,"ASX Daily Rundown | Atlassian Lifts Tech, A2 Milk Recall Shock & Accent Group All-Time Lows",2026-05-04T08:15:01Z,2026-05-04T08:23:35+00:00,2026-05-04T08:23:35+00:00,fanout_0025,27,preserve_macro_context_but_wrong_store,macro_memory_rehome_candidate_later,macro/strategy context is useful but stored as company memory; rehome only after source review and no live mutation in this lane,medium,HIGH,yes,company_memory.sqlite:memory_entries,market_memory.sqlite:macro_state
107,CLARITY,observed_fact,Australian inflation gauge has cooled from a record peak,active,0.74,youtube_transcript:asx-daily-rundown-atlassian-lifts-tech-a2-milk-recall-shock-accent-group-all-time-lows:88e960386e503796,youtube_transcript,"ASX Daily Rundown | Atlassian Lifts Tech, A2 Milk Recall Shock & Accent Group All-Time Lows",2026-05-04T08:15:01Z,2026-05-04T08:23:35+00:00,2026-05-04T08:23:35+00:00,fanout_0025,27,preserve_macro_context_but_wrong_store,macro_memory_rehome_candidate_later,macro/strategy context is useful but stored as company memory; rehome only after source review and no live mutation in this lane,medium,HIGH,yes,company_memory.sqlite:memory_entries,market_memory.sqlite:macro_state
108,WIN MEDALS,observed_fact,Australian inflation gauge has cooled from a record peak,active,0.74,youtube_transcript:asx-daily-rundown-atlassian-lifts-tech-a2-milk-recall-shock-accent-group-all-time-lows:88e960386e503796,youtube_transcript,"ASX Daily Rundown | Atlassian Lifts Tech, A2 Milk Recall Shock & Accent Group All-Time Lows",2026-05-04T08:15:01Z,2026-05-04T08:23:35+00:00,2026-05-04T08:23:35+00:00,fanout_0025,27,preserve_macro_context_but_wrong_store,macro_memory_rehome_candidate_later,macro/strategy context is useful but stored as company memory; rehome only after source review and no live mutation in this lane,medium,HIGH,yes,company_memory.sqlite:memory_entries,market_memory.sqlite:macro_state
109,AXEN GROUP,observed_fact,Australian inflation gauge has cooled from a record peak,active,0.74,youtube_transcript:asx-daily-rundown-atlassian-lifts-tech-a2-milk-recall-shock-accent-group-all-time-lows:88e960386e503796,youtube_transcript,"ASX Daily Rundown | Atlassian Lifts Tech, A2 Milk Recall Shock & Accent Group All-Time Lows",2026-05-04T08:15:01Z,2026-05-04T08:23:35+00:00,2026-05-04T08:23:35+00:00,fanout_0025,27,preserve_macro_context_but_wrong_store,macro_memory_rehome_candidate_later,macro/strategy context is useful but stored as company memory; rehome only after source review and no live mutation in this lane,medium,HIGH,yes,company_memory.sqlite:memory_entries,market_memory.sqlite:macro_state
110,STRICKLAND METALS,observed_fact,Australian inflation gauge has cooled from a record peak,active,0.74,youtube_transcript:asx-daily-rundown-atlassian-lifts-tech-a2-milk-recall-shock-accent-group-all-time-lows:88e960386e503796,youtube_transcript,"ASX Daily Rundown | Atlassian Lifts Tech, A2 Milk Recall Shock & Accent Group All-Time Lows",2026-05-04T08:15:01Z,2026-05-04T08:23:35+00:00,2026-05-04T08:23:35+00:00,fanout_0025,27,preserve_macro_context_but_wrong_store,macro_memory_rehome_candidate_later,macro/strategy context is useful but stored as company memory; rehome only after source review and no live mutation in this lane,medium,HIGH,yes,company_memory.sqlite:memory_entries,market_memory.sqlite:macro_state
111,LION TOWN,observed_fact,Australian inflation gauge has cooled from a record peak,active,0.74,youtube_transcript:asx-daily-rundown-atlassian-lifts-tech-a2-milk-recall-shock-accent-group-all-time-lows:88e960386e503796,youtube_transcript,"ASX Daily Rundown | Atlassian Lifts Tech, A2 Milk Recall Shock & Accent Group All-Time Lows",2026-05-04T08:15:01Z,2026-05-04T08:23:36+00:00,2026-05-04T08:23:36+00:00,fanout_0025,27,preserve_macro_context_but_wrong_store,macro_memory_rehome_candidate_later,macro/strategy context is useful but stored as company memory; rehome only after source review and no live mutation in this lane,medium,HIGH,yes,company_memory.sqlite:memory_entries,market_memory.sqlite:macro_state
112,IMRO,observed_fact,Australian inflation gauge has cooled from a record peak,active,0.74,youtube_transcript:asx-daily-rundown-atlassian-lifts-tech-a2-milk-recall-shock-accent-group-all-time-lows:88e960386e503796,youtube_transcript,"ASX Daily Rundown | Atlassian Lifts Tech, A2 Milk Recall Shock & Accent Group All-Time Lows",2026-05-04T08:15:01Z,2026-05-04T08:23:36+00:00,2026-05-04T08:23:36+00:00,fanout_0025,27,preserve_macro_context_but_wrong_store,macro_memory_rehome_candidate_later,macro/strategy context is useful but stored as company memory; rehome only after source review and no live mutation in this lane,medium,HIGH,yes,company_memory.sqlite:memory_entries,market_memory.sqlite:macro_state
113,PENINSULA,observed_fact,Australian inflation gauge has cooled from a record peak,active,0.74,youtube_transcript:asx-daily-rundown-atlassian-lifts-tech-a2-milk-recall-shock-accent-group-all-time-lows:88e960386e503796,youtube_transcript,"ASX Daily Rundown | Atlassian Lifts Tech, A2 Milk Recall Shock & Accent Group All-Time Lows",2026-05-04T08:15:01Z,2026-05-04T08:23:36+00:00,2026-05-04T08:23:36+00:00,fanout_0025,27,preserve_macro_context_but_wrong_store,macro_memory_rehome_candidate_later,macro/strategy context is useful but stored as company memory; rehome only after source review and no live mutation in this lane,medium,HIGH,yes,company_memory.sqlite:memory_entries,market_memory.sqlite:macro_state
114,BRAIN CHIP,observed_fact,Australian inflation gauge has cooled from a record peak,active,0.74,youtube_transcript:asx-daily-rundown-atlassian-lifts-tech-a2-milk-recall-shock-accent-group-all-time-lows:88e960386e503796,youtube_transcript,"ASX Daily Rundown | Atlassian Lifts Tech, A2 Milk Recall Shock & Accent Group All-Time Lows",2026-05-04T08:15:01Z,2026-05-04T08:23:36+00:00,2026-05-04T08:23:36+00:00,fanout_0025,27,preserve_macro_context_but_wrong_store,macro_memory_rehome_candidate_later,macro/strategy context is useful but stored as company memory; rehome only after source review and no live mutation in this lane,medium,HIGH,yes,company_memory.sqlite:memory_entries,market_memory.sqlite:macro_state
115,VERITUS,observed_fact,Australian inflation gauge has cooled from a record peak,active,0.74,youtube_transcript:asx-daily-rundown-atlassian-lifts-tech-a2-milk-recall-shock-accent-group-all-time-lows:88e960386e503796,youtube_transcript,"ASX Daily Rundown | Atlassian Lifts Tech, A2 Milk Recall Shock & Accent Group All-Time Lows",2026-05-04T08:15:01Z,2026-05-04T08:23:36+00:00,2026-05-04T08:23:36+00:00,fanout_0025,27,preserve_macro_context_but_wrong_store,macro_memory_rehome_candidate_later,macro/strategy context is useful but stored as company memory; rehome only after source review and no live mutation in this lane,medium,HIGH,yes,company_memory.sqlite:memory_entries,market_memory.sqlite:macro_state
116,PETTIMED,observed_fact,Australian inflation gauge has cooled from a record peak,active,0.74,youtube_transcript:asx-daily-rundown-atlassian-lifts-tech-a2-milk-recall-shock-accent-group-all-time-lows:88e960386e503796,youtube_transcript,"ASX Daily Rundown | Atlassian Lifts Tech, A2 Milk Recall Shock & Accent Group All-Time Lows",2026-05-04T08:15:01Z,2026-05-04T08:23:36+00:00,2026-05-04T08:23:36+00:00,fanout_0025,27,preserve_macro_context_but_wrong_store,macro_memory_rehome_candidate_later,macro/strategy context is useful but stored as company memory; rehome only after source review and no live mutation in this lane,medium,HIGH,yes,company_memory.sqlite:memory_entries,market_memory.sqlite:macro_state
117,IMPEDIMED,observed_fact,Australian inflation gauge has cooled from a record peak,active,0.74,youtube_transcript:asx-daily-rundown-atlassian-lifts-tech-a2-milk-recall-shock-accent-group-all-time-lows:88e960386e503796,youtube_transcript,"ASX Daily Rundown | Atlassian Lifts Tech, A2 Milk Recall Shock & Accent Group All-Time Lows",2026-05-04T08:15:01Z,2026-05-04T08:23:36+00:00,2026-05-04T08:23:36+00:00,fanout_0025,27,preserve_macro_context_but_wrong_store,macro_memory_rehome_candidate_later,macro/strategy context is useful but stored as company memory; rehome only after source review and no live mutation in this lane,medium,HIGH,yes,company_memory.sqlite:memory_entries,market_memory.sqlite:macro_state
118,INDE,observed_fact,Australian inflation gauge has cooled from a record peak,active,0.74,youtube_transcript:asx-daily-rundown-atlassian-lifts-tech-a2-milk-recall-shock-accent-group-all-time-lows:88e960386e503796,youtube_transcript,"ASX Daily Rundown | Atlassian Lifts Tech, A2 Milk Recall Shock & Accent Group All-Time Lows",2026-05-04T08:15:01Z,2026-05-04T08:23:36+00:00,2026-05-04T08:23:36+00:00,fanout_0025,27,preserve_macro_context_but_wrong_store,macro_memory_rehome_candidate_later,macro/strategy context is useful but stored as company memory; rehome only after source review and no live mutation in this lane,medium,HIGH,yes,company_memory.sqlite:memory_entries,market_memory.sqlite:macro_state
119,PETT,observed_fact,Australian inflation gauge has cooled from a record peak,active,0.74,youtube_transcript:asx-daily-rundown-atlassian-lifts-tech-a2-milk-recall-shock-accent-group-all-time-lows:88e960386e503796,youtube_transcript,"ASX Daily Rundown | Atlassian Lifts Tech, A2 Milk Recall Shock & Accent Group All-Time Lows",2026-05-04T08:15:01Z,2026-05-04T08:23:37+00:00,2026-05-04T08:23:37+00:00,fanout_0025,27,preserve_macro_context_but_wrong_store,macro_memory_rehome_candidate_later,macro/strategy context is useful but stored as company memory; rehome only after source review and no live mutation in this lane,medium,HIGH,yes,company_memory.sqlite:memory_entries,market_memory.sqlite:macro_state
120,C79,observed_fact,Australian inflation gauge has cooled from a record peak,active,0.74,youtube_transcript:asx-daily-rundown-atlassian-lifts-tech-a2-milk-recall-shock-accent-group-all-time-lows:88e960386e503796,youtube_transcript,"ASX Daily Rundown | Atlassian Lifts Tech, A2 Milk Recall Shock & Accent Group All-Time Lows",2026-05-04T08:15:01Z,2026-05-04T08:23:37+00:00,2026-05-04T08:23:37+00:00,fanout_0025,27,preserve_macro_context_but_wrong_store,macro_memory_rehome_candidate_later,macro/strategy context is useful but stored as company memory; rehome only after source review and no live mutation in this lane,medium,HIGH,yes,company_memory.sqlite:memory_entries,market_memory.sqlite:macro_state
121,A2M,observed_fact,Australian inflation gauge has cooled from a record peak,active,0.74,youtube_transcript:asx-daily-rundown-atlassian-lifts-tech-a2-milk-recall-shock-accent-group-all-time-lows:88e960386e503796,youtube_transcript,"ASX Daily Rundown | Atlassian Lifts Tech, A2 Milk Recall Shock & Accent Group All-Time Lows",2026-05-04T08:15:01Z,2026-05-04T08:23:37+00:00,2026-05-04T08:23:37+00:00,fanout_0025,27,preserve_macro_context_but_wrong_store,macro_memory_rehome_candidate_later,macro/strategy context is useful but stored as company memory; rehome only after source review and no live mutation in this lane,medium,HIGH,yes,company_memory.sqlite:memory_entries,market_memory.sqlite:macro_state
122,ACCENT GROUP,observed_fact,Australian inflation gauge has cooled from a record peak,active,0.74,youtube_transcript:asx-daily-rundown-atlassian-lifts-tech-a2-milk-recall-shock-accent-group-all-time-lows:88e960386e503796,youtube_transcript,"ASX Daily Rundown | Atlassian Lifts Tech, A2 Milk Recall Shock & Accent Group All-Time Lows",2026-05-04T08:15:01Z,2026-05-04T08:23:37+00:00,2026-05-04T08:23:37+00:00,fanout_0025,27,preserve_macro_context_but_wrong_store,macro_memory_rehome_candidate_later,macro/strategy context is useful but stored as company memory; rehome only after source review and no live mutation in this lane,medium,HIGH,yes,company_memory.sqlite:memory_entries,market_memory.sqlite:macro_state
123,ASX,observed_fact,South Korean manufacturing growth is the strongest in four years,active,0.77,youtube_transcript:asx-daily-rundown-atlassian-lifts-tech-a2-milk-recall-shock-accent-group-all-time-lows:88e960386e503796,youtube_transcript,"ASX Daily Rundown | Atlassian Lifts Tech, A2 Milk Recall Shock & Accent Group All-Time Lows",2026-05-04T08:15:01Z,2026-05-04T08:23:37+00:00,2026-05-04T08:23:37+00:00,fanout_0027,27,preserve_macro_context_but_wrong_store,macro_memory_rehome_candidate_later,macro/strategy context is useful but stored as company memory; rehome only after source review and no live mutation in this lane,medium,HIGH,yes,company_memory.sqlite:memory_entries,market_memory.sqlite:macro_state
124,TXT,observed_fact,South Korean manufacturing growth is the strongest in four years,active,0.77,youtube_transcript:asx-daily-rundown-atlassian-lifts-tech-a2-milk-recall-shock-accent-group-all-time-lows:88e960386e503796,youtube_transcript,"ASX Daily Rundown | Atlassian Lifts Tech, A2 Milk Recall Shock & Accent Group All-Time Lows",2026-05-04T08:15:01Z,2026-05-04T08:23:37+00:00,2026-05-04T08:23:37+00:00,fanout_0027,27,preserve_macro_context_but_wrong_store,macro_memory_rehome_candidate_later,macro/strategy context is useful but stored as company memory; rehome only after source review and no live mutation in this lane,medium,HIGH,yes,company_memory.sqlite:memory_entries,market_memory.sqlite:macro_state
125,XTX,observed_fact,South Korean manufacturing growth is the strongest in four years,active,0.77,youtube_transcript:asx-daily-rundown-atlassian-lifts-tech-a2-milk-recall-shock-accent-group-all-time-lows:88e960386e503796,youtube_transcript,"ASX Daily Rundown | Atlassian Lifts Tech, A2 Milk Recall Shock & Accent Group All-Time Lows",2026-05-04T08:15:01Z,2026-05-04T08:23:37+00:00,2026-05-04T08:23:37+00:00,fanout_0027,27,preserve_macro_context_but_wrong_store,macro_memory_rehome_candidate_later,macro/strategy context is useful but stored as company memory; rehome only after source review and no live mutation in this lane,medium,HIGH,yes,company_memory.sqlite:memory_entries,market_memory.sqlite:macro_state
126,A2 MILK,observed_fact,South Korean manufacturing growth is the strongest in four years,active,0.77,youtube_transcript:asx-daily-rundown-atlassian-lifts-tech-a2-milk-recall-shock-accent-group-all-time-lows:88e960386e503796,youtube_transcript,"ASX Daily Rundown | Atlassian Lifts Tech, A2 Milk Recall Shock & Accent Group All-Time Lows",2026-05-04T08:15:01Z,2026-05-04T08:23:37+00:00,2026-05-04T08:23:37+00:00,fanout_0027,27,preserve_macro_context_but_wrong_store,macro_memory_rehome_candidate_later,macro/strategy context is useful but stored as company memory; rehome only after source review and no live mutation in this lane,medium,HIGH,yes,company_memory.sqlite:memory_entries,market_memory.sqlite:macro_state
127,ENDEAVOR GROUP,observed_fact,South Korean manufacturing growth is the strongest in four years,active,0.77,youtube_transcript:asx-daily-rundown-atlassian-lifts-tech-a2-milk-recall-shock-accent-group-all-time-lows:88e960386e503796,youtube_transcript,"ASX Daily Rundown | Atlassian Lifts Tech, A2 Milk Recall Shock & Accent Group All-Time Lows",2026-05-04T08:15:01Z,2026-05-04T08:23:38+00:00,2026-05-04T08:23:38+00:00,fanout_0027,27,preserve_macro_context_but_wrong_store,macro_memory_rehome_candidate_later,macro/strategy context is useful but stored as company memory; rehome only after source review and no live mutation in this lane,medium,HIGH,yes,company_memory.sqlite:memory_entries,market_memory.sqlite:macro_state
128,ATLASSIAN,observed_fact,South Korean manufacturing growth is the strongest in four years,active,0.77,youtube_transcript:asx-daily-rundown-atlassian-lifts-tech-a2-milk-recall-shock-accent-group-all-time-lows:88e960386e503796,youtube_transcript,"ASX Daily Rundown | Atlassian Lifts Tech, A2 Milk Recall Shock & Accent Group All-Time Lows",2026-05-04T08:15:01Z,2026-05-04T08:23:38+00:00,2026-05-04T08:23:38+00:00,fanout_0027,27,preserve_macro_context_but_wrong_store,macro_memory_rehome_candidate_later,macro/strategy context is useful but stored as company memory; rehome only after source review and no live mutation in this lane,medium,HIGH,yes,company_memory.sqlite:memory_entries,market_memory.sqlite:macro_state
129,NAB,observed_fact,South Korean manufacturing growth is the strongest in four years,active,0.77,youtube_transcript:asx-daily-rundown-atlassian-lifts-tech-a2-milk-recall-shock-accent-group-all-time-lows:88e960386e503796,youtube_transcript,"ASX Daily Rundown | Atlassian Lifts Tech, A2 Milk Recall Shock & Accent Group All-Time Lows",2026-05-04T08:15:01Z,2026-05-04T08:23:38+00:00,2026-05-04T08:23:38+00:00,fanout_0027,27,preserve_macro_context_but_wrong_store,macro_memory_rehome_candidate_later,macro/strategy context is useful but stored as company memory; rehome only after source review and no live mutation in this lane,medium,HIGH,yes,company_memory.sqlite:memory_entries,market_memory.sqlite:macro_state
130,BHP,observed_fact,South Korean manufacturing growth is the strongest in four years,active,0.77,youtube_transcript:asx-daily-rundown-atlassian-lifts-tech-a2-milk-recall-shock-accent-group-all-time-lows:88e960386e503796,youtube_transcript,"ASX Daily Rundown | Atlassian Lifts Tech, A2 Milk Recall Shock & Accent Group All-Time Lows",2026-05-04T08:15:01Z,2026-05-04T08:23:38+00:00,2026-05-04T08:23:38+00:00,fanout_0027,27,preserve_macro_context_but_wrong_store,macro_memory_rehome_candidate_later,macro/strategy context is useful but stored as company memory; rehome only after source review and no live mutation in this lane,medium,HIGH,yes,company_memory.sqlite:memory_entries,market_memory.sqlite:macro_state
131,KEY PETROLEUM,observed_fact,South Korean manufacturing growth is the strongest in four years,active,0.77,youtube_transcript:asx-daily-rundown-atlassian-lifts-tech-a2-milk-recall-shock-accent-group-all-time-lows:88e960386e503796,youtube_transcript,"ASX Daily Rundown | Atlassian Lifts Tech, A2 Milk Recall Shock & Accent Group All-Time Lows",2026-05-04T08:15:01Z,2026-05-04T08:23:38+00:00,2026-05-04T08:23:38+00:00,fanout_0027,27,preserve_macro_context_but_wrong_store,macro_memory_rehome_candidate_later,macro/strategy context is useful but stored as company memory; rehome only after source review and no live mutation in this lane,medium,HIGH,yes,company_memory.sqlite:memory_entries,market_memory.sqlite:macro_state
132,GCM CORPORATION,observed_fact,South Korean manufacturing growth is the strongest in four years,active,0.77,youtube_transcript:asx-daily-rundown-atlassian-lifts-tech-a2-milk-recall-shock-accent-group-all-time-lows:88e960386e503796,youtube_transcript,"ASX Daily Rundown | Atlassian Lifts Tech, A2 Milk Recall Shock & Accent Group All-Time Lows",2026-05-04T08:15:01Z,2026-05-04T08:23:39+00:00,2026-05-04T08:23:39+00:00,fanout_0027,27,preserve_macro_context_but_wrong_store,macro_memory_rehome_candidate_later,macro/strategy context is useful but stored as company memory; rehome only after source review and no live mutation in this lane,medium,HIGH,yes,company_memory.sqlite:memory_entries,market_memory.sqlite:macro_state
133,MARINO AND CO,observed_fact,South Korean manufacturing growth is the strongest in four years,active,0.77,youtube_transcript:asx-daily-rundown-atlassian-lifts-tech-a2-milk-recall-shock-accent-group-all-time-lows:88e960386e503796,youtube_transcript,"ASX Daily Rundown | Atlassian Lifts Tech, A2 Milk Recall Shock & Accent Group All-Time Lows",2026-05-04T08:15:01Z,2026-05-04T08:23:39+00:00,2026-05-04T08:23:39+00:00,fanout_0027,27,preserve_macro_context_but_wrong_store,macro_memory_rehome_candidate_later,macro/strategy context is useful but stored as company memory; rehome only after source review and no live mutation in this lane,medium,HIGH,yes,company_memory.sqlite:memory_entries,market_memory.sqlite:macro_state
134,CLARITY,observed_fact,South Korean manufacturing growth is the strongest in four years,active,0.77,youtube_transcript:asx-daily-rundown-atlassian-lifts-tech-a2-milk-recall-shock-accent-group-all-time-lows:88e960386e503796,youtube_transcript,"ASX Daily Rundown | Atlassian Lifts Tech, A2 Milk Recall Shock & Accent Group All-Time Lows",2026-05-04T08:15:01Z,2026-05-04T08:23:39+00:00,2026-05-04T08:23:39+00:00,fanout_0027,27,preserve_macro_context_but_wrong_store,macro_memory_rehome_candidate_later,macro/strategy context is useful but stored as company memory; rehome only after source review and no live mutation in this lane,medium,HIGH,yes,company_memory.sqlite:memory_entries,market_memory.sqlite:macro_state
135,WIN MEDALS,observed_fact,South Korean manufacturing growth is the strongest in four years,active,0.77,youtube_transcript:asx-daily-rundown-atlassian-lifts-tech-a2-milk-recall-shock-accent-group-all-time-lows:88e960386e503796,youtube_transcript,"ASX Daily Rundown | Atlassian Lifts Tech, A2 Milk Recall Shock & Accent Group All-Time Lows",2026-05-04T08:15:01Z,2026-05-04T08:23:39+00:00,2026-05-04T08:23:39+00:00,fanout_0027,27,preserve_macro_context_but_wrong_store,macro_memory_rehome_candidate_later,macro/strategy context is useful but stored as company memory; rehome only after source review and no live mutation in this lane,medium,HIGH,yes,company_memory.sqlite:memory_entries,market_memory.sqlite:macro_state
136,AXEN GROUP,observed_fact,South Korean manufacturing growth is the strongest in four years,active,0.77,youtube_transcript:asx-daily-rundown-atlassian-lifts-tech-a2-milk-recall-shock-accent-group-all-time-lows:88e960386e503796,youtube_transcript,"ASX Daily Rundown | Atlassian Lifts Tech, A2 Milk Recall Shock & Accent Group All-Time Lows",2026-05-04T08:15:01Z,2026-05-04T08:23:39+00:00,2026-05-04T08:23:39+00:00,fanout_0027,27,preserve_macro_context_but_wrong_store,macro_memory_rehome_candidate_later,macro/strategy context is useful but stored as company memory; rehome only after source review and no live mutation in this lane,medium,HIGH,yes,company_memory.sqlite:memory_entries,market_memory.sqlite:macro_state
137,STRICKLAND METALS,observed_fact,South Korean manufacturing growth is the strongest in four years,active,0.77,youtube_transcript:asx-daily-rundown-atlassian-lifts-tech-a2-milk-recall-shock-accent-group-all-time-lows:88e960386e503796,youtube_transcript,"ASX Daily Rundown | Atlassian Lifts Tech, A2 Milk Recall Shock & Accent Group All-Time Lows",2026-05-04T08:15:01Z,2026-05-04T08:23:39+00:00,2026-05-04T08:23:39+00:00,fanout_0027,27,preserve_macro_context_but_wrong_store,macro_memory_rehome_candidate_later,macro/strategy context is useful but stored as company memory; rehome only after source review and no live mutation in this lane,medium,HIGH,yes,company_memory.sqlite:memory_entries,market_memory.sqlite:macro_state
138,LION TOWN,observed_fact,South Korean manufacturing growth is the strongest in four years,active,0.77,youtube_transcript:asx-daily-rundown-atlassian-lifts-tech-a2-milk-recall-shock-accent-group-all-time-lows:88e960386e503796,youtube_transcript,"ASX Daily Rundown | Atlassian Lifts Tech, A2 Milk Recall Shock & Accent Group All-Time Lows",2026-05-04T08:15:01Z,2026-05-04T08:23:39+00:00,2026-05-04T08:23:39+00:00,fanout_0027,27,preserve_macro_context_but_wrong_store,macro_memory_rehome_candidate_later,macro/strategy context is useful but stored as company memory; rehome only after source review and no live mutation in this lane,medium,HIGH,yes,company_memory.sqlite:memory_entries,market_memory.sqlite:macro_state
139,IMRO,observed_fact,South Korean manufacturing growth is the strongest in four years,active,0.77,youtube_transcript:asx-daily-rundown-atlassian-lifts-tech-a2-milk-recall-shock-accent-group-all-time-lows:88e960386e503796,youtube_transcript,"ASX Daily Rundown | Atlassian Lifts Tech, A2 Milk Recall Shock & Accent Group All-Time Lows",2026-05-04T08:15:01Z,2026-05-04T08:23:39+00:00,2026-05-04T08:23:39+00:00,fanout_0027,27,preserve_macro_context_but_wrong_store,macro_memory_rehome_candidate_later,macro/strategy context is useful but stored as company memory; rehome only after source review and no live mutation in this lane,medium,HIGH,yes,company_memory.sqlite:memory_entries,market_memory.sqlite:macro_state
140,PENINSULA,observed_fact,South Korean manufacturing growth is the strongest in four years,active,0.77,youtube_transcript:asx-daily-rundown-atlassian-lifts-tech-a2-milk-recall-shock-accent-group-all-time-lows:88e960386e503796,youtube_transcript,"ASX Daily Rundown | Atlassian Lifts Tech, A2 Milk Recall Shock & Accent Group All-Time Lows",2026-05-04T08:15:01Z,2026-05-04T08:23:39+00:00,2026-05-04T08:23:39+00:00,fanout_0027,27,preserve_macro_context_but_wrong_store,macro_memory_rehome_candidate_later,macro/strategy context is useful but stored as company memory; rehome only after source review and no live mutation in this lane,medium,HIGH,yes,company_memory.sqlite:memory_entries,market_memory.sqlite:macro_state
141,BRAIN CHIP,observed_fact,South Korean manufacturing growth is the strongest in four years,active,0.77,youtube_transcript:asx-daily-rundown-atlassian-lifts-tech-a2-milk-recall-shock-accent-group-all-time-lows:88e960386e503796,youtube_transcript,"ASX Daily Rundown | Atlassian Lifts Tech, A2 Milk Recall Shock & Accent Group All-Time Lows",2026-05-04T08:15:01Z,2026-05-04T08:23:39+00:00,2026-05-04T08:23:39+00:00,fanout_0027,27,preserve_macro_context_but_wrong_store,macro_memory_rehome_candidate_later,macro/strategy context is useful but stored as company memory; rehome only after source review and no live mutation in this lane,medium,HIGH,yes,company_memory.sqlite:memory_entries,market_memory.sqlite:macro_state
142,VERITUS,observed_fact,South Korean manufacturing growth is the strongest in four years,active,0.77,youtube_transcript:asx-daily-rundown-atlassian-lifts-tech-a2-milk-recall-shock-accent-group-all-time-lows:88e960386e503796,youtube_transcript,"ASX Daily Rundown | Atlassian Lifts Tech, A2 Milk Recall Shock & Accent Group All-Time Lows",2026-05-04T08:15:01Z,2026-05-04T08:23:40+00:00,2026-05-04T08:23:40+00:00,fanout_0027,27,preserve_macro_context_but_wrong_store,macro_memory_rehome_candidate_later,macro/strategy context is useful but stored as company memory; rehome only after source review and no live mutation in this lane,medium,HIGH,yes,company_memory.sqlite:memory_entries,market_memory.sqlite:macro_state
143,PETTIMED,observed_fact,South Korean manufacturing growth is the strongest in four years,active,0.77,youtube_transcript:asx-daily-rundown-atlassian-lifts-tech-a2-milk-recall-shock-accent-group-all-time-lows:88e960386e503796,youtube_transcript,"ASX Daily Rundown | Atlassian Lifts Tech, A2 Milk Recall Shock & Accent Group All-Time Lows",2026-05-04T08:15:01Z,2026-05-04T08:23:40+00:00,2026-05-04T08:23:40+00:00,fanout_0027,27,preserve_macro_context_but_wrong_store,macro_memory_rehome_candidate_later,macro/strategy context is useful but stored as company memory; rehome only after source review and no live mutation in this lane,medium,HIGH,yes,company_memory.sqlite:memory_entries,market_memory.sqlite:macro_state
144,IMPEDIMED,observed_fact,South Korean manufacturing growth is the strongest in four years,active,0.77,youtube_transcript:asx-daily-rundown-atlassian-lifts-tech-a2-milk-recall-shock-accent-group-all-time-lows:88e960386e503796,youtube_transcript,"ASX Daily Rundown | Atlassian Lifts Tech, A2 Milk Recall Shock & Accent Group All-Time Lows",2026-05-04T08:15:01Z,2026-05-04T08:23:41+00:00,2026-05-04T08:23:41+00:00,fanout_0027,27,preserve_macro_context_but_wrong_store,macro_memory_rehome_candidate_later,macro/strategy context is useful but stored as company memory; rehome only after source review and no live mutation in this lane,medium,HIGH,yes,company_memory.sqlite:memory_entries,market_memory.sqlite:macro_state
145,INDE,observed_fact,South Korean manufacturing growth is the strongest in four years,active,0.77,youtube_transcript:asx-daily-rundown-atlassian-lifts-tech-a2-milk-recall-shock-accent-group-all-time-lows:88e960386e503796,youtube_transcript,"ASX Daily Rundown | Atlassian Lifts Tech, A2 Milk Recall Shock & Accent Group All-Time Lows",2026-05-04T08:15:01Z,2026-05-04T08:23:41+00:00,2026-05-04T08:23:41+00:00,fanout_0027,27,preserve_macro_context_but_wrong_store,macro_memory_rehome_candidate_later,macro/strategy context is useful but stored as company memory; rehome only after source review and no live mutation in this lane,medium,HIGH,yes,company_memory.sqlite:memory_entries,market_memory.sqlite:macro_state
146,PETT,observed_fact,South Korean manufacturing growth is the strongest in four years,active,0.77,youtube_transcript:asx-daily-rundown-atlassian-lifts-tech-a2-milk-recall-shock-accent-group-all-time-lows:88e960386e503796,youtube_transcript,"ASX Daily Rundown | Atlassian Lifts Tech, A2 Milk Recall Shock & Accent Group All-Time Lows",2026-05-04T08:15:01Z,2026-05-04T08:23:41+00:00,2026-05-04T08:23:41+00:00,fanout_0027,27,preserve_macro_context_but_wrong_store,macro_memory_rehome_candidate_later,macro/strategy context is useful but stored as company memory; rehome only after source review and no live mutation in this lane,medium,HIGH,yes,company_memory.sqlite:memory_entries,market_memory.sqlite:macro_state
147,C79,observed_fact,South Korean manufacturing growth is the strongest in four years,active,0.77,youtube_transcript:asx-daily-rundown-atlassian-lifts-tech-a2-milk-recall-shock-accent-group-all-time-lows:88e960386e503796,youtube_transcript,"ASX Daily Rundown | Atlassian Lifts Tech, A2 Milk Recall Shock & Accent Group All-Time Lows",2026-05-04T08:15:01Z,2026-05-04T08:23:41+00:00,2026-05-04T08:23:41+00:00,fanout_0027,27,preserve_macro_context_but_wrong_store,macro_memory_rehome_candidate_later,macro/strategy context is useful but stored as company memory; rehome only after source review and no live mutation in this lane,medium,HIGH,yes,company_memory.sqlite:memory_entries,market_memory.sqlite:macro_state
148,A2M,observed_fact,South Korean manufacturing growth is the strongest in four years,active,0.77,youtube_transcript:asx-daily-rundown-atlassian-lifts-tech-a2-milk-recall-shock-accent-group-all-time-lows:88e960386e503796,youtube_transcript,"ASX Daily Rundown | Atlassian Lifts Tech, A2 Milk Recall Shock & Accent Group All-Time Lows",2026-05-04T08:15:01Z,2026-05-04T08:23:41+00:00,2026-05-04T08:23:41+00:00,fanout_0027,27,preserve_macro_context_but_wrong_store,macro_memory_rehome_candidate_later,macro/strategy context is useful but stored as company memory; rehome only after source review and no live mutation in this lane,medium,HIGH,yes,company_memory.sqlite:memory_entries,market_memory.sqlite:macro_state
149,ACCENT GROUP,observed_fact,South Korean manufacturing growth is the strongest in four years,active,0.77,youtube_transcript:asx-daily-rundown-atlassian-lifts-tech-a2-milk-recall-shock-accent-group-all-time-lows:88e960386e503796,youtube_transcript,"ASX Daily Rundown | Atlassian Lifts Tech, A2 Milk Recall Shock & Accent Group All-Time Lows",2026-05-04T08:15:01Z,2026-05-04T08:23:41+00:00,2026-05-04T08:23:41+00:00,fanout_0027,27,preserve_macro_context_but_wrong_store,macro_memory_rehome_candidate_later,macro/strategy context is useful but stored as company memory; rehome only after source review and no live mutation in this lane,medium,HIGH,yes,company_memory.sqlite:memory_entries,market_memory.sqlite:macro_state
420,ASX,catalyst,Tech strength in the market,active,0.68,youtube_transcript:asx-daily-rundown-atlassian-lifts-tech-a2-milk-recall-shock-accent-group-all-time-lows:88e960386e503796,youtube_transcript,"ASX Daily Rundown | Atlassian Lifts Tech, A2 Milk Recall Shock & Accent Group All-Time Lows",2026-05-04T08:15:01Z,2026-05-04T08:24:23+00:00,2026-05-04T08:24:23+00:00,fanout_0029,27,preserve_market_context_but_wrong_store,market_memory_rehome_candidate_later,market/sector context is useful but stored as company memory; rehome only after source review and no live mutation in this lane,medium,HIGH,yes,company_memory.sqlite:memory_entries,market_memory.sqlite:sector_states
421,TXT,catalyst,Tech strength in the market,active,0.68,youtube_transcript:asx-daily-rundown-atlassian-lifts-tech-a2-milk-recall-shock-accent-group-all-time-lows:88e960386e503796,youtube_transcript,"ASX Daily Rundown | Atlassian Lifts Tech, A2 Milk Recall Shock & Accent Group All-Time Lows",2026-05-04T08:15:01Z,2026-05-04T08:24:23+00:00,2026-05-04T08:24:23+00:00,fanout_0029,27,preserve_market_context_but_wrong_store,market_memory_rehome_candidate_later,market/sector context is useful but stored as company memory; rehome only after source review and no live mutation in this lane,medium,HIGH,yes,company_memory.sqlite:memory_entries,market_memory.sqlite:sector_states
422,XTX,catalyst,Tech strength in the market,active,0.68,youtube_transcript:asx-daily-rundown-atlassian-lifts-tech-a2-milk-recall-shock-accent-group-all-time-lows:88e960386e503796,youtube_transcript,"ASX Daily Rundown | Atlassian Lifts Tech, A2 Milk Recall Shock & Accent Group All-Time Lows",2026-05-04T08:15:01Z,2026-05-04T08:24:24+00:00,2026-05-04T08:24:24+00:00,fanout_0029,27,preserve_market_context_but_wrong_store,market_memory_rehome_candidate_later,market/sector context is useful but stored as company memory; rehome only after source review and no live mutation in this lane,medium,HIGH,yes,company_memory.sqlite:memory_entries,market_memory.sqlite:sector_states
423,A2 MILK,catalyst,Tech strength in the market,active,0.68,youtube_transcript:asx-daily-rundown-atlassian-lifts-tech-a2-milk-recall-shock-accent-group-all-time-lows:88e960386e503796,youtube_transcript,"ASX Daily Rundown | Atlassian Lifts Tech, A2 Milk Recall Shock & Accent Group All-Time Lows",2026-05-04T08:15:01Z,2026-05-04T08:24:24+00:00,2026-05-04T08:24:24+00:00,fanout_0029,27,preserve_market_context_but_wrong_store,market_memory_rehome_candidate_later,market/sector context is useful but stored as company memory; rehome only after source review and no live mutation in this lane,medium,HIGH,yes,company_memory.sqlite:memory_entries,market_memory.sqlite:sector_states
424,ENDEAVOR GROUP,catalyst,Tech strength in the market,active,0.68,youtube_transcript:asx-daily-rundown-atlassian-lifts-tech-a2-milk-recall-shock-accent-group-all-time-lows:88e960386e503796,youtube_transcript,"ASX Daily Rundown | Atlassian Lifts Tech, A2 Milk Recall Shock & Accent Group All-Time Lows",2026-05-04T08:15:01Z,2026-05-04T08:24:24+00:00,2026-05-04T08:24:24+00:00,fanout_0029,27,preserve_market_context_but_wrong_store,market_memory_rehome_candidate_later,market/sector context is useful but stored as company memory; rehome only after source review and no live mutation in this lane,medium,HIGH,yes,company_memory.sqlite:memory_entries,market_memory.sqlite:sector_states
425,ATLASSIAN,catalyst,Tech strength in the market,active,0.68,youtube_transcript:asx-daily-rundown-atlassian-lifts-tech-a2-milk-recall-shock-accent-group-all-time-lows:88e960386e503796,youtube_transcript,"ASX Daily Rundown | Atlassian Lifts Tech, A2 Milk Recall Shock & Accent Group All-Time Lows",2026-05-04T08:15:01Z,2026-05-04T08:24:24+00:00,2026-05-04T08:24:24+00:00,fanout_0029,27,preserve_market_context_but_wrong_store,market_memory_rehome_candidate_later,market/sector context is useful but stored as company memory; rehome only after source review and no live mutation in this lane,medium,HIGH,yes,company_memory.sqlite:memory_entries,market_memory.sqlite:sector_states
426,NAB,catalyst,Tech strength in the market,active,0.68,youtube_transcript:asx-daily-rundown-atlassian-lifts-tech-a2-milk-recall-shock-accent-group-all-time-lows:88e960386e503796,youtube_transcript,"ASX Daily Rundown | Atlassian Lifts Tech, A2 Milk Recall Shock & Accent Group All-Time Lows",2026-05-04T08:15:01Z,2026-05-04T08:24:24+00:00,2026-05-04T08:24:24+00:00,fanout_0029,27,preserve_market_context_but_wrong_store,market_memory_rehome_candidate_later,market/sector context is useful but stored as company memory; rehome only after source review and no live mutation in this lane,medium,HIGH,yes,company_memory.sqlite:memory_entries,market_memory.sqlite:sector_states
427,BHP,catalyst,Tech strength in the market,active,0.68,youtube_transcript:asx-daily-rundown-atlassian-lifts-tech-a2-milk-recall-shock-accent-group-all-time-lows:88e960386e503796,youtube_transcript,"ASX Daily Rundown | Atlassian Lifts Tech, A2 Milk Recall Shock & Accent Group All-Time Lows",2026-05-04T08:15:01Z,2026-05-04T08:24:24+00:00,2026-05-04T08:24:24+00:00,fanout_0029,27,preserve_market_context_but_wrong_store,market_memory_rehome_candidate_later,market/sector context is useful but stored as company memory; rehome only after source review and no live mutation in this lane,medium,HIGH,yes,company_memory.sqlite:memory_entries,market_memory.sqlite:sector_states
428,KEY PETROLEUM,catalyst,Tech strength in the market,active,0.68,youtube_transcript:asx-daily-rundown-atlassian-lifts-tech-a2-milk-recall-shock-accent-group-all-time-lows:88e960386e503796,youtube_transcript,"ASX Daily Rundown | Atlassian Lifts Tech, A2 Milk Recall Shock & Accent Group All-Time Lows",2026-05-04T08:15:01Z,2026-05-04T08:24:24+00:00,2026-05-04T08:24:24+00:00,fanout_0029,27,preserve_market_context_but_wrong_store,market_memory_rehome_candidate_later,market/sector context is useful but stored as company memory; rehome only after source review and no live mutation in this lane,medium,HIGH,yes,company_memory.sqlite:memory_entries,market_memory.sqlite:sector_states
429,GCM CORPORATION,catalyst,Tech strength in the market,active,0.68,youtube_transcript:asx-daily-rundown-atlassian-lifts-tech-a2-milk-recall-shock-accent-group-all-time-lows:88e960386e503796,youtube_transcript,"ASX Daily Rundown | Atlassian Lifts Tech, A2 Milk Recall Shock & Accent Group All-Time Lows",2026-05-04T08:15:01Z,2026-05-04T08:24:24+00:00,2026-05-04T08:24:24+00:00,fanout_0029,27,preserve_market_context_but_wrong_store,market_memory_rehome_candidate_later,market/sector context is useful but stored as company memory; rehome only after source review and no live mutation in this lane,medium,HIGH,yes,company_memory.sqlite:memory_entries,market_memory.sqlite:sector_states
430,MARINO AND CO,catalyst,Tech strength in the market,active,0.68,youtube_transcript:asx-daily-rundown-atlassian-lifts-tech-a2-milk-recall-shock-accent-group-all-time-lows:88e960386e503796,youtube_transcript,"ASX Daily Rundown | Atlassian Lifts Tech, A2 Milk Recall Shock & Accent Group All-Time Lows",2026-05-04T08:15:01Z,2026-05-04T08:24:24+00:00,2026-05-04T08:24:24+00:00,fanout_0029,27,preserve_market_context_but_wrong_store,market_memory_rehome_candidate_later,market/sector context is useful but stored as company memory; rehome only after source review and no live mutation in this lane,medium,HIGH,yes,company_memory.sqlite:memory_entries,market_memory.sqlite:sector_states
431,CLARITY,catalyst,Tech strength in the market,active,0.68,youtube_transcript:asx-daily-rundown-atlassian-lifts-tech-a2-milk-recall-shock-accent-group-all-time-lows:88e960386e503796,youtube_transcript,"ASX Daily Rundown | Atlassian Lifts Tech, A2 Milk Recall Shock & Accent Group All-Time Lows",2026-05-04T08:15:01Z,2026-05-04T08:24:24+00:00,2026-05-04T08:24:24+00:00,fanout_0029,27,preserve_market_context_but_wrong_store,market_memory_rehome_candidate_later,market/sector context is useful but stored as company memory; rehome only after source review and no live mutation in this lane,medium,HIGH,yes,company_memory.sqlite:memory_entries,market_memory.sqlite:sector_states
432,WIN MEDALS,catalyst,Tech strength in the market,active,0.68,youtube_transcript:asx-daily-rundown-atlassian-lifts-tech-a2-milk-recall-shock-accent-group-all-time-lows:88e960386e503796,youtube_transcript,"ASX Daily Rundown | Atlassian Lifts Tech, A2 Milk Recall Shock & Accent Group All-Time Lows",2026-05-04T08:15:01Z,2026-05-04T08:24:25+00:00,2026-05-04T08:24:25+00:00,fanout_0029,27,preserve_market_context_but_wrong_store,market_memory_rehome_candidate_later,market/sector context is useful but stored as company memory; rehome only after source review and no live mutation in this lane,medium,HIGH,yes,company_memory.sqlite:memory_entries,market_memory.sqlite:sector_states
433,AXEN GROUP,catalyst,Tech strength in the market,active,0.68,youtube_transcript:asx-daily-rundown-atlassian-lifts-tech-a2-milk-recall-shock-accent-group-all-time-lows:88e960386e503796,youtube_transcript,"ASX Daily Rundown | Atlassian Lifts Tech, A2 Milk Recall Shock & Accent Group All-Time Lows",2026-05-04T08:15:01Z,2026-05-04T08:24:25+00:00,2026-05-04T08:24:25+00:00,fanout_0029,27,preserve_market_context_but_wrong_store,market_memory_rehome_candidate_later,market/sector context is useful but stored as company memory; rehome only after source review and no live mutation in this lane,medium,HIGH,yes,company_memory.sqlite:memory_entries,market_memory.sqlite:sector_states
434,STRICKLAND METALS,catalyst,Tech strength in the market,active,0.68,youtube_transcript:asx-daily-rundown-atlassian-lifts-tech-a2-milk-recall-shock-accent-group-all-time-lows:88e960386e503796,youtube_transcript,"ASX Daily Rundown | Atlassian Lifts Tech, A2 Milk Recall Shock & Accent Group All-Time Lows",2026-05-04T08:15:01Z,2026-05-04T08:24:25+00:00,2026-05-04T08:24:25+00:00,fanout_0029,27,preserve_market_context_but_wrong_store,market_memory_rehome_candidate_later,market/sector context is useful but stored as company memory; rehome only after source review and no live mutation in this lane,medium,HIGH,yes,company_memory.sqlite:memory_entries,market_memory.sqlite:sector_states
435,LION TOWN,catalyst,Tech strength in the market,active,0.68,youtube_transcript:asx-daily-rundown-atlassian-lifts-tech-a2-milk-recall-shock-accent-group-all-time-lows:88e960386e503796,youtube_transcript,"ASX Daily Rundown | Atlassian Lifts Tech, A2 Milk Recall Shock & Accent Group All-Time Lows",2026-05-04T08:15:01Z,2026-05-04T08:24:26+00:00,2026-05-04T08:24:26+00:00,fanout_0029,27,preserve_market_context_but_wrong_store,market_memory_rehome_candidate_later,market/sector context is useful but stored as company memory; rehome only after source review and no live mutation in this lane,medium,HIGH,yes,company_memory.sqlite:memory_entries,market_memory.sqlite:sector_states
436,IMRO,catalyst,Tech strength in the market,active,0.68,youtube_transcript:asx-daily-rundown-atlassian-lifts-tech-a2-milk-recall-shock-accent-group-all-time-lows:88e960386e503796,youtube_transcript,"ASX Daily Rundown | Atlassian Lifts Tech, A2 Milk Recall Shock & Accent Group All-Time Lows",2026-05-04T08:15:01Z,2026-05-04T08:24:26+00:00,2026-05-04T08:24:26+00:00,fanout_0029,27,preserve_market_context_but_wrong_store,market_memory_rehome_candidate_later,market/sector context is useful but stored as company memory; rehome only after source review and no live mutation in this lane,medium,HIGH,yes,company_memory.sqlite:memory_entries,market_memory.sqlite:sector_states
437,PENINSULA,catalyst,Tech strength in the market,active,0.68,youtube_transcript:asx-daily-rundown-atlassian-lifts-tech-a2-milk-recall-shock-accent-group-all-time-lows:88e960386e503796,youtube_transcript,"ASX Daily Rundown | Atlassian Lifts Tech, A2 Milk Recall Shock & Accent Group All-Time Lows",2026-05-04T08:15:01Z,2026-05-04T08:24:26+00:00,2026-05-04T08:24:26+00:00,fanout_0029,27,preserve_market_context_but_wrong_store,market_memory_rehome_candidate_later,market/sector context is useful but stored as company memory; rehome only after source review and no live mutation in this lane,medium,HIGH,yes,company_memory.sqlite:memory_entries,market_memory.sqlite:sector_states
438,BRAIN CHIP,catalyst,Tech strength in the market,active,0.68,youtube_transcript:asx-daily-rundown-atlassian-lifts-tech-a2-milk-recall-shock-accent-group-all-time-lows:88e960386e503796,youtube_transcript,"ASX Daily Rundown | Atlassian Lifts Tech, A2 Milk Recall Shock & Accent Group All-Time Lows",2026-05-04T08:15:01Z,2026-05-04T08:24:26+00:00,2026-05-04T08:24:26+00:00,fanout_0029,27,preserve_market_context_but_wrong_store,market_memory_rehome_candidate_later,market/sector context is useful but stored as company memory; rehome only after source review and no live mutation in this lane,medium,HIGH,yes,company_memory.sqlite:memory_entries,market_memory.sqlite:sector_states
439,VERITUS,catalyst,Tech strength in the market,active,0.68,youtube_transcript:asx-daily-rundown-atlassian-lifts-tech-a2-milk-recall-shock-accent-group-all-time-lows:88e960386e503796,youtube_transcript,"ASX Daily Rundown | Atlassian Lifts Tech, A2 Milk Recall Shock & Accent Group All-Time Lows",2026-05-04T08:15:01Z,2026-05-04T08:24:26+00:00,2026-05-04T08:24:26+00:00,fanout_0029,27,preserve_market_context_but_wrong_store,market_memory_rehome_candidate_later,market/sector context is useful but stored as company memory; rehome only after source review and no live mutation in this lane,medium,HIGH,yes,company_memory.sqlite:memory_entries,market_memory.sqlite:sector_states
440,PETTIMED,catalyst,Tech strength in the market,active,0.68,youtube_transcript:asx-daily-rundown-atlassian-lifts-tech-a2-milk-recall-shock-accent-group-all-time-lows:88e960386e503796,youtube_transcript,"ASX Daily Rundown | Atlassian Lifts Tech, A2 Milk Recall Shock & Accent Group All-Time Lows",2026-05-04T08:15:01Z,2026-05-04T08:24:26+00:00,2026-05-04T08:24:26+00:00,fanout_0029,27,preserve_market_context_but_wrong_store,market_memory_rehome_candidate_later,market/sector context is useful but stored as company memory; rehome only after source review and no live mutation in this lane,medium,HIGH,yes,company_memory.sqlite:memory_entries,market_memory.sqlite:sector_states
441,IMPEDIMED,catalyst,Tech strength in the market,active,0.68,youtube_transcript:asx-daily-rundown-atlassian-lifts-tech-a2-milk-recall-shock-accent-group-all-time-lows:88e960386e503796,youtube_transcript,"ASX Daily Rundown | Atlassian Lifts Tech, A2 Milk Recall Shock & Accent Group All-Time Lows",2026-05-04T08:15:01Z,2026-05-04T08:24:26+00:00,2026-05-04T08:24:26+00:00,fanout_0029,27,preserve_market_context_but_wrong_store,market_memory_rehome_candidate_later,market/sector context is useful but stored as company memory; rehome only after source review and no live mutation in this lane,medium,HIGH,yes,company_memory.sqlite:memory_entries,market_memory.sqlite:sector_states
442,INDE,catalyst,Tech strength in the market,active,0.68,youtube_transcript:asx-daily-rundown-atlassian-lifts-tech-a2-milk-recall-shock-accent-group-all-time-lows:88e960386e503796,youtube_transcript,"ASX Daily Rundown | Atlassian Lifts Tech, A2 Milk Recall Shock & Accent Group All-Time Lows",2026-05-04T08:15:01Z,2026-05-04T08:24:26+00:00,2026-05-04T08:24:26+00:00,fanout_0029,27,preserve_market_context_but_wrong_store,market_memory_rehome_candidate_later,market/sector context is useful but stored as company memory; rehome only after source review and no live mutation in this lane,medium,HIGH,yes,company_memory.sqlite:memory_entries,market_memory.sqlite:sector_states
443,PETT,catalyst,Tech strength in the market,active,0.68,youtube_transcript:asx-daily-rundown-atlassian-lifts-tech-a2-milk-recall-shock-accent-group-all-time-lows:88e960386e503796,youtube_transcript,"ASX Daily Rundown | Atlassian Lifts Tech, A2 Milk Recall Shock & Accent Group All-Time Lows",2026-05-04T08:15:01Z,2026-05-04T08:24:27+00:00,2026-05-04T08:24:27+00:00,fanout_0029,27,preserve_market_context_but_wrong_store,market_memory_rehome_candidate_later,market/sector context is useful but stored as company memory; rehome only after source review and no live mutation in this lane,medium,HIGH,yes,company_memory.sqlite:memory_entries,market_memory.sqlite:sector_states
444,C79,catalyst,Tech strength in the market,active,0.68,youtube_transcript:asx-daily-rundown-atlassian-lifts-tech-a2-milk-recall-shock-accent-group-all-time-lows:88e960386e503796,youtube_transcript,"ASX Daily Rundown | Atlassian Lifts Tech, A2 Milk Recall Shock & Accent Group All-Time Lows",2026-05-04T08:15:01Z,2026-05-04T08:24:27+00:00,2026-05-04T08:24:27+00:00,fanout_0029,27,preserve_market_context_but_wrong_store,market_memory_rehome_candidate_later,market/sector context is useful but stored as company memory; rehome only after source review and no live mutation in this lane,medium,HIGH,yes,company_memory.sqlite:memory_entries,market_memory.sqlite:sector_states
445,A2M,catalyst,Tech strength in the market,active,0.68,youtube_transcript:asx-daily-rundown-atlassian-lifts-tech-a2-milk-recall-shock-accent-group-all-time-lows:88e960386e503796,youtube_transcript,"ASX Daily Rundown | Atlassian Lifts Tech, A2 Milk Recall Shock & Accent Group All-Time Lows",2026-05-04T08:15:01Z,2026-05-04T08:24:27+00:00,2026-05-04T08:24:27+00:00,fanout_0029,27,preserve_market_context_but_wrong_store,market_memory_rehome_candidate_later,market/sector context is useful but stored as company memory; rehome only after source review and no live mutation in this lane,medium,HIGH,yes,company_memory.sqlite:memory_entries,market_memory.sqlite:sector_states
446,ACCENT GROUP,catalyst,Tech strength in the market,active,0.68,youtube_transcript:asx-daily-rundown-atlassian-lifts-tech-a2-milk-recall-shock-accent-group-all-time-lows:88e960386e503796,youtube_transcript,"ASX Daily Rundown | Atlassian Lifts Tech, A2 Milk Recall Shock & Accent Group All-Time Lows",2026-05-04T08:15:01Z,2026-05-04T08:24:27+00:00,2026-05-04T08:24:27+00:00,fanout_0029,27,preserve_market_context_but_wrong_store,market_memory_rehome_candidate_later,market/sector context is useful but stored as company memory; rehome only after source review and no live mutation in this lane,medium,HIGH,yes,company_memory.sqlite:memory_entries,market_memory.sqlite:sector_states
683,ASX,observed_fact,Tech had a good day on the ASX despite a not-so-good day for the overall market,active,0.77,youtube_transcript:asx-daily-rundown-atlassian-lifts-tech-a2-milk-recall-shock-accent-group-all-time-lows:88e960386e503796,youtube_transcript,"ASX Daily Rundown | Atlassian Lifts Tech, A2 Milk Recall Shock & Accent Group All-Time Lows",2026-05-04T08:15:01Z,2026-05-04T08:25:10+00:00,2026-05-04T08:25:10+00:00,fanout_0033,26,preserve_market_context_but_wrong_store,market_memory_rehome_candidate_later,market/sector context is useful but stored as company memory; rehome only after source review and no live mutation in this lane,medium,HIGH,yes,company_memory.sqlite:memory_entries,market_memory.sqlite:sector_states
684,TXT,observed_fact,Tech had a good day on the ASX despite a not-so-good day for the overall market,active,0.77,youtube_transcript:asx-daily-rundown-atlassian-lifts-tech-a2-milk-recall-shock-accent-group-all-time-lows:88e960386e503796,youtube_transcript,"ASX Daily Rundown | Atlassian Lifts Tech, A2 Milk Recall Shock & Accent Group All-Time Lows",2026-05-04T08:15:01Z,2026-05-04T08:25:10+00:00,2026-05-04T08:25:10+00:00,fanout_0033,26,preserve_market_context_but_wrong_store,market_memory_rehome_candidate_later,market/sector context is useful but stored as company memory; rehome only after source review and no live mutation in this lane,medium,HIGH,yes,company_memory.sqlite:memory_entries,market_memory.sqlite:sector_states
685,XTX,observed_fact,Tech had a good day on the ASX despite a not-so-good day for the overall market,active,0.77,youtube_transcript:asx-daily-rundown-atlassian-lifts-tech-a2-milk-recall-shock-accent-group-all-time-lows:88e960386e503796,youtube_transcript,"ASX Daily Rundown | Atlassian Lifts Tech, A2 Milk Recall Shock & Accent Group All-Time Lows",2026-05-04T08:15:01Z,2026-05-04T08:25:10+00:00,2026-05-04T08:25:10+00:00,fanout_0033,26,preserve_market_context_but_wrong_store,market_memory_rehome_candidate_later,market/sector context is useful but stored as company memory; rehome only after source review and no live mutation in this lane,medium,HIGH,yes,company_memory.sqlite:memory_entries,market_memory.sqlite:sector_states
686,A2M,observed_fact,Tech had a good day on the ASX despite a not-so-good day for the overall market,active,0.77,youtube_transcript:asx-daily-rundown-atlassian-lifts-tech-a2-milk-recall-shock-accent-group-all-time-lows:88e960386e503796,youtube_transcript,"ASX Daily Rundown | Atlassian Lifts Tech, A2 Milk Recall Shock & Accent Group All-Time Lows",2026-05-04T08:15:01Z,2026-05-04T08:25:10+00:00,2026-05-04T08:25:10+00:00,fanout_0033,26,preserve_market_context_but_wrong_store,market_memory_rehome_candidate_later,market/sector context is useful but stored as company memory; rehome only after source review and no live mutation in this lane,medium,HIGH,yes,company_memory.sqlite:memory_entries,market_memory.sqlite:sector_states
687,END,observed_fact,Tech had a good day on the ASX despite a not-so-good day for the overall market,active,0.77,youtube_transcript:asx-daily-rundown-atlassian-lifts-tech-a2-milk-recall-shock-accent-group-all-time-lows:88e960386e503796,youtube_transcript,"ASX Daily Rundown | Atlassian Lifts Tech, A2 Milk Recall Shock & Accent Group All-Time Lows",2026-05-04T08:15:01Z,2026-05-04T08:25:10+00:00,2026-05-04T08:25:10+00:00,fanout_0033,26,preserve_market_context_but_wrong_store,market_memory_rehome_candidate_later,market/sector context is useful but stored as company memory; rehome only after source review and no live mutation in this lane,medium,HIGH,yes,company_memory.sqlite:memory_entries,market_memory.sqlite:sector_states
688,COH,observed_fact,Tech had a good day on the ASX despite a not-so-good day for the overall market,active,0.77,youtube_transcript:asx-daily-rundown-atlassian-lifts-tech-a2-milk-recall-shock-accent-group-all-time-lows:88e960386e503796,youtube_transcript,"ASX Daily Rundown | Atlassian Lifts Tech, A2 Milk Recall Shock & Accent Group All-Time Lows",2026-05-04T08:15:01Z,2026-05-04T08:25:10+00:00,2026-05-04T08:25:10+00:00,fanout_0033,26,preserve_market_context_but_wrong_store,market_memory_rehome_candidate_later,market/sector context is useful but stored as company memory; rehome only after source review and no live mutation in this lane,medium,HIGH,yes,company_memory.sqlite:memory_entries,market_memory.sqlite:sector_states
689,WES,observed_fact,Tech had a good day on the ASX despite a not-so-good day for the overall market,active,0.77,youtube_transcript:asx-daily-rundown-atlassian-lifts-tech-a2-milk-recall-shock-accent-group-all-time-lows:88e960386e503796,youtube_transcript,"ASX Daily Rundown | Atlassian Lifts Tech, A2 Milk Recall Shock & Accent Group All-Time Lows",2026-05-04T08:15:01Z,2026-05-04T08:25:10+00:00,2026-05-04T08:25:10+00:00,fanout_0033,26,preserve_market_context_but_wrong_store,market_memory_rehome_candidate_later,market/sector context is useful but stored as company memory; rehome only after source review and no live mutation in this lane,medium,HIGH,yes,company_memory.sqlite:memory_entries,market_memory.sqlite:sector_states
690,BHP,observed_fact,Tech had a good day on the ASX despite a not-so-good day for the overall market,active,0.77,youtube_transcript:asx-daily-rundown-atlassian-lifts-tech-a2-milk-recall-shock-accent-group-all-time-lows:88e960386e503796,youtube_transcript,"ASX Daily Rundown | Atlassian Lifts Tech, A2 Milk Recall Shock & Accent Group All-Time Lows",2026-05-04T08:15:01Z,2026-05-04T08:25:10+00:00,2026-05-04T08:25:10+00:00,fanout_0033,26,preserve_market_context_but_wrong_store,market_memory_rehome_candidate_later,market/sector context is useful but stored as company memory; rehome only after source review and no live mutation in this lane,medium,HIGH,yes,company_memory.sqlite:memory_entries,market_memory.sqlite:sector_states
691,NAB,observed_fact,Tech had a good day on the ASX despite a not-so-good day for the overall market,active,0.77,youtube_transcript:asx-daily-rundown-atlassian-lifts-tech-a2-milk-recall-shock-accent-group-all-time-lows:88e960386e503796,youtube_transcript,"ASX Daily Rundown | Atlassian Lifts Tech, A2 Milk Recall Shock & Accent Group All-Time Lows",2026-05-04T08:15:01Z,2026-05-04T08:25:10+00:00,2026-05-04T08:25:10+00:00,fanout_0033,26,preserve_market_context_but_wrong_store,market_memory_rehome_candidate_later,market/sector context is useful but stored as company memory; rehome only after source review and no live mutation in this lane,medium,HIGH,yes,company_memory.sqlite:memory_entries,market_memory.sqlite:sector_states
692,WBC,observed_fact,Tech had a good day on the ASX despite a not-so-good day for the overall market,active,0.77,youtube_transcript:asx-daily-rundown-atlassian-lifts-tech-a2-milk-recall-shock-accent-group-all-time-lows:88e960386e503796,youtube_transcript,"ASX Daily Rundown | Atlassian Lifts Tech, A2 Milk Recall Shock & Accent Group All-Time Lows",2026-05-04T08:15:01Z,2026-05-04T08:25:10+00:00,2026-05-04T08:25:10+00:00,fanout_0033,26,preserve_market_context_but_wrong_store,market_memory_rehome_candidate_later,market/sector context is useful but stored as company memory; rehome only after source review and no live mutation in this lane,medium,HIGH,yes,company_memory.sqlite:memory_entries,market_memory.sqlite:sector_states
693,KEY,observed_fact,Tech had a good day on the ASX despite a not-so-good day for the overall market,active,0.77,youtube_transcript:asx-daily-rundown-atlassian-lifts-tech-a2-milk-recall-shock-accent-group-all-time-lows:88e960386e503796,youtube_transcript,"ASX Daily Rundown | Atlassian Lifts Tech, A2 Milk Recall Shock & Accent Group All-Time Lows",2026-05-04T08:15:01Z,2026-05-04T08:25:10+00:00,2026-05-04T08:25:10+00:00,fanout_0033,26,preserve_market_context_but_wrong_store,market_memory_rehome_candidate_later,market/sector context is useful but stored as company memory; rehome only after source review and no live mutation in this lane,medium,HIGH,yes,company_memory.sqlite:memory_entries,market_memory.sqlite:sector_states
694,GCM,observed_fact,Tech had a good day on the ASX despite a not-so-good day for the overall market,active,0.77,youtube_transcript:asx-daily-rundown-atlassian-lifts-tech-a2-milk-recall-shock-accent-group-all-time-lows:88e960386e503796,youtube_transcript,"ASX Daily Rundown | Atlassian Lifts Tech, A2 Milk Recall Shock & Accent Group All-Time Lows",2026-05-04T08:15:01Z,2026-05-04T08:25:10+00:00,2026-05-04T08:25:10+00:00,fanout_0033,26,preserve_market_context_but_wrong_store,market_memory_rehome_candidate_later,market/sector context is useful but stored as company memory; rehome only after source review and no live mutation in this lane,medium,HIGH,yes,company_memory.sqlite:memory_entries,market_memory.sqlite:sector_states
695,MAR,observed_fact,Tech had a good day on the ASX despite a not-so-good day for the overall market,active,0.77,youtube_transcript:asx-daily-rundown-atlassian-lifts-tech-a2-milk-recall-shock-accent-group-all-time-lows:88e960386e503796,youtube_transcript,"ASX Daily Rundown | Atlassian Lifts Tech, A2 Milk Recall Shock & Accent Group All-Time Lows",2026-05-04T08:15:01Z,2026-05-04T08:25:10+00:00,2026-05-04T08:25:10+00:00,fanout_0033,26,preserve_market_context_but_wrong_store,market_memory_rehome_candidate_later,market/sector context is useful but stored as company memory; rehome only after source review and no live mutation in this lane,medium,HIGH,yes,company_memory.sqlite:memory_entries,market_memory.sqlite:sector_states
696,CLT,observed_fact,Tech had a good day on the ASX despite a not-so-good day for the overall market,active,0.77,youtube_transcript:asx-daily-rundown-atlassian-lifts-tech-a2-milk-recall-shock-accent-group-all-time-lows:88e960386e503796,youtube_transcript,"ASX Daily Rundown | Atlassian Lifts Tech, A2 Milk Recall Shock & Accent Group All-Time Lows",2026-05-04T08:15:01Z,2026-05-04T08:25:11+00:00,2026-05-04T08:25:11+00:00,fanout_0033,26,preserve_market_context_but_wrong_store,market_memory_rehome_candidate_later,market/sector context is useful but stored as company memory; rehome only after source review and no live mutation in this lane,medium,HIGH,yes,company_memory.sqlite:memory_entries,market_memory.sqlite:sector_states
697,WIN,observed_fact,Tech had a good day on the ASX despite a not-so-good day for the overall market,active,0.77,youtube_transcript:asx-daily-rundown-atlassian-lifts-tech-a2-milk-recall-shock-accent-group-all-time-lows:88e960386e503796,youtube_transcript,"ASX Daily Rundown | Atlassian Lifts Tech, A2 Milk Recall Shock & Accent Group All-Time Lows",2026-05-04T08:15:01Z,2026-05-04T08:25:11+00:00,2026-05-04T08:25:11+00:00,fanout_0033,26,preserve_market_context_but_wrong_store,market_memory_rehome_candidate_later,market/sector context is useful but stored as company memory; rehome only after source review and no live mutation in this lane,medium,HIGH,yes,company_memory.sqlite:memory_entries,market_memory.sqlite:sector_states
698,SKT,observed_fact,Tech had a good day on the ASX despite a not-so-good day for the overall market,active,0.77,youtube_transcript:asx-daily-rundown-atlassian-lifts-tech-a2-milk-recall-shock-accent-group-all-time-lows:88e960386e503796,youtube_transcript,"ASX Daily Rundown | Atlassian Lifts Tech, A2 Milk Recall Shock & Accent Group All-Time Lows",2026-05-04T08:15:01Z,2026-05-04T08:25:11+00:00,2026-05-04T08:25:11+00:00,fanout_0033,26,preserve_market_context_but_wrong_store,market_memory_rehome_candidate_later,market/sector context is useful but stored as company memory; rehome only after source review and no live mutation in this lane,medium,HIGH,yes,company_memory.sqlite:memory_entries,market_memory.sqlite:sector_states
699,VCE,observed_fact,Tech had a good day on the ASX despite a not-so-good day for the overall market,active,0.77,youtube_transcript:asx-daily-rundown-atlassian-lifts-tech-a2-milk-recall-shock-accent-group-all-time-lows:88e960386e503796,youtube_transcript,"ASX Daily Rundown | Atlassian Lifts Tech, A2 Milk Recall Shock & Accent Group All-Time Lows",2026-05-04T08:15:01Z,2026-05-04T08:25:11+00:00,2026-05-04T08:25:11+00:00,fanout_0033,26,preserve_market_context_but_wrong_store,market_memory_rehome_candidate_later,market/sector context is useful but stored as company memory; rehome only after source review and no live mutation in this lane,medium,HIGH,yes,company_memory.sqlite:memory_entries,market_memory.sqlite:sector_states
700,SNW,observed_fact,Tech had a good day on the ASX despite a not-so-good day for the overall market,active,0.77,youtube_transcript:asx-daily-rundown-atlassian-lifts-tech-a2-milk-recall-shock-accent-group-all-time-lows:88e960386e503796,youtube_transcript,"ASX Daily Rundown | Atlassian Lifts Tech, A2 Milk Recall Shock & Accent Group All-Time Lows",2026-05-04T08:15:01Z,2026-05-04T08:25:11+00:00,2026-05-04T08:25:11+00:00,fanout_0033,26,preserve_market_context_but_wrong_store,market_memory_rehome_candidate_later,market/sector context is useful but stored as company memory; rehome only after source review and no live mutation in this lane,medium,HIGH,yes,company_memory.sqlite:memory_entries,market_memory.sqlite:sector_states
701,LON,observed_fact,Tech had a good day on the ASX despite a not-so-good day for the overall market,active,0.77,youtube_transcript:asx-daily-rundown-atlassian-lifts-tech-a2-milk-recall-shock-accent-group-all-time-lows:88e960386e503796,youtube_transcript,"ASX Daily Rundown | Atlassian Lifts Tech, A2 Milk Recall Shock & Accent Group All-Time Lows",2026-05-04T08:15:01Z,2026-05-04T08:25:11+00:00,2026-05-04T08:25:11+00:00,fanout_0033,26,preserve_market_context_but_wrong_store,market_memory_rehome_candidate_later,market/sector context is useful but stored as company memory; rehome only after source review and no live mutation in this lane,medium,HIGH,yes,company_memory.sqlite:memory_entries,market_memory.sqlite:sector_states
702,PET,observed_fact,Tech had a good day on the ASX despite a not-so-good day for the overall market,active,0.77,youtube_transcript:asx-daily-rundown-atlassian-lifts-tech-a2-milk-recall-shock-accent-group-all-time-lows:88e960386e503796,youtube_transcript,"ASX Daily Rundown | Atlassian Lifts Tech, A2 Milk Recall Shock & Accent Group All-Time Lows",2026-05-04T08:15:01Z,2026-05-04T08:25:11+00:00,2026-05-04T08:25:11+00:00,fanout_0033,26,preserve_market_context_but_wrong_store,market_memory_rehome_candidate_later,market/sector context is useful but stored as company memory; rehome only after source review and no live mutation in this lane,medium,HIGH,yes,company_memory.sqlite:memory_entries,market_memory.sqlite:sector_states
703,STK,observed_fact,Tech had a good day on the ASX despite a not-so-good day for the overall market,active,0.77,youtube_transcript:asx-daily-rundown-atlassian-lifts-tech-a2-milk-recall-shock-accent-group-all-time-lows:88e960386e503796,youtube_transcript,"ASX Daily Rundown | Atlassian Lifts Tech, A2 Milk Recall Shock & Accent Group All-Time Lows",2026-05-04T08:15:01Z,2026-05-04T08:25:11+00:00,2026-05-04T08:25:11+00:00,fanout_0033,26,preserve_market_context_but_wrong_store,market_memory_rehome_candidate_later,market/sector context is useful but stored as company memory; rehome only after source review and no live mutation in this lane,medium,HIGH,yes,company_memory.sqlite:memory_entries,market_memory.sqlite:sector_states
704,INDE,observed_fact,Tech had a good day on the ASX despite a not-so-good day for the overall market,active,0.77,youtube_transcript:asx-daily-rundown-atlassian-lifts-tech-a2-milk-recall-shock-accent-group-all-time-lows:88e960386e503796,youtube_transcript,"ASX Daily Rundown | Atlassian Lifts Tech, A2 Milk Recall Shock & Accent Group All-Time Lows",2026-05-04T08:15:01Z,2026-05-04T08:25:11+00:00,2026-05-04T08:25:11+00:00,fanout_0033,26,preserve_market_context_but_wrong_store,market_memory_rehome_candidate_later,market/sector context is useful but stored as company memory; rehome only after source review and no live mutation in this lane,medium,HIGH,yes,company_memory.sqlite:memory_entries,market_memory.sqlite:sector_states
705,PETT,observed_fact,Tech had a good day on the ASX despite a not-so-good day for the overall market,active,0.77,youtube_transcript:asx-daily-rundown-atlassian-lifts-tech-a2-milk-recall-shock-accent-group-all-time-lows:88e960386e503796,youtube_transcript,"ASX Daily Rundown | Atlassian Lifts Tech, A2 Milk Recall Shock & Accent Group All-Time Lows",2026-05-04T08:15:01Z,2026-05-04T08:25:11+00:00,2026-05-04T08:25:11+00:00,fanout_0033,26,preserve_market_context_but_wrong_store,market_memory_rehome_candidate_later,market/sector context is useful but stored as company memory; rehome only after source review and no live mutation in this lane,medium,HIGH,yes,company_memory.sqlite:memory_entries,market_memory.sqlite:sector_states
706,C79,observed_fact,Tech had a good day on the ASX despite a not-so-good day for the overall market,active,0.77,youtube_transcript:asx-daily-rundown-atlassian-lifts-tech-a2-milk-recall-shock-accent-group-all-time-lows:88e960386e503796,youtube_transcript,"ASX Daily Rundown | Atlassian Lifts Tech, A2 Milk Recall Shock & Accent Group All-Time Lows",2026-05-04T08:15:01Z,2026-05-04T08:25:11+00:00,2026-05-04T08:25:11+00:00,fanout_0033,26,preserve_market_context_but_wrong_store,market_memory_rehome_candidate_later,market/sector context is useful but stored as company memory; rehome only after source review and no live mutation in this lane,medium,HIGH,yes,company_memory.sqlite:memory_entries,market_memory.sqlite:sector_states
707,A2 MILK,observed_fact,Tech had a good day on the ASX despite a not-so-good day for the overall market,active,0.77,youtube_transcript:asx-daily-rundown-atlassian-lifts-tech-a2-milk-recall-shock-accent-group-all-time-lows:88e960386e503796,youtube_transcript,"ASX Daily Rundown | Atlassian Lifts Tech, A2 Milk Recall Shock & Accent Group All-Time Lows",2026-05-04T08:15:01Z,2026-05-04T08:25:11+00:00,2026-05-04T08:25:11+00:00,fanout_0033,26,preserve_market_context_but_wrong_store,market_memory_rehome_candidate_later,market/sector context is useful but stored as company memory; rehome only after source review and no live mutation in this lane,medium,HIGH,yes,company_memory.sqlite:memory_entries,market_memory.sqlite:sector_states
708,ACCENT GROUP,observed_fact,Tech had a good day on the ASX despite a not-so-good day for the overall market,active,0.77,youtube_transcript:asx-daily-rundown-atlassian-lifts-tech-a2-milk-recall-shock-accent-group-all-time-lows:88e960386e503796,youtube_transcript,"ASX Daily Rundown | Atlassian Lifts Tech, A2 Milk Recall Shock & Accent Group All-Time Lows",2026-05-04T08:15:01Z,2026-05-04T08:25:11+00:00,2026-05-04T08:25:11+00:00,fanout_0033,26,preserve_market_context_but_wrong_store,market_memory_rehome_candidate_later,market/sector context is useful but stored as company memory; rehome only after source review and no live mutation in this lane,medium,HIGH,yes,company_memory.sqlite:memory_entries,market_memory.sqlite:sector_states
912,ASX,catalyst,Tech strength leading to a rally in Asian stocks,active,0.72,youtube_transcript:asx-daily-rundown-atlassian-lifts-tech-a2-milk-recall-shock-accent-group-all-time-lows:88e960386e503796,youtube_transcript,"ASX Daily Rundown | Atlassian Lifts Tech, A2 Milk Recall Shock & Accent Group All-Time Lows",2026-05-04T08:15:01Z,2026-05-04T08:26:04+00:00,2026-05-04T08:26:04+00:00,fanout_0034,26,preserve_macro_context_but_wrong_store,macro_memory_rehome_candidate_later,macro/strategy context is useful but stored as company memory; rehome only after source review and no live mutation in this lane,medium,HIGH,yes,company_memory.sqlite:memory_entries,market_memory.sqlite:macro_state
913,TXT,catalyst,Tech strength leading to a rally in Asian stocks,active,0.72,youtube_transcript:asx-daily-rundown-atlassian-lifts-tech-a2-milk-recall-shock-accent-group-all-time-lows:88e960386e503796,youtube_transcript,"ASX Daily Rundown | Atlassian Lifts Tech, A2 Milk Recall Shock & Accent Group All-Time Lows",2026-05-04T08:15:01Z,2026-05-04T08:26:04+00:00,2026-05-04T08:26:04+00:00,fanout_0034,26,preserve_macro_context_but_wrong_store,macro_memory_rehome_candidate_later,macro/strategy context is useful but stored as company memory; rehome only after source review and no live mutation in this lane,medium,HIGH,yes,company_memory.sqlite:memory_entries,market_memory.sqlite:macro_state
914,XTX,catalyst,Tech strength leading to a rally in Asian stocks,active,0.72,youtube_transcript:asx-daily-rundown-atlassian-lifts-tech-a2-milk-recall-shock-accent-group-all-time-lows:88e960386e503796,youtube_transcript,"ASX Daily Rundown | Atlassian Lifts Tech, A2 Milk Recall Shock & Accent Group All-Time Lows",2026-05-04T08:15:01Z,2026-05-04T08:26:04+00:00,2026-05-04T08:26:04+00:00,fanout_0034,26,preserve_macro_context_but_wrong_store,macro_memory_rehome_candidate_later,macro/strategy context is useful but stored as company memory; rehome only after source review and no live mutation in this lane,medium,HIGH,yes,company_memory.sqlite:memory_entries,market_memory.sqlite:macro_state
915,A2M,catalyst,Tech strength leading to a rally in Asian stocks,active,0.72,youtube_transcript:asx-daily-rundown-atlassian-lifts-tech-a2-milk-recall-shock-accent-group-all-time-lows:88e960386e503796,youtube_transcript,"ASX Daily Rundown | Atlassian Lifts Tech, A2 Milk Recall Shock & Accent Group All-Time Lows",2026-05-04T08:15:01Z,2026-05-04T08:26:04+00:00,2026-05-04T08:26:04+00:00,fanout_0034,26,preserve_macro_context_but_wrong_store,macro_memory_rehome_candidate_later,macro/strategy context is useful but stored as company memory; rehome only after source review and no live mutation in this lane,medium,HIGH,yes,company_memory.sqlite:memory_entries,market_memory.sqlite:macro_state
916,END,catalyst,Tech strength leading to a rally in Asian stocks,active,0.72,youtube_transcript:asx-daily-rundown-atlassian-lifts-tech-a2-milk-recall-shock-accent-group-all-time-lows:88e960386e503796,youtube_transcript,"ASX Daily Rundown | Atlassian Lifts Tech, A2 Milk Recall Shock & Accent Group All-Time Lows",2026-05-04T08:15:01Z,2026-05-04T08:26:05+00:00,2026-05-04T08:26:05+00:00,fanout_0034,26,preserve_macro_context_but_wrong_store,macro_memory_rehome_candidate_later,macro/strategy context is useful but stored as company memory; rehome only after source review and no live mutation in this lane,medium,HIGH,yes,company_memory.sqlite:memory_entries,market_memory.sqlite:macro_state
917,COH,catalyst,Tech strength leading to a rally in Asian stocks,active,0.72,youtube_transcript:asx-daily-rundown-atlassian-lifts-tech-a2-milk-recall-shock-accent-group-all-time-lows:88e960386e503796,youtube_transcript,"ASX Daily Rundown | Atlassian Lifts Tech, A2 Milk Recall Shock & Accent Group All-Time Lows",2026-05-04T08:15:01Z,2026-05-04T08:26:05+00:00,2026-05-04T08:26:05+00:00,fanout_0034,26,preserve_macro_context_but_wrong_store,macro_memory_rehome_candidate_later,macro/strategy context is useful but stored as company memory; rehome only after source review and no live mutation in this lane,medium,HIGH,yes,company_memory.sqlite:memory_entries,market_memory.sqlite:macro_state
918,WES,catalyst,Tech strength leading to a rally in Asian stocks,active,0.72,youtube_transcript:asx-daily-rundown-atlassian-lifts-tech-a2-milk-recall-shock-accent-group-all-time-lows:88e960386e503796,youtube_transcript,"ASX Daily Rundown | Atlassian Lifts Tech, A2 Milk Recall Shock & Accent Group All-Time Lows",2026-05-04T08:15:01Z,2026-05-04T08:26:05+00:00,2026-05-04T08:26:05+00:00,fanout_0034,26,preserve_macro_context_but_wrong_store,macro_memory_rehome_candidate_later,macro/strategy context is useful but stored as company memory; rehome only after source review and no live mutation in this lane,medium,HIGH,yes,company_memory.sqlite:memory_entries,market_memory.sqlite:macro_state
919,BHP,catalyst,Tech strength leading to a rally in Asian stocks,active,0.72,youtube_transcript:asx-daily-rundown-atlassian-lifts-tech-a2-milk-recall-shock-accent-group-all-time-lows:88e960386e503796,youtube_transcript,"ASX Daily Rundown | Atlassian Lifts Tech, A2 Milk Recall Shock & Accent Group All-Time Lows",2026-05-04T08:15:01Z,2026-05-04T08:26:06+00:00,2026-05-04T08:26:06+00:00,fanout_0034,26,preserve_macro_context_but_wrong_store,macro_memory_rehome_candidate_later,macro/strategy context is useful but stored as company memory; rehome only after source review and no live mutation in this lane,medium,HIGH,yes,company_memory.sqlite:memory_entries,market_memory.sqlite:macro_state
920,NAB,catalyst,Tech strength leading to a rally in Asian stocks,active,0.72,youtube_transcript:asx-daily-rundown-atlassian-lifts-tech-a2-milk-recall-shock-accent-group-all-time-lows:88e960386e503796,youtube_transcript,"ASX Daily Rundown | Atlassian Lifts Tech, A2 Milk Recall Shock & Accent Group All-Time Lows",2026-05-04T08:15:01Z,2026-05-04T08:26:06+00:00,2026-05-04T08:26:06+00:00,fanout_0034,26,preserve_macro_context_but_wrong_store,macro_memory_rehome_candidate_later,macro/strategy context is useful but stored as company memory; rehome only after source review and no live mutation in this lane,medium,HIGH,yes,company_memory.sqlite:memory_entries,market_memory.sqlite:macro_state
921,WBC,catalyst,Tech strength leading to a rally in Asian stocks,active,0.72,youtube_transcript:asx-daily-rundown-atlassian-lifts-tech-a2-milk-recall-shock-accent-group-all-time-lows:88e960386e503796,youtube_transcript,"ASX Daily Rundown | Atlassian Lifts Tech, A2 Milk Recall Shock & Accent Group All-Time Lows",2026-05-04T08:15:01Z,2026-05-04T08:26:06+00:00,2026-05-04T08:26:06+00:00,fanout_0034,26,preserve_macro_context_but_wrong_store,macro_memory_rehome_candidate_later,macro/strategy context is useful but stored as company memory; rehome only after source review and no live mutation in this lane,medium,HIGH,yes,company_memory.sqlite:memory_entries,market_memory.sqlite:macro_state
922,KEY,catalyst,Tech strength leading to a rally in Asian stocks,active,0.72,youtube_transcript:asx-daily-rundown-atlassian-lifts-tech-a2-milk-recall-shock-accent-group-all-time-lows:88e960386e503796,youtube_transcript,"ASX Daily Rundown | Atlassian Lifts Tech, A2 Milk Recall Shock & Accent Group All-Time Lows",2026-05-04T08:15:01Z,2026-05-04T08:26:06+00:00,2026-05-04T08:26:06+00:00,fanout_0034,26,preserve_macro_context_but_wrong_store,macro_memory_rehome_candidate_later,macro/strategy context is useful but stored as company memory; rehome only after source review and no live mutation in this lane,medium,HIGH,yes,company_memory.sqlite:memory_entries,market_memory.sqlite:macro_state
923,GCM,catalyst,Tech strength leading to a rally in Asian stocks,active,0.72,youtube_transcript:asx-daily-rundown-atlassian-lifts-tech-a2-milk-recall-shock-accent-group-all-time-lows:88e960386e503796,youtube_transcript,"ASX Daily Rundown | Atlassian Lifts Tech, A2 Milk Recall Shock & Accent Group All-Time Lows",2026-05-04T08:15:01Z,2026-05-04T08:26:06+00:00,2026-05-04T08:26:06+00:00,fanout_0034,26,preserve_macro_context_but_wrong_store,macro_memory_rehome_candidate_later,macro/strategy context is useful but stored as company memory; rehome only after source review and no live mutation in this lane,medium,HIGH,yes,company_memory.sqlite:memory_entries,market_memory.sqlite:macro_state
924,MAR,catalyst,Tech strength leading to a rally in Asian stocks,active,0.72,youtube_transcript:asx-daily-rundown-atlassian-lifts-tech-a2-milk-recall-shock-accent-group-all-time-lows:88e960386e503796,youtube_transcript,"ASX Daily Rundown | Atlassian Lifts Tech, A2 Milk Recall Shock & Accent Group All-Time Lows",2026-05-04T08:15:01Z,2026-05-04T08:26:06+00:00,2026-05-04T08:26:06+00:00,fanout_0034,26,preserve_macro_context_but_wrong_store,macro_memory_rehome_candidate_later,macro/strategy context is useful but stored as company memory; rehome only after source review and no live mutation in this lane,medium,HIGH,yes,company_memory.sqlite:memory_entries,market_memory.sqlite:macro_state
925,CLT,catalyst,Tech strength leading to a rally in Asian stocks,active,0.72,youtube_transcript:asx-daily-rundown-atlassian-lifts-tech-a2-milk-recall-shock-accent-group-all-time-lows:88e960386e503796,youtube_transcript,"ASX Daily Rundown | Atlassian Lifts Tech, A2 Milk Recall Shock & Accent Group All-Time Lows",2026-05-04T08:15:01Z,2026-05-04T08:26:07+00:00,2026-05-04T08:26:07+00:00,fanout_0034,26,preserve_macro_context_but_wrong_store,macro_memory_rehome_candidate_later,macro/strategy context is useful but stored as company memory; rehome only after source review and no live mutation in this lane,medium,HIGH,yes,company_memory.sqlite:memory_entries,market_memory.sqlite:macro_state
926,WIN,catalyst,Tech strength leading to a rally in Asian stocks,active,0.72,youtube_transcript:asx-daily-rundown-atlassian-lifts-tech-a2-milk-recall-shock-accent-group-all-time-lows:88e960386e503796,youtube_transcript,"ASX Daily Rundown | Atlassian Lifts Tech, A2 Milk Recall Shock & Accent Group All-Time Lows",2026-05-04T08:15:01Z,2026-05-04T08:26:07+00:00,2026-05-04T08:26:07+00:00,fanout_0034,26,preserve_macro_context_but_wrong_store,macro_memory_rehome_candidate_later,macro/strategy context is useful but stored as company memory; rehome only after source review and no live mutation in this lane,medium,HIGH,yes,company_memory.sqlite:memory_entries,market_memory.sqlite:macro_state
927,SKT,catalyst,Tech strength leading to a rally in Asian stocks,active,0.72,youtube_transcript:asx-daily-rundown-atlassian-lifts-tech-a2-milk-recall-shock-accent-group-all-time-lows:88e960386e503796,youtube_transcript,"ASX Daily Rundown | Atlassian Lifts Tech, A2 Milk Recall Shock & Accent Group All-Time Lows",2026-05-04T08:15:01Z,2026-05-04T08:26:07+00:00,2026-05-04T08:26:07+00:00,fanout_0034,26,preserve_macro_context_but_wrong_store,macro_memory_rehome_candidate_later,macro/strategy context is useful but stored as company memory; rehome only after source review and no live mutation in this lane,medium,HIGH,yes,company_memory.sqlite:memory_entries,market_memory.sqlite:macro_state
928,VCE,catalyst,Tech strength leading to a rally in Asian stocks,active,0.72,youtube_transcript:asx-daily-rundown-atlassian-lifts-tech-a2-milk-recall-shock-accent-group-all-time-lows:88e960386e503796,youtube_transcript,"ASX Daily Rundown | Atlassian Lifts Tech, A2 Milk Recall Shock & Accent Group All-Time Lows",2026-05-04T08:15:01Z,2026-05-04T08:26:07+00:00,2026-05-04T08:26:07+00:00,fanout_0034,26,preserve_macro_context_but_wrong_store,macro_memory_rehome_candidate_later,macro/strategy context is useful but stored as company memory; rehome only after source review and no live mutation in this lane,medium,HIGH,yes,company_memory.sqlite:memory_entries,market_memory.sqlite:macro_state
929,SNW,catalyst,Tech strength leading to a rally in Asian stocks,active,0.72,youtube_transcript:asx-daily-rundown-atlassian-lifts-tech-a2-milk-recall-shock-accent-group-all-time-lows:88e960386e503796,youtube_transcript,"ASX Daily Rundown | Atlassian Lifts Tech, A2 Milk Recall Shock & Accent Group All-Time Lows",2026-05-04T08:15:01Z,2026-05-04T08:26:07+00:00,2026-05-04T08:26:07+00:00,fanout_0034,26,preserve_macro_context_but_wrong_store,macro_memory_rehome_candidate_later,macro/strategy context is useful but stored as company memory; rehome only after source review and no live mutation in this lane,medium,HIGH,yes,company_memory.sqlite:memory_entries,market_memory.sqlite:macro_state
930,LON,catalyst,Tech strength leading to a rally in Asian stocks,active,0.72,youtube_transcript:asx-daily-rundown-atlassian-lifts-tech-a2-milk-recall-shock-accent-group-all-time-lows:88e960386e503796,youtube_transcript,"ASX Daily Rundown | Atlassian Lifts Tech, A2 Milk Recall Shock & Accent Group All-Time Lows",2026-05-04T08:15:01Z,2026-05-04T08:26:07+00:00,2026-05-04T08:26:07+00:00,fanout_0034,26,preserve_macro_context_but_wrong_store,macro_memory_rehome_candidate_later,macro/strategy context is useful but stored as company memory; rehome only after source review and no live mutation in this lane,medium,HIGH,yes,company_memory.sqlite:memory_entries,market_memory.sqlite:macro_state
931,PET,catalyst,Tech strength leading to a rally in Asian stocks,active,0.72,youtube_transcript:asx-daily-rundown-atlassian-lifts-tech-a2-milk-recall-shock-accent-group-all-time-lows:88e960386e503796,youtube_transcript,"ASX Daily Rundown | Atlassian Lifts Tech, A2 Milk Recall Shock & Accent Group All-Time Lows",2026-05-04T08:15:01Z,2026-05-04T08:26:08+00:00,2026-05-04T08:26:08+00:00,fanout_0034,26,preserve_macro_context_but_wrong_store,macro_memory_rehome_candidate_later,macro/strategy context is useful but stored as company memory; rehome only after source review and no live mutation in this lane,medium,HIGH,yes,company_memory.sqlite:memory_entries,market_memory.sqlite:macro_state
932,STK,catalyst,Tech strength leading to a rally in Asian stocks,active,0.72,youtube_transcript:asx-daily-rundown-atlassian-lifts-tech-a2-milk-recall-shock-accent-group-all-time-lows:88e960386e503796,youtube_transcript,"ASX Daily Rundown | Atlassian Lifts Tech, A2 Milk Recall Shock & Accent Group All-Time Lows",2026-05-04T08:15:01Z,2026-05-04T08:26:08+00:00,2026-05-04T08:26:08+00:00,fanout_0034,26,preserve_macro_context_but_wrong_store,macro_memory_rehome_candidate_later,macro/strategy context is useful but stored as company memory; rehome only after source review and no live mutation in this lane,medium,HIGH,yes,company_memory.sqlite:memory_entries,market_memory.sqlite:macro_state
933,INDE,catalyst,Tech strength leading to a rally in Asian stocks,active,0.72,youtube_transcript:asx-daily-rundown-atlassian-lifts-tech-a2-milk-recall-shock-accent-group-all-time-lows:88e960386e503796,youtube_transcript,"ASX Daily Rundown | Atlassian Lifts Tech, A2 Milk Recall Shock & Accent Group All-Time Lows",2026-05-04T08:15:01Z,2026-05-04T08:26:08+00:00,2026-05-04T08:26:08+00:00,fanout_0034,26,preserve_macro_context_but_wrong_store,macro_memory_rehome_candidate_later,macro/strategy context is useful but stored as company memory; rehome only after source review and no live mutation in this lane,medium,HIGH,yes,company_memory.sqlite:memory_entries,market_memory.sqlite:macro_state
934,PETT,catalyst,Tech strength leading to a rally in Asian stocks,active,0.72,youtube_transcript:asx-daily-rundown-atlassian-lifts-tech-a2-milk-recall-shock-accent-group-all-time-lows:88e960386e503796,youtube_transcript,"ASX Daily Rundown | Atlassian Lifts Tech, A2 Milk Recall Shock & Accent Group All-Time Lows",2026-05-04T08:15:01Z,2026-05-04T08:26:09+00:00,2026-05-04T08:26:09+00:00,fanout_0034,26,preserve_macro_context_but_wrong_store,macro_memory_rehome_candidate_later,macro/strategy context is useful but stored as company memory; rehome only after source review and no live mutation in this lane,medium,HIGH,yes,company_memory.sqlite:memory_entries,market_memory.sqlite:macro_state
935,C79,catalyst,Tech strength leading to a rally in Asian stocks,active,0.72,youtube_transcript:asx-daily-rundown-atlassian-lifts-tech-a2-milk-recall-shock-accent-group-all-time-lows:88e960386e503796,youtube_transcript,"ASX Daily Rundown | Atlassian Lifts Tech, A2 Milk Recall Shock & Accent Group All-Time Lows",2026-05-04T08:15:01Z,2026-05-04T08:26:09+00:00,2026-05-04T08:26:09+00:00,fanout_0034,26,preserve_macro_context_but_wrong_store,macro_memory_rehome_candidate_later,macro/strategy context is useful but stored as company memory; rehome only after source review and no live mutation in this lane,medium,HIGH,yes,company_memory.sqlite:memory_entries,market_memory.sqlite:macro_state
936,A2 MILK,catalyst,Tech strength leading to a rally in Asian stocks,active,0.72,youtube_transcript:asx-daily-rundown-atlassian-lifts-tech-a2-milk-recall-shock-accent-group-all-time-lows:88e960386e503796,youtube_transcript,"ASX Daily Rundown | Atlassian Lifts Tech, A2 Milk Recall Shock & Accent Group All-Time Lows",2026-05-04T08:15:01Z,2026-05-04T08:26:09+00:00,2026-05-04T08:26:09+00:00,fanout_0034,26,preserve_macro_context_but_wrong_store,macro_memory_rehome_candidate_later,macro/strategy context is useful but stored as company memory; rehome only after source review and no live mutation in this lane,medium,HIGH,yes,company_memory.sqlite:memory_entries,market_memory.sqlite:macro_state
937,ACCENT GROUP,catalyst,Tech strength leading to a rally in Asian stocks,active,0.72,youtube_transcript:asx-daily-rundown-atlassian-lifts-tech-a2-milk-recall-shock-accent-group-all-time-lows:88e960386e503796,youtube_transcript,"ASX Daily Rundown | Atlassian Lifts Tech, A2 Milk Recall Shock & Accent Group All-Time Lows",2026-05-04T08:15:01Z,2026-05-04T08:26:09+00:00,2026-05-04T08:26:09+00:00,fanout_0034,26,preserve_macro_context_but_wrong_store,macro_memory_rehome_candidate_later,macro/strategy context is useful but stored as company memory; rehome only after source review and no live mutation in this lane,medium,HIGH,yes,company_memory.sqlite:memory_entries,market_memory.sqlite:macro_state
1256,COH,observed_fact,Sonic Healthcare faces profit pressure despite revenue growth,active,0.83,news:art_e4faef3c4644fe5bb3b66e32,newspaper4k,DATA_MISSING,2026-05-04T16:07:24Z,2026-05-04T16:12:04+00:00,2026-05-04T16:12:04+00:00,fanout_0053,8,preserve_market_context_but_wrong_store,market_memory_rehome_candidate_later,market/sector context is useful but stored as company memory; rehome only after source review and no live mutation in this lane,medium,HIGH,yes,company_memory.sqlite:memory_entries,market_memory.sqlite:sector_states
1257,EZZ,observed_fact,Sonic Healthcare faces profit pressure despite revenue growth,active,0.83,news:art_e4faef3c4644fe5bb3b66e32,newspaper4k,DATA_MISSING,2026-05-04T16:07:24Z,2026-05-04T16:12:04+00:00,2026-05-04T16:12:04+00:00,fanout_0053,8,preserve_market_context_but_wrong_store,market_memory_rehome_candidate_later,market/sector context is useful but stored as company memory; rehome only after source review and no live mutation in this lane,medium,HIGH,yes,company_memory.sqlite:memory_entries,market_memory.sqlite:sector_states
1258,AROVELLA,observed_fact,Sonic Healthcare faces profit pressure despite revenue growth,active,0.83,news:art_e4faef3c4644fe5bb3b66e32,newspaper4k,DATA_MISSING,2026-05-04T16:07:24Z,2026-05-04T16:12:04+00:00,2026-05-04T16:12:04+00:00,fanout_0053,8,preserve_market_context_but_wrong_store,market_memory_rehome_candidate_later,market/sector context is useful but stored as company memory; rehome only after source review and no live mutation in this lane,medium,HIGH,yes,company_memory.sqlite:memory_entries,market_memory.sqlite:sector_states
1259,4DMEDICAL,observed_fact,Sonic Healthcare faces profit pressure despite revenue growth,active,0.83,news:art_e4faef3c4644fe5bb3b66e32,newspaper4k,DATA_MISSING,2026-05-04T16:07:24Z,2026-05-04T16:12:04+00:00,2026-05-04T16:12:04+00:00,fanout_0053,8,preserve_market_context_but_wrong_store,market_memory_rehome_candidate_later,market/sector context is useful but stored as company memory; rehome only after source review and no live mutation in this lane,medium,HIGH,yes,company_memory.sqlite:memory_entries,market_memory.sqlite:sector_states
1260,LTR PHARMA,observed_fact,Sonic Healthcare faces profit pressure despite revenue growth,active,0.83,news:art_e4faef3c4644fe5bb3b66e32,newspaper4k,DATA_MISSING,2026-05-04T16:07:24Z,2026-05-04T16:12:04+00:00,2026-05-04T16:12:04+00:00,fanout_0053,8,preserve_market_context_but_wrong_store,market_memory_rehome_candidate_later,market/sector context is useful but stored as company memory; rehome only after source review and no live mutation in this lane,medium,HIGH,yes,company_memory.sqlite:memory_entries,market_memory.sqlite:sector_states
1261,CSL,observed_fact,Sonic Healthcare faces profit pressure despite revenue growth,active,0.83,news:art_e4faef3c4644fe5bb3b66e32,newspaper4k,DATA_MISSING,2026-05-04T16:07:24Z,2026-05-04T16:12:04+00:00,2026-05-04T16:12:04+00:00,fanout_0053,8,preserve_market_context_but_wrong_store,market_memory_rehome_candidate_later,market/sector context is useful but stored as company memory; rehome only after source review and no live mutation in this lane,medium,HIGH,yes,company_memory.sqlite:memory_entries,market_memory.sqlite:sector_states
1262,RESMED,observed_fact,Sonic Healthcare faces profit pressure despite revenue growth,active,0.83,news:art_e4faef3c4644fe5bb3b66e32,newspaper4k,DATA_MISSING,2026-05-04T16:07:24Z,2026-05-04T16:12:04+00:00,2026-05-04T16:12:04+00:00,fanout_0053,8,preserve_market_context_but_wrong_store,market_memory_rehome_candidate_later,market/sector context is useful but stored as company memory; rehome only after source review and no live mutation in this lane,medium,HIGH,yes,company_memory.sqlite:memory_entries,market_memory.sqlite:sector_states
1263,PARADIGM BIOPHARMACEUTICALS,observed_fact,Sonic Healthcare faces profit pressure despite revenue growth,active,0.83,news:art_e4faef3c4644fe5bb3b66e32,newspaper4k,DATA_MISSING,2026-05-04T16:07:24Z,2026-05-04T16:12:04+00:00,2026-05-04T16:12:04+00:00,fanout_0053,8,preserve_market_context_but_wrong_store,market_memory_rehome_candidate_later,market/sector context is useful but stored as company memory; rehome only after source review and no live mutation in this lane,medium,HIGH,yes,company_memory.sqlite:memory_entries,market_memory.sqlite:sector_states
1320,COH,risk,Sonic Healthcare's profit pressure despite revenue growth,active,0.8,news:art_e4faef3c4644fe5bb3b66e32,newspaper4k,DATA_MISSING,2026-05-04T16:07:24Z,2026-05-04T16:12:14+00:00,2026-05-04T16:12:14+00:00,fanout_0054,8,preserve_market_context_but_wrong_store,market_memory_rehome_candidate_later,market/sector context is useful but stored as company memory; rehome only after source review and no live mutation in this lane,medium,HIGH,yes,company_memory.sqlite:memory_entries,market_memory.sqlite:sector_states
1321,EZZ,risk,Sonic Healthcare's profit pressure despite revenue growth,active,0.8,news:art_e4faef3c4644fe5bb3b66e32,newspaper4k,DATA_MISSING,2026-05-04T16:07:24Z,2026-05-04T16:12:14+00:00,2026-05-04T16:12:14+00:00,fanout_0054,8,preserve_market_context_but_wrong_store,market_memory_rehome_candidate_later,market/sector context is useful but stored as company memory; rehome only after source review and no live mutation in this lane,medium,HIGH,yes,company_memory.sqlite:memory_entries,market_memory.sqlite:sector_states
1322,AROVELLA,risk,Sonic Healthcare's profit pressure despite revenue growth,active,0.8,news:art_e4faef3c4644fe5bb3b66e32,newspaper4k,DATA_MISSING,2026-05-04T16:07:24Z,2026-05-04T16:12:14+00:00,2026-05-04T16:12:14+00:00,fanout_0054,8,preserve_market_context_but_wrong_store,market_memory_rehome_candidate_later,market/sector context is useful but stored as company memory; rehome only after source review and no live mutation in this lane,medium,HIGH,yes,company_memory.sqlite:memory_entries,market_memory.sqlite:sector_states
1323,4DMEDICAL,risk,Sonic Healthcare's profit pressure despite revenue growth,active,0.8,news:art_e4faef3c4644fe5bb3b66e32,newspaper4k,DATA_MISSING,2026-05-04T16:07:24Z,2026-05-04T16:12:15+00:00,2026-05-04T16:12:15+00:00,fanout_0054,8,preserve_market_context_but_wrong_store,market_memory_rehome_candidate_later,market/sector context is useful but stored as company memory; rehome only after source review and no live mutation in this lane,medium,HIGH,yes,company_memory.sqlite:memory_entries,market_memory.sqlite:sector_states
1324,LTR PHARMA,risk,Sonic Healthcare's profit pressure despite revenue growth,active,0.8,news:art_e4faef3c4644fe5bb3b66e32,newspaper4k,DATA_MISSING,2026-05-04T16:07:24Z,2026-05-04T16:12:15+00:00,2026-05-04T16:12:15+00:00,fanout_0054,8,preserve_market_context_but_wrong_store,market_memory_rehome_candidate_later,market/sector context is useful but stored as company memory; rehome only after source review and no live mutation in this lane,medium,HIGH,yes,company_memory.sqlite:memory_entries,market_memory.sqlite:sector_states
1325,CSL,risk,Sonic Healthcare's profit pressure despite revenue growth,active,0.8,news:art_e4faef3c4644fe5bb3b66e32,newspaper4k,DATA_MISSING,2026-05-04T16:07:24Z,2026-05-04T16:12:16+00:00,2026-05-04T16:12:16+00:00,fanout_0054,8,preserve_market_context_but_wrong_store,market_memory_rehome_candidate_later,market/sector context is useful but stored as company memory; rehome only after source review and no live mutation in this lane,medium,HIGH,yes,company_memory.sqlite:memory_entries,market_memory.sqlite:sector_states
1326,RESMED,risk,Sonic Healthcare's profit pressure despite revenue growth,active,0.8,news:art_e4faef3c4644fe5bb3b66e32,newspaper4k,DATA_MISSING,2026-05-04T16:07:24Z,2026-05-04T16:12:16+00:00,2026-05-04T16:12:16+00:00,fanout_0054,8,preserve_market_context_but_wrong_store,market_memory_rehome_candidate_later,market/sector context is useful but stored as company memory; rehome only after source review and no live mutation in this lane,medium,HIGH,yes,company_memory.sqlite:memory_entries,market_memory.sqlite:sector_states
1327,PARADIGM BIOPHARMACEUTICALS,risk,Sonic Healthcare's profit pressure despite revenue growth,active,0.8,news:art_e4faef3c4644fe5bb3b66e32,newspaper4k,DATA_MISSING,2026-05-04T16:07:24Z,2026-05-04T16:12:16+00:00,2026-05-04T16:12:16+00:00,fanout_0054,8,preserve_market_context_but_wrong_store,market_memory_rehome_candidate_later,market/sector context is useful but stored as company memory; rehome only after source review and no live mutation in this lane,medium,HIGH,yes,company_memory.sqlite:memory_entries,market_memory.sqlite:sector_states
1352,WBC,observed_fact,"Fund managers are piling into insurers, GOLD miners, and some more affordable retailers, betting these stocks will benefit from the RBA rate rise",active,0.85,news:art_bcbc4dad9bda5cbf02c91115,newspaper4k,DATA_MISSING,2026-05-04T07:16:23Z,2026-05-04T16:41:39+00:00,2026-05-04T16:41:39+00:00,fanout_0065,4,preserve_macro_context_but_wrong_store,macro_memory_rehome_candidate_later,macro/strategy context is useful but stored as company memory; rehome only after source review and no live mutation in this lane,medium,HIGH,yes,company_memory.sqlite:memory_entries,market_memory.sqlite:macro_state
1353,UGL,observed_fact,"Fund managers are piling into insurers, GOLD miners, and some more affordable retailers, betting these stocks will benefit from the RBA rate rise",active,0.85,news:art_bcbc4dad9bda5cbf02c91115,newspaper4k,DATA_MISSING,2026-05-04T07:16:23Z,2026-05-04T16:41:39+00:00,2026-05-04T16:41:39+00:00,fanout_0065,4,preserve_macro_context_but_wrong_store,macro_memory_rehome_candidate_later,macro/strategy context is useful but stored as company memory; rehome only after source review and no live mutation in this lane,medium,HIGH,yes,company_memory.sqlite:memory_entries,market_memory.sqlite:macro_state
1354,GOLD,observed_fact,"Fund managers are piling into insurers, GOLD miners, and some more affordable retailers, betting these stocks will benefit from the RBA rate rise",active,0.85,news:art_bcbc4dad9bda5cbf02c91115,newspaper4k,DATA_MISSING,2026-05-04T07:16:23Z,2026-05-04T16:41:39+00:00,2026-05-04T16:41:39+00:00,fanout_0065,4,preserve_macro_context_but_wrong_store,macro_memory_rehome_candidate_later,macro/strategy context is useful but stored as company memory; rehome only after source review and no live mutation in this lane,medium,HIGH,yes,company_memory.sqlite:memory_entries,market_memory.sqlite:macro_state
1355,RETAIL,observed_fact,"Fund managers are piling into insurers, GOLD miners, and some more affordable retailers, betting these stocks will benefit from the RBA rate rise",active,0.85,news:art_bcbc4dad9bda5cbf02c91115,newspaper4k,DATA_MISSING,2026-05-04T07:16:23Z,2026-05-04T16:41:39+00:00,2026-05-04T16:41:39+00:00,fanout_0065,4,preserve_macro_context_but_wrong_store,macro_memory_rehome_candidate_later,macro/strategy context is useful but stored as company memory; rehome only after source review and no live mutation in this lane,medium,HIGH,yes,company_memory.sqlite:memory_entries,market_memory.sqlite:macro_state
1356,WBC,risk,Inflation problem exacerbated by the Iran war,active,0.78,news:art_bcbc4dad9bda5cbf02c91115,newspaper4k,DATA_MISSING,2026-05-04T07:16:23Z,2026-05-04T16:41:40+00:00,2026-05-04T16:41:40+00:00,fanout_0066,4,preserve_macro_context_but_wrong_store,macro_memory_rehome_candidate_later,macro/strategy context is useful but stored as company memory; rehome only after source review and no live mutation in this lane,medium,HIGH,yes,company_memory.sqlite:memory_entries,market_memory.sqlite:macro_state
1357,UGL,risk,Inflation problem exacerbated by the Iran war,active,0.78,news:art_bcbc4dad9bda5cbf02c91115,newspaper4k,DATA_MISSING,2026-05-04T07:16:23Z,2026-05-04T16:41:40+00:00,2026-05-04T16:41:40+00:00,fanout_0066,4,preserve_macro_context_but_wrong_store,macro_memory_rehome_candidate_later,macro/strategy context is useful but stored as company memory; rehome only after source review and no live mutation in this lane,medium,HIGH,yes,company_memory.sqlite:memory_entries,market_memory.sqlite:macro_state
1358,GOLD,risk,Inflation problem exacerbated by the Iran war,active,0.78,news:art_bcbc4dad9bda5cbf02c91115,newspaper4k,DATA_MISSING,2026-05-04T07:16:23Z,2026-05-04T16:41:40+00:00,2026-05-04T16:41:40+00:00,fanout_0066,4,preserve_macro_context_but_wrong_store,macro_memory_rehome_candidate_later,macro/strategy context is useful but stored as company memory; rehome only after source review and no live mutation in this lane,medium,HIGH,yes,company_memory.sqlite:memory_entries,market_memory.sqlite:macro_state
1359,RETAIL,risk,Inflation problem exacerbated by the Iran war,active,0.78,news:art_bcbc4dad9bda5cbf02c91115,newspaper4k,DATA_MISSING,2026-05-04T07:16:23Z,2026-05-04T16:41:40+00:00,2026-05-04T16:41:40+00:00,fanout_0066,4,preserve_macro_context_but_wrong_store,macro_memory_rehome_candidate_later,macro/strategy context is useful but stored as company memory; rehome only after source review and no live mutation in this lane,medium,HIGH,yes,company_memory.sqlite:memory_entries,market_memory.sqlite:macro_state
1548,BHP,operating_context,There are several pockets of opportunities for ASX investors amidst macro turmoil,active,0.78,news:art_b3f267fa6b4ad9e3ddc7d62a,newspaper4k,DATA_MISSING,2026-05-03T07:41:44Z,2026-05-04T17:25:32+00:00,2026-05-04T17:25:32+00:00,DATA_MISSING,DATA_MISSING,preserve_macro_context_but_wrong_store,macro_memory_rehome_candidate_later,macro/strategy context is useful but stored as company memory; rehome only after source review and no live mutation in this lane,medium,HIGH,yes,company_memory.sqlite:memory_entries,market_memory.sqlite:macro_state
1550,BHP,management_guidance,"The policy outlook for the Fed is exceptionally complex with a new Fed Chair in the wings, elevated oil prices, and a low-hire, low-fire labor market",active,0.83,news:art_b3f267fa6b4ad9e3ddc7d62a,newspaper4k,DATA_MISSING,2026-05-03T07:41:44Z,2026-05-04T17:25:32+00:00,2026-05-04T17:25:32+00:00,fanout_0108,2,preserve_macro_context_but_wrong_store,macro_memory_rehome_candidate_later,macro/strategy context is useful but stored as company memory; rehome only after source review and no live mutation in this lane,medium,HIGH,yes,company_memory.sqlite:memory_entries,market_memory.sqlite:macro_state
1551,BHP,operating_context,Geopolitical shocks are no longer rare and uncertainty has become the baseline for positioning portfolios,active,0.78,news:art_b3f267fa6b4ad9e3ddc7d62a,newspaper4k,DATA_MISSING,2026-05-03T07:41:44Z,2026-05-04T17:25:32+00:00,2026-05-04T17:25:32+00:00,DATA_MISSING,DATA_MISSING,preserve_macro_context_but_wrong_store,macro_memory_rehome_candidate_later,macro/strategy context is useful but stored as company memory; rehome only after source review and no live mutation in this lane,medium,HIGH,yes,company_memory.sqlite:memory_entries,market_memory.sqlite:macro_state
1553,BHP,risk,The market is fracturing beneath the surface despite hitting new highs,active,0.78,news:art_b3f267fa6b4ad9e3ddc7d62a,newspaper4k,DATA_MISSING,2026-05-03T07:41:44Z,2026-05-04T17:25:32+00:00,2026-05-04T17:25:32+00:00,DATA_MISSING,DATA_MISSING,preserve_macro_context_but_wrong_store,macro_memory_rehome_candidate_later,macro/strategy context is useful but stored as company memory; rehome only after source review and no live mutation in this lane,medium,HIGH,yes,company_memory.sqlite:memory_entries,market_memory.sqlite:macro_state
1554,BHP,risk,Credit risk may start to resemble equity risk as leverage increases,active,0.8,news:art_b3f267fa6b4ad9e3ddc7d62a,newspaper4k,DATA_MISSING,2026-05-03T07:41:44Z,2026-05-04T17:25:32+00:00,2026-05-04T17:25:32+00:00,DATA_MISSING,DATA_MISSING,preserve_macro_context_but_wrong_store,macro_memory_rehome_candidate_later,macro/strategy context is useful but stored as company memory; rehome only after source review and no live mutation in this lane,medium,HIGH,yes,company_memory.sqlite:memory_entries,market_memory.sqlite:macro_state
1555,BHP,risk,"The policy outlook for the Fed is exceptionally complex with a new Fed Chair in the wings, elevated oil prices, and a low-hire, low-fire labor market",active,0.82,news:art_b3f267fa6b4ad9e3ddc7d62a,newspaper4k,DATA_MISSING,2026-05-03T07:41:44Z,2026-05-04T17:25:32+00:00,2026-05-04T17:25:32+00:00,fanout_0108,2,preserve_macro_context_but_wrong_store,macro_memory_rehome_candidate_later,macro/strategy context is useful but stored as company memory; rehome only after source review and no live mutation in this lane,medium,HIGH,yes,company_memory.sqlite:memory_entries,market_memory.sqlite:macro_state
1556,BHP,risk,Geopolitical uncertainty and shocks are becoming more common,active,0.78,news:art_b3f267fa6b4ad9e3ddc7d62a,newspaper4k,DATA_MISSING,2026-05-03T07:41:44Z,2026-05-04T17:25:32+00:00,2026-05-04T17:25:32+00:00,DATA_MISSING,DATA_MISSING,preserve_macro_context_but_wrong_store,macro_memory_rehome_candidate_later,macro/strategy context is useful but stored as company memory; rehome only after source review and no live mutation in this lane,medium,HIGH,yes,company_memory.sqlite:memory_entries,market_memory.sqlite:macro_state
1751,ASX,catalyst,Tech strength leading to rally in Asian stocks,active,0.72,youtube_transcript:asx-daily-rundown-atlassian-lifts-tech-a2-milk-recall-shock-accent-group-all-time-lows:88e960386e503796,youtube_transcript,"ASX Daily Rundown | Atlassian Lifts Tech, A2 Milk Recall Shock & Accent Group All-Time Lows",2026-05-04T08:15:01Z,2026-05-05T04:20:38+00:00,2026-05-05T04:20:38+00:00,fanout_0043,25,preserve_macro_context_but_wrong_store,macro_memory_rehome_candidate_later,macro/strategy context is useful but stored as company memory; rehome only after source review and no live mutation in this lane,medium,HIGH,yes,company_memory.sqlite:memory_entries,market_memory.sqlite:macro_state
1752,TXT,catalyst,Tech strength leading to rally in Asian stocks,active,0.72,youtube_transcript:asx-daily-rundown-atlassian-lifts-tech-a2-milk-recall-shock-accent-group-all-time-lows:88e960386e503796,youtube_transcript,"ASX Daily Rundown | Atlassian Lifts Tech, A2 Milk Recall Shock & Accent Group All-Time Lows",2026-05-04T08:15:01Z,2026-05-05T04:20:40+00:00,2026-05-05T04:20:40+00:00,fanout_0043,25,preserve_macro_context_but_wrong_store,macro_memory_rehome_candidate_later,macro/strategy context is useful but stored as company memory; rehome only after source review and no live mutation in this lane,medium,HIGH,yes,company_memory.sqlite:memory_entries,market_memory.sqlite:macro_state
1753,XTX,catalyst,Tech strength leading to rally in Asian stocks,active,0.72,youtube_transcript:asx-daily-rundown-atlassian-lifts-tech-a2-milk-recall-shock-accent-group-all-time-lows:88e960386e503796,youtube_transcript,"ASX Daily Rundown | Atlassian Lifts Tech, A2 Milk Recall Shock & Accent Group All-Time Lows",2026-05-04T08:15:01Z,2026-05-05T04:20:41+00:00,2026-05-05T04:20:41+00:00,fanout_0043,25,preserve_macro_context_but_wrong_store,macro_memory_rehome_candidate_later,macro/strategy context is useful but stored as company memory; rehome only after source review and no live mutation in this lane,medium,HIGH,yes,company_memory.sqlite:memory_entries,market_memory.sqlite:macro_state
1754,A2M,catalyst,Tech strength leading to rally in Asian stocks,active,0.72,youtube_transcript:asx-daily-rundown-atlassian-lifts-tech-a2-milk-recall-shock-accent-group-all-time-lows:88e960386e503796,youtube_transcript,"ASX Daily Rundown | Atlassian Lifts Tech, A2 Milk Recall Shock & Accent Group All-Time Lows",2026-05-04T08:15:01Z,2026-05-05T04:20:42+00:00,2026-05-05T04:20:42+00:00,fanout_0043,25,preserve_macro_context_but_wrong_store,macro_memory_rehome_candidate_later,macro/strategy context is useful but stored as company memory; rehome only after source review and no live mutation in this lane,medium,HIGH,yes,company_memory.sqlite:memory_entries,market_memory.sqlite:macro_state
1755,ENDV,catalyst,Tech strength leading to rally in Asian stocks,active,0.72,youtube_transcript:asx-daily-rundown-atlassian-lifts-tech-a2-milk-recall-shock-accent-group-all-time-lows:88e960386e503796,youtube_transcript,"ASX Daily Rundown | Atlassian Lifts Tech, A2 Milk Recall Shock & Accent Group All-Time Lows",2026-05-04T08:15:01Z,2026-05-05T04:20:43+00:00,2026-05-05T04:20:43+00:00,fanout_0043,25,preserve_macro_context_but_wrong_store,macro_memory_rehome_candidate_later,macro/strategy context is useful but stored as company memory; rehome only after source review and no live mutation in this lane,medium,HIGH,yes,company_memory.sqlite:memory_entries,market_memory.sqlite:macro_state
1756,COH,catalyst,Tech strength leading to rally in Asian stocks,active,0.72,youtube_transcript:asx-daily-rundown-atlassian-lifts-tech-a2-milk-recall-shock-accent-group-all-time-lows:88e960386e503796,youtube_transcript,"ASX Daily Rundown | Atlassian Lifts Tech, A2 Milk Recall Shock & Accent Group All-Time Lows",2026-05-04T08:15:01Z,2026-05-05T04:20:43+00:00,2026-05-05T04:20:43+00:00,fanout_0043,25,preserve_macro_context_but_wrong_store,macro_memory_rehome_candidate_later,macro/strategy context is useful but stored as company memory; rehome only after source review and no live mutation in this lane,medium,HIGH,yes,company_memory.sqlite:memory_entries,market_memory.sqlite:macro_state
1757,BHP,catalyst,Tech strength leading to rally in Asian stocks,active,0.72,youtube_transcript:asx-daily-rundown-atlassian-lifts-tech-a2-milk-recall-shock-accent-group-all-time-lows:88e960386e503796,youtube_transcript,"ASX Daily Rundown | Atlassian Lifts Tech, A2 Milk Recall Shock & Accent Group All-Time Lows",2026-05-04T08:15:01Z,2026-05-05T04:20:43+00:00,2026-05-05T04:20:43+00:00,fanout_0043,25,preserve_macro_context_but_wrong_store,macro_memory_rehome_candidate_later,macro/strategy context is useful but stored as company memory; rehome only after source review and no live mutation in this lane,medium,HIGH,yes,company_memory.sqlite:memory_entries,market_memory.sqlite:macro_state
1758,WES,catalyst,Tech strength leading to rally in Asian stocks,active,0.72,youtube_transcript:asx-daily-rundown-atlassian-lifts-tech-a2-milk-recall-shock-accent-group-all-time-lows:88e960386e503796,youtube_transcript,"ASX Daily Rundown | Atlassian Lifts Tech, A2 Milk Recall Shock & Accent Group All-Time Lows",2026-05-04T08:15:01Z,2026-05-05T04:20:44+00:00,2026-05-05T04:20:44+00:00,fanout_0043,25,preserve_macro_context_but_wrong_store,macro_memory_rehome_candidate_later,macro/strategy context is useful but stored as company memory; rehome only after source review and no live mutation in this lane,medium,HIGH,yes,company_memory.sqlite:memory_entries,market_memory.sqlite:macro_state
1759,NAB,catalyst,Tech strength leading to rally in Asian stocks,active,0.72,youtube_transcript:asx-daily-rundown-atlassian-lifts-tech-a2-milk-recall-shock-accent-group-all-time-lows:88e960386e503796,youtube_transcript,"ASX Daily Rundown | Atlassian Lifts Tech, A2 Milk Recall Shock & Accent Group All-Time Lows",2026-05-04T08:15:01Z,2026-05-05T04:20:44+00:00,2026-05-05T04:20:44+00:00,fanout_0043,25,preserve_macro_context_but_wrong_store,macro_memory_rehome_candidate_later,macro/strategy context is useful but stored as company memory; rehome only after source review and no live mutation in this lane,medium,HIGH,yes,company_memory.sqlite:memory_entries,market_memory.sqlite:macro_state
1760,WBC,catalyst,Tech strength leading to rally in Asian stocks,active,0.72,youtube_transcript:asx-daily-rundown-atlassian-lifts-tech-a2-milk-recall-shock-accent-group-all-time-lows:88e960386e503796,youtube_transcript,"ASX Daily Rundown | Atlassian Lifts Tech, A2 Milk Recall Shock & Accent Group All-Time Lows",2026-05-04T08:15:01Z,2026-05-05T04:20:44+00:00,2026-05-05T04:20:44+00:00,fanout_0043,25,preserve_macro_context_but_wrong_store,macro_memory_rehome_candidate_later,macro/strategy context is useful but stored as company memory; rehome only after source review and no live mutation in this lane,medium,HIGH,yes,company_memory.sqlite:memory_entries,market_memory.sqlite:macro_state
1761,KEYP,catalyst,Tech strength leading to rally in Asian stocks,active,0.72,youtube_transcript:asx-daily-rundown-atlassian-lifts-tech-a2-milk-recall-shock-accent-group-all-time-lows:88e960386e503796,youtube_transcript,"ASX Daily Rundown | Atlassian Lifts Tech, A2 Milk Recall Shock & Accent Group All-Time Lows",2026-05-04T08:15:01Z,2026-05-05T04:20:44+00:00,2026-05-05T04:20:44+00:00,fanout_0043,25,preserve_macro_context_but_wrong_store,macro_memory_rehome_candidate_later,macro/strategy context is useful but stored as company memory; rehome only after source review and no live mutation in this lane,medium,HIGH,yes,company_memory.sqlite:memory_entries,market_memory.sqlite:macro_state
1762,GCMC,catalyst,Tech strength leading to rally in Asian stocks,active,0.72,youtube_transcript:asx-daily-rundown-atlassian-lifts-tech-a2-milk-recall-shock-accent-group-all-time-lows:88e960386e503796,youtube_transcript,"ASX Daily Rundown | Atlassian Lifts Tech, A2 Milk Recall Shock & Accent Group All-Time Lows",2026-05-04T08:15:01Z,2026-05-05T04:20:44+00:00,2026-05-05T04:20:44+00:00,fanout_0043,25,preserve_macro_context_but_wrong_store,macro_memory_rehome_candidate_later,macro/strategy context is useful but stored as company memory; rehome only after source review and no live mutation in this lane,medium,HIGH,yes,company_memory.sqlite:memory_entries,market_memory.sqlite:macro_state
1763,MARINO,catalyst,Tech strength leading to rally in Asian stocks,active,0.72,youtube_transcript:asx-daily-rundown-atlassian-lifts-tech-a2-milk-recall-shock-accent-group-all-time-lows:88e960386e503796,youtube_transcript,"ASX Daily Rundown | Atlassian Lifts Tech, A2 Milk Recall Shock & Accent Group All-Time Lows",2026-05-04T08:15:01Z,2026-05-05T04:20:44+00:00,2026-05-05T04:20:44+00:00,fanout_0043,25,preserve_macro_context_but_wrong_store,macro_memory_rehome_candidate_later,macro/strategy context is useful but stored as company memory; rehome only after source review and no live mutation in this lane,medium,HIGH,yes,company_memory.sqlite:memory_entries,market_memory.sqlite:macro_state
1764,CLAR,catalyst,Tech strength leading to rally in Asian stocks,active,0.72,youtube_transcript:asx-daily-rundown-atlassian-lifts-tech-a2-milk-recall-shock-accent-group-all-time-lows:88e960386e503796,youtube_transcript,"ASX Daily Rundown | Atlassian Lifts Tech, A2 Milk Recall Shock & Accent Group All-Time Lows",2026-05-04T08:15:01Z,2026-05-05T04:20:45+00:00,2026-05-05T04:20:45+00:00,fanout_0043,25,preserve_macro_context_but_wrong_store,macro_memory_rehome_candidate_later,macro/strategy context is useful but stored as company memory; rehome only after source review and no live mutation in this lane,medium,HIGH,yes,company_memory.sqlite:memory_entries,market_memory.sqlite:macro_state
1765,WIN,catalyst,Tech strength leading to rally in Asian stocks,active,0.72,youtube_transcript:asx-daily-rundown-atlassian-lifts-tech-a2-milk-recall-shock-accent-group-all-time-lows:88e960386e503796,youtube_transcript,"ASX Daily Rundown | Atlassian Lifts Tech, A2 Milk Recall Shock & Accent Group All-Time Lows",2026-05-04T08:15:01Z,2026-05-05T04:20:45+00:00,2026-05-05T04:20:45+00:00,fanout_0043,25,preserve_macro_context_but_wrong_store,macro_memory_rehome_candidate_later,macro/strategy context is useful but stored as company memory; rehome only after source review and no live mutation in this lane,medium,HIGH,yes,company_memory.sqlite:memory_entries,market_memory.sqlite:macro_state
1766,LIVN,catalyst,Tech strength leading to rally in Asian stocks,active,0.72,youtube_transcript:asx-daily-rundown-atlassian-lifts-tech-a2-milk-recall-shock-accent-group-all-time-lows:88e960386e503796,youtube_transcript,"ASX Daily Rundown | Atlassian Lifts Tech, A2 Milk Recall Shock & Accent Group All-Time Lows",2026-05-04T08:15:01Z,2026-05-05T04:20:46+00:00,2026-05-05T04:20:46+00:00,fanout_0043,25,preserve_macro_context_but_wrong_store,macro_memory_rehome_candidate_later,macro/strategy context is useful but stored as company memory; rehome only after source review and no live mutation in this lane,medium,HIGH,yes,company_memory.sqlite:memory_entries,market_memory.sqlite:macro_state
1767,SKT,catalyst,Tech strength leading to rally in Asian stocks,active,0.72,youtube_transcript:asx-daily-rundown-atlassian-lifts-tech-a2-milk-recall-shock-accent-group-all-time-lows:88e960386e503796,youtube_transcript,"ASX Daily Rundown | Atlassian Lifts Tech, A2 Milk Recall Shock & Accent Group All-Time Lows",2026-05-04T08:15:01Z,2026-05-05T04:20:46+00:00,2026-05-05T04:20:46+00:00,fanout_0043,25,preserve_macro_context_but_wrong_store,macro_memory_rehome_candidate_later,macro/strategy context is useful but stored as company memory; rehome only after source review and no live mutation in this lane,medium,HIGH,yes,company_memory.sqlite:memory_entries,market_memory.sqlite:macro_state
1768,VCE,catalyst,Tech strength leading to rally in Asian stocks,active,0.72,youtube_transcript:asx-daily-rundown-atlassian-lifts-tech-a2-milk-recall-shock-accent-group-all-time-lows:88e960386e503796,youtube_transcript,"ASX Daily Rundown | Atlassian Lifts Tech, A2 Milk Recall Shock & Accent Group All-Time Lows",2026-05-04T08:15:01Z,2026-05-05T04:20:46+00:00,2026-05-05T04:20:46+00:00,fanout_0043,25,preserve_macro_context_but_wrong_store,macro_memory_rehome_candidate_later,macro/strategy context is useful but stored as company memory; rehome only after source review and no live mutation in this lane,medium,HIGH,yes,company_memory.sqlite:memory_entries,market_memory.sqlite:macro_state
1769,SN,catalyst,Tech strength leading to rally in Asian stocks,active,0.72,youtube_transcript:asx-daily-rundown-atlassian-lifts-tech-a2-milk-recall-shock-accent-group-all-time-lows:88e960386e503796,youtube_transcript,"ASX Daily Rundown | Atlassian Lifts Tech, A2 Milk Recall Shock & Accent Group All-Time Lows",2026-05-04T08:15:01Z,2026-05-05T04:20:47+00:00,2026-05-05T04:20:47+00:00,fanout_0043,25,preserve_macro_context_but_wrong_store,macro_memory_rehome_candidate_later,macro/strategy context is useful but stored as company memory; rehome only after source review and no live mutation in this lane,medium,HIGH,yes,company_memory.sqlite:memory_entries,market_memory.sqlite:macro_state
1770,LION,catalyst,Tech strength leading to rally in Asian stocks,active,0.72,youtube_transcript:asx-daily-rundown-atlassian-lifts-tech-a2-milk-recall-shock-accent-group-all-time-lows:88e960386e503796,youtube_transcript,"ASX Daily Rundown | Atlassian Lifts Tech, A2 Milk Recall Shock & Accent Group All-Time Lows",2026-05-04T08:15:01Z,2026-05-05T04:20:47+00:00,2026-05-05T04:20:47+00:00,fanout_0043,25,preserve_macro_context_but_wrong_store,macro_memory_rehome_candidate_later,macro/strategy context is useful but stored as company memory; rehome only after source review and no live mutation in this lane,medium,HIGH,yes,company_memory.sqlite:memory_entries,market_memory.sqlite:macro_state
1771,PETT,catalyst,Tech strength leading to rally in Asian stocks,active,0.72,youtube_transcript:asx-daily-rundown-atlassian-lifts-tech-a2-milk-recall-shock-accent-group-all-time-lows:88e960386e503796,youtube_transcript,"ASX Daily Rundown | Atlassian Lifts Tech, A2 Milk Recall Shock & Accent Group All-Time Lows",2026-05-04T08:15:01Z,2026-05-05T04:20:48+00:00,2026-05-05T04:20:48+00:00,fanout_0043,25,preserve_macro_context_but_wrong_store,macro_memory_rehome_candidate_later,macro/strategy context is useful but stored as company memory; rehome only after source review and no live mutation in this lane,medium,HIGH,yes,company_memory.sqlite:memory_entries,market_memory.sqlite:macro_state
1772,INDE,catalyst,Tech strength leading to rally in Asian stocks,active,0.72,youtube_transcript:asx-daily-rundown-atlassian-lifts-tech-a2-milk-recall-shock-accent-group-all-time-lows:88e960386e503796,youtube_transcript,"ASX Daily Rundown | Atlassian Lifts Tech, A2 Milk Recall Shock & Accent Group All-Time Lows",2026-05-04T08:15:01Z,2026-05-05T04:20:48+00:00,2026-05-05T04:20:48+00:00,fanout_0043,25,preserve_macro_context_but_wrong_store,macro_memory_rehome_candidate_later,macro/strategy context is useful but stored as company memory; rehome only after source review and no live mutation in this lane,medium,HIGH,yes,company_memory.sqlite:memory_entries,market_memory.sqlite:macro_state
1773,C79,catalyst,Tech strength leading to rally in Asian stocks,active,0.72,youtube_transcript:asx-daily-rundown-atlassian-lifts-tech-a2-milk-recall-shock-accent-group-all-time-lows:88e960386e503796,youtube_transcript,"ASX Daily Rundown | Atlassian Lifts Tech, A2 Milk Recall Shock & Accent Group All-Time Lows",2026-05-04T08:15:01Z,2026-05-05T04:20:48+00:00,2026-05-05T04:20:48+00:00,fanout_0043,25,preserve_macro_context_but_wrong_store,macro_memory_rehome_candidate_later,macro/strategy context is useful but stored as company memory; rehome only after source review and no live mutation in this lane,medium,HIGH,yes,company_memory.sqlite:memory_entries,market_memory.sqlite:macro_state
1774,A2 MILK,catalyst,Tech strength leading to rally in Asian stocks,active,0.72,youtube_transcript:asx-daily-rundown-atlassian-lifts-tech-a2-milk-recall-shock-accent-group-all-time-lows:88e960386e503796,youtube_transcript,"ASX Daily Rundown | Atlassian Lifts Tech, A2 Milk Recall Shock & Accent Group All-Time Lows",2026-05-04T08:15:01Z,2026-05-05T04:20:48+00:00,2026-05-05T04:20:48+00:00,fanout_0043,25,preserve_macro_context_but_wrong_store,macro_memory_rehome_candidate_later,macro/strategy context is useful but stored as company memory; rehome only after source review and no live mutation in this lane,medium,HIGH,yes,company_memory.sqlite:memory_entries,market_memory.sqlite:macro_state
1775,ACCENT GROUP,catalyst,Tech strength leading to rally in Asian stocks,active,0.72,youtube_transcript:asx-daily-rundown-atlassian-lifts-tech-a2-milk-recall-shock-accent-group-all-time-lows:88e960386e503796,youtube_transcript,"ASX Daily Rundown | Atlassian Lifts Tech, A2 Milk Recall Shock & Accent Group All-Time Lows",2026-05-04T08:15:01Z,2026-05-05T04:20:49+00:00,2026-05-05T04:20:49+00:00,fanout_0043,25,preserve_macro_context_but_wrong_store,macro_memory_rehome_candidate_later,macro/strategy context is useful but stored as company memory; rehome only after source review and no live mutation in this lane,medium,HIGH,yes,company_memory.sqlite:memory_entries,market_memory.sqlite:macro_state
