row_id,ticker/entity,memory_type,statement/text,status,confidence,source_id,source_type,source_title,source_published_at,created_at,updated_at,duplicate_cluster_id,fanout_cluster_size,classification,proposed_action,reason,certainty,risk_level,manual_review_required,original_store,proposed_destination_if_any
7,AUA,catalyst,Increasing cash receipts suggest improving financial health and customer demand,active,0.76,youtube_transcript:audeara-2026-march-quarterly-4c:400fcc2ac0d9c244,youtube_transcript,Audeara 2026 March Quarterly (4C),2026-04-29T20:00:04Z,2026-04-30T07:30:43+00:00,2026-04-30T07:30:43+00:00,DATA_MISSING,DATA_MISSING,candidate_manual_review,manual_review,row has provenance but insufficient deterministic target/scope evidence for automated cleanup,low,MEDIUM,yes,company_memory.sqlite:memory_entries,manual_review
9,AUA,risk,"tax incentives, which are not guaranteed to continue",active,0.74,youtube_transcript:audeara-2026-march-quarterly-4c:400fcc2ac0d9c244,youtube_transcript,Audeara 2026 March Quarterly (4C),2026-04-29T20:00:04Z,2026-04-30T07:30:43+00:00,2026-04-30T07:30:43+00:00,DATA_MISSING,DATA_MISSING,candidate_manual_review,manual_review,row has provenance but insufficient deterministic target/scope evidence for automated cleanup,low,MEDIUM,yes,company_memory.sqlite:memory_entries,manual_review
12,AUA,catalyst,Increasing cash receipts suggest a growing customer base or higher sales volume,active,0.76,youtube_transcript:audeara-2026-march-quarterly-4c:400fcc2ac0d9c244,youtube_transcript,Audeara 2026 March Quarterly (4C),2026-04-29T20:00:04Z,2026-04-30T07:36:36+00:00,2026-04-30T07:36:36+00:00,DATA_MISSING,DATA_MISSING,candidate_manual_review,manual_review,row has provenance but insufficient deterministic target/scope evidence for automated cleanup,low,MEDIUM,yes,company_memory.sqlite:memory_entries,manual_review
1178,EDV,observed_fact,"{'date': '2026-05-04', 'description': ""Discussion on Endeavour Group's valuation metrics and operational performance within the ASX 200 retail sector.""}",active,0.86,news:art_f10061794cc4a0954079f620,newspaper4k,DATA_MISSING,2026-05-04T16:07:24Z,2026-05-04T16:10:41+00:00,2026-05-04T16:10:41+00:00,DATA_MISSING,DATA_MISSING,candidate_raw_payload_review,manual_review,"raw dict-like row appears to target END/EDV/ENDV/ENDEAVOR GROUP, and entity matches; preserve text until source review confirms display-safe normalization",medium,MEDIUM,yes,company_memory.sqlite:memory_entries,manual_review
1184,COH,observed_fact,"{'date': '2026-05-04', 'description': 'Sonic Healthcare faces profit pressure despite revenue growth, highlighting margin pressure and debt considerations.'}",active,0.89,news:art_e4faef3c4644fe5bb3b66e32,newspaper4k,DATA_MISSING,2026-05-04T16:07:24Z,2026-05-04T16:11:57+00:00,2026-05-04T16:11:57+00:00,fanout_0063,8,candidate_raw_payload_review,manual_review,raw dict-like row appears to be market/macro context in company memory; do not expire until source and destination are reviewed,medium,MEDIUM,yes,company_memory.sqlite:memory_entries,manual_review
1185,EZZ,observed_fact,"{'date': '2026-05-04', 'description': 'Sonic Healthcare faces profit pressure despite revenue growth, highlighting margin pressure and debt considerations.'}",active,0.89,news:art_e4faef3c4644fe5bb3b66e32,newspaper4k,DATA_MISSING,2026-05-04T16:07:24Z,2026-05-04T16:11:57+00:00,2026-05-04T16:11:57+00:00,fanout_0063,8,candidate_raw_payload_review,manual_review,raw dict-like row appears to be market/macro context in company memory; do not expire until source and destination are reviewed,medium,MEDIUM,yes,company_memory.sqlite:memory_entries,manual_review
1186,AROVELLA,observed_fact,"{'date': '2026-05-04', 'description': 'Sonic Healthcare faces profit pressure despite revenue growth, highlighting margin pressure and debt considerations.'}",active,0.89,news:art_e4faef3c4644fe5bb3b66e32,newspaper4k,DATA_MISSING,2026-05-04T16:07:24Z,2026-05-04T16:11:57+00:00,2026-05-04T16:11:57+00:00,fanout_0063,8,candidate_raw_payload_review,manual_review,raw dict-like row appears to be market/macro context in company memory; do not expire until source and destination are reviewed,medium,MEDIUM,yes,company_memory.sqlite:memory_entries,manual_review
1187,4DMEDICAL,observed_fact,"{'date': '2026-05-04', 'description': 'Sonic Healthcare faces profit pressure despite revenue growth, highlighting margin pressure and debt considerations.'}",active,0.89,news:art_e4faef3c4644fe5bb3b66e32,newspaper4k,DATA_MISSING,2026-05-04T16:07:24Z,2026-05-04T16:11:57+00:00,2026-05-04T16:11:57+00:00,fanout_0063,8,candidate_raw_payload_review,manual_review,raw dict-like row appears to be market/macro context in company memory; do not expire until source and destination are reviewed,medium,MEDIUM,yes,company_memory.sqlite:memory_entries,manual_review
1188,LTR PHARMA,observed_fact,"{'date': '2026-05-04', 'description': 'Sonic Healthcare faces profit pressure despite revenue growth, highlighting margin pressure and debt considerations.'}",active,0.89,news:art_e4faef3c4644fe5bb3b66e32,newspaper4k,DATA_MISSING,2026-05-04T16:07:24Z,2026-05-04T16:11:57+00:00,2026-05-04T16:11:57+00:00,fanout_0063,8,candidate_raw_payload_review,manual_review,raw dict-like row appears to be market/macro context in company memory; do not expire until source and destination are reviewed,medium,MEDIUM,yes,company_memory.sqlite:memory_entries,manual_review
1189,CSL,observed_fact,"{'date': '2026-05-04', 'description': 'Sonic Healthcare faces profit pressure despite revenue growth, highlighting margin pressure and debt considerations.'}",active,0.89,news:art_e4faef3c4644fe5bb3b66e32,newspaper4k,DATA_MISSING,2026-05-04T16:07:24Z,2026-05-04T16:11:57+00:00,2026-05-04T16:11:57+00:00,fanout_0063,8,candidate_raw_payload_review,manual_review,raw dict-like row appears to be market/macro context in company memory; do not expire until source and destination are reviewed,medium,MEDIUM,yes,company_memory.sqlite:memory_entries,manual_review
1190,RESMED,observed_fact,"{'date': '2026-05-04', 'description': 'Sonic Healthcare faces profit pressure despite revenue growth, highlighting margin pressure and debt considerations.'}",active,0.89,news:art_e4faef3c4644fe5bb3b66e32,newspaper4k,DATA_MISSING,2026-05-04T16:07:24Z,2026-05-04T16:11:57+00:00,2026-05-04T16:11:57+00:00,fanout_0063,8,candidate_raw_payload_review,manual_review,raw dict-like row appears to be market/macro context in company memory; do not expire until source and destination are reviewed,medium,MEDIUM,yes,company_memory.sqlite:memory_entries,manual_review
1191,PARADIGM BIOPHARMACEUTICALS,observed_fact,"{'date': '2026-05-04', 'description': 'Sonic Healthcare faces profit pressure despite revenue growth, highlighting margin pressure and debt considerations.'}",active,0.89,news:art_e4faef3c4644fe5bb3b66e32,newspaper4k,DATA_MISSING,2026-05-04T16:07:24Z,2026-05-04T16:11:57+00:00,2026-05-04T16:11:57+00:00,fanout_0063,8,candidate_raw_payload_review,manual_review,raw dict-like row appears to be market/macro context in company memory; do not expire until source and destination are reviewed,medium,MEDIUM,yes,company_memory.sqlite:memory_entries,manual_review
1192,COH,observed_fact,"{'date': '2026-05-04', 'description': 'AROVELLA undergoes major board changes after shareholder action, with a strategic review underway.'}",active,0.88,news:art_e4faef3c4644fe5bb3b66e32,newspaper4k,DATA_MISSING,2026-05-04T16:07:24Z,2026-05-04T16:11:57+00:00,2026-05-04T16:11:57+00:00,fanout_0061,8,candidate_raw_payload_review,manual_review,"raw dict-like row appears to target AROVELLA, but current entity is not in the detected target alias set",medium,MEDIUM,yes,company_memory.sqlite:memory_entries,manual_review
1193,EZZ,observed_fact,"{'date': '2026-05-04', 'description': 'AROVELLA undergoes major board changes after shareholder action, with a strategic review underway.'}",active,0.88,news:art_e4faef3c4644fe5bb3b66e32,newspaper4k,DATA_MISSING,2026-05-04T16:07:24Z,2026-05-04T16:11:57+00:00,2026-05-04T16:11:57+00:00,fanout_0061,8,candidate_raw_payload_review,manual_review,"raw dict-like row appears to target AROVELLA, but current entity is not in the detected target alias set",medium,MEDIUM,yes,company_memory.sqlite:memory_entries,manual_review
1194,AROVELLA,observed_fact,"{'date': '2026-05-04', 'description': 'AROVELLA undergoes major board changes after shareholder action, with a strategic review underway.'}",active,0.88,news:art_e4faef3c4644fe5bb3b66e32,newspaper4k,DATA_MISSING,2026-05-04T16:07:24Z,2026-05-04T16:11:57+00:00,2026-05-04T16:11:57+00:00,fanout_0061,8,candidate_raw_payload_review,manual_review,"raw dict-like row appears to target AROVELLA, and entity matches; preserve text until source review confirms display-safe normalization",medium,MEDIUM,yes,company_memory.sqlite:memory_entries,manual_review
1195,4DMEDICAL,observed_fact,"{'date': '2026-05-04', 'description': 'AROVELLA undergoes major board changes after shareholder action, with a strategic review underway.'}",active,0.88,news:art_e4faef3c4644fe5bb3b66e32,newspaper4k,DATA_MISSING,2026-05-04T16:07:24Z,2026-05-04T16:11:57+00:00,2026-05-04T16:11:57+00:00,fanout_0061,8,candidate_raw_payload_review,manual_review,"raw dict-like row appears to target AROVELLA, but current entity is not in the detected target alias set",medium,MEDIUM,yes,company_memory.sqlite:memory_entries,manual_review
1196,LTR PHARMA,observed_fact,"{'date': '2026-05-04', 'description': 'AROVELLA undergoes major board changes after shareholder action, with a strategic review underway.'}",active,0.88,news:art_e4faef3c4644fe5bb3b66e32,newspaper4k,DATA_MISSING,2026-05-04T16:07:24Z,2026-05-04T16:11:57+00:00,2026-05-04T16:11:57+00:00,fanout_0061,8,candidate_raw_payload_review,manual_review,"raw dict-like row appears to target AROVELLA, but current entity is not in the detected target alias set",medium,MEDIUM,yes,company_memory.sqlite:memory_entries,manual_review
1197,CSL,observed_fact,"{'date': '2026-05-04', 'description': 'AROVELLA undergoes major board changes after shareholder action, with a strategic review underway.'}",active,0.88,news:art_e4faef3c4644fe5bb3b66e32,newspaper4k,DATA_MISSING,2026-05-04T16:07:24Z,2026-05-04T16:11:57+00:00,2026-05-04T16:11:57+00:00,fanout_0061,8,candidate_raw_payload_review,manual_review,"raw dict-like row appears to target AROVELLA, but current entity is not in the detected target alias set",medium,MEDIUM,yes,company_memory.sqlite:memory_entries,manual_review
1198,RESMED,observed_fact,"{'date': '2026-05-04', 'description': 'AROVELLA undergoes major board changes after shareholder action, with a strategic review underway.'}",active,0.88,news:art_e4faef3c4644fe5bb3b66e32,newspaper4k,DATA_MISSING,2026-05-04T16:07:24Z,2026-05-04T16:11:57+00:00,2026-05-04T16:11:57+00:00,fanout_0061,8,candidate_raw_payload_review,manual_review,"raw dict-like row appears to target AROVELLA, but current entity is not in the detected target alias set",medium,MEDIUM,yes,company_memory.sqlite:memory_entries,manual_review
1199,PARADIGM BIOPHARMACEUTICALS,observed_fact,"{'date': '2026-05-04', 'description': 'AROVELLA undergoes major board changes after shareholder action, with a strategic review underway.'}",active,0.88,news:art_e4faef3c4644fe5bb3b66e32,newspaper4k,DATA_MISSING,2026-05-04T16:07:24Z,2026-05-04T16:11:57+00:00,2026-05-04T16:11:57+00:00,fanout_0061,8,candidate_raw_payload_review,manual_review,"raw dict-like row appears to target AROVELLA, but current entity is not in the detected target alias set",medium,MEDIUM,yes,company_memory.sqlite:memory_entries,manual_review
1200,COH,management_guidance,"{'date': '2026-05-04', 'description': 'EZZ enters the wellness market with its MeTime range, targeting growing demand for functional supplements.'}",active,0.87,news:art_e4faef3c4644fe5bb3b66e32,newspaper4k,DATA_MISSING,2026-05-04T16:07:24Z,2026-05-04T16:11:57+00:00,2026-05-04T16:11:57+00:00,fanout_0062,8,candidate_raw_payload_review,manual_review,raw dict-like row appears to be market/macro context in company memory; do not expire until source and destination are reviewed,medium,MEDIUM,yes,company_memory.sqlite:memory_entries,manual_review
1201,EZZ,management_guidance,"{'date': '2026-05-04', 'description': 'EZZ enters the wellness market with its MeTime range, targeting growing demand for functional supplements.'}",active,0.87,news:art_e4faef3c4644fe5bb3b66e32,newspaper4k,DATA_MISSING,2026-05-04T16:07:24Z,2026-05-04T16:11:57+00:00,2026-05-04T16:11:57+00:00,fanout_0062,8,candidate_raw_payload_review,manual_review,"raw dict-like row appears to target EZZ, and entity matches; preserve text until source review confirms display-safe normalization",medium,MEDIUM,yes,company_memory.sqlite:memory_entries,manual_review
1202,AROVELLA,management_guidance,"{'date': '2026-05-04', 'description': 'EZZ enters the wellness market with its MeTime range, targeting growing demand for functional supplements.'}",active,0.87,news:art_e4faef3c4644fe5bb3b66e32,newspaper4k,DATA_MISSING,2026-05-04T16:07:24Z,2026-05-04T16:11:57+00:00,2026-05-04T16:11:57+00:00,fanout_0062,8,candidate_raw_payload_review,manual_review,raw dict-like row appears to be market/macro context in company memory; do not expire until source and destination are reviewed,medium,MEDIUM,yes,company_memory.sqlite:memory_entries,manual_review
1203,4DMEDICAL,management_guidance,"{'date': '2026-05-04', 'description': 'EZZ enters the wellness market with its MeTime range, targeting growing demand for functional supplements.'}",active,0.87,news:art_e4faef3c4644fe5bb3b66e32,newspaper4k,DATA_MISSING,2026-05-04T16:07:24Z,2026-05-04T16:11:57+00:00,2026-05-04T16:11:57+00:00,fanout_0062,8,candidate_raw_payload_review,manual_review,raw dict-like row appears to be market/macro context in company memory; do not expire until source and destination are reviewed,medium,MEDIUM,yes,company_memory.sqlite:memory_entries,manual_review
1204,LTR PHARMA,management_guidance,"{'date': '2026-05-04', 'description': 'EZZ enters the wellness market with its MeTime range, targeting growing demand for functional supplements.'}",active,0.87,news:art_e4faef3c4644fe5bb3b66e32,newspaper4k,DATA_MISSING,2026-05-04T16:07:24Z,2026-05-04T16:11:57+00:00,2026-05-04T16:11:57+00:00,fanout_0062,8,candidate_raw_payload_review,manual_review,raw dict-like row appears to be market/macro context in company memory; do not expire until source and destination are reviewed,medium,MEDIUM,yes,company_memory.sqlite:memory_entries,manual_review
1205,CSL,management_guidance,"{'date': '2026-05-04', 'description': 'EZZ enters the wellness market with its MeTime range, targeting growing demand for functional supplements.'}",active,0.87,news:art_e4faef3c4644fe5bb3b66e32,newspaper4k,DATA_MISSING,2026-05-04T16:07:24Z,2026-05-04T16:11:57+00:00,2026-05-04T16:11:57+00:00,fanout_0062,8,candidate_raw_payload_review,manual_review,raw dict-like row appears to be market/macro context in company memory; do not expire until source and destination are reviewed,medium,MEDIUM,yes,company_memory.sqlite:memory_entries,manual_review
1206,RESMED,management_guidance,"{'date': '2026-05-04', 'description': 'EZZ enters the wellness market with its MeTime range, targeting growing demand for functional supplements.'}",active,0.87,news:art_e4faef3c4644fe5bb3b66e32,newspaper4k,DATA_MISSING,2026-05-04T16:07:24Z,2026-05-04T16:11:57+00:00,2026-05-04T16:11:57+00:00,fanout_0062,8,candidate_raw_payload_review,manual_review,raw dict-like row appears to be market/macro context in company memory; do not expire until source and destination are reviewed,medium,MEDIUM,yes,company_memory.sqlite:memory_entries,manual_review
1207,PARADIGM BIOPHARMACEUTICALS,management_guidance,"{'date': '2026-05-04', 'description': 'EZZ enters the wellness market with its MeTime range, targeting growing demand for functional supplements.'}",active,0.87,news:art_e4faef3c4644fe5bb3b66e32,newspaper4k,DATA_MISSING,2026-05-04T16:07:24Z,2026-05-04T16:11:57+00:00,2026-05-04T16:11:57+00:00,fanout_0062,8,candidate_raw_payload_review,manual_review,raw dict-like row appears to be market/macro context in company memory; do not expire until source and destination are reviewed,medium,MEDIUM,yes,company_memory.sqlite:memory_entries,manual_review
1208,COH,operating_context,"{'date': '2026-05-03', 'description': '4DMEDICAL’s collaboration with GSK highlights the growing role of advanced imaging in respiratory research.'}",active,0.83,news:art_e4faef3c4644fe5bb3b66e32,newspaper4k,DATA_MISSING,2026-05-04T16:07:24Z,2026-05-04T16:11:58+00:00,2026-05-04T16:11:58+00:00,fanout_0060,8,candidate_raw_payload_review,manual_review,raw dict-like row appears to be market/macro context in company memory; do not expire until source and destination are reviewed,medium,MEDIUM,yes,company_memory.sqlite:memory_entries,manual_review
1209,EZZ,operating_context,"{'date': '2026-05-03', 'description': '4DMEDICAL’s collaboration with GSK highlights the growing role of advanced imaging in respiratory research.'}",active,0.83,news:art_e4faef3c4644fe5bb3b66e32,newspaper4k,DATA_MISSING,2026-05-04T16:07:24Z,2026-05-04T16:11:58+00:00,2026-05-04T16:11:58+00:00,fanout_0060,8,candidate_raw_payload_review,manual_review,raw dict-like row appears to be market/macro context in company memory; do not expire until source and destination are reviewed,medium,MEDIUM,yes,company_memory.sqlite:memory_entries,manual_review
1210,AROVELLA,operating_context,"{'date': '2026-05-03', 'description': '4DMEDICAL’s collaboration with GSK highlights the growing role of advanced imaging in respiratory research.'}",active,0.83,news:art_e4faef3c4644fe5bb3b66e32,newspaper4k,DATA_MISSING,2026-05-04T16:07:24Z,2026-05-04T16:11:58+00:00,2026-05-04T16:11:58+00:00,fanout_0060,8,candidate_raw_payload_review,manual_review,raw dict-like row appears to be market/macro context in company memory; do not expire until source and destination are reviewed,medium,MEDIUM,yes,company_memory.sqlite:memory_entries,manual_review
1211,4DMEDICAL,operating_context,"{'date': '2026-05-03', 'description': '4DMEDICAL’s collaboration with GSK highlights the growing role of advanced imaging in respiratory research.'}",active,0.83,news:art_e4faef3c4644fe5bb3b66e32,newspaper4k,DATA_MISSING,2026-05-04T16:07:24Z,2026-05-04T16:11:59+00:00,2026-05-04T16:11:59+00:00,fanout_0060,8,candidate_raw_payload_review,manual_review,"raw dict-like row appears to target 4DMEDICAL, and entity matches; preserve text until source review confirms display-safe normalization",medium,MEDIUM,yes,company_memory.sqlite:memory_entries,manual_review
1212,LTR PHARMA,operating_context,"{'date': '2026-05-03', 'description': '4DMEDICAL’s collaboration with GSK highlights the growing role of advanced imaging in respiratory research.'}",active,0.83,news:art_e4faef3c4644fe5bb3b66e32,newspaper4k,DATA_MISSING,2026-05-04T16:07:24Z,2026-05-04T16:11:59+00:00,2026-05-04T16:11:59+00:00,fanout_0060,8,candidate_raw_payload_review,manual_review,raw dict-like row appears to be market/macro context in company memory; do not expire until source and destination are reviewed,medium,MEDIUM,yes,company_memory.sqlite:memory_entries,manual_review
1213,CSL,operating_context,"{'date': '2026-05-03', 'description': '4DMEDICAL’s collaboration with GSK highlights the growing role of advanced imaging in respiratory research.'}",active,0.83,news:art_e4faef3c4644fe5bb3b66e32,newspaper4k,DATA_MISSING,2026-05-04T16:07:24Z,2026-05-04T16:11:59+00:00,2026-05-04T16:11:59+00:00,fanout_0060,8,candidate_raw_payload_review,manual_review,raw dict-like row appears to be market/macro context in company memory; do not expire until source and destination are reviewed,medium,MEDIUM,yes,company_memory.sqlite:memory_entries,manual_review
1214,RESMED,operating_context,"{'date': '2026-05-03', 'description': '4DMEDICAL’s collaboration with GSK highlights the growing role of advanced imaging in respiratory research.'}",active,0.83,news:art_e4faef3c4644fe5bb3b66e32,newspaper4k,DATA_MISSING,2026-05-04T16:07:24Z,2026-05-04T16:11:59+00:00,2026-05-04T16:11:59+00:00,fanout_0060,8,candidate_raw_payload_review,manual_review,raw dict-like row appears to be market/macro context in company memory; do not expire until source and destination are reviewed,medium,MEDIUM,yes,company_memory.sqlite:memory_entries,manual_review
1215,PARADIGM BIOPHARMACEUTICALS,operating_context,"{'date': '2026-05-03', 'description': '4DMEDICAL’s collaboration with GSK highlights the growing role of advanced imaging in respiratory research.'}",active,0.83,news:art_e4faef3c4644fe5bb3b66e32,newspaper4k,DATA_MISSING,2026-05-04T16:07:24Z,2026-05-04T16:11:59+00:00,2026-05-04T16:11:59+00:00,fanout_0060,8,candidate_raw_payload_review,manual_review,raw dict-like row appears to be market/macro context in company memory; do not expire until source and destination are reviewed,medium,MEDIUM,yes,company_memory.sqlite:memory_entries,manual_review
1216,COH,strategic_initiative,"{'date': '2026-05-01', 'description': 'LTR PHARMA highlights SPONTAN clinical progress, US expansion strategy, and funding strength.'}",active,0.87,news:art_e4faef3c4644fe5bb3b66e32,newspaper4k,DATA_MISSING,2026-05-04T16:07:24Z,2026-05-04T16:12:00+00:00,2026-05-04T16:12:00+00:00,fanout_0057,8,candidate_raw_payload_review,manual_review,"raw dict-like row appears to target LTR PHARMA, but current entity is not in the detected target alias set",medium,MEDIUM,yes,company_memory.sqlite:memory_entries,manual_review
1217,EZZ,strategic_initiative,"{'date': '2026-05-01', 'description': 'LTR PHARMA highlights SPONTAN clinical progress, US expansion strategy, and funding strength.'}",active,0.87,news:art_e4faef3c4644fe5bb3b66e32,newspaper4k,DATA_MISSING,2026-05-04T16:07:24Z,2026-05-04T16:12:00+00:00,2026-05-04T16:12:00+00:00,fanout_0057,8,candidate_raw_payload_review,manual_review,"raw dict-like row appears to target LTR PHARMA, but current entity is not in the detected target alias set",medium,MEDIUM,yes,company_memory.sqlite:memory_entries,manual_review
1218,AROVELLA,strategic_initiative,"{'date': '2026-05-01', 'description': 'LTR PHARMA highlights SPONTAN clinical progress, US expansion strategy, and funding strength.'}",active,0.87,news:art_e4faef3c4644fe5bb3b66e32,newspaper4k,DATA_MISSING,2026-05-04T16:07:24Z,2026-05-04T16:12:00+00:00,2026-05-04T16:12:00+00:00,fanout_0057,8,candidate_raw_payload_review,manual_review,"raw dict-like row appears to target LTR PHARMA, but current entity is not in the detected target alias set",medium,MEDIUM,yes,company_memory.sqlite:memory_entries,manual_review
1219,4DMEDICAL,strategic_initiative,"{'date': '2026-05-01', 'description': 'LTR PHARMA highlights SPONTAN clinical progress, US expansion strategy, and funding strength.'}",active,0.87,news:art_e4faef3c4644fe5bb3b66e32,newspaper4k,DATA_MISSING,2026-05-04T16:07:24Z,2026-05-04T16:12:00+00:00,2026-05-04T16:12:00+00:00,fanout_0057,8,candidate_raw_payload_review,manual_review,"raw dict-like row appears to target LTR PHARMA, but current entity is not in the detected target alias set",medium,MEDIUM,yes,company_memory.sqlite:memory_entries,manual_review
1220,LTR PHARMA,strategic_initiative,"{'date': '2026-05-01', 'description': 'LTR PHARMA highlights SPONTAN clinical progress, US expansion strategy, and funding strength.'}",active,0.87,news:art_e4faef3c4644fe5bb3b66e32,newspaper4k,DATA_MISSING,2026-05-04T16:07:24Z,2026-05-04T16:12:00+00:00,2026-05-04T16:12:00+00:00,fanout_0057,8,candidate_raw_payload_review,manual_review,"raw dict-like row appears to target LTR PHARMA, and entity matches; preserve text until source review confirms display-safe normalization",medium,MEDIUM,yes,company_memory.sqlite:memory_entries,manual_review
1221,CSL,strategic_initiative,"{'date': '2026-05-01', 'description': 'LTR PHARMA highlights SPONTAN clinical progress, US expansion strategy, and funding strength.'}",active,0.87,news:art_e4faef3c4644fe5bb3b66e32,newspaper4k,DATA_MISSING,2026-05-04T16:07:24Z,2026-05-04T16:12:00+00:00,2026-05-04T16:12:00+00:00,fanout_0057,8,candidate_raw_payload_review,manual_review,"raw dict-like row appears to target LTR PHARMA, but current entity is not in the detected target alias set",medium,MEDIUM,yes,company_memory.sqlite:memory_entries,manual_review
1222,RESMED,strategic_initiative,"{'date': '2026-05-01', 'description': 'LTR PHARMA highlights SPONTAN clinical progress, US expansion strategy, and funding strength.'}",active,0.87,news:art_e4faef3c4644fe5bb3b66e32,newspaper4k,DATA_MISSING,2026-05-04T16:07:24Z,2026-05-04T16:12:00+00:00,2026-05-04T16:12:00+00:00,fanout_0057,8,candidate_raw_payload_review,manual_review,"raw dict-like row appears to target LTR PHARMA, but current entity is not in the detected target alias set",medium,MEDIUM,yes,company_memory.sqlite:memory_entries,manual_review
1223,PARADIGM BIOPHARMACEUTICALS,strategic_initiative,"{'date': '2026-05-01', 'description': 'LTR PHARMA highlights SPONTAN clinical progress, US expansion strategy, and funding strength.'}",active,0.87,news:art_e4faef3c4644fe5bb3b66e32,newspaper4k,DATA_MISSING,2026-05-04T16:07:24Z,2026-05-04T16:12:00+00:00,2026-05-04T16:12:00+00:00,fanout_0057,8,candidate_raw_payload_review,manual_review,"raw dict-like row appears to target LTR PHARMA, but current entity is not in the detected target alias set",medium,MEDIUM,yes,company_memory.sqlite:memory_entries,manual_review
1224,COH,observed_fact,"{'date': '2026-05-01', 'description': '4DMEDICAL secures a new pharma contract, boosting its lung imaging platform adoption.'}",active,0.88,news:art_e4faef3c4644fe5bb3b66e32,newspaper4k,DATA_MISSING,2026-05-04T16:07:24Z,2026-05-04T16:12:00+00:00,2026-05-04T16:12:00+00:00,fanout_0055,8,candidate_raw_payload_review,manual_review,"raw dict-like row appears to target 4DMEDICAL, but current entity is not in the detected target alias set",medium,MEDIUM,yes,company_memory.sqlite:memory_entries,manual_review
1225,EZZ,observed_fact,"{'date': '2026-05-01', 'description': '4DMEDICAL secures a new pharma contract, boosting its lung imaging platform adoption.'}",active,0.88,news:art_e4faef3c4644fe5bb3b66e32,newspaper4k,DATA_MISSING,2026-05-04T16:07:24Z,2026-05-04T16:12:00+00:00,2026-05-04T16:12:00+00:00,fanout_0055,8,candidate_raw_payload_review,manual_review,"raw dict-like row appears to target 4DMEDICAL, but current entity is not in the detected target alias set",medium,MEDIUM,yes,company_memory.sqlite:memory_entries,manual_review
1226,AROVELLA,observed_fact,"{'date': '2026-05-01', 'description': '4DMEDICAL secures a new pharma contract, boosting its lung imaging platform adoption.'}",active,0.88,news:art_e4faef3c4644fe5bb3b66e32,newspaper4k,DATA_MISSING,2026-05-04T16:07:24Z,2026-05-04T16:12:00+00:00,2026-05-04T16:12:00+00:00,fanout_0055,8,candidate_raw_payload_review,manual_review,"raw dict-like row appears to target 4DMEDICAL, but current entity is not in the detected target alias set",medium,MEDIUM,yes,company_memory.sqlite:memory_entries,manual_review
1227,4DMEDICAL,observed_fact,"{'date': '2026-05-01', 'description': '4DMEDICAL secures a new pharma contract, boosting its lung imaging platform adoption.'}",active,0.88,news:art_e4faef3c4644fe5bb3b66e32,newspaper4k,DATA_MISSING,2026-05-04T16:07:24Z,2026-05-04T16:12:00+00:00,2026-05-04T16:12:00+00:00,fanout_0055,8,candidate_raw_payload_review,manual_review,"raw dict-like row appears to target 4DMEDICAL, and entity matches; preserve text until source review confirms display-safe normalization",medium,MEDIUM,yes,company_memory.sqlite:memory_entries,manual_review
1228,LTR PHARMA,observed_fact,"{'date': '2026-05-01', 'description': '4DMEDICAL secures a new pharma contract, boosting its lung imaging platform adoption.'}",active,0.88,news:art_e4faef3c4644fe5bb3b66e32,newspaper4k,DATA_MISSING,2026-05-04T16:07:24Z,2026-05-04T16:12:00+00:00,2026-05-04T16:12:00+00:00,fanout_0055,8,candidate_raw_payload_review,manual_review,"raw dict-like row appears to target 4DMEDICAL, but current entity is not in the detected target alias set",medium,MEDIUM,yes,company_memory.sqlite:memory_entries,manual_review
1229,CSL,observed_fact,"{'date': '2026-05-01', 'description': '4DMEDICAL secures a new pharma contract, boosting its lung imaging platform adoption.'}",active,0.88,news:art_e4faef3c4644fe5bb3b66e32,newspaper4k,DATA_MISSING,2026-05-04T16:07:24Z,2026-05-04T16:12:00+00:00,2026-05-04T16:12:00+00:00,fanout_0055,8,candidate_raw_payload_review,manual_review,"raw dict-like row appears to target 4DMEDICAL, but current entity is not in the detected target alias set",medium,MEDIUM,yes,company_memory.sqlite:memory_entries,manual_review
1230,RESMED,observed_fact,"{'date': '2026-05-01', 'description': '4DMEDICAL secures a new pharma contract, boosting its lung imaging platform adoption.'}",active,0.88,news:art_e4faef3c4644fe5bb3b66e32,newspaper4k,DATA_MISSING,2026-05-04T16:07:24Z,2026-05-04T16:12:00+00:00,2026-05-04T16:12:00+00:00,fanout_0055,8,candidate_raw_payload_review,manual_review,"raw dict-like row appears to target 4DMEDICAL, but current entity is not in the detected target alias set",medium,MEDIUM,yes,company_memory.sqlite:memory_entries,manual_review
1231,PARADIGM BIOPHARMACEUTICALS,observed_fact,"{'date': '2026-05-01', 'description': '4DMEDICAL secures a new pharma contract, boosting its lung imaging platform adoption.'}",active,0.88,news:art_e4faef3c4644fe5bb3b66e32,newspaper4k,DATA_MISSING,2026-05-04T16:07:24Z,2026-05-04T16:12:00+00:00,2026-05-04T16:12:00+00:00,fanout_0055,8,candidate_raw_payload_review,manual_review,"raw dict-like row appears to target 4DMEDICAL, but current entity is not in the detected target alias set",medium,MEDIUM,yes,company_memory.sqlite:memory_entries,manual_review
1232,COH,observed_fact,"{'date': '2026-05-01', 'description': 'CSL faces renewed scrutiny as valuation gaps and growth expectations drive market debate.'}",active,0.89,news:art_e4faef3c4644fe5bb3b66e32,newspaper4k,DATA_MISSING,2026-05-04T16:07:24Z,2026-05-04T16:12:00+00:00,2026-05-04T16:12:00+00:00,fanout_0056,8,candidate_raw_payload_review,manual_review,"raw dict-like row appears to target CSL, but current entity is not in the detected target alias set",medium,MEDIUM,yes,company_memory.sqlite:memory_entries,manual_review
1233,EZZ,observed_fact,"{'date': '2026-05-01', 'description': 'CSL faces renewed scrutiny as valuation gaps and growth expectations drive market debate.'}",active,0.89,news:art_e4faef3c4644fe5bb3b66e32,newspaper4k,DATA_MISSING,2026-05-04T16:07:24Z,2026-05-04T16:12:00+00:00,2026-05-04T16:12:00+00:00,fanout_0056,8,candidate_raw_payload_review,manual_review,"raw dict-like row appears to target CSL, but current entity is not in the detected target alias set",medium,MEDIUM,yes,company_memory.sqlite:memory_entries,manual_review
1234,AROVELLA,observed_fact,"{'date': '2026-05-01', 'description': 'CSL faces renewed scrutiny as valuation gaps and growth expectations drive market debate.'}",active,0.89,news:art_e4faef3c4644fe5bb3b66e32,newspaper4k,DATA_MISSING,2026-05-04T16:07:24Z,2026-05-04T16:12:00+00:00,2026-05-04T16:12:00+00:00,fanout_0056,8,candidate_raw_payload_review,manual_review,"raw dict-like row appears to target CSL, but current entity is not in the detected target alias set",medium,MEDIUM,yes,company_memory.sqlite:memory_entries,manual_review
1235,4DMEDICAL,observed_fact,"{'date': '2026-05-01', 'description': 'CSL faces renewed scrutiny as valuation gaps and growth expectations drive market debate.'}",active,0.89,news:art_e4faef3c4644fe5bb3b66e32,newspaper4k,DATA_MISSING,2026-05-04T16:07:24Z,2026-05-04T16:12:01+00:00,2026-05-04T16:12:01+00:00,fanout_0056,8,candidate_raw_payload_review,manual_review,"raw dict-like row appears to target CSL, but current entity is not in the detected target alias set",medium,MEDIUM,yes,company_memory.sqlite:memory_entries,manual_review
1236,LTR PHARMA,observed_fact,"{'date': '2026-05-01', 'description': 'CSL faces renewed scrutiny as valuation gaps and growth expectations drive market debate.'}",active,0.89,news:art_e4faef3c4644fe5bb3b66e32,newspaper4k,DATA_MISSING,2026-05-04T16:07:24Z,2026-05-04T16:12:01+00:00,2026-05-04T16:12:01+00:00,fanout_0056,8,candidate_raw_payload_review,manual_review,"raw dict-like row appears to target CSL, but current entity is not in the detected target alias set",medium,MEDIUM,yes,company_memory.sqlite:memory_entries,manual_review
1237,CSL,observed_fact,"{'date': '2026-05-01', 'description': 'CSL faces renewed scrutiny as valuation gaps and growth expectations drive market debate.'}",active,0.89,news:art_e4faef3c4644fe5bb3b66e32,newspaper4k,DATA_MISSING,2026-05-04T16:07:24Z,2026-05-04T16:12:01+00:00,2026-05-04T16:12:01+00:00,fanout_0056,8,candidate_raw_payload_review,manual_review,"raw dict-like row appears to target CSL, and entity matches; preserve text until source review confirms display-safe normalization",medium,MEDIUM,yes,company_memory.sqlite:memory_entries,manual_review
1238,RESMED,observed_fact,"{'date': '2026-05-01', 'description': 'CSL faces renewed scrutiny as valuation gaps and growth expectations drive market debate.'}",active,0.89,news:art_e4faef3c4644fe5bb3b66e32,newspaper4k,DATA_MISSING,2026-05-04T16:07:24Z,2026-05-04T16:12:02+00:00,2026-05-04T16:12:02+00:00,fanout_0056,8,candidate_raw_payload_review,manual_review,"raw dict-like row appears to target CSL, but current entity is not in the detected target alias set",medium,MEDIUM,yes,company_memory.sqlite:memory_entries,manual_review
1239,PARADIGM BIOPHARMACEUTICALS,observed_fact,"{'date': '2026-05-01', 'description': 'CSL faces renewed scrutiny as valuation gaps and growth expectations drive market debate.'}",active,0.89,news:art_e4faef3c4644fe5bb3b66e32,newspaper4k,DATA_MISSING,2026-05-04T16:07:24Z,2026-05-04T16:12:02+00:00,2026-05-04T16:12:02+00:00,fanout_0056,8,candidate_raw_payload_review,manual_review,"raw dict-like row appears to target CSL, but current entity is not in the detected target alias set",medium,MEDIUM,yes,company_memory.sqlite:memory_entries,manual_review
1240,COH,strategic_initiative,"{'date': '2026-05-01', 'description': 'RESMED delivers strong quarterly growth supported by global demand, innovation, and digital health expansion.'}",active,0.87,news:art_e4faef3c4644fe5bb3b66e32,newspaper4k,DATA_MISSING,2026-05-04T16:07:24Z,2026-05-04T16:12:02+00:00,2026-05-04T16:12:02+00:00,fanout_0059,8,candidate_raw_payload_review,manual_review,raw dict-like row appears to be market/macro context in company memory; do not expire until source and destination are reviewed,medium,MEDIUM,yes,company_memory.sqlite:memory_entries,manual_review
1241,EZZ,strategic_initiative,"{'date': '2026-05-01', 'description': 'RESMED delivers strong quarterly growth supported by global demand, innovation, and digital health expansion.'}",active,0.87,news:art_e4faef3c4644fe5bb3b66e32,newspaper4k,DATA_MISSING,2026-05-04T16:07:24Z,2026-05-04T16:12:02+00:00,2026-05-04T16:12:02+00:00,fanout_0059,8,candidate_raw_payload_review,manual_review,raw dict-like row appears to be market/macro context in company memory; do not expire until source and destination are reviewed,medium,MEDIUM,yes,company_memory.sqlite:memory_entries,manual_review
1242,AROVELLA,strategic_initiative,"{'date': '2026-05-01', 'description': 'RESMED delivers strong quarterly growth supported by global demand, innovation, and digital health expansion.'}",active,0.87,news:art_e4faef3c4644fe5bb3b66e32,newspaper4k,DATA_MISSING,2026-05-04T16:07:24Z,2026-05-04T16:12:02+00:00,2026-05-04T16:12:02+00:00,fanout_0059,8,candidate_raw_payload_review,manual_review,raw dict-like row appears to be market/macro context in company memory; do not expire until source and destination are reviewed,medium,MEDIUM,yes,company_memory.sqlite:memory_entries,manual_review
1243,4DMEDICAL,strategic_initiative,"{'date': '2026-05-01', 'description': 'RESMED delivers strong quarterly growth supported by global demand, innovation, and digital health expansion.'}",active,0.87,news:art_e4faef3c4644fe5bb3b66e32,newspaper4k,DATA_MISSING,2026-05-04T16:07:24Z,2026-05-04T16:12:02+00:00,2026-05-04T16:12:02+00:00,fanout_0059,8,candidate_raw_payload_review,manual_review,raw dict-like row appears to be market/macro context in company memory; do not expire until source and destination are reviewed,medium,MEDIUM,yes,company_memory.sqlite:memory_entries,manual_review
1244,LTR PHARMA,strategic_initiative,"{'date': '2026-05-01', 'description': 'RESMED delivers strong quarterly growth supported by global demand, innovation, and digital health expansion.'}",active,0.87,news:art_e4faef3c4644fe5bb3b66e32,newspaper4k,DATA_MISSING,2026-05-04T16:07:24Z,2026-05-04T16:12:02+00:00,2026-05-04T16:12:02+00:00,fanout_0059,8,candidate_raw_payload_review,manual_review,raw dict-like row appears to be market/macro context in company memory; do not expire until source and destination are reviewed,medium,MEDIUM,yes,company_memory.sqlite:memory_entries,manual_review
1245,CSL,strategic_initiative,"{'date': '2026-05-01', 'description': 'RESMED delivers strong quarterly growth supported by global demand, innovation, and digital health expansion.'}",active,0.87,news:art_e4faef3c4644fe5bb3b66e32,newspaper4k,DATA_MISSING,2026-05-04T16:07:24Z,2026-05-04T16:12:02+00:00,2026-05-04T16:12:02+00:00,fanout_0059,8,candidate_raw_payload_review,manual_review,raw dict-like row appears to be market/macro context in company memory; do not expire until source and destination are reviewed,medium,MEDIUM,yes,company_memory.sqlite:memory_entries,manual_review
1246,RESMED,strategic_initiative,"{'date': '2026-05-01', 'description': 'RESMED delivers strong quarterly growth supported by global demand, innovation, and digital health expansion.'}",active,0.87,news:art_e4faef3c4644fe5bb3b66e32,newspaper4k,DATA_MISSING,2026-05-04T16:07:24Z,2026-05-04T16:12:02+00:00,2026-05-04T16:12:02+00:00,fanout_0059,8,candidate_raw_payload_review,manual_review,"raw dict-like row appears to target RESMED, and entity matches; preserve text until source review confirms display-safe normalization",medium,MEDIUM,yes,company_memory.sqlite:memory_entries,manual_review
1247,PARADIGM BIOPHARMACEUTICALS,strategic_initiative,"{'date': '2026-05-01', 'description': 'RESMED delivers strong quarterly growth supported by global demand, innovation, and digital health expansion.'}",active,0.87,news:art_e4faef3c4644fe5bb3b66e32,newspaper4k,DATA_MISSING,2026-05-04T16:07:24Z,2026-05-04T16:12:02+00:00,2026-05-04T16:12:02+00:00,fanout_0059,8,candidate_raw_payload_review,manual_review,raw dict-like row appears to be market/macro context in company memory; do not expire until source and destination are reviewed,medium,MEDIUM,yes,company_memory.sqlite:memory_entries,manual_review
1248,COH,operating_context,"{'date': '2026-05-01', 'description': 'PARADIGM BIOPHARMACEUTICALS expands its share base to support development, improve liquidity, and strengthen funding flexibility.'}",active,0.86,news:art_e4faef3c4644fe5bb3b66e32,newspaper4k,DATA_MISSING,2026-05-04T16:07:24Z,2026-05-04T16:12:02+00:00,2026-05-04T16:12:02+00:00,fanout_0058,8,candidate_raw_payload_review,manual_review,"raw dict-like row appears to target PARADIGM BIOPHARMACEUTICALS, but current entity is not in the detected target alias set",medium,MEDIUM,yes,company_memory.sqlite:memory_entries,manual_review
1249,EZZ,operating_context,"{'date': '2026-05-01', 'description': 'PARADIGM BIOPHARMACEUTICALS expands its share base to support development, improve liquidity, and strengthen funding flexibility.'}",active,0.86,news:art_e4faef3c4644fe5bb3b66e32,newspaper4k,DATA_MISSING,2026-05-04T16:07:24Z,2026-05-04T16:12:03+00:00,2026-05-04T16:12:03+00:00,fanout_0058,8,candidate_raw_payload_review,manual_review,"raw dict-like row appears to target PARADIGM BIOPHARMACEUTICALS, but current entity is not in the detected target alias set",medium,MEDIUM,yes,company_memory.sqlite:memory_entries,manual_review
1250,AROVELLA,operating_context,"{'date': '2026-05-01', 'description': 'PARADIGM BIOPHARMACEUTICALS expands its share base to support development, improve liquidity, and strengthen funding flexibility.'}",active,0.86,news:art_e4faef3c4644fe5bb3b66e32,newspaper4k,DATA_MISSING,2026-05-04T16:07:24Z,2026-05-04T16:12:03+00:00,2026-05-04T16:12:03+00:00,fanout_0058,8,candidate_raw_payload_review,manual_review,"raw dict-like row appears to target PARADIGM BIOPHARMACEUTICALS, but current entity is not in the detected target alias set",medium,MEDIUM,yes,company_memory.sqlite:memory_entries,manual_review
1251,4DMEDICAL,operating_context,"{'date': '2026-05-01', 'description': 'PARADIGM BIOPHARMACEUTICALS expands its share base to support development, improve liquidity, and strengthen funding flexibility.'}",active,0.86,news:art_e4faef3c4644fe5bb3b66e32,newspaper4k,DATA_MISSING,2026-05-04T16:07:24Z,2026-05-04T16:12:03+00:00,2026-05-04T16:12:03+00:00,fanout_0058,8,candidate_raw_payload_review,manual_review,"raw dict-like row appears to target PARADIGM BIOPHARMACEUTICALS, but current entity is not in the detected target alias set",medium,MEDIUM,yes,company_memory.sqlite:memory_entries,manual_review
1252,LTR PHARMA,operating_context,"{'date': '2026-05-01', 'description': 'PARADIGM BIOPHARMACEUTICALS expands its share base to support development, improve liquidity, and strengthen funding flexibility.'}",active,0.86,news:art_e4faef3c4644fe5bb3b66e32,newspaper4k,DATA_MISSING,2026-05-04T16:07:24Z,2026-05-04T16:12:03+00:00,2026-05-04T16:12:03+00:00,fanout_0058,8,candidate_raw_payload_review,manual_review,"raw dict-like row appears to target PARADIGM BIOPHARMACEUTICALS, but current entity is not in the detected target alias set",medium,MEDIUM,yes,company_memory.sqlite:memory_entries,manual_review
1253,CSL,operating_context,"{'date': '2026-05-01', 'description': 'PARADIGM BIOPHARMACEUTICALS expands its share base to support development, improve liquidity, and strengthen funding flexibility.'}",active,0.86,news:art_e4faef3c4644fe5bb3b66e32,newspaper4k,DATA_MISSING,2026-05-04T16:07:24Z,2026-05-04T16:12:03+00:00,2026-05-04T16:12:03+00:00,fanout_0058,8,candidate_raw_payload_review,manual_review,"raw dict-like row appears to target PARADIGM BIOPHARMACEUTICALS, but current entity is not in the detected target alias set",medium,MEDIUM,yes,company_memory.sqlite:memory_entries,manual_review
1254,RESMED,operating_context,"{'date': '2026-05-01', 'description': 'PARADIGM BIOPHARMACEUTICALS expands its share base to support development, improve liquidity, and strengthen funding flexibility.'}",active,0.86,news:art_e4faef3c4644fe5bb3b66e32,newspaper4k,DATA_MISSING,2026-05-04T16:07:24Z,2026-05-04T16:12:03+00:00,2026-05-04T16:12:03+00:00,fanout_0058,8,candidate_raw_payload_review,manual_review,"raw dict-like row appears to target PARADIGM BIOPHARMACEUTICALS, but current entity is not in the detected target alias set",medium,MEDIUM,yes,company_memory.sqlite:memory_entries,manual_review
1255,PARADIGM BIOPHARMACEUTICALS,operating_context,"{'date': '2026-05-01', 'description': 'PARADIGM BIOPHARMACEUTICALS expands its share base to support development, improve liquidity, and strengthen funding flexibility.'}",active,0.86,news:art_e4faef3c4644fe5bb3b66e32,newspaper4k,DATA_MISSING,2026-05-04T16:07:24Z,2026-05-04T16:12:04+00:00,2026-05-04T16:12:04+00:00,fanout_0058,8,candidate_raw_payload_review,manual_review,"raw dict-like row appears to target PARADIGM BIOPHARMACEUTICALS, and entity matches; preserve text until source review confirms display-safe normalization",medium,MEDIUM,yes,company_memory.sqlite:memory_entries,manual_review
1344,WBC,observed_fact,"{'date': '2026-05-09', 'description': 'Reserve Bank of Australia (RBA) is expected to raise the cash rate to 4.35%.'}",active,0.88,news:art_bcbc4dad9bda5cbf02c91115,newspaper4k,DATA_MISSING,2026-05-04T07:16:23Z,2026-05-04T16:41:38+00:00,2026-05-04T16:41:38+00:00,fanout_0092,4,candidate_raw_payload_review,manual_review,raw dict-like row appears to be market/macro context in company memory; do not expire until source and destination are reviewed,medium,MEDIUM,yes,company_memory.sqlite:memory_entries,manual_review
1345,UGL,observed_fact,"{'date': '2026-05-09', 'description': 'Reserve Bank of Australia (RBA) is expected to raise the cash rate to 4.35%.'}",active,0.88,news:art_bcbc4dad9bda5cbf02c91115,newspaper4k,DATA_MISSING,2026-05-04T07:16:23Z,2026-05-04T16:41:39+00:00,2026-05-04T16:41:39+00:00,fanout_0092,4,candidate_raw_payload_review,manual_review,raw dict-like row appears to be market/macro context in company memory; do not expire until source and destination are reviewed,medium,MEDIUM,yes,company_memory.sqlite:memory_entries,manual_review
1346,GOLD,observed_fact,"{'date': '2026-05-09', 'description': 'Reserve Bank of Australia (RBA) is expected to raise the cash rate to 4.35%.'}",active,0.88,news:art_bcbc4dad9bda5cbf02c91115,newspaper4k,DATA_MISSING,2026-05-04T07:16:23Z,2026-05-04T16:41:39+00:00,2026-05-04T16:41:39+00:00,fanout_0092,4,candidate_raw_payload_review,manual_review,raw dict-like row appears to be market/macro context in company memory; do not expire until source and destination are reviewed,medium,MEDIUM,yes,company_memory.sqlite:memory_entries,manual_review
1347,RETAIL,observed_fact,"{'date': '2026-05-09', 'description': 'Reserve Bank of Australia (RBA) is expected to raise the cash rate to 4.35%.'}",active,0.88,news:art_bcbc4dad9bda5cbf02c91115,newspaper4k,DATA_MISSING,2026-05-04T07:16:23Z,2026-05-04T16:41:39+00:00,2026-05-04T16:41:39+00:00,fanout_0092,4,candidate_raw_payload_review,manual_review,raw dict-like row appears to be market/macro context in company memory; do not expire until source and destination are reviewed,medium,MEDIUM,yes,company_memory.sqlite:memory_entries,manual_review
1348,WBC,observed_fact,"{'date': '2026-12-25', 'description': 'Bond market is pricing in at least two more rate rises by Christmas.'}",active,0.88,news:art_bcbc4dad9bda5cbf02c91115,newspaper4k,DATA_MISSING,2026-05-04T07:16:23Z,2026-05-04T16:41:39+00:00,2026-05-04T16:41:39+00:00,fanout_0093,4,candidate_raw_payload_review,manual_review,raw dict-like row appears to be market/macro context in company memory; do not expire until source and destination are reviewed,medium,MEDIUM,yes,company_memory.sqlite:memory_entries,manual_review
1349,UGL,observed_fact,"{'date': '2026-12-25', 'description': 'Bond market is pricing in at least two more rate rises by Christmas.'}",active,0.88,news:art_bcbc4dad9bda5cbf02c91115,newspaper4k,DATA_MISSING,2026-05-04T07:16:23Z,2026-05-04T16:41:39+00:00,2026-05-04T16:41:39+00:00,fanout_0093,4,candidate_raw_payload_review,manual_review,raw dict-like row appears to be market/macro context in company memory; do not expire until source and destination are reviewed,medium,MEDIUM,yes,company_memory.sqlite:memory_entries,manual_review
1350,GOLD,observed_fact,"{'date': '2026-12-25', 'description': 'Bond market is pricing in at least two more rate rises by Christmas.'}",active,0.88,news:art_bcbc4dad9bda5cbf02c91115,newspaper4k,DATA_MISSING,2026-05-04T07:16:23Z,2026-05-04T16:41:39+00:00,2026-05-04T16:41:39+00:00,fanout_0093,4,candidate_raw_payload_review,manual_review,raw dict-like row appears to be market/macro context in company memory; do not expire until source and destination are reviewed,medium,MEDIUM,yes,company_memory.sqlite:memory_entries,manual_review
1351,RETAIL,observed_fact,"{'date': '2026-12-25', 'description': 'Bond market is pricing in at least two more rate rises by Christmas.'}",active,0.88,news:art_bcbc4dad9bda5cbf02c91115,newspaper4k,DATA_MISSING,2026-05-04T07:16:23Z,2026-05-04T16:41:39+00:00,2026-05-04T16:41:39+00:00,fanout_0093,4,candidate_raw_payload_review,manual_review,raw dict-like row appears to be market/macro context in company memory; do not expire until source and destination are reviewed,medium,MEDIUM,yes,company_memory.sqlite:memory_entries,manual_review
1360,PINNACLE INVESTMENT MANAGEMENT,management_guidance,"{'date': '2026-05-04', 'description': 'PINNACLE INVESTMENT MANAGEMENT acquires an additional 6.8% of METRICS CREDIT HOLDINGS for $100.5 million, restoring its equity interest to about 35%",active,0.87,news:art_1e01218da9c5674a9584063c,newspaper4k,DATA_MISSING,2026-05-04T07:11:00Z,2026-05-04T16:42:12+00:00,2026-05-04T16:42:12+00:00,fanout_0091,4,candidate_raw_payload_review,manual_review,raw dict-like row lacks enough structured attribution for automated cleanup,medium,MEDIUM,yes,company_memory.sqlite:memory_entries,manual_review
1361,METRICS CREDIT HOLDINGS,management_guidance,"{'date': '2026-05-04', 'description': 'PINNACLE INVESTMENT MANAGEMENT acquires an additional 6.8% of METRICS CREDIT HOLDINGS for $100.5 million, restoring its equity interest to about 35%",active,0.87,news:art_1e01218da9c5674a9584063c,newspaper4k,DATA_MISSING,2026-05-04T07:11:00Z,2026-05-04T16:42:12+00:00,2026-05-04T16:42:12+00:00,fanout_0091,4,candidate_raw_payload_review,manual_review,raw dict-like row lacks enough structured attribution for automated cleanup,medium,MEDIUM,yes,company_memory.sqlite:memory_entries,manual_review
1362,NATIONAL PENSION SERVICE OF KOREA (NPS),management_guidance,"{'date': '2026-05-04', 'description': 'PINNACLE INVESTMENT MANAGEMENT acquires an additional 6.8% of METRICS CREDIT HOLDINGS for $100.5 million, restoring its equity interest to about 35%",active,0.87,news:art_1e01218da9c5674a9584063c,newspaper4k,DATA_MISSING,2026-05-04T07:11:00Z,2026-05-04T16:42:12+00:00,2026-05-04T16:42:12+00:00,fanout_0091,4,candidate_raw_payload_review,manual_review,raw dict-like row lacks enough structured attribution for automated cleanup,medium,MEDIUM,yes,company_memory.sqlite:memory_entries,manual_review
1363,TOWNSEND HOLDINGS,management_guidance,"{'date': '2026-05-04', 'description': 'PINNACLE INVESTMENT MANAGEMENT acquires an additional 6.8% of METRICS CREDIT HOLDINGS for $100.5 million, restoring its equity interest to about 35%",active,0.87,news:art_1e01218da9c5674a9584063c,newspaper4k,DATA_MISSING,2026-05-04T07:11:00Z,2026-05-04T16:42:12+00:00,2026-05-04T16:42:12+00:00,fanout_0091,4,candidate_raw_payload_review,manual_review,raw dict-like row lacks enough structured attribution for automated cleanup,medium,MEDIUM,yes,company_memory.sqlite:memory_entries,manual_review
1364,PINNACLE INVESTMENT MANAGEMENT,strategic_initiative,"The National Pension Service of Korea (NPS) through its strategic partnership with TOWNSEND HOLDINGS agrees to purchase another 6.37% of existing equity in Metrics, taking its shareholding to 9.9%.'}",active,0.81,news:art_1e01218da9c5674a9584063c,newspaper4k,DATA_MISSING,2026-05-04T07:11:00Z,2026-05-04T16:42:12+00:00,2026-05-04T16:42:12+00:00,fanout_0075,4,candidate_manual_review,manual_review,row has provenance but insufficient deterministic target/scope evidence for automated cleanup,low,MEDIUM,yes,company_memory.sqlite:memory_entries,manual_review
1365,METRICS CREDIT HOLDINGS,strategic_initiative,"The National Pension Service of Korea (NPS) through its strategic partnership with TOWNSEND HOLDINGS agrees to purchase another 6.37% of existing equity in Metrics, taking its shareholding to 9.9%.'}",active,0.81,news:art_1e01218da9c5674a9584063c,newspaper4k,DATA_MISSING,2026-05-04T07:11:00Z,2026-05-04T16:42:12+00:00,2026-05-04T16:42:12+00:00,fanout_0075,4,candidate_manual_review,manual_review,row has provenance but insufficient deterministic target/scope evidence for automated cleanup,low,MEDIUM,yes,company_memory.sqlite:memory_entries,manual_review
1366,NATIONAL PENSION SERVICE OF KOREA (NPS),strategic_initiative,"The National Pension Service of Korea (NPS) through its strategic partnership with TOWNSEND HOLDINGS agrees to purchase another 6.37% of existing equity in Metrics, taking its shareholding to 9.9%.'}",active,0.81,news:art_1e01218da9c5674a9584063c,newspaper4k,DATA_MISSING,2026-05-04T07:11:00Z,2026-05-04T16:42:12+00:00,2026-05-04T16:42:12+00:00,fanout_0075,4,candidate_manual_review,manual_review,row has provenance but insufficient deterministic target/scope evidence for automated cleanup,low,MEDIUM,yes,company_memory.sqlite:memory_entries,manual_review
1367,TOWNSEND HOLDINGS,strategic_initiative,"The National Pension Service of Korea (NPS) through its strategic partnership with TOWNSEND HOLDINGS agrees to purchase another 6.37% of existing equity in Metrics, taking its shareholding to 9.9%.'}",active,0.81,news:art_1e01218da9c5674a9584063c,newspaper4k,DATA_MISSING,2026-05-04T07:11:00Z,2026-05-04T16:42:12+00:00,2026-05-04T16:42:12+00:00,fanout_0075,4,candidate_manual_review,manual_review,row has provenance but insufficient deterministic target/scope evidence for automated cleanup,low,MEDIUM,yes,company_memory.sqlite:memory_entries,manual_review
1368,PINNACLE INVESTMENT MANAGEMENT,observed_fact,"{'date': '2026-03-31', 'description': 'Graham McNamara, former managing partner of METRICS CREDIT HOLDINGS, retires but continues to be involved as an adviser.'}",active,0.88,news:art_1e01218da9c5674a9584063c,newspaper4k,DATA_MISSING,2026-05-04T07:11:00Z,2026-05-04T16:42:12+00:00,2026-05-04T16:42:12+00:00,fanout_0083,4,candidate_raw_payload_review,manual_review,raw dict-like row lacks enough structured attribution for automated cleanup,medium,MEDIUM,yes,company_memory.sqlite:memory_entries,manual_review
1369,METRICS CREDIT HOLDINGS,observed_fact,"{'date': '2026-03-31', 'description': 'Graham McNamara, former managing partner of METRICS CREDIT HOLDINGS, retires but continues to be involved as an adviser.'}",active,0.88,news:art_1e01218da9c5674a9584063c,newspaper4k,DATA_MISSING,2026-05-04T07:11:00Z,2026-05-04T16:42:13+00:00,2026-05-04T16:42:13+00:00,fanout_0083,4,candidate_raw_payload_review,manual_review,raw dict-like row lacks enough structured attribution for automated cleanup,medium,MEDIUM,yes,company_memory.sqlite:memory_entries,manual_review
1370,NATIONAL PENSION SERVICE OF KOREA (NPS),observed_fact,"{'date': '2026-03-31', 'description': 'Graham McNamara, former managing partner of METRICS CREDIT HOLDINGS, retires but continues to be involved as an adviser.'}",active,0.88,news:art_1e01218da9c5674a9584063c,newspaper4k,DATA_MISSING,2026-05-04T07:11:00Z,2026-05-04T16:42:13+00:00,2026-05-04T16:42:13+00:00,fanout_0083,4,candidate_raw_payload_review,manual_review,raw dict-like row lacks enough structured attribution for automated cleanup,medium,MEDIUM,yes,company_memory.sqlite:memory_entries,manual_review
1371,TOWNSEND HOLDINGS,observed_fact,"{'date': '2026-03-31', 'description': 'Graham McNamara, former managing partner of METRICS CREDIT HOLDINGS, retires but continues to be involved as an adviser.'}",active,0.88,news:art_1e01218da9c5674a9584063c,newspaper4k,DATA_MISSING,2026-05-04T07:11:00Z,2026-05-04T16:42:13+00:00,2026-05-04T16:42:13+00:00,fanout_0083,4,candidate_raw_payload_review,manual_review,raw dict-like row lacks enough structured attribution for automated cleanup,medium,MEDIUM,yes,company_memory.sqlite:memory_entries,manual_review
1372,PINNACLE INVESTMENT MANAGEMENT,observed_fact,Pinnacle’s equity interest in METRICS CREDIT HOLDINGS will be restored to about 35%,active,0.85,news:art_1e01218da9c5674a9584063c,newspaper4k,DATA_MISSING,2026-05-04T07:11:00Z,2026-05-04T16:42:13+00:00,2026-05-04T16:42:13+00:00,fanout_0069,4,candidate_manual_review,manual_review,row has provenance but insufficient deterministic target/scope evidence for automated cleanup,low,MEDIUM,yes,company_memory.sqlite:memory_entries,manual_review
1373,METRICS CREDIT HOLDINGS,observed_fact,Pinnacle’s equity interest in METRICS CREDIT HOLDINGS will be restored to about 35%,active,0.85,news:art_1e01218da9c5674a9584063c,newspaper4k,DATA_MISSING,2026-05-04T07:11:00Z,2026-05-04T16:42:14+00:00,2026-05-04T16:42:14+00:00,fanout_0069,4,candidate_manual_review,manual_review,row has provenance but insufficient deterministic target/scope evidence for automated cleanup,low,MEDIUM,yes,company_memory.sqlite:memory_entries,manual_review
1374,NATIONAL PENSION SERVICE OF KOREA (NPS),observed_fact,Pinnacle’s equity interest in METRICS CREDIT HOLDINGS will be restored to about 35%,active,0.85,news:art_1e01218da9c5674a9584063c,newspaper4k,DATA_MISSING,2026-05-04T07:11:00Z,2026-05-04T16:42:14+00:00,2026-05-04T16:42:14+00:00,fanout_0069,4,candidate_manual_review,manual_review,row has provenance but insufficient deterministic target/scope evidence for automated cleanup,low,MEDIUM,yes,company_memory.sqlite:memory_entries,manual_review
1375,TOWNSEND HOLDINGS,observed_fact,Pinnacle’s equity interest in METRICS CREDIT HOLDINGS will be restored to about 35%,active,0.85,news:art_1e01218da9c5674a9584063c,newspaper4k,DATA_MISSING,2026-05-04T07:11:00Z,2026-05-04T16:42:14+00:00,2026-05-04T16:42:14+00:00,fanout_0069,4,candidate_manual_review,manual_review,row has provenance but insufficient deterministic target/scope evidence for automated cleanup,low,MEDIUM,yes,company_memory.sqlite:memory_entries,manual_review
1376,PINNACLE INVESTMENT MANAGEMENT,strategic_initiative,The National Pension Service of Korea (NPS) through its strategic partnership with TOWNSEND HOLDINGS will take its shareholding to 9.9%,active,0.81,news:art_1e01218da9c5674a9584063c,newspaper4k,DATA_MISSING,2026-05-04T07:11:00Z,2026-05-04T16:42:14+00:00,2026-05-04T16:42:14+00:00,fanout_0076,4,candidate_manual_review,manual_review,row has provenance but insufficient deterministic target/scope evidence for automated cleanup,low,MEDIUM,yes,company_memory.sqlite:memory_entries,manual_review
1377,METRICS CREDIT HOLDINGS,strategic_initiative,The National Pension Service of Korea (NPS) through its strategic partnership with TOWNSEND HOLDINGS will take its shareholding to 9.9%,active,0.81,news:art_1e01218da9c5674a9584063c,newspaper4k,DATA_MISSING,2026-05-04T07:11:00Z,2026-05-04T16:42:14+00:00,2026-05-04T16:42:14+00:00,fanout_0076,4,candidate_manual_review,manual_review,row has provenance but insufficient deterministic target/scope evidence for automated cleanup,low,MEDIUM,yes,company_memory.sqlite:memory_entries,manual_review
1378,NATIONAL PENSION SERVICE OF KOREA (NPS),strategic_initiative,The National Pension Service of Korea (NPS) through its strategic partnership with TOWNSEND HOLDINGS will take its shareholding to 9.9%,active,0.81,news:art_1e01218da9c5674a9584063c,newspaper4k,DATA_MISSING,2026-05-04T07:11:00Z,2026-05-04T16:42:14+00:00,2026-05-04T16:42:14+00:00,fanout_0076,4,candidate_manual_review,manual_review,row has provenance but insufficient deterministic target/scope evidence for automated cleanup,low,MEDIUM,yes,company_memory.sqlite:memory_entries,manual_review
1379,TOWNSEND HOLDINGS,strategic_initiative,The National Pension Service of Korea (NPS) through its strategic partnership with TOWNSEND HOLDINGS will take its shareholding to 9.9%,active,0.81,news:art_1e01218da9c5674a9584063c,newspaper4k,DATA_MISSING,2026-05-04T07:11:00Z,2026-05-04T16:42:14+00:00,2026-05-04T16:42:14+00:00,fanout_0076,4,candidate_manual_review,manual_review,row has provenance but insufficient deterministic target/scope evidence for automated cleanup,low,MEDIUM,yes,company_memory.sqlite:memory_entries,manual_review
1380,PINNACLE INVESTMENT MANAGEMENT,observed_fact,The equity purchases are expected to be completed during the second and third quarter of 2026,active,0.86,news:art_1e01218da9c5674a9584063c,newspaper4k,DATA_MISSING,2026-05-04T07:11:00Z,2026-05-04T16:42:14+00:00,2026-05-04T16:42:14+00:00,fanout_0074,4,candidate_manual_review,manual_review,row has provenance but insufficient deterministic target/scope evidence for automated cleanup,low,MEDIUM,yes,company_memory.sqlite:memory_entries,manual_review
1381,METRICS CREDIT HOLDINGS,observed_fact,The equity purchases are expected to be completed during the second and third quarter of 2026,active,0.86,news:art_1e01218da9c5674a9584063c,newspaper4k,DATA_MISSING,2026-05-04T07:11:00Z,2026-05-04T16:42:14+00:00,2026-05-04T16:42:14+00:00,fanout_0074,4,candidate_manual_review,manual_review,row has provenance but insufficient deterministic target/scope evidence for automated cleanup,low,MEDIUM,yes,company_memory.sqlite:memory_entries,manual_review
1382,NATIONAL PENSION SERVICE OF KOREA (NPS),observed_fact,The equity purchases are expected to be completed during the second and third quarter of 2026,active,0.86,news:art_1e01218da9c5674a9584063c,newspaper4k,DATA_MISSING,2026-05-04T07:11:00Z,2026-05-04T16:42:14+00:00,2026-05-04T16:42:14+00:00,fanout_0074,4,candidate_manual_review,manual_review,row has provenance but insufficient deterministic target/scope evidence for automated cleanup,low,MEDIUM,yes,company_memory.sqlite:memory_entries,manual_review
1383,TOWNSEND HOLDINGS,observed_fact,The equity purchases are expected to be completed during the second and third quarter of 2026,active,0.86,news:art_1e01218da9c5674a9584063c,newspaper4k,DATA_MISSING,2026-05-04T07:11:00Z,2026-05-04T16:42:14+00:00,2026-05-04T16:42:14+00:00,fanout_0074,4,candidate_manual_review,manual_review,row has provenance but insufficient deterministic target/scope evidence for automated cleanup,low,MEDIUM,yes,company_memory.sqlite:memory_entries,manual_review
1384,PINNACLE INVESTMENT MANAGEMENT,risk,Approval by the Foreign Investment Review Board is required for the NPS/Townsend partnership's purchase,active,0.82,news:art_1e01218da9c5674a9584063c,newspaper4k,DATA_MISSING,2026-05-04T07:11:00Z,2026-05-04T16:42:14+00:00,2026-05-04T16:42:14+00:00,fanout_0064,4,candidate_manual_review,manual_review,row has provenance but insufficient deterministic target/scope evidence for automated cleanup,low,MEDIUM,yes,company_memory.sqlite:memory_entries,manual_review
1385,METRICS CREDIT HOLDINGS,risk,Approval by the Foreign Investment Review Board is required for the NPS/Townsend partnership's purchase,active,0.82,news:art_1e01218da9c5674a9584063c,newspaper4k,DATA_MISSING,2026-05-04T07:11:00Z,2026-05-04T16:42:14+00:00,2026-05-04T16:42:14+00:00,fanout_0064,4,candidate_manual_review,manual_review,row has provenance but insufficient deterministic target/scope evidence for automated cleanup,low,MEDIUM,yes,company_memory.sqlite:memory_entries,manual_review
1386,NATIONAL PENSION SERVICE OF KOREA (NPS),risk,Approval by the Foreign Investment Review Board is required for the NPS/Townsend partnership's purchase,active,0.82,news:art_1e01218da9c5674a9584063c,newspaper4k,DATA_MISSING,2026-05-04T07:11:00Z,2026-05-04T16:42:14+00:00,2026-05-04T16:42:14+00:00,fanout_0064,4,candidate_manual_review,manual_review,row has provenance but insufficient deterministic target/scope evidence for automated cleanup,low,MEDIUM,yes,company_memory.sqlite:memory_entries,manual_review
1387,TOWNSEND HOLDINGS,risk,Approval by the Foreign Investment Review Board is required for the NPS/Townsend partnership's purchase,active,0.82,news:art_1e01218da9c5674a9584063c,newspaper4k,DATA_MISSING,2026-05-04T07:11:00Z,2026-05-04T16:42:14+00:00,2026-05-04T16:42:14+00:00,fanout_0064,4,candidate_manual_review,manual_review,row has provenance but insufficient deterministic target/scope evidence for automated cleanup,low,MEDIUM,yes,company_memory.sqlite:memory_entries,manual_review
1388,PINNACLE INVESTMENT MANAGEMENT,risk,Potential risks associated with the transition of equity and the involvement of new shareholders,active,0.8,news:art_1e01218da9c5674a9584063c,newspaper4k,DATA_MISSING,2026-05-04T07:11:00Z,2026-05-04T16:42:14+00:00,2026-05-04T16:42:14+00:00,fanout_0070,4,candidate_manual_review,manual_review,row has provenance but insufficient deterministic target/scope evidence for automated cleanup,low,MEDIUM,yes,company_memory.sqlite:memory_entries,manual_review
1389,METRICS CREDIT HOLDINGS,risk,Potential risks associated with the transition of equity and the involvement of new shareholders,active,0.8,news:art_1e01218da9c5674a9584063c,newspaper4k,DATA_MISSING,2026-05-04T07:11:00Z,2026-05-04T16:42:14+00:00,2026-05-04T16:42:14+00:00,fanout_0070,4,candidate_manual_review,manual_review,row has provenance but insufficient deterministic target/scope evidence for automated cleanup,low,MEDIUM,yes,company_memory.sqlite:memory_entries,manual_review
1390,NATIONAL PENSION SERVICE OF KOREA (NPS),risk,Potential risks associated with the transition of equity and the involvement of new shareholders,active,0.8,news:art_1e01218da9c5674a9584063c,newspaper4k,DATA_MISSING,2026-05-04T07:11:00Z,2026-05-04T16:42:14+00:00,2026-05-04T16:42:14+00:00,fanout_0070,4,candidate_manual_review,manual_review,row has provenance but insufficient deterministic target/scope evidence for automated cleanup,low,MEDIUM,yes,company_memory.sqlite:memory_entries,manual_review
1391,TOWNSEND HOLDINGS,risk,Potential risks associated with the transition of equity and the involvement of new shareholders,active,0.8,news:art_1e01218da9c5674a9584063c,newspaper4k,DATA_MISSING,2026-05-04T07:11:00Z,2026-05-04T16:42:15+00:00,2026-05-04T16:42:15+00:00,fanout_0070,4,candidate_manual_review,manual_review,row has provenance but insufficient deterministic target/scope evidence for automated cleanup,low,MEDIUM,yes,company_memory.sqlite:memory_entries,manual_review
1392,NAVIG,strategic_initiative,"{'date': '2026-05-04', 'description': 'Chanticleer Navigator launched a $145 million equity raising via a rights issue to fund an acquisition.'}",active,0.84,news:art_2b3ad9412d7c5a3f5e9f0c28,newspaper4k,DATA_MISSING,2026-05-04T06:56:24Z,2026-05-04T16:42:26+00:00,2026-05-04T16:42:26+00:00,DATA_MISSING,DATA_MISSING,candidate_raw_payload_review,manual_review,raw dict-like row lacks enough structured attribution for automated cleanup,medium,MEDIUM,yes,company_memory.sqlite:memory_entries,manual_review
1393,NAVIG,observed_fact,"Chanticleer Navigator is raising $145 million via a rights issue, which is an uncommon method for equity raising",active,0.85,news:art_2b3ad9412d7c5a3f5e9f0c28,newspaper4k,DATA_MISSING,2026-05-04T06:56:24Z,2026-05-04T16:42:26+00:00,2026-05-04T16:42:26+00:00,DATA_MISSING,DATA_MISSING,candidate_manual_review,manual_review,row has provenance but insufficient deterministic target/scope evidence for automated cleanup,low,MEDIUM,yes,company_memory.sqlite:memory_entries,manual_review
1394,NAVIG,risk,The use of a rights issue may be seen as less favorable compared to institutional placements by some investors,active,0.78,news:art_2b3ad9412d7c5a3f5e9f0c28,newspaper4k,DATA_MISSING,2026-05-04T06:56:24Z,2026-05-04T16:42:26+00:00,2026-05-04T16:42:26+00:00,DATA_MISSING,DATA_MISSING,candidate_manual_review,manual_review,row has provenance but insufficient deterministic target/scope evidence for automated cleanup,low,MEDIUM,yes,company_memory.sqlite:memory_entries,manual_review
1395,ASX,observed_fact,Bias is a wealth destroyer in the long term,active,0.83,news:art_6fa8b272bf847b9fe39a46ca,newspaper4k,DATA_MISSING,2026-05-04T05:42:25Z,2026-05-04T16:49:36+00:00,2026-05-04T16:49:36+00:00,fanout_0096,3,candidate_manual_review,manual_review,row has provenance but insufficient deterministic target/scope evidence for automated cleanup,low,MEDIUM,yes,company_memory.sqlite:memory_entries,manual_review
1396,S&P 500,observed_fact,Bias is a wealth destroyer in the long term,active,0.83,news:art_6fa8b272bf847b9fe39a46ca,newspaper4k,DATA_MISSING,2026-05-04T05:42:25Z,2026-05-04T16:49:36+00:00,2026-05-04T16:49:36+00:00,fanout_0096,3,candidate_manual_review,manual_review,row has provenance but insufficient deterministic target/scope evidence for automated cleanup,low,MEDIUM,yes,company_memory.sqlite:memory_entries,manual_review
1397,CSL,observed_fact,Bias is a wealth destroyer in the long term,active,0.83,news:art_6fa8b272bf847b9fe39a46ca,newspaper4k,DATA_MISSING,2026-05-04T05:42:25Z,2026-05-04T16:49:36+00:00,2026-05-04T16:49:36+00:00,fanout_0096,3,candidate_manual_review,manual_review,row has provenance but insufficient deterministic target/scope evidence for automated cleanup,low,MEDIUM,yes,company_memory.sqlite:memory_entries,manual_review
1398,ASX,observed_fact,Home bias can lead investors to favor local markets over potentially better-performing international markets,active,0.81,news:art_6fa8b272bf847b9fe39a46ca,newspaper4k,DATA_MISSING,2026-05-04T05:42:25Z,2026-05-04T16:49:36+00:00,2026-05-04T16:49:36+00:00,fanout_0101,3,candidate_manual_review,manual_review,row has provenance but insufficient deterministic target/scope evidence for automated cleanup,low,MEDIUM,yes,company_memory.sqlite:memory_entries,manual_review
1399,S&P 500,observed_fact,Home bias can lead investors to favor local markets over potentially better-performing international markets,active,0.81,news:art_6fa8b272bf847b9fe39a46ca,newspaper4k,DATA_MISSING,2026-05-04T05:42:25Z,2026-05-04T16:49:36+00:00,2026-05-04T16:49:36+00:00,fanout_0101,3,candidate_manual_review,manual_review,row has provenance but insufficient deterministic target/scope evidence for automated cleanup,low,MEDIUM,yes,company_memory.sqlite:memory_entries,manual_review
1400,CSL,observed_fact,Home bias can lead investors to favor local markets over potentially better-performing international markets,active,0.81,news:art_6fa8b272bf847b9fe39a46ca,newspaper4k,DATA_MISSING,2026-05-04T05:42:25Z,2026-05-04T16:49:36+00:00,2026-05-04T16:49:36+00:00,fanout_0101,3,candidate_manual_review,manual_review,row has provenance but insufficient deterministic target/scope evidence for automated cleanup,low,MEDIUM,yes,company_memory.sqlite:memory_entries,manual_review
1401,ASX,observed_fact,Anchoring bias can prevent investors from making decisions based on current market conditions,active,0.81,news:art_6fa8b272bf847b9fe39a46ca,newspaper4k,DATA_MISSING,2026-05-04T05:42:25Z,2026-05-04T16:49:36+00:00,2026-05-04T16:49:36+00:00,fanout_0094,3,candidate_manual_review,manual_review,row has provenance but insufficient deterministic target/scope evidence for automated cleanup,low,MEDIUM,yes,company_memory.sqlite:memory_entries,manual_review
1402,S&P 500,observed_fact,Anchoring bias can prevent investors from making decisions based on current market conditions,active,0.81,news:art_6fa8b272bf847b9fe39a46ca,newspaper4k,DATA_MISSING,2026-05-04T05:42:25Z,2026-05-04T16:49:36+00:00,2026-05-04T16:49:36+00:00,fanout_0094,3,candidate_manual_review,manual_review,row has provenance but insufficient deterministic target/scope evidence for automated cleanup,low,MEDIUM,yes,company_memory.sqlite:memory_entries,manual_review
1403,CSL,observed_fact,Anchoring bias can prevent investors from making decisions based on current market conditions,active,0.81,news:art_6fa8b272bf847b9fe39a46ca,newspaper4k,DATA_MISSING,2026-05-04T05:42:25Z,2026-05-04T16:49:36+00:00,2026-05-04T16:49:36+00:00,fanout_0094,3,candidate_manual_review,manual_review,row has provenance but insufficient deterministic target/scope evidence for automated cleanup,low,MEDIUM,yes,company_memory.sqlite:memory_entries,manual_review
1404,ASX,observed_fact,Recency bias can cause investors to focus too much on recent market trends,active,0.81,news:art_6fa8b272bf847b9fe39a46ca,newspaper4k,DATA_MISSING,2026-05-04T05:42:25Z,2026-05-04T16:49:36+00:00,2026-05-04T16:49:36+00:00,fanout_0107,3,candidate_manual_review,manual_review,row has provenance but insufficient deterministic target/scope evidence for automated cleanup,low,MEDIUM,yes,company_memory.sqlite:memory_entries,manual_review
1405,S&P 500,observed_fact,Recency bias can cause investors to focus too much on recent market trends,active,0.81,news:art_6fa8b272bf847b9fe39a46ca,newspaper4k,DATA_MISSING,2026-05-04T05:42:25Z,2026-05-04T16:49:36+00:00,2026-05-04T16:49:36+00:00,fanout_0107,3,candidate_manual_review,manual_review,row has provenance but insufficient deterministic target/scope evidence for automated cleanup,low,MEDIUM,yes,company_memory.sqlite:memory_entries,manual_review
1406,CSL,observed_fact,Recency bias can cause investors to focus too much on recent market trends,active,0.81,news:art_6fa8b272bf847b9fe39a46ca,newspaper4k,DATA_MISSING,2026-05-04T05:42:25Z,2026-05-04T16:49:36+00:00,2026-05-04T16:49:36+00:00,fanout_0107,3,candidate_manual_review,manual_review,row has provenance but insufficient deterministic target/scope evidence for automated cleanup,low,MEDIUM,yes,company_memory.sqlite:memory_entries,manual_review
1407,ASX,observed_fact,Herding can lead to risky investment decisions,active,0.83,news:art_6fa8b272bf847b9fe39a46ca,newspaper4k,DATA_MISSING,2026-05-04T05:42:25Z,2026-05-04T16:49:36+00:00,2026-05-04T16:49:36+00:00,fanout_0100,3,candidate_manual_review,manual_review,row has provenance but insufficient deterministic target/scope evidence for automated cleanup,low,MEDIUM,yes,company_memory.sqlite:memory_entries,manual_review
1408,S&P 500,observed_fact,Herding can lead to risky investment decisions,active,0.83,news:art_6fa8b272bf847b9fe39a46ca,newspaper4k,DATA_MISSING,2026-05-04T05:42:25Z,2026-05-04T16:49:36+00:00,2026-05-04T16:49:36+00:00,fanout_0100,3,candidate_manual_review,manual_review,row has provenance but insufficient deterministic target/scope evidence for automated cleanup,low,MEDIUM,yes,company_memory.sqlite:memory_entries,manual_review
1409,CSL,observed_fact,Herding can lead to risky investment decisions,active,0.83,news:art_6fa8b272bf847b9fe39a46ca,newspaper4k,DATA_MISSING,2026-05-04T05:42:25Z,2026-05-04T16:49:37+00:00,2026-05-04T16:49:37+00:00,fanout_0100,3,candidate_manual_review,manual_review,row has provenance but insufficient deterministic target/scope evidence for automated cleanup,low,MEDIUM,yes,company_memory.sqlite:memory_entries,manual_review
1410,ASX,observed_fact,Loss aversion can prevent investors from making rational decisions,active,0.81,news:art_6fa8b272bf847b9fe39a46ca,newspaper4k,DATA_MISSING,2026-05-04T05:42:25Z,2026-05-04T16:49:37+00:00,2026-05-04T16:49:37+00:00,fanout_0104,3,candidate_manual_review,manual_review,row has provenance but insufficient deterministic target/scope evidence for automated cleanup,low,MEDIUM,yes,company_memory.sqlite:memory_entries,manual_review
1411,S&P 500,observed_fact,Loss aversion can prevent investors from making rational decisions,active,0.81,news:art_6fa8b272bf847b9fe39a46ca,newspaper4k,DATA_MISSING,2026-05-04T05:42:25Z,2026-05-04T16:49:37+00:00,2026-05-04T16:49:37+00:00,fanout_0104,3,candidate_manual_review,manual_review,row has provenance but insufficient deterministic target/scope evidence for automated cleanup,low,MEDIUM,yes,company_memory.sqlite:memory_entries,manual_review
1412,CSL,observed_fact,Loss aversion can prevent investors from making rational decisions,active,0.81,news:art_6fa8b272bf847b9fe39a46ca,newspaper4k,DATA_MISSING,2026-05-04T05:42:25Z,2026-05-04T16:49:37+00:00,2026-05-04T16:49:37+00:00,fanout_0104,3,candidate_manual_review,manual_review,row has provenance but insufficient deterministic target/scope evidence for automated cleanup,low,MEDIUM,yes,company_memory.sqlite:memory_entries,manual_review
1413,ASX,observed_fact,Overconfidence can lead to overlooking mistakes and relying on luck,active,0.81,news:art_6fa8b272bf847b9fe39a46ca,newspaper4k,DATA_MISSING,2026-05-04T05:42:25Z,2026-05-04T16:49:37+00:00,2026-05-04T16:49:37+00:00,fanout_0106,3,candidate_manual_review,manual_review,row has provenance but insufficient deterministic target/scope evidence for automated cleanup,low,MEDIUM,yes,company_memory.sqlite:memory_entries,manual_review
1414,S&P 500,observed_fact,Overconfidence can lead to overlooking mistakes and relying on luck,active,0.81,news:art_6fa8b272bf847b9fe39a46ca,newspaper4k,DATA_MISSING,2026-05-04T05:42:25Z,2026-05-04T16:49:37+00:00,2026-05-04T16:49:37+00:00,fanout_0106,3,candidate_manual_review,manual_review,row has provenance but insufficient deterministic target/scope evidence for automated cleanup,low,MEDIUM,yes,company_memory.sqlite:memory_entries,manual_review
1415,CSL,observed_fact,Overconfidence can lead to overlooking mistakes and relying on luck,active,0.81,news:art_6fa8b272bf847b9fe39a46ca,newspaper4k,DATA_MISSING,2026-05-04T05:42:25Z,2026-05-04T16:49:37+00:00,2026-05-04T16:49:37+00:00,fanout_0106,3,candidate_manual_review,manual_review,row has provenance but insufficient deterministic target/scope evidence for automated cleanup,low,MEDIUM,yes,company_memory.sqlite:memory_entries,manual_review
1416,ASX,risk,Investors may be influenced by biases that can negatively impact their investment decisions,active,0.8,news:art_6fa8b272bf847b9fe39a46ca,newspaper4k,DATA_MISSING,2026-05-04T05:42:25Z,2026-05-04T16:49:37+00:00,2026-05-04T16:49:37+00:00,fanout_0103,3,candidate_manual_review,manual_review,row has provenance but insufficient deterministic target/scope evidence for automated cleanup,low,MEDIUM,yes,company_memory.sqlite:memory_entries,manual_review
1417,S&P 500,risk,Investors may be influenced by biases that can negatively impact their investment decisions,active,0.8,news:art_6fa8b272bf847b9fe39a46ca,newspaper4k,DATA_MISSING,2026-05-04T05:42:25Z,2026-05-04T16:49:37+00:00,2026-05-04T16:49:37+00:00,fanout_0103,3,candidate_manual_review,manual_review,row has provenance but insufficient deterministic target/scope evidence for automated cleanup,low,MEDIUM,yes,company_memory.sqlite:memory_entries,manual_review
1418,CSL,risk,Investors may be influenced by biases that can negatively impact their investment decisions,active,0.8,news:art_6fa8b272bf847b9fe39a46ca,newspaper4k,DATA_MISSING,2026-05-04T05:42:25Z,2026-05-04T16:49:37+00:00,2026-05-04T16:49:37+00:00,fanout_0103,3,candidate_manual_review,manual_review,row has provenance but insufficient deterministic target/scope evidence for automated cleanup,low,MEDIUM,yes,company_memory.sqlite:memory_entries,manual_review
1419,ASX,risk,Home bias can limit diversification and exposure to better-performing markets,active,0.78,news:art_6fa8b272bf847b9fe39a46ca,newspaper4k,DATA_MISSING,2026-05-04T05:42:25Z,2026-05-04T16:49:37+00:00,2026-05-04T16:49:37+00:00,fanout_0102,3,candidate_manual_review,manual_review,row has provenance but insufficient deterministic target/scope evidence for automated cleanup,low,MEDIUM,yes,company_memory.sqlite:memory_entries,manual_review
1420,S&P 500,risk,Home bias can limit diversification and exposure to better-performing markets,active,0.78,news:art_6fa8b272bf847b9fe39a46ca,newspaper4k,DATA_MISSING,2026-05-04T05:42:25Z,2026-05-04T16:49:37+00:00,2026-05-04T16:49:37+00:00,fanout_0102,3,candidate_manual_review,manual_review,row has provenance but insufficient deterministic target/scope evidence for automated cleanup,low,MEDIUM,yes,company_memory.sqlite:memory_entries,manual_review
1421,CSL,risk,Home bias can limit diversification and exposure to better-performing markets,active,0.78,news:art_6fa8b272bf847b9fe39a46ca,newspaper4k,DATA_MISSING,2026-05-04T05:42:25Z,2026-05-04T16:49:37+00:00,2026-05-04T16:49:37+00:00,fanout_0102,3,candidate_manual_review,manual_review,row has provenance but insufficient deterministic target/scope evidence for automated cleanup,low,MEDIUM,yes,company_memory.sqlite:memory_entries,manual_review
1422,ASX,risk,Anchoring to past data points can lead to suboptimal investment decisions,active,0.8,news:art_6fa8b272bf847b9fe39a46ca,newspaper4k,DATA_MISSING,2026-05-04T05:42:25Z,2026-05-04T16:49:37+00:00,2026-05-04T16:49:37+00:00,fanout_0095,3,candidate_manual_review,manual_review,row has provenance but insufficient deterministic target/scope evidence for automated cleanup,low,MEDIUM,yes,company_memory.sqlite:memory_entries,manual_review
1423,S&P 500,risk,Anchoring to past data points can lead to suboptimal investment decisions,active,0.8,news:art_6fa8b272bf847b9fe39a46ca,newspaper4k,DATA_MISSING,2026-05-04T05:42:25Z,2026-05-04T16:49:37+00:00,2026-05-04T16:49:37+00:00,fanout_0095,3,candidate_manual_review,manual_review,row has provenance but insufficient deterministic target/scope evidence for automated cleanup,low,MEDIUM,yes,company_memory.sqlite:memory_entries,manual_review
1424,CSL,risk,Anchoring to past data points can lead to suboptimal investment decisions,active,0.8,news:art_6fa8b272bf847b9fe39a46ca,newspaper4k,DATA_MISSING,2026-05-04T05:42:25Z,2026-05-04T16:49:37+00:00,2026-05-04T16:49:37+00:00,fanout_0095,3,candidate_manual_review,manual_review,row has provenance but insufficient deterministic target/scope evidence for automated cleanup,low,MEDIUM,yes,company_memory.sqlite:memory_entries,manual_review
1425,ASX,risk,Focusing on recent trends can lead to short-term thinking and missed opportunities,active,0.82,news:art_6fa8b272bf847b9fe39a46ca,newspaper4k,DATA_MISSING,2026-05-04T05:42:25Z,2026-05-04T16:49:37+00:00,2026-05-04T16:49:37+00:00,fanout_0098,3,candidate_manual_review,manual_review,row has provenance but insufficient deterministic target/scope evidence for automated cleanup,low,MEDIUM,yes,company_memory.sqlite:memory_entries,manual_review
1426,S&P 500,risk,Focusing on recent trends can lead to short-term thinking and missed opportunities,active,0.82,news:art_6fa8b272bf847b9fe39a46ca,newspaper4k,DATA_MISSING,2026-05-04T05:42:25Z,2026-05-04T16:49:38+00:00,2026-05-04T16:49:38+00:00,fanout_0098,3,candidate_manual_review,manual_review,row has provenance but insufficient deterministic target/scope evidence for automated cleanup,low,MEDIUM,yes,company_memory.sqlite:memory_entries,manual_review
1427,CSL,risk,Focusing on recent trends can lead to short-term thinking and missed opportunities,active,0.82,news:art_6fa8b272bf847b9fe39a46ca,newspaper4k,DATA_MISSING,2026-05-04T05:42:25Z,2026-05-04T16:49:38+00:00,2026-05-04T16:49:38+00:00,fanout_0098,3,candidate_manual_review,manual_review,row has provenance but insufficient deterministic target/scope evidence for automated cleanup,low,MEDIUM,yes,company_memory.sqlite:memory_entries,manual_review
1428,ASX,risk,Following the herd can result in risky investments and market timing errors,active,0.8,news:art_6fa8b272bf847b9fe39a46ca,newspaper4k,DATA_MISSING,2026-05-04T05:42:25Z,2026-05-04T16:49:38+00:00,2026-05-04T16:49:38+00:00,fanout_0099,3,candidate_manual_review,manual_review,row has provenance but insufficient deterministic target/scope evidence for automated cleanup,low,MEDIUM,yes,company_memory.sqlite:memory_entries,manual_review
1429,S&P 500,risk,Following the herd can result in risky investments and market timing errors,active,0.8,news:art_6fa8b272bf847b9fe39a46ca,newspaper4k,DATA_MISSING,2026-05-04T05:42:25Z,2026-05-04T16:49:39+00:00,2026-05-04T16:49:39+00:00,fanout_0099,3,candidate_manual_review,manual_review,row has provenance but insufficient deterministic target/scope evidence for automated cleanup,low,MEDIUM,yes,company_memory.sqlite:memory_entries,manual_review
1430,CSL,risk,Following the herd can result in risky investments and market timing errors,active,0.8,news:art_6fa8b272bf847b9fe39a46ca,newspaper4k,DATA_MISSING,2026-05-04T05:42:25Z,2026-05-04T16:49:39+00:00,2026-05-04T16:49:39+00:00,fanout_0099,3,candidate_manual_review,manual_review,row has provenance but insufficient deterministic target/scope evidence for automated cleanup,low,MEDIUM,yes,company_memory.sqlite:memory_entries,manual_review
1431,ASX,risk,Fear of loss can prevent investors from making rational decisions,active,0.78,news:art_6fa8b272bf847b9fe39a46ca,newspaper4k,DATA_MISSING,2026-05-04T05:42:25Z,2026-05-04T16:49:39+00:00,2026-05-04T16:49:39+00:00,fanout_0097,3,candidate_manual_review,manual_review,row has provenance but insufficient deterministic target/scope evidence for automated cleanup,low,MEDIUM,yes,company_memory.sqlite:memory_entries,manual_review
1432,S&P 500,risk,Fear of loss can prevent investors from making rational decisions,active,0.78,news:art_6fa8b272bf847b9fe39a46ca,newspaper4k,DATA_MISSING,2026-05-04T05:42:25Z,2026-05-04T16:49:39+00:00,2026-05-04T16:49:39+00:00,fanout_0097,3,candidate_manual_review,manual_review,row has provenance but insufficient deterministic target/scope evidence for automated cleanup,low,MEDIUM,yes,company_memory.sqlite:memory_entries,manual_review
1433,CSL,risk,Fear of loss can prevent investors from making rational decisions,active,0.78,news:art_6fa8b272bf847b9fe39a46ca,newspaper4k,DATA_MISSING,2026-05-04T05:42:25Z,2026-05-04T16:49:39+00:00,2026-05-04T16:49:39+00:00,fanout_0097,3,candidate_manual_review,manual_review,row has provenance but insufficient deterministic target/scope evidence for automated cleanup,low,MEDIUM,yes,company_memory.sqlite:memory_entries,manual_review
1434,ASX,risk,Overconfidence can lead to ignoring mistakes and relying on luck,active,0.78,news:art_6fa8b272bf847b9fe39a46ca,newspaper4k,DATA_MISSING,2026-05-04T05:42:25Z,2026-05-04T16:49:39+00:00,2026-05-04T16:49:39+00:00,fanout_0105,3,candidate_manual_review,manual_review,row has provenance but insufficient deterministic target/scope evidence for automated cleanup,low,MEDIUM,yes,company_memory.sqlite:memory_entries,manual_review
1435,S&P 500,risk,Overconfidence can lead to ignoring mistakes and relying on luck,active,0.78,news:art_6fa8b272bf847b9fe39a46ca,newspaper4k,DATA_MISSING,2026-05-04T05:42:25Z,2026-05-04T16:49:39+00:00,2026-05-04T16:49:39+00:00,fanout_0105,3,candidate_manual_review,manual_review,row has provenance but insufficient deterministic target/scope evidence for automated cleanup,low,MEDIUM,yes,company_memory.sqlite:memory_entries,manual_review
1436,CSL,risk,Overconfidence can lead to ignoring mistakes and relying on luck,active,0.78,news:art_6fa8b272bf847b9fe39a46ca,newspaper4k,DATA_MISSING,2026-05-04T05:42:25Z,2026-05-04T16:49:39+00:00,2026-05-04T16:49:39+00:00,fanout_0105,3,candidate_manual_review,manual_review,row has provenance but insufficient deterministic target/scope evidence for automated cleanup,low,MEDIUM,yes,company_memory.sqlite:memory_entries,manual_review
1437,LAR,operating_context,"{'date': '2026-05-04', 'description': 'Larvotto Resources reports strong diamond drilling results from its Midas Gully system at the Metz Mining Centre, including a standout hit of 13 metres assaying 8.56 grams per tonne (g/t) gold equivalent from 253m depth.'}",active,0.84,news:art_65e60b098f72540a910ef54f,newspaper4k,DATA_MISSING,2026-05-04T05:17:47Z,2026-05-04T16:51:54+00:00,2026-05-04T16:51:54+00:00,DATA_MISSING,DATA_MISSING,candidate_raw_payload_review,manual_review,raw dict-like row lacks enough structured attribution for automated cleanup,medium,MEDIUM,yes,company_memory.sqlite:memory_entries,manual_review
1438,LAR,observed_fact,The Midas results are very exciting as they demonstrate that cross-cutting mineralised zones extend north of the Blacklode system,active,0.83,news:art_65e60b098f72540a910ef54f,newspaper4k,DATA_MISSING,2026-05-04T05:17:47Z,2026-05-04T16:51:54+00:00,2026-05-04T16:51:54+00:00,DATA_MISSING,DATA_MISSING,candidate_manual_review,manual_review,row has provenance but insufficient deterministic target/scope evidence for automated cleanup,low,MEDIUM,yes,company_memory.sqlite:memory_entries,manual_review
1439,LAR,management_guidance,"The combination of drilling results and spatial confirmation from historic workings now points to a significant Midas Gully lode target, stretching more than 700m along strike to the northwest, 350m vertically and remaining open both to the northwest and at depth",active,0.79,news:art_65e60b098f72540a910ef54f,newspaper4k,DATA_MISSING,2026-05-04T05:17:47Z,2026-05-04T16:51:54+00:00,2026-05-04T16:51:54+00:00,DATA_MISSING,DATA_MISSING,candidate_manual_review,manual_review,row has provenance but insufficient deterministic target/scope evidence for automated cleanup,low,MEDIUM,yes,company_memory.sqlite:memory_entries,manual_review
1440,LAR,risk,The company's exploration efforts and drilling results are still in progress and may not yield further positive results,active,0.78,news:art_65e60b098f72540a910ef54f,newspaper4k,DATA_MISSING,2026-05-04T05:17:47Z,2026-05-04T16:51:54+00:00,2026-05-04T16:51:54+00:00,DATA_MISSING,DATA_MISSING,candidate_manual_review,manual_review,row has provenance but insufficient deterministic target/scope evidence for automated cleanup,low,MEDIUM,yes,company_memory.sqlite:memory_entries,manual_review
1441,LAR,risk,The potential for tungsten credits is still under review and may not materialize as expected,active,0.78,news:art_65e60b098f72540a910ef54f,newspaper4k,DATA_MISSING,2026-05-04T05:17:47Z,2026-05-04T16:51:54+00:00,2026-05-04T16:51:54+00:00,DATA_MISSING,DATA_MISSING,candidate_manual_review,manual_review,row has provenance but insufficient deterministic target/scope evidence for automated cleanup,low,MEDIUM,yes,company_memory.sqlite:memory_entries,manual_review
1442,AUZ,observed_fact,"{'date': '2026-05-04', 'description': 'Australian Mines raises $3m through a strategic placement to fast-track its Flemington scandium project in New South Wales.'}",active,0.88,news:art_b8031062349a15742773f480,newspaper4k,DATA_MISSING,2026-05-04T05:15:06Z,2026-05-04T16:52:52+00:00,2026-05-04T16:52:52+00:00,DATA_MISSING,DATA_MISSING,candidate_raw_payload_review,manual_review,raw dict-like row lacks enough structured attribution for automated cleanup,medium,MEDIUM,yes,company_memory.sqlite:memory_entries,manual_review
1443,AUZ,observed_fact,"{'date': '2026-05-04', 'description': 'Proceeds from the placement will be used to advance the Flemington PFS and associated technical, environmental and approvals workstreams.'}",active,0.88,news:art_b8031062349a15742773f480,newspaper4k,DATA_MISSING,2026-05-04T05:15:06Z,2026-05-04T16:52:52+00:00,2026-05-04T16:52:52+00:00,DATA_MISSING,DATA_MISSING,candidate_raw_payload_review,manual_review,raw dict-like row lacks enough structured attribution for automated cleanup,medium,MEDIUM,yes,company_memory.sqlite:memory_entries,manual_review
1444,AUZ,observed_fact,"{'date': '2026-05-04', 'description': 'Funds will also be used to expand drilling at the Boa Vista gold project in Brazil and advance the company’s proprietary energy storage metal hydride technology.'}",active,0.86,news:art_b8031062349a15742773f480,newspaper4k,DATA_MISSING,2026-05-04T05:15:06Z,2026-05-04T16:52:52+00:00,2026-05-04T16:52:52+00:00,DATA_MISSING,DATA_MISSING,candidate_raw_payload_review,manual_review,raw dict-like row lacks enough structured attribution for automated cleanup,medium,MEDIUM,yes,company_memory.sqlite:memory_entries,manual_review
1445,AUZ,observed_fact,"{'date': '2026-05-04', 'description': 'The placement was made at a 16% premium to the 30-day volume weighted average price.'}",active,0.89,news:art_b8031062349a15742773f480,newspaper4k,DATA_MISSING,2026-05-04T05:15:06Z,2026-05-04T16:52:52+00:00,2026-05-04T16:52:52+00:00,DATA_MISSING,DATA_MISSING,candidate_raw_payload_review,manual_review,raw dict-like row lacks enough structured attribution for automated cleanup,medium,MEDIUM,yes,company_memory.sqlite:memory_entries,manual_review
1446,AUZ,observed_fact,"{'date': '2026-05-04', 'description': 'The Flemington project is envisaged as a 60tpa scandium oxide operation that will process 72,000-76,000tpa of feed.'}",active,0.86,news:art_b8031062349a15742773f480,newspaper4k,DATA_MISSING,2026-05-04T05:15:06Z,2026-05-04T16:52:53+00:00,2026-05-04T16:52:53+00:00,DATA_MISSING,DATA_MISSING,candidate_raw_payload_review,manual_review,raw dict-like row lacks enough structured attribution for automated cleanup,medium,MEDIUM,yes,company_memory.sqlite:memory_entries,manual_review
1447,AUZ,observed_fact,"{'date': '2026-05-04', 'description': 'The project is expected to deliver a post-tax net present value of US$860m and an internal rate of return of 74% using a US$3000/kg scandium price.'}",active,0.89,news:art_b8031062349a15742773f480,newspaper4k,DATA_MISSING,2026-05-04T05:15:06Z,2026-05-04T16:52:53+00:00,2026-05-04T16:52:53+00:00,DATA_MISSING,DATA_MISSING,candidate_raw_payload_review,manual_review,raw dict-like row lacks enough structured attribution for automated cleanup,medium,MEDIUM,yes,company_memory.sqlite:memory_entries,manual_review
1448,AUZ,risk,"{'date': '2026-05-04', 'description': ""The project's success is contingent on ongoing discussions with potential end users, partners, and offtakers.""}",active,0.83,news:art_b8031062349a15742773f480,newspaper4k,DATA_MISSING,2026-05-04T05:15:06Z,2026-05-04T16:52:54+00:00,2026-05-04T16:52:54+00:00,DATA_MISSING,DATA_MISSING,candidate_raw_payload_review,manual_review,raw dict-like row lacks enough structured attribution for automated cleanup,medium,MEDIUM,yes,company_memory.sqlite:memory_entries,manual_review
1449,AUZ,risk,"{'date': '2026-05-04', 'description': ""The project's financial outcomes are sensitive to the price of scandium, with a more cautious scenario using a US$1500/kg scandium price delivering a lower but still respectable NPV of US$270m and an IRR of 32%.""}",active,0.85,news:art_b8031062349a15742773f480,newspaper4k,DATA_MISSING,2026-05-04T05:15:06Z,2026-05-04T16:52:54+00:00,2026-05-04T16:52:54+00:00,DATA_MISSING,DATA_MISSING,candidate_raw_payload_review,manual_review,raw dict-like row lacks enough structured attribution for automated cleanup,medium,MEDIUM,yes,company_memory.sqlite:memory_entries,manual_review
1450,ENP,operating_context,"{'date': '2026-05-04', 'description': 'Entropy Neurodynamics reports 75% response rate in treatment-resistant irritable bowel syndrome Phase 2a trial.'}",active,0.83,news:art_65b58a32f5b4ed4b52b49580,newspaper4k,DATA_MISSING,2026-05-04T04:54:53Z,2026-05-04T16:55:05+00:00,2026-05-04T16:55:05+00:00,DATA_MISSING,DATA_MISSING,candidate_raw_payload_review,manual_review,raw dict-like row lacks enough structured attribution for automated cleanup,medium,MEDIUM,yes,company_memory.sqlite:memory_entries,manual_review
1451,ENP,observed_fact,75% of patients recorded clinically meaningful symptom improvement in treatment-resistant irritable bowel syndrome Phase 2a trial,active,0.84,news:art_65b58a32f5b4ed4b52b49580,newspaper4k,DATA_MISSING,2026-05-04T04:54:53Z,2026-05-04T16:55:05+00:00,2026-05-04T16:55:05+00:00,DATA_MISSING,DATA_MISSING,candidate_manual_review,manual_review,row has provenance but insufficient deterministic target/scope evidence for automated cleanup,low,MEDIUM,yes,company_memory.sqlite:memory_entries,manual_review
1452,ENP,observed_fact,"The results exceeded typical outcomes from existing IBS therapies, which deliver 17-44% response rates",active,0.84,news:art_65b58a32f5b4ed4b52b49580,newspaper4k,DATA_MISSING,2026-05-04T04:54:53Z,2026-05-04T16:55:05+00:00,2026-05-04T16:55:05+00:00,DATA_MISSING,DATA_MISSING,candidate_manual_review,manual_review,row has provenance but insufficient deterministic target/scope evidence for automated cleanup,low,MEDIUM,yes,company_memory.sqlite:memory_entries,manual_review
1453,ENP,operating_context,"The study recorded one serious adverse event that resolved with clinical support, with the overall safety profile consistent with expectations for psychedelic-assisted therapy",active,0.78,news:art_65b58a32f5b4ed4b52b49580,newspaper4k,DATA_MISSING,2026-05-04T04:54:53Z,2026-05-04T16:55:05+00:00,2026-05-04T16:55:05+00:00,DATA_MISSING,DATA_MISSING,candidate_manual_review,manual_review,row has provenance but insufficient deterministic target/scope evidence for automated cleanup,low,MEDIUM,yes,company_memory.sqlite:memory_entries,manual_review
1454,ENP,risk,The dataset is based on a small sample size of 12 patients,active,0.81,news:art_65b58a32f5b4ed4b52b49580,newspaper4k,DATA_MISSING,2026-05-04T04:54:53Z,2026-05-04T16:55:05+00:00,2026-05-04T16:55:05+00:00,DATA_MISSING,DATA_MISSING,candidate_manual_review,manual_review,row has provenance but insufficient deterministic target/scope evidence for automated cleanup,low,MEDIUM,yes,company_memory.sqlite:memory_entries,manual_review
1455,ENP,risk,Further larger controlled studies and grant funding are required to support further US-based clinical trials,active,0.82,news:art_65b58a32f5b4ed4b52b49580,newspaper4k,DATA_MISSING,2026-05-04T04:54:53Z,2026-05-04T16:55:06+00:00,2026-05-04T16:55:06+00:00,DATA_MISSING,DATA_MISSING,candidate_manual_review,manual_review,row has provenance but insufficient deterministic target/scope evidence for automated cleanup,low,MEDIUM,yes,company_memory.sqlite:memory_entries,manual_review
1456,TMX,operating_context,"{'date': '2026-05-04', 'description': 'Terrain Minerals secures firm commitments to raise $1.5 million in a placement to fund exploration across its portfolio of wholly-owned projects in Western Australia.'}",active,0.83,news:art_89a90e81adfd926402db83d6,newspaper4k,DATA_MISSING,2026-05-04T04:47:16Z,2026-05-04T16:55:36+00:00,2026-05-04T16:55:36+00:00,DATA_MISSING,DATA_MISSING,candidate_raw_payload_review,manual_review,raw dict-like row appears to be market/macro context in company memory; do not expire until source and destination are reviewed,medium,MEDIUM,yes,company_memory.sqlite:memory_entries,manual_review
1457,TMX,observed_fact,"{'date': '2026-05-08', 'description': 'Settlement of the $1.5 million placement expected.'}",active,0.86,news:art_89a90e81adfd926402db83d6,newspaper4k,DATA_MISSING,2026-05-04T04:47:16Z,2026-05-04T16:55:37+00:00,2026-05-04T16:55:37+00:00,DATA_MISSING,DATA_MISSING,candidate_raw_payload_review,manual_review,raw dict-like row lacks enough structured attribution for automated cleanup,medium,MEDIUM,yes,company_memory.sqlite:memory_entries,manual_review
1458,TMX,management_guidance,"{'date': '2026-07', 'description': 'Targeted maiden Mineral Resource Estimate (MRE) for the Lightning gold and silver project.'}",active,0.86,news:art_89a90e81adfd926402db83d6,newspaper4k,DATA_MISSING,2026-05-04T04:47:16Z,2026-05-04T16:55:38+00:00,2026-05-04T16:55:38+00:00,DATA_MISSING,DATA_MISSING,candidate_raw_payload_review,manual_review,raw dict-like row lacks enough structured attribution for automated cleanup,medium,MEDIUM,yes,company_memory.sqlite:memory_entries,manual_review
1459,TMX,operating_context,Funds will support MRE and mining studies at Lightning gold and silver project,active,0.78,news:art_89a90e81adfd926402db83d6,newspaper4k,DATA_MISSING,2026-05-04T04:47:16Z,2026-05-04T16:55:38+00:00,2026-05-04T16:55:38+00:00,DATA_MISSING,DATA_MISSING,candidate_manual_review,manual_review,row has provenance but insufficient deterministic target/scope evidence for automated cleanup,low,MEDIUM,yes,company_memory.sqlite:memory_entries,manual_review
1460,TMX,observed_fact,"Cash injection will also progress other gold, rare earths and lithium assets",active,0.83,news:art_89a90e81adfd926402db83d6,newspaper4k,DATA_MISSING,2026-05-04T04:47:16Z,2026-05-04T16:55:38+00:00,2026-05-04T16:55:38+00:00,DATA_MISSING,DATA_MISSING,candidate_manual_review,manual_review,row has provenance but insufficient deterministic target/scope evidence for automated cleanup,low,MEDIUM,yes,company_memory.sqlite:memory_entries,manual_review
1461,TMX,risk,Pending assays and results from various drilling and sampling programs across multiple projects,active,0.78,news:art_89a90e81adfd926402db83d6,newspaper4k,DATA_MISSING,2026-05-04T04:47:16Z,2026-05-04T16:55:38+00:00,2026-05-04T16:55:38+00:00,DATA_MISSING,DATA_MISSING,candidate_manual_review,manual_review,row has provenance but insufficient deterministic target/scope evidence for automated cleanup,low,MEDIUM,yes,company_memory.sqlite:memory_entries,manual_review
1462,TMX,risk,Dependence on successful exploration outcomes and resource estimates,active,0.78,news:art_89a90e81adfd926402db83d6,newspaper4k,DATA_MISSING,2026-05-04T04:47:16Z,2026-05-04T16:55:38+00:00,2026-05-04T16:55:38+00:00,DATA_MISSING,DATA_MISSING,candidate_manual_review,manual_review,row has provenance but insufficient deterministic target/scope evidence for automated cleanup,low,MEDIUM,yes,company_memory.sqlite:memory_entries,manual_review
1463,LGM,observed_fact,"{'date': '2026-05-04', 'event': 'Legacy Minerals releases a scoping study for the Mt Carrington project, highlighting potential to deliver $1.27bn in free cash flow with an NPV of $539m and IRR of 30% in base case scenario.'}",active,0.89,news:art_df03d50aa211f5062a82bfbb,newspaper4k,DATA_MISSING,2026-05-04T00:37:58Z,2026-05-04T17:03:03+00:00,2026-05-04T17:03:03+00:00,DATA_MISSING,DATA_MISSING,candidate_raw_payload_review,manual_review,raw dict-like row lacks enough structured attribution for automated cleanup,medium,MEDIUM,yes,company_memory.sqlite:memory_entries,manual_review
1464,LGM,observed_fact,The project could generate NPV of $539m and IRR of 30% in base case scenario,active,0.84,news:art_df03d50aa211f5062a82bfbb,newspaper4k,DATA_MISSING,2026-05-04T00:37:58Z,2026-05-04T17:03:03+00:00,2026-05-04T17:03:03+00:00,DATA_MISSING,DATA_MISSING,candidate_manual_review,manual_review,row has provenance but insufficient deterministic target/scope evidence for automated cleanup,low,MEDIUM,yes,company_memory.sqlite:memory_entries,manual_review
1465,LGM,observed_fact,"The project has a mine life of 19 years with production of 373,000oz gold and 9.91Moz silver",active,0.87,news:art_df03d50aa211f5062a82bfbb,newspaper4k,DATA_MISSING,2026-05-04T00:37:58Z,2026-05-04T17:03:03+00:00,2026-05-04T17:03:03+00:00,DATA_MISSING,DATA_MISSING,candidate_manual_review,manual_review,row has provenance but insufficient deterministic target/scope evidence for automated cleanup,low,MEDIUM,yes,company_memory.sqlite:memory_entries,manual_review
1466,LGM,observed_fact,The study by Ausenco highlights Mt Carrington’s leverage to gold and silver price movements,active,0.83,news:art_df03d50aa211f5062a82bfbb,newspaper4k,DATA_MISSING,2026-05-04T00:37:58Z,2026-05-04T17:03:03+00:00,2026-05-04T17:03:03+00:00,DATA_MISSING,DATA_MISSING,candidate_manual_review,manual_review,row has provenance but insufficient deterministic target/scope evidence for automated cleanup,low,MEDIUM,yes,company_memory.sqlite:memory_entries,manual_review
1467,LGM,risk,"The scoping study is based purely on the project’s gold and silver resources and excludes zinc, lead, copper, and other silver resources",active,0.78,news:art_df03d50aa211f5062a82bfbb,newspaper4k,DATA_MISSING,2026-05-04T00:37:58Z,2026-05-04T17:03:03+00:00,2026-05-04T17:03:03+00:00,DATA_MISSING,DATA_MISSING,candidate_manual_review,manual_review,row has provenance but insufficient deterministic target/scope evidence for automated cleanup,low,MEDIUM,yes,company_memory.sqlite:memory_entries,manual_review
1468,LGM,risk,The project's financial robustness is based on conservative base case pricing,active,0.8,news:art_df03d50aa211f5062a82bfbb,newspaper4k,DATA_MISSING,2026-05-04T00:37:58Z,2026-05-04T17:03:05+00:00,2026-05-04T17:03:05+00:00,DATA_MISSING,DATA_MISSING,candidate_manual_review,manual_review,row has provenance but insufficient deterministic target/scope evidence for automated cleanup,low,MEDIUM,yes,company_memory.sqlite:memory_entries,manual_review
1469,SXC,observed_fact,"{'date': '2026-06-30', 'description': 'Heith Mackay-Cruise will retire as chair of Southern Cross Media, with Teresa Dyson succeeding him as chair effective July 1, 2026.'}",active,0.86,news:art_3af7aed12dfa413638d79b0a,newspaper4k,DATA_MISSING,2026-05-04T00:09:00Z,2026-05-04T17:03:53+00:00,2026-05-04T17:03:53+00:00,DATA_MISSING,DATA_MISSING,candidate_raw_payload_review,manual_review,raw dict-like row lacks enough structured attribution for automated cleanup,medium,MEDIUM,yes,company_memory.sqlite:memory_entries,manual_review
1470,SXC,observed_fact,"{'date': '2026-06-30', 'description': 'Southern Cross director Ido Leffler will also retire.'}",active,0.86,news:art_3af7aed12dfa413638d79b0a,newspaper4k,DATA_MISSING,2026-05-04T00:09:00Z,2026-05-04T17:03:54+00:00,2026-05-04T17:03:54+00:00,DATA_MISSING,DATA_MISSING,candidate_raw_payload_review,manual_review,raw dict-like row lacks enough structured attribution for automated cleanup,medium,MEDIUM,yes,company_memory.sqlite:memory_entries,manual_review
1471,SXC,observed_fact,"{'date': '2026-05-01', 'description': 'Sandon Capital filed a 203D notice to remove Heith Mackay-Cruise, Ido Leffler, and Marina Go from the board at the next annual general meeting.'}",active,0.88,news:art_3af7aed12dfa413638d79b0a,newspaper4k,DATA_MISSING,2026-05-04T00:09:00Z,2026-05-04T17:03:54+00:00,2026-05-04T17:03:54+00:00,DATA_MISSING,DATA_MISSING,candidate_raw_payload_review,manual_review,raw dict-like row lacks enough structured attribution for automated cleanup,medium,MEDIUM,yes,company_memory.sqlite:memory_entries,manual_review
1472,SXC,observed_fact,Heith Mackay-Cruise has been on the Southern Cross Media board for almost six years and spent more than two years as chair,active,0.81,news:art_3af7aed12dfa413638d79b0a,newspaper4k,DATA_MISSING,2026-05-04T00:09:00Z,2026-05-04T17:03:54+00:00,2026-05-04T17:03:54+00:00,DATA_MISSING,DATA_MISSING,candidate_manual_review,manual_review,row has provenance but insufficient deterministic target/scope evidence for automated cleanup,low,MEDIUM,yes,company_memory.sqlite:memory_entries,manual_review
1473,SXC,observed_fact,Teresa Dyson was on the Seven West Media board for more than eight years before transitioning to the Southern Cross board after the companies merged in January,active,0.81,news:art_3af7aed12dfa413638d79b0a,newspaper4k,DATA_MISSING,2026-05-04T00:09:00Z,2026-05-04T17:03:54+00:00,2026-05-04T17:03:54+00:00,DATA_MISSING,DATA_MISSING,candidate_manual_review,manual_review,row has provenance but insufficient deterministic target/scope evidence for automated cleanup,low,MEDIUM,yes,company_memory.sqlite:memory_entries,manual_review
1474,SXC,observed_fact,"Sandon Capital filed a 203D notice to remove Heith Mackay-Cruise, Ido Leffler, and Marina Go from the board at the next annual general meeting",active,0.83,news:art_3af7aed12dfa413638d79b0a,newspaper4k,DATA_MISSING,2026-05-04T00:09:00Z,2026-05-04T17:03:54+00:00,2026-05-04T17:03:54+00:00,DATA_MISSING,DATA_MISSING,candidate_manual_review,manual_review,row has provenance but insufficient deterministic target/scope evidence for automated cleanup,low,MEDIUM,yes,company_memory.sqlite:memory_entries,manual_review
1475,SXC,risk,Potential instability due to leadership transition,active,0.78,news:art_3af7aed12dfa413638d79b0a,newspaper4k,DATA_MISSING,2026-05-04T00:09:00Z,2026-05-04T17:03:54+00:00,2026-05-04T17:03:54+00:00,DATA_MISSING,DATA_MISSING,candidate_manual_review,manual_review,row has provenance but insufficient deterministic target/scope evidence for automated cleanup,low,MEDIUM,yes,company_memory.sqlite:memory_entries,manual_review
1476,SXC,risk,Activist shareholder Sandon Capital's actions may affect board dynamics,active,0.8,news:art_3af7aed12dfa413638d79b0a,newspaper4k,DATA_MISSING,2026-05-04T00:09:00Z,2026-05-04T17:03:54+00:00,2026-05-04T17:03:54+00:00,DATA_MISSING,DATA_MISSING,candidate_manual_review,manual_review,row has provenance but insufficient deterministic target/scope evidence for automated cleanup,low,MEDIUM,yes,company_memory.sqlite:memory_entries,manual_review
1477,ACC,operating_context,"{'date': '2026-04', 'description': 'Accent Group reported total owned sales increased by 7.1% for the second half of FY26 compared to the prior corresponding period, but like-for-like retail sales were 1% lower than the previous corresponding period.'}",active,0.86,news:art_30333f1ee6359f6e33d95db3,newspaper4k,DATA_MISSING,2026-05-04T00:03:00Z,2026-05-04T17:04:46+00:00,2026-05-04T17:04:46+00:00,DATA_MISSING,DATA_MISSING,candidate_raw_payload_review,manual_review,"raw dict-like row appears to target ACC/ACCENT GROUP, and entity matches; preserve text until source review confirms display-safe normalization",medium,MEDIUM,yes,company_memory.sqlite:memory_entries,manual_review
1478,ACC,management_guidance,"{'date': '2026-04', 'description': 'Accent Group downgraded its half-year and full-year earnings guidance due to higher fuel prices and a drop in consumer confidence.'}",active,0.89,news:art_30333f1ee6359f6e33d95db3,newspaper4k,DATA_MISSING,2026-05-04T00:03:00Z,2026-05-04T17:04:46+00:00,2026-05-04T17:04:46+00:00,DATA_MISSING,DATA_MISSING,candidate_raw_payload_review,manual_review,"raw dict-like row appears to target ACC/ACCENT GROUP, and entity matches; preserve text until source review confirms display-safe normalization",medium,MEDIUM,yes,company_memory.sqlite:memory_entries,manual_review
1479,ACC,management_guidance,"{'date': '2026-05-04', 'description': 'Shares in Accent Group fell 8.86% to 56 cents in early trade after the company downgraded its earnings guidance.'}",active,0.87,news:art_30333f1ee6359f6e33d95db3,newspaper4k,DATA_MISSING,2026-05-04T00:03:00Z,2026-05-04T17:04:46+00:00,2026-05-04T17:04:46+00:00,DATA_MISSING,DATA_MISSING,candidate_raw_payload_review,manual_review,"raw dict-like row appears to target ACC/ACCENT GROUP, and entity matches; preserve text until source review confirms display-safe normalization",medium,MEDIUM,yes,company_memory.sqlite:memory_entries,manual_review
1480,ACC,management_guidance,"{'date': '2026-04', 'description': 'Accent Group downgraded its half-year EBIT guidance to a range of $23 million to $28 million and full-year EBIT to between $79.5 million and $84.5 million.'}",active,0.87,news:art_30333f1ee6359f6e33d95db3,newspaper4k,DATA_MISSING,2026-05-04T00:03:00Z,2026-05-04T17:04:46+00:00,2026-05-04T17:04:46+00:00,DATA_MISSING,DATA_MISSING,candidate_raw_payload_review,manual_review,"raw dict-like row appears to target ACC/ACCENT GROUP, and entity matches; preserve text until source review confirms display-safe normalization",medium,MEDIUM,yes,company_memory.sqlite:memory_entries,manual_review
1481,ACC,management_guidance,"{'date': '2026-04', 'description': 'Accent Group stated that trading to the end of March was in line with its prior guidance, but sales and gross margins in April were impacted by higher fuel prices and a significant deterioration in consumer confidence.'}",active,0.89,news:art_30333f1ee6359f6e33d95db3,newspaper4k,DATA_MISSING,2026-05-04T00:03:00Z,2026-05-04T17:04:46+00:00,2026-05-04T17:04:46+00:00,DATA_MISSING,DATA_MISSING,candidate_raw_payload_review,manual_review,"raw dict-like row appears to target ACC/ACCENT GROUP, and entity matches; preserve text until source review confirms display-safe normalization",medium,MEDIUM,yes,company_memory.sqlite:memory_entries,manual_review
1482,ACC,observed_fact,"{'date': '2026-05-04', 'description': 'RBC Capital Markets analyst Jackie Moody expressed concerns that the update only encapsulates weaker-than-expected trading conditions in a single quarter, adding that should these conditions persist into FY27, there will be further downside risk to current consensus forecasts.'}",active,0.88,news:art_30333f1ee6359f6e33d95db3,newspaper4k,DATA_MISSING,2026-05-04T00:03:00Z,2026-05-04T17:04:46+00:00,2026-05-04T17:04:46+00:00,DATA_MISSING,DATA_MISSING,candidate_raw_payload_review,manual_review,raw dict-like row lacks enough structured attribution for automated cleanup,medium,MEDIUM,yes,company_memory.sqlite:memory_entries,manual_review
1483,ACC,risk,"{'date': '2026-04', 'description': 'Accent Group received notices that it was suspected of contravening trading activities from 23 May 2025 to 10 June 2025, but no charges have been laid.'}",active,0.85,news:art_30333f1ee6359f6e33d95db3,newspaper4k,DATA_MISSING,2026-05-04T00:03:00Z,2026-05-04T17:04:46+00:00,2026-05-04T17:04:46+00:00,DATA_MISSING,DATA_MISSING,candidate_raw_payload_review,manual_review,"raw dict-like row appears to target ACC/ACCENT GROUP, and entity matches; preserve text until source review confirms display-safe normalization",medium,MEDIUM,yes,company_memory.sqlite:memory_entries,manual_review
1484,ACC,risk,"{'date': '2026-05-04', 'description': 'Higher fuel prices and a drop in consumer confidence contributed to a material impact in April, leading to a downgrade in earnings guidance.'}",active,0.86,news:art_30333f1ee6359f6e33d95db3,newspaper4k,DATA_MISSING,2026-05-04T00:03:00Z,2026-05-04T17:04:47+00:00,2026-05-04T17:04:47+00:00,DATA_MISSING,DATA_MISSING,candidate_raw_payload_review,manual_review,raw dict-like row lacks enough structured attribution for automated cleanup,medium,MEDIUM,yes,company_memory.sqlite:memory_entries,manual_review
1485,ENDV,strategic_initiative,"{'date': '2026-05-03', 'description': 'Endeavour Group reported a 1.2% increase in group sales in the FY26 second half to date and unveiled a $100 million cost reduction program including layoffs in its support office.'}",active,0.85,news:art_0377f902443c89f686cb5950,newspaper4k,DATA_MISSING,2026-05-03T23:00:00Z,2026-05-04T17:12:46+00:00,2026-05-04T17:12:46+00:00,DATA_MISSING,DATA_MISSING,candidate_raw_payload_review,manual_review,"raw dict-like row appears to target END/EDV/ENDV/ENDEAVOR GROUP, and entity matches; preserve text until source review confirms display-safe normalization",medium,MEDIUM,yes,company_memory.sqlite:memory_entries,manual_review
1486,ENDV,strategic_initiative,"{'date': '2026-05-03', 'description': ""Endeavour Group's shares fell 7.60% to $3.16 in early trade after the company unveiled a three-year cost reduction program.""}",active,0.84,news:art_0377f902443c89f686cb5950,newspaper4k,DATA_MISSING,2026-05-03T23:00:00Z,2026-05-04T17:12:46+00:00,2026-05-04T17:12:46+00:00,DATA_MISSING,DATA_MISSING,candidate_raw_payload_review,manual_review,"raw dict-like row appears to target END/EDV/ENDV/ENDEAVOR GROUP, and entity matches; preserve text until source review confirms display-safe normalization",medium,MEDIUM,yes,company_memory.sqlite:memory_entries,manual_review
1487,ENDV,observed_fact,"{'source': 'Endeavour CEO Jayne Hrdlicka', 'claim': 'Despite challenging macroeconomic conditions and geopolitical uncertainty impacting consumer sentiment, our retail business has maintained positive sales growth.'}",active,0.85,news:art_0377f902443c89f686cb5950,newspaper4k,DATA_MISSING,2026-05-03T23:00:00Z,2026-05-04T17:12:46+00:00,2026-05-04T17:12:46+00:00,DATA_MISSING,DATA_MISSING,candidate_raw_payload_review,manual_review,raw dict-like row appears to be market/macro context in company memory; do not expire until source and destination are reviewed,medium,MEDIUM,yes,company_memory.sqlite:memory_entries,manual_review
1488,ENDV,management_guidance,"{'source': 'RBC Capital Markets analyst Michael Toner', 'claim': 'The third quarter sales growth was ahead of consensus, but the cost saving program lifted his FY27 earnings guidance, he added that he views the update as mixed to marginally softer on balance.'}",active,0.83,news:art_0377f902443c89f686cb5950,newspaper4k,DATA_MISSING,2026-05-03T23:00:00Z,2026-05-04T17:12:46+00:00,2026-05-04T17:12:46+00:00,DATA_MISSING,DATA_MISSING,candidate_raw_payload_review,manual_review,raw dict-like row lacks enough structured attribution for automated cleanup,medium,MEDIUM,yes,company_memory.sqlite:memory_entries,manual_review
1489,ENDV,risk,{'risk': 'Elevated fuel and freight prices are expected to increase second-half supply chain costs by between $6 million and $8 million.'},active,0.84,news:art_0377f902443c89f686cb5950,newspaper4k,DATA_MISSING,2026-05-03T23:00:00Z,2026-05-04T17:12:46+00:00,2026-05-04T17:12:46+00:00,DATA_MISSING,DATA_MISSING,candidate_raw_payload_review,manual_review,raw dict-like row lacks enough structured attribution for automated cleanup,medium,MEDIUM,yes,company_memory.sqlite:memory_entries,manual_review
1490,ENDV,risk,"{'risk': 'Sales momentum in its hotels business moderated towards the end of the third quarter, reflecting growing cost of living pressures.'}",active,0.82,news:art_0377f902443c89f686cb5950,newspaper4k,DATA_MISSING,2026-05-03T23:00:00Z,2026-05-04T17:12:46+00:00,2026-05-04T17:12:46+00:00,DATA_MISSING,DATA_MISSING,candidate_raw_payload_review,manual_review,raw dict-like row lacks enough structured attribution for automated cleanup,medium,MEDIUM,yes,company_memory.sqlite:memory_entries,manual_review
1491,ENDV,risk,{'risk': 'The Middle East conflict may cause supply disruption and elevated fuel and freight costs.'},active,0.82,news:art_0377f902443c89f686cb5950,newspaper4k,DATA_MISSING,2026-05-03T23:00:00Z,2026-05-04T17:12:46+00:00,2026-05-04T17:12:46+00:00,DATA_MISSING,DATA_MISSING,candidate_raw_payload_review,manual_review,raw dict-like row lacks enough structured attribution for automated cleanup,medium,MEDIUM,yes,company_memory.sqlite:memory_entries,manual_review
1492,A2M,observed_fact,"{'date': '2026-05-03', 'description': 'A2 Milk recalls three batches of its USA label infant formula due to the presence of cereulide toxin.'}",active,0.86,news:art_aa13edd261034dba97055d8a,newspaper4k,DATA_MISSING,2026-05-03T22:52:00Z,2026-05-04T17:13:07+00:00,2026-05-04T17:13:07+00:00,DATA_MISSING,DATA_MISSING,candidate_raw_payload_review,manual_review,"raw dict-like row appears to target A2M/A2 MILK, and entity matches; preserve text until source review confirms display-safe normalization",medium,MEDIUM,yes,company_memory.sqlite:memory_entries,manual_review
1498,NAB,operating_context,"{'date': '2026-05-03', 'description': 'National Australia Bank (NAB) reported a $2.64 billion cash profit, up 2.3% from the prior half, despite missing profit expectations due to changes in software accounting.'}",active,0.86,news:art_7f0c04de5da7778c3f58c932,newspaper4k,DATA_MISSING,2026-05-03T22:29:00Z,2026-05-04T17:13:44+00:00,2026-05-04T17:13:44+00:00,DATA_MISSING,DATA_MISSING,candidate_raw_payload_review,manual_review,"raw dict-like row appears to target NAB, and entity matches; preserve text until source review confirms display-safe normalization",medium,MEDIUM,yes,company_memory.sqlite:memory_entries,manual_review
1499,NAB,operating_context,"{'description': ""NAB's underlying profit grew strongly at 6.4%."", 'source': ""NAB's report""}",active,0.82,news:art_7f0c04de5da7778c3f58c932,newspaper4k,DATA_MISSING,2026-05-03T22:29:00Z,2026-05-04T17:13:44+00:00,2026-05-04T17:13:44+00:00,DATA_MISSING,DATA_MISSING,candidate_raw_payload_review,manual_review,"raw dict-like row appears to target NAB, and entity matches; preserve text until source review confirms display-safe normalization",medium,MEDIUM,yes,company_memory.sqlite:memory_entries,manual_review
1500,NAB,operating_context,"{'description': ""NAB's business bank took market share in the half with business lending up 5.6%."", 'source': ""NAB's report""}",active,0.82,news:art_7f0c04de5da7778c3f58c932,newspaper4k,DATA_MISSING,2026-05-03T22:29:00Z,2026-05-04T17:13:44+00:00,2026-05-04T17:13:44+00:00,DATA_MISSING,DATA_MISSING,candidate_raw_payload_review,manual_review,"raw dict-like row appears to target NAB, and entity matches; preserve text until source review confirms display-safe normalization",medium,MEDIUM,yes,company_memory.sqlite:memory_entries,manual_review
1501,NAB,observed_fact,"{'description': ""NAB's share price fell 1.2% in early trading on Monday after the bank missed profit consensus figures."", 'source': 'Market reaction'}",active,0.87,news:art_7f0c04de5da7778c3f58c932,newspaper4k,DATA_MISSING,2026-05-03T22:29:00Z,2026-05-04T17:13:44+00:00,2026-05-04T17:13:44+00:00,DATA_MISSING,DATA_MISSING,candidate_raw_payload_review,manual_review,"raw dict-like row appears to target NAB, and entity matches; preserve text until source review confirms display-safe normalization",medium,MEDIUM,yes,company_memory.sqlite:memory_entries,manual_review
1502,NAB,risk,"{'description': 'Geopolitical tensions, particularly the Middle East conflict, present a key source of downside risk.', 'source': ""NAB's report""}",active,0.82,news:art_7f0c04de5da7778c3f58c932,newspaper4k,DATA_MISSING,2026-05-03T22:29:00Z,2026-05-04T17:13:45+00:00,2026-05-04T17:13:45+00:00,DATA_MISSING,DATA_MISSING,candidate_raw_payload_review,manual_review,raw dict-like row appears to be market/macro context in company memory; do not expire until source and destination are reviewed,medium,MEDIUM,yes,company_memory.sqlite:memory_entries,manual_review
1503,NAB,risk,"{'description': ""NAB's decision to reset its software capitalisation balance for the third time in seven years raises questions."", 'source': 'Jarden analyst Matt Wilson'}",active,0.82,news:art_7f0c04de5da7778c3f58c932,newspaper4k,DATA_MISSING,2026-05-03T22:29:00Z,2026-05-04T17:13:45+00:00,2026-05-04T17:13:45+00:00,DATA_MISSING,DATA_MISSING,candidate_raw_payload_review,manual_review,"raw dict-like row appears to target NAB, and entity matches; preserve text until source review confirms display-safe normalization",medium,MEDIUM,yes,company_memory.sqlite:memory_entries,manual_review
1504,A2M,observed_fact,"{'date': '2026-05-03', 'description': ""ASX opens lower due to US President Trump's comments on Iran's peace offer and anticipation of US employment data.""}",active,0.86,news:art_06cd26d8be3fde12055ea3bf,newspaper4k,DATA_MISSING,2026-05-03T22:23:00Z,2026-05-04T17:14:28+00:00,2026-05-04T17:14:28+00:00,fanout_0085,4,candidate_raw_payload_review,manual_review,raw dict-like row lacks enough structured attribution for automated cleanup,medium,MEDIUM,yes,company_memory.sqlite:memory_entries,manual_review
1505,COH,observed_fact,"{'date': '2026-05-03', 'description': ""ASX opens lower due to US President Trump's comments on Iran's peace offer and anticipation of US employment data.""}",active,0.86,news:art_06cd26d8be3fde12055ea3bf,newspaper4k,DATA_MISSING,2026-05-03T22:23:00Z,2026-05-04T17:14:28+00:00,2026-05-04T17:14:28+00:00,fanout_0085,4,candidate_raw_payload_review,manual_review,raw dict-like row lacks enough structured attribution for automated cleanup,medium,MEDIUM,yes,company_memory.sqlite:memory_entries,manual_review
1506,BGA,observed_fact,"{'date': '2026-05-03', 'description': ""ASX opens lower due to US President Trump's comments on Iran's peace offer and anticipation of US employment data.""}",active,0.86,news:art_06cd26d8be3fde12055ea3bf,newspaper4k,DATA_MISSING,2026-05-03T22:23:00Z,2026-05-04T17:14:29+00:00,2026-05-04T17:14:29+00:00,fanout_0085,4,candidate_raw_payload_review,manual_review,raw dict-like row lacks enough structured attribution for automated cleanup,medium,MEDIUM,yes,company_memory.sqlite:memory_entries,manual_review
1507,EGH,observed_fact,"{'date': '2026-05-03', 'description': ""ASX opens lower due to US President Trump's comments on Iran's peace offer and anticipation of US employment data.""}",active,0.86,news:art_06cd26d8be3fde12055ea3bf,newspaper4k,DATA_MISSING,2026-05-03T22:23:00Z,2026-05-04T17:14:30+00:00,2026-05-04T17:14:30+00:00,fanout_0085,4,candidate_raw_payload_review,manual_review,raw dict-like row lacks enough structured attribution for automated cleanup,medium,MEDIUM,yes,company_memory.sqlite:memory_entries,manual_review
1508,A2M,observed_fact,"{'date': '2026-05-03', 'description': ""A2 Milk's stock price drops significantly after recalling three batches of its USA infant formula.""}",active,0.88,news:art_06cd26d8be3fde12055ea3bf,newspaper4k,DATA_MISSING,2026-05-03T22:23:00Z,2026-05-04T17:14:30+00:00,2026-05-04T17:14:30+00:00,fanout_0084,4,candidate_raw_payload_review,manual_review,"raw dict-like row appears to target A2M/A2 MILK, and entity matches; preserve text until source review confirms display-safe normalization",medium,MEDIUM,yes,company_memory.sqlite:memory_entries,manual_review
1509,COH,observed_fact,"{'date': '2026-05-03', 'description': ""A2 Milk's stock price drops significantly after recalling three batches of its USA infant formula.""}",active,0.88,news:art_06cd26d8be3fde12055ea3bf,newspaper4k,DATA_MISSING,2026-05-03T22:23:00Z,2026-05-04T17:14:30+00:00,2026-05-04T17:14:30+00:00,fanout_0084,4,candidate_raw_payload_review,manual_review,"raw dict-like row appears to target A2M/A2 MILK, but current entity is not in the detected target alias set",medium,MEDIUM,yes,company_memory.sqlite:memory_entries,manual_review
1510,BGA,observed_fact,"{'date': '2026-05-03', 'description': ""A2 Milk's stock price drops significantly after recalling three batches of its USA infant formula.""}",active,0.88,news:art_06cd26d8be3fde12055ea3bf,newspaper4k,DATA_MISSING,2026-05-03T22:23:00Z,2026-05-04T17:14:30+00:00,2026-05-04T17:14:30+00:00,fanout_0084,4,candidate_raw_payload_review,manual_review,"raw dict-like row appears to target A2M/A2 MILK, but current entity is not in the detected target alias set",medium,MEDIUM,yes,company_memory.sqlite:memory_entries,manual_review
1511,EGH,observed_fact,"{'date': '2026-05-03', 'description': ""A2 Milk's stock price drops significantly after recalling three batches of its USA infant formula.""}",active,0.88,news:art_06cd26d8be3fde12055ea3bf,newspaper4k,DATA_MISSING,2026-05-03T22:23:00Z,2026-05-04T17:14:30+00:00,2026-05-04T17:14:30+00:00,fanout_0084,4,candidate_raw_payload_review,manual_review,"raw dict-like row appears to target A2M/A2 MILK, but current entity is not in the detected target alias set",medium,MEDIUM,yes,company_memory.sqlite:memory_entries,manual_review
1512,A2M,strategic_initiative,"{'date': '2026-05-03', 'description': 'Endeavour Group announces a $100 million cost reduction program, including layoffs.'}",active,0.84,news:art_06cd26d8be3fde12055ea3bf,newspaper4k,DATA_MISSING,2026-05-03T22:23:00Z,2026-05-04T17:14:30+00:00,2026-05-04T17:14:30+00:00,fanout_0089,4,candidate_raw_payload_review,manual_review,"raw dict-like row appears to target END/EDV/ENDV/ENDEAVOR GROUP, but current entity is not in the detected target alias set",medium,MEDIUM,yes,company_memory.sqlite:memory_entries,manual_review
1513,COH,strategic_initiative,"{'date': '2026-05-03', 'description': 'Endeavour Group announces a $100 million cost reduction program, including layoffs.'}",active,0.84,news:art_06cd26d8be3fde12055ea3bf,newspaper4k,DATA_MISSING,2026-05-03T22:23:00Z,2026-05-04T17:14:30+00:00,2026-05-04T17:14:30+00:00,fanout_0089,4,candidate_raw_payload_review,manual_review,"raw dict-like row appears to target END/EDV/ENDV/ENDEAVOR GROUP, but current entity is not in the detected target alias set",medium,MEDIUM,yes,company_memory.sqlite:memory_entries,manual_review
1514,BGA,strategic_initiative,"{'date': '2026-05-03', 'description': 'Endeavour Group announces a $100 million cost reduction program, including layoffs.'}",active,0.84,news:art_06cd26d8be3fde12055ea3bf,newspaper4k,DATA_MISSING,2026-05-03T22:23:00Z,2026-05-04T17:14:30+00:00,2026-05-04T17:14:30+00:00,fanout_0089,4,candidate_raw_payload_review,manual_review,"raw dict-like row appears to target END/EDV/ENDV/ENDEAVOR GROUP, but current entity is not in the detected target alias set",medium,MEDIUM,yes,company_memory.sqlite:memory_entries,manual_review
1515,EGH,strategic_initiative,"{'date': '2026-05-03', 'description': 'Endeavour Group announces a $100 million cost reduction program, including layoffs.'}",active,0.84,news:art_06cd26d8be3fde12055ea3bf,newspaper4k,DATA_MISSING,2026-05-03T22:23:00Z,2026-05-04T17:14:30+00:00,2026-05-04T17:14:30+00:00,fanout_0089,4,candidate_raw_payload_review,manual_review,"raw dict-like row appears to target END/EDV/ENDV/ENDEAVOR GROUP, but current entity is not in the detected target alias set",medium,MEDIUM,yes,company_memory.sqlite:memory_entries,manual_review
1516,A2M,observed_fact,"{'date': '2026-05-03', 'description': ""US President Trump's comments on Iran's peace offer are not acceptable.""}",active,0.86,news:art_06cd26d8be3fde12055ea3bf,newspaper4k,DATA_MISSING,2026-05-03T22:23:00Z,2026-05-04T17:14:31+00:00,2026-05-04T17:14:31+00:00,fanout_0087,4,candidate_raw_payload_review,manual_review,raw dict-like row lacks enough structured attribution for automated cleanup,medium,MEDIUM,yes,company_memory.sqlite:memory_entries,manual_review
1517,COH,observed_fact,"{'date': '2026-05-03', 'description': ""US President Trump's comments on Iran's peace offer are not acceptable.""}",active,0.86,news:art_06cd26d8be3fde12055ea3bf,newspaper4k,DATA_MISSING,2026-05-03T22:23:00Z,2026-05-04T17:14:31+00:00,2026-05-04T17:14:31+00:00,fanout_0087,4,candidate_raw_payload_review,manual_review,raw dict-like row lacks enough structured attribution for automated cleanup,medium,MEDIUM,yes,company_memory.sqlite:memory_entries,manual_review
1518,BGA,observed_fact,"{'date': '2026-05-03', 'description': ""US President Trump's comments on Iran's peace offer are not acceptable.""}",active,0.86,news:art_06cd26d8be3fde12055ea3bf,newspaper4k,DATA_MISSING,2026-05-03T22:23:00Z,2026-05-04T17:14:31+00:00,2026-05-04T17:14:31+00:00,fanout_0087,4,candidate_raw_payload_review,manual_review,raw dict-like row lacks enough structured attribution for automated cleanup,medium,MEDIUM,yes,company_memory.sqlite:memory_entries,manual_review
1519,EGH,observed_fact,"{'date': '2026-05-03', 'description': ""US President Trump's comments on Iran's peace offer are not acceptable.""}",active,0.86,news:art_06cd26d8be3fde12055ea3bf,newspaper4k,DATA_MISSING,2026-05-03T22:23:00Z,2026-05-04T17:14:31+00:00,2026-05-04T17:14:31+00:00,fanout_0087,4,candidate_raw_payload_review,manual_review,raw dict-like row lacks enough structured attribution for automated cleanup,medium,MEDIUM,yes,company_memory.sqlite:memory_entries,manual_review
1520,A2M,observed_fact,"{'date': '2026-05-03', 'description': 'US non-farm payrolls data expected to show job growth of 60,000 jobs in May.'}",active,0.88,news:art_06cd26d8be3fde12055ea3bf,newspaper4k,DATA_MISSING,2026-05-03T22:23:00Z,2026-05-04T17:14:31+00:00,2026-05-04T17:14:31+00:00,fanout_0090,4,candidate_raw_payload_review,manual_review,raw dict-like row lacks enough structured attribution for automated cleanup,medium,MEDIUM,yes,company_memory.sqlite:memory_entries,manual_review
1521,COH,observed_fact,"{'date': '2026-05-03', 'description': 'US non-farm payrolls data expected to show job growth of 60,000 jobs in May.'}",active,0.88,news:art_06cd26d8be3fde12055ea3bf,newspaper4k,DATA_MISSING,2026-05-03T22:23:00Z,2026-05-04T17:14:31+00:00,2026-05-04T17:14:31+00:00,fanout_0090,4,candidate_raw_payload_review,manual_review,raw dict-like row lacks enough structured attribution for automated cleanup,medium,MEDIUM,yes,company_memory.sqlite:memory_entries,manual_review
1522,BGA,observed_fact,"{'date': '2026-05-03', 'description': 'US non-farm payrolls data expected to show job growth of 60,000 jobs in May.'}",active,0.88,news:art_06cd26d8be3fde12055ea3bf,newspaper4k,DATA_MISSING,2026-05-03T22:23:00Z,2026-05-04T17:14:31+00:00,2026-05-04T17:14:31+00:00,fanout_0090,4,candidate_raw_payload_review,manual_review,raw dict-like row lacks enough structured attribution for automated cleanup,medium,MEDIUM,yes,company_memory.sqlite:memory_entries,manual_review
1523,EGH,observed_fact,"{'date': '2026-05-03', 'description': 'US non-farm payrolls data expected to show job growth of 60,000 jobs in May.'}",active,0.88,news:art_06cd26d8be3fde12055ea3bf,newspaper4k,DATA_MISSING,2026-05-03T22:23:00Z,2026-05-04T17:14:31+00:00,2026-05-04T17:14:31+00:00,fanout_0090,4,candidate_raw_payload_review,manual_review,raw dict-like row lacks enough structured attribution for automated cleanup,medium,MEDIUM,yes,company_memory.sqlite:memory_entries,manual_review
1524,A2M,risk,"{'date': '2026-05-03', 'description': 'Continued geopolitical tensions between the US and Iran.'}",active,0.83,news:art_06cd26d8be3fde12055ea3bf,newspaper4k,DATA_MISSING,2026-05-03T22:23:00Z,2026-05-04T17:14:31+00:00,2026-05-04T17:14:31+00:00,fanout_0088,4,candidate_raw_payload_review,manual_review,raw dict-like row appears to be market/macro context in company memory; do not expire until source and destination are reviewed,medium,MEDIUM,yes,company_memory.sqlite:memory_entries,manual_review
1525,COH,risk,"{'date': '2026-05-03', 'description': 'Continued geopolitical tensions between the US and Iran.'}",active,0.83,news:art_06cd26d8be3fde12055ea3bf,newspaper4k,DATA_MISSING,2026-05-03T22:23:00Z,2026-05-04T17:14:31+00:00,2026-05-04T17:14:31+00:00,fanout_0088,4,candidate_raw_payload_review,manual_review,raw dict-like row appears to be market/macro context in company memory; do not expire until source and destination are reviewed,medium,MEDIUM,yes,company_memory.sqlite:memory_entries,manual_review
1526,BGA,risk,"{'date': '2026-05-03', 'description': 'Continued geopolitical tensions between the US and Iran.'}",active,0.83,news:art_06cd26d8be3fde12055ea3bf,newspaper4k,DATA_MISSING,2026-05-03T22:23:00Z,2026-05-04T17:14:31+00:00,2026-05-04T17:14:31+00:00,fanout_0088,4,candidate_raw_payload_review,manual_review,raw dict-like row appears to be market/macro context in company memory; do not expire until source and destination are reviewed,medium,MEDIUM,yes,company_memory.sqlite:memory_entries,manual_review
1527,EGH,risk,"{'date': '2026-05-03', 'description': 'Continued geopolitical tensions between the US and Iran.'}",active,0.83,news:art_06cd26d8be3fde12055ea3bf,newspaper4k,DATA_MISSING,2026-05-03T22:23:00Z,2026-05-04T17:14:31+00:00,2026-05-04T17:14:31+00:00,fanout_0088,4,candidate_raw_payload_review,manual_review,raw dict-like row appears to be market/macro context in company memory; do not expire until source and destination are reviewed,medium,MEDIUM,yes,company_memory.sqlite:memory_entries,manual_review
1528,A2M,risk,"{'date': '2026-05-03', 'description': ""Potential negative impact on consumer staples due to A2 Milk's recall and other factors.""}",active,0.83,news:art_06cd26d8be3fde12055ea3bf,newspaper4k,DATA_MISSING,2026-05-03T22:23:00Z,2026-05-04T17:14:31+00:00,2026-05-04T17:14:31+00:00,fanout_0086,4,candidate_raw_payload_review,manual_review,"raw dict-like row appears to target A2M/A2 MILK, and entity matches; preserve text until source review confirms display-safe normalization",medium,MEDIUM,yes,company_memory.sqlite:memory_entries,manual_review
1529,COH,risk,"{'date': '2026-05-03', 'description': ""Potential negative impact on consumer staples due to A2 Milk's recall and other factors.""}",active,0.83,news:art_06cd26d8be3fde12055ea3bf,newspaper4k,DATA_MISSING,2026-05-03T22:23:00Z,2026-05-04T17:14:31+00:00,2026-05-04T17:14:31+00:00,fanout_0086,4,candidate_raw_payload_review,manual_review,raw dict-like row appears to be market/macro context in company memory; do not expire until source and destination are reviewed,medium,MEDIUM,yes,company_memory.sqlite:memory_entries,manual_review
1530,BGA,risk,"{'date': '2026-05-03', 'description': ""Potential negative impact on consumer staples due to A2 Milk's recall and other factors.""}",active,0.83,news:art_06cd26d8be3fde12055ea3bf,newspaper4k,DATA_MISSING,2026-05-03T22:23:00Z,2026-05-04T17:14:31+00:00,2026-05-04T17:14:31+00:00,fanout_0086,4,candidate_raw_payload_review,manual_review,raw dict-like row appears to be market/macro context in company memory; do not expire until source and destination are reviewed,medium,MEDIUM,yes,company_memory.sqlite:memory_entries,manual_review
1531,EGH,risk,"{'date': '2026-05-03', 'description': ""Potential negative impact on consumer staples due to A2 Milk's recall and other factors.""}",active,0.83,news:art_06cd26d8be3fde12055ea3bf,newspaper4k,DATA_MISSING,2026-05-03T22:23:00Z,2026-05-04T17:14:31+00:00,2026-05-04T17:14:31+00:00,fanout_0086,4,candidate_raw_payload_review,manual_review,raw dict-like row appears to be market/macro context in company memory; do not expire until source and destination are reviewed,medium,MEDIUM,yes,company_memory.sqlite:memory_entries,manual_review
1532,COH,observed_fact,"{'date': '2026-05-03', 'description': ""Cochlear CEO Dig Howitt spoke publicly five days after the company's share price dropped 41%",active,0.88,news:art_1820b0ddb372f90339114336,newspaper4k,DATA_MISSING,2026-05-03T19:00:00Z,2026-05-04T17:22:45+00:00,2026-05-04T17:22:45+00:00,DATA_MISSING,DATA_MISSING,candidate_raw_payload_review,manual_review,"raw dict-like row appears to target COH, and entity matches; preserve text until source review confirms display-safe normalization",medium,MEDIUM,yes,company_memory.sqlite:memory_entries,manual_review
1533,COH,observed_fact,"He addressed the Trans-Tasman Business Circle but left early without meeting attendees.""}",active,0.81,news:art_1820b0ddb372f90339114336,newspaper4k,DATA_MISSING,2026-05-03T19:00:00Z,2026-05-04T17:22:45+00:00,2026-05-04T17:22:45+00:00,DATA_MISSING,DATA_MISSING,candidate_manual_review,manual_review,row has provenance but insufficient deterministic target/scope evidence for automated cleanup,low,MEDIUM,yes,company_memory.sqlite:memory_entries,manual_review
1536,CVE,observed_fact,"{'date': '2026-05-03', 'description': 'Cenovus Energy Inc",active,0.86,news:art_ec9925bb5e930a3fe67ec2d8,newspaper4k,DATA_MISSING,2026-05-03T07:41:44Z,2026-05-04T17:24:27+00:00,2026-05-04T17:24:27+00:00,DATA_MISSING,DATA_MISSING,candidate_raw_payload_review,manual_review,raw dict-like row lacks enough structured attribution for automated cleanup,medium,MEDIUM,yes,company_memory.sqlite:memory_entries,manual_review
1537,CVE,strategic_initiative,"refines its long-term strategy within the S&P 60 Index, focusing on long-life energy assets and disciplined capital allocation.'}",active,0.84,news:art_ec9925bb5e930a3fe67ec2d8,newspaper4k,DATA_MISSING,2026-05-03T07:41:44Z,2026-05-04T17:24:27+00:00,2026-05-04T17:24:27+00:00,DATA_MISSING,DATA_MISSING,candidate_manual_review,manual_review,row has provenance but insufficient deterministic target/scope evidence for automated cleanup,low,MEDIUM,yes,company_memory.sqlite:memory_entries,manual_review
1538,CVE,observed_fact,Cenovus strengthens focus on long-life energy assets,active,0.81,news:art_ec9925bb5e930a3fe67ec2d8,newspaper4k,DATA_MISSING,2026-05-03T07:41:44Z,2026-05-04T17:24:27+00:00,2026-05-04T17:24:27+00:00,DATA_MISSING,DATA_MISSING,candidate_manual_review,manual_review,row has provenance but insufficient deterministic target/scope evidence for automated cleanup,low,MEDIUM,yes,company_memory.sqlite:memory_entries,manual_review
1539,CVE,strategic_initiative,Capital return strategy reshaping operational priorities,active,0.79,news:art_ec9925bb5e930a3fe67ec2d8,newspaper4k,DATA_MISSING,2026-05-03T07:41:44Z,2026-05-04T17:24:28+00:00,2026-05-04T17:24:28+00:00,DATA_MISSING,DATA_MISSING,candidate_manual_review,manual_review,row has provenance but insufficient deterministic target/scope evidence for automated cleanup,low,MEDIUM,yes,company_memory.sqlite:memory_entries,manual_review
1540,CVE,interpretation,Market attention reflects evolving energy sector dynamics,active,0.7,news:art_ec9925bb5e930a3fe67ec2d8,newspaper4k,DATA_MISSING,2026-05-03T07:41:44Z,2026-05-04T17:24:29+00:00,2026-05-04T17:24:29+00:00,DATA_MISSING,DATA_MISSING,candidate_manual_review,manual_review,row has provenance but insufficient deterministic target/scope evidence for automated cleanup,low,MEDIUM,yes,company_memory.sqlite:memory_entries,manual_review
1541,CVE,risk,Regulatory pressures and evolving environmental standards,active,0.8,news:art_ec9925bb5e930a3fe67ec2d8,newspaper4k,DATA_MISSING,2026-05-03T07:41:44Z,2026-05-04T17:24:29+00:00,2026-05-04T17:24:29+00:00,DATA_MISSING,DATA_MISSING,candidate_manual_review,manual_review,row has provenance but insufficient deterministic target/scope evidence for automated cleanup,low,MEDIUM,yes,company_memory.sqlite:memory_entries,manual_review
1542,CVE,risk,Industry pressures including environmental expectations and policy developments,active,0.8,news:art_ec9925bb5e930a3fe67ec2d8,newspaper4k,DATA_MISSING,2026-05-03T07:41:44Z,2026-05-04T17:24:30+00:00,2026-05-04T17:24:30+00:00,DATA_MISSING,DATA_MISSING,candidate_manual_review,manual_review,row has provenance but insufficient deterministic target/scope evidence for automated cleanup,low,MEDIUM,yes,company_memory.sqlite:memory_entries,manual_review
1543,BHP,interpretation,"{'event': 'Fed Chair nominee Warsh points to a lower measure of inflation to argue for rate cuts', 'date': '2026-05-03'}",active,0.77,news:art_b3f267fa6b4ad9e3ddc7d62a,newspaper4k,DATA_MISSING,2026-05-03T07:41:44Z,2026-05-04T17:25:31+00:00,2026-05-04T17:25:31+00:00,DATA_MISSING,DATA_MISSING,candidate_raw_payload_review,manual_review,raw dict-like row appears to be market/macro context in company memory; do not expire until source and destination are reviewed,medium,MEDIUM,yes,company_memory.sqlite:memory_entries,manual_review
1544,BHP,observed_fact,"{'event': ""Record share price for the Big Australian (BHP) due to ex-CEO Mike Henry's copper and potash vision"", 'date': '2026-05-03'}",active,0.89,news:art_b3f267fa6b4ad9e3ddc7d62a,newspaper4k,DATA_MISSING,2026-05-03T07:41:44Z,2026-05-04T17:25:31+00:00,2026-05-04T17:25:31+00:00,DATA_MISSING,DATA_MISSING,candidate_raw_payload_review,manual_review,"raw dict-like row appears to target BHP, and entity matches; preserve text until source review confirms display-safe normalization",medium,MEDIUM,yes,company_memory.sqlite:memory_entries,manual_review
1545,BHP,observed_fact,"{'event': 'ECB continues to hold the line on rates, but hints at tightening', 'date': '2026-05-03'}",active,0.86,news:art_b3f267fa6b4ad9e3ddc7d62a,newspaper4k,DATA_MISSING,2026-05-03T07:41:44Z,2026-05-04T17:25:31+00:00,2026-05-04T17:25:31+00:00,DATA_MISSING,DATA_MISSING,candidate_raw_payload_review,manual_review,raw dict-like row appears to be market/macro context in company memory; do not expire until source and destination are reviewed,medium,MEDIUM,yes,company_memory.sqlite:memory_entries,manual_review
1546,BHP,operating_context,"{'event': 'Discussion on building a safer portfolio and positioning for geopolitical uncertainty', 'date': '2026-05-03'}",active,0.83,news:art_b3f267fa6b4ad9e3ddc7d62a,newspaper4k,DATA_MISSING,2026-05-03T07:41:44Z,2026-05-04T17:25:31+00:00,2026-05-04T17:25:31+00:00,DATA_MISSING,DATA_MISSING,candidate_raw_payload_review,manual_review,raw dict-like row appears to be market/macro context in company memory; do not expire until source and destination are reviewed,medium,MEDIUM,yes,company_memory.sqlite:memory_entries,manual_review
1547,BHP,observed_fact,"{'event': 'Analysis of Brisbane 2032 Olympics construction spending and potential benefits for companies', 'date': '2026-05-03'}",active,0.88,news:art_b3f267fa6b4ad9e3ddc7d62a,newspaper4k,DATA_MISSING,2026-05-03T07:41:44Z,2026-05-04T17:25:32+00:00,2026-05-04T17:25:32+00:00,DATA_MISSING,DATA_MISSING,candidate_raw_payload_review,manual_review,raw dict-like row lacks enough structured attribution for automated cleanup,medium,MEDIUM,yes,company_memory.sqlite:memory_entries,manual_review
1552,BHP,observed_fact,"The path to long-term growth can be bumpy, and the biggest risk is getting shaken off at the worst possible time",active,0.85,news:art_b3f267fa6b4ad9e3ddc7d62a,newspaper4k,DATA_MISSING,2026-05-03T07:41:44Z,2026-05-04T17:25:32+00:00,2026-05-04T17:25:32+00:00,DATA_MISSING,DATA_MISSING,candidate_manual_review,manual_review,row has provenance but insufficient deterministic target/scope evidence for automated cleanup,low,MEDIUM,yes,company_memory.sqlite:memory_entries,manual_review
1557,TSX:L,strategic_initiative,"{'date': '2026-05-03', 'description': 'Loblaw launches a new multi-channel campaign, reshaping consumer engagement strategy and drawing renewed attention across the S&P/TSX 60.'}",active,0.82,news:art_727d3acb01d2512127424402,newspaper4k,DATA_MISSING,2026-05-03T07:41:44Z,2026-05-04T17:26:21+00:00,2026-05-04T17:26:21+00:00,DATA_MISSING,DATA_MISSING,candidate_raw_payload_review,manual_review,raw dict-like row lacks enough structured attribution for automated cleanup,medium,MEDIUM,yes,company_memory.sqlite:memory_entries,manual_review
1558,TSX:L,strategic_initiative,Loblaw's campaign reshapes consumer engagement strategy,active,0.77,news:art_727d3acb01d2512127424402,newspaper4k,DATA_MISSING,2026-05-03T07:41:44Z,2026-05-04T17:26:22+00:00,2026-05-04T17:26:22+00:00,DATA_MISSING,DATA_MISSING,candidate_manual_review,manual_review,row has provenance but insufficient deterministic target/scope evidence for automated cleanup,low,MEDIUM,yes,company_memory.sqlite:memory_entries,manual_review
1559,TSX:L,strategic_initiative,Retail expansion aligns with evolving shopping behaviour,active,0.79,news:art_727d3acb01d2512127424402,newspaper4k,DATA_MISSING,2026-05-03T07:41:44Z,2026-05-04T17:26:23+00:00,2026-05-04T17:26:23+00:00,DATA_MISSING,DATA_MISSING,candidate_manual_review,manual_review,row has provenance but insufficient deterministic target/scope evidence for automated cleanup,low,MEDIUM,yes,company_memory.sqlite:memory_entries,manual_review
1560,TSX:L,interpretation,Market attention reflects strong consumer sector positioning,active,0.7,news:art_727d3acb01d2512127424402,newspaper4k,DATA_MISSING,2026-05-03T07:41:44Z,2026-05-04T17:26:23+00:00,2026-05-04T17:26:23+00:00,DATA_MISSING,DATA_MISSING,candidate_manual_review,manual_review,row has provenance but insufficient deterministic target/scope evidence for automated cleanup,low,MEDIUM,yes,company_memory.sqlite:memory_entries,manual_review
1561,TSX:L,risk,Competitive landscape remains highly competitive with online competition,active,0.78,news:art_727d3acb01d2512127424402,newspaper4k,DATA_MISSING,2026-05-03T07:41:44Z,2026-05-04T17:26:23+00:00,2026-05-04T17:26:23+00:00,DATA_MISSING,DATA_MISSING,candidate_manual_review,manual_review,row has provenance but insufficient deterministic target/scope evidence for automated cleanup,low,MEDIUM,yes,company_memory.sqlite:memory_entries,manual_review
1562,TSX:L,risk,Regulatory scrutiny within the food retail space,active,0.8,news:art_727d3acb01d2512127424402,newspaper4k,DATA_MISSING,2026-05-03T07:41:44Z,2026-05-04T17:26:23+00:00,2026-05-04T17:26:23+00:00,DATA_MISSING,DATA_MISSING,candidate_manual_review,manual_review,row has provenance but insufficient deterministic target/scope evidence for automated cleanup,low,MEDIUM,yes,company_memory.sqlite:memory_entries,manual_review
1563,QBE,observed_fact,"{'date': '2025-04-29', 'description': 'QBE Insurance Group (ASX:QBE) demonstrated strong EPS growth over multiple years, maintained consistent revenue performance and steady EBIT margins, and company executives purchased shares.'}",active,0.89,news:art_5c310bef0f14a8ac13826bee,newspaper4k,DATA_MISSING,2026-05-03T07:41:44Z,2026-05-04T17:27:23+00:00,2026-05-04T17:27:23+00:00,fanout_0082,4,candidate_raw_payload_review,manual_review,raw dict-like row lacks enough structured attribution for automated cleanup,medium,MEDIUM,yes,company_memory.sqlite:memory_entries,manual_review
1564,NHF,observed_fact,"{'date': '2025-04-29', 'description': 'QBE Insurance Group (ASX:QBE) demonstrated strong EPS growth over multiple years, maintained consistent revenue performance and steady EBIT margins, and company executives purchased shares.'}",active,0.89,news:art_5c310bef0f14a8ac13826bee,newspaper4k,DATA_MISSING,2026-05-03T07:41:44Z,2026-05-04T17:27:23+00:00,2026-05-04T17:27:23+00:00,fanout_0082,4,candidate_raw_payload_review,manual_review,raw dict-like row lacks enough structured attribution for automated cleanup,medium,MEDIUM,yes,company_memory.sqlite:memory_entries,manual_review
1565,IAG,observed_fact,"{'date': '2025-04-29', 'description': 'QBE Insurance Group (ASX:QBE) demonstrated strong EPS growth over multiple years, maintained consistent revenue performance and steady EBIT margins, and company executives purchased shares.'}",active,0.89,news:art_5c310bef0f14a8ac13826bee,newspaper4k,DATA_MISSING,2026-05-03T07:41:44Z,2026-05-04T17:27:23+00:00,2026-05-04T17:27:23+00:00,fanout_0082,4,candidate_raw_payload_review,manual_review,raw dict-like row lacks enough structured attribution for automated cleanup,medium,MEDIUM,yes,company_memory.sqlite:memory_entries,manual_review
1566,SUN,observed_fact,"{'date': '2025-04-29', 'description': 'QBE Insurance Group (ASX:QBE) demonstrated strong EPS growth over multiple years, maintained consistent revenue performance and steady EBIT margins, and company executives purchased shares.'}",active,0.89,news:art_5c310bef0f14a8ac13826bee,newspaper4k,DATA_MISSING,2026-05-03T07:41:44Z,2026-05-04T17:27:23+00:00,2026-05-04T17:27:23+00:00,fanout_0082,4,candidate_raw_payload_review,manual_review,raw dict-like row lacks enough structured attribution for automated cleanup,medium,MEDIUM,yes,company_memory.sqlite:memory_entries,manual_review
1567,QBE,observed_fact,"{'date': '2025-04-24', 'description': 'Australian market nears 8,000 points, with a focus on dividend stocks for stable income.'}",active,0.86,news:art_5c310bef0f14a8ac13826bee,newspaper4k,DATA_MISSING,2026-05-03T07:41:44Z,2026-05-04T17:27:23+00:00,2026-05-04T17:27:23+00:00,fanout_0081,4,candidate_raw_payload_review,manual_review,raw dict-like row lacks enough structured attribution for automated cleanup,medium,MEDIUM,yes,company_memory.sqlite:memory_entries,manual_review
1568,NHF,observed_fact,"{'date': '2025-04-24', 'description': 'Australian market nears 8,000 points, with a focus on dividend stocks for stable income.'}",active,0.86,news:art_5c310bef0f14a8ac13826bee,newspaper4k,DATA_MISSING,2026-05-03T07:41:44Z,2026-05-04T17:27:23+00:00,2026-05-04T17:27:23+00:00,fanout_0081,4,candidate_raw_payload_review,manual_review,raw dict-like row lacks enough structured attribution for automated cleanup,medium,MEDIUM,yes,company_memory.sqlite:memory_entries,manual_review
1569,IAG,observed_fact,"{'date': '2025-04-24', 'description': 'Australian market nears 8,000 points, with a focus on dividend stocks for stable income.'}",active,0.86,news:art_5c310bef0f14a8ac13826bee,newspaper4k,DATA_MISSING,2026-05-03T07:41:44Z,2026-05-04T17:27:23+00:00,2026-05-04T17:27:23+00:00,fanout_0081,4,candidate_raw_payload_review,manual_review,raw dict-like row lacks enough structured attribution for automated cleanup,medium,MEDIUM,yes,company_memory.sqlite:memory_entries,manual_review
1570,SUN,observed_fact,"{'date': '2025-04-24', 'description': 'Australian market nears 8,000 points, with a focus on dividend stocks for stable income.'}",active,0.86,news:art_5c310bef0f14a8ac13826bee,newspaper4k,DATA_MISSING,2026-05-03T07:41:44Z,2026-05-04T17:27:23+00:00,2026-05-04T17:27:23+00:00,fanout_0081,4,candidate_raw_payload_review,manual_review,raw dict-like row lacks enough structured attribution for automated cleanup,medium,MEDIUM,yes,company_memory.sqlite:memory_entries,manual_review
1571,QBE,observed_fact,"{'date': '2025-04-19', 'description': 'Wiseway Group, listed on the All Ordinaries and ASX Emerging Companies indexes, showed upward movement in return on capital employed.'}",active,0.88,news:art_5c310bef0f14a8ac13826bee,newspaper4k,DATA_MISSING,2026-05-03T07:41:44Z,2026-05-04T17:27:24+00:00,2026-05-04T17:27:24+00:00,fanout_0080,4,candidate_raw_payload_review,manual_review,raw dict-like row lacks enough structured attribution for automated cleanup,medium,MEDIUM,yes,company_memory.sqlite:memory_entries,manual_review
1572,NHF,observed_fact,"{'date': '2025-04-19', 'description': 'Wiseway Group, listed on the All Ordinaries and ASX Emerging Companies indexes, showed upward movement in return on capital employed.'}",active,0.88,news:art_5c310bef0f14a8ac13826bee,newspaper4k,DATA_MISSING,2026-05-03T07:41:44Z,2026-05-04T17:27:24+00:00,2026-05-04T17:27:24+00:00,fanout_0080,4,candidate_raw_payload_review,manual_review,raw dict-like row lacks enough structured attribution for automated cleanup,medium,MEDIUM,yes,company_memory.sqlite:memory_entries,manual_review
1573,IAG,observed_fact,"{'date': '2025-04-19', 'description': 'Wiseway Group, listed on the All Ordinaries and ASX Emerging Companies indexes, showed upward movement in return on capital employed.'}",active,0.88,news:art_5c310bef0f14a8ac13826bee,newspaper4k,DATA_MISSING,2026-05-03T07:41:44Z,2026-05-04T17:27:24+00:00,2026-05-04T17:27:24+00:00,fanout_0080,4,candidate_raw_payload_review,manual_review,raw dict-like row lacks enough structured attribution for automated cleanup,medium,MEDIUM,yes,company_memory.sqlite:memory_entries,manual_review
1574,SUN,observed_fact,"{'date': '2025-04-19', 'description': 'Wiseway Group, listed on the All Ordinaries and ASX Emerging Companies indexes, showed upward movement in return on capital employed.'}",active,0.88,news:art_5c310bef0f14a8ac13826bee,newspaper4k,DATA_MISSING,2026-05-03T07:41:44Z,2026-05-04T17:27:24+00:00,2026-05-04T17:27:24+00:00,fanout_0080,4,candidate_raw_payload_review,manual_review,raw dict-like row lacks enough structured attribution for automated cleanup,medium,MEDIUM,yes,company_memory.sqlite:memory_entries,manual_review
1575,QBE,observed_fact,"{'date': '2025-04-09', 'description': 'Nib Holdings (ASX:NHF) saw a 56% increase over five years, operating within the healthcare insurance sector.'}",active,0.88,news:art_5c310bef0f14a8ac13826bee,newspaper4k,DATA_MISSING,2026-05-03T07:41:44Z,2026-05-04T17:27:24+00:00,2026-05-04T17:27:24+00:00,fanout_0079,4,candidate_raw_payload_review,manual_review,raw dict-like row appears to be market/macro context in company memory; do not expire until source and destination are reviewed,medium,MEDIUM,yes,company_memory.sqlite:memory_entries,manual_review
1576,NHF,observed_fact,"{'date': '2025-04-09', 'description': 'Nib Holdings (ASX:NHF) saw a 56% increase over five years, operating within the healthcare insurance sector.'}",active,0.88,news:art_5c310bef0f14a8ac13826bee,newspaper4k,DATA_MISSING,2026-05-03T07:41:44Z,2026-05-04T17:27:24+00:00,2026-05-04T17:27:24+00:00,fanout_0079,4,candidate_raw_payload_review,manual_review,raw dict-like row appears to be market/macro context in company memory; do not expire until source and destination are reviewed,medium,MEDIUM,yes,company_memory.sqlite:memory_entries,manual_review
1577,IAG,observed_fact,"{'date': '2025-04-09', 'description': 'Nib Holdings (ASX:NHF) saw a 56% increase over five years, operating within the healthcare insurance sector.'}",active,0.88,news:art_5c310bef0f14a8ac13826bee,newspaper4k,DATA_MISSING,2026-05-03T07:41:44Z,2026-05-04T17:27:24+00:00,2026-05-04T17:27:24+00:00,fanout_0079,4,candidate_raw_payload_review,manual_review,raw dict-like row appears to be market/macro context in company memory; do not expire until source and destination are reviewed,medium,MEDIUM,yes,company_memory.sqlite:memory_entries,manual_review
1578,SUN,observed_fact,"{'date': '2025-04-09', 'description': 'Nib Holdings (ASX:NHF) saw a 56% increase over five years, operating within the healthcare insurance sector.'}",active,0.88,news:art_5c310bef0f14a8ac13826bee,newspaper4k,DATA_MISSING,2026-05-03T07:41:44Z,2026-05-04T17:27:24+00:00,2026-05-04T17:27:24+00:00,fanout_0079,4,candidate_raw_payload_review,manual_review,raw dict-like row appears to be market/macro context in company memory; do not expire until source and destination are reviewed,medium,MEDIUM,yes,company_memory.sqlite:memory_entries,manual_review
1579,QBE,observed_fact,"{'date': '2025-04-09', 'description': 'Insurance Australia Group Limited (ASX:IAG) showed strong returns despite recent decline, with impressive 3-year growth in earnings per share.'}",active,0.89,news:art_5c310bef0f14a8ac13826bee,newspaper4k,DATA_MISSING,2026-05-03T07:41:44Z,2026-05-04T17:27:24+00:00,2026-05-04T17:27:24+00:00,fanout_0078,4,candidate_raw_payload_review,manual_review,raw dict-like row lacks enough structured attribution for automated cleanup,medium,MEDIUM,yes,company_memory.sqlite:memory_entries,manual_review
1580,NHF,observed_fact,"{'date': '2025-04-09', 'description': 'Insurance Australia Group Limited (ASX:IAG) showed strong returns despite recent decline, with impressive 3-year growth in earnings per share.'}",active,0.89,news:art_5c310bef0f14a8ac13826bee,newspaper4k,DATA_MISSING,2026-05-03T07:41:44Z,2026-05-04T17:27:24+00:00,2026-05-04T17:27:24+00:00,fanout_0078,4,candidate_raw_payload_review,manual_review,raw dict-like row lacks enough structured attribution for automated cleanup,medium,MEDIUM,yes,company_memory.sqlite:memory_entries,manual_review
1581,IAG,observed_fact,"{'date': '2025-04-09', 'description': 'Insurance Australia Group Limited (ASX:IAG) showed strong returns despite recent decline, with impressive 3-year growth in earnings per share.'}",active,0.89,news:art_5c310bef0f14a8ac13826bee,newspaper4k,DATA_MISSING,2026-05-03T07:41:44Z,2026-05-04T17:27:24+00:00,2026-05-04T17:27:24+00:00,fanout_0078,4,candidate_raw_payload_review,manual_review,raw dict-like row lacks enough structured attribution for automated cleanup,medium,MEDIUM,yes,company_memory.sqlite:memory_entries,manual_review
1582,SUN,observed_fact,"{'date': '2025-04-09', 'description': 'Insurance Australia Group Limited (ASX:IAG) showed strong returns despite recent decline, with impressive 3-year growth in earnings per share.'}",active,0.89,news:art_5c310bef0f14a8ac13826bee,newspaper4k,DATA_MISSING,2026-05-03T07:41:44Z,2026-05-04T17:27:24+00:00,2026-05-04T17:27:24+00:00,fanout_0078,4,candidate_raw_payload_review,manual_review,raw dict-like row lacks enough structured attribution for automated cleanup,medium,MEDIUM,yes,company_memory.sqlite:memory_entries,manual_review
1583,QBE,observed_fact,"{'date': '2025-04-08', 'description': 'Suncorp Group Limited (ASX:SUN) trading with a P/E ratio of 14.8x, analysts estimate a decline in earnings over the next three years.'}",active,0.88,news:art_5c310bef0f14a8ac13826bee,newspaper4k,DATA_MISSING,2026-05-03T07:41:44Z,2026-05-04T17:27:24+00:00,2026-05-04T17:27:24+00:00,fanout_0077,4,candidate_raw_payload_review,manual_review,raw dict-like row lacks enough structured attribution for automated cleanup,medium,MEDIUM,yes,company_memory.sqlite:memory_entries,manual_review
1584,NHF,observed_fact,"{'date': '2025-04-08', 'description': 'Suncorp Group Limited (ASX:SUN) trading with a P/E ratio of 14.8x, analysts estimate a decline in earnings over the next three years.'}",active,0.88,news:art_5c310bef0f14a8ac13826bee,newspaper4k,DATA_MISSING,2026-05-03T07:41:44Z,2026-05-04T17:27:24+00:00,2026-05-04T17:27:24+00:00,fanout_0077,4,candidate_raw_payload_review,manual_review,raw dict-like row lacks enough structured attribution for automated cleanup,medium,MEDIUM,yes,company_memory.sqlite:memory_entries,manual_review
1585,IAG,observed_fact,"{'date': '2025-04-08', 'description': 'Suncorp Group Limited (ASX:SUN) trading with a P/E ratio of 14.8x, analysts estimate a decline in earnings over the next three years.'}",active,0.88,news:art_5c310bef0f14a8ac13826bee,newspaper4k,DATA_MISSING,2026-05-03T07:41:44Z,2026-05-04T17:27:24+00:00,2026-05-04T17:27:24+00:00,fanout_0077,4,candidate_raw_payload_review,manual_review,raw dict-like row lacks enough structured attribution for automated cleanup,medium,MEDIUM,yes,company_memory.sqlite:memory_entries,manual_review
1586,SUN,observed_fact,"{'date': '2025-04-08', 'description': 'Suncorp Group Limited (ASX:SUN) trading with a P/E ratio of 14.8x, analysts estimate a decline in earnings over the next three years.'}",active,0.88,news:art_5c310bef0f14a8ac13826bee,newspaper4k,DATA_MISSING,2026-05-03T07:41:44Z,2026-05-04T17:27:24+00:00,2026-05-04T17:27:24+00:00,fanout_0077,4,candidate_raw_payload_review,manual_review,raw dict-like row lacks enough structured attribution for automated cleanup,medium,MEDIUM,yes,company_memory.sqlite:memory_entries,manual_review
1587,QBE,observed_fact,QBE Insurance Group has demonstrated strong EPS growth over multiple years,active,0.85,news:art_5c310bef0f14a8ac13826bee,newspaper4k,DATA_MISSING,2026-05-03T07:41:44Z,2026-05-04T17:27:24+00:00,2026-05-04T17:27:24+00:00,fanout_0071,4,candidate_manual_review,manual_review,row has provenance but insufficient deterministic target/scope evidence for automated cleanup,low,MEDIUM,yes,company_memory.sqlite:memory_entries,manual_review
1588,NHF,observed_fact,QBE Insurance Group has demonstrated strong EPS growth over multiple years,active,0.85,news:art_5c310bef0f14a8ac13826bee,newspaper4k,DATA_MISSING,2026-05-03T07:41:44Z,2026-05-04T17:27:24+00:00,2026-05-04T17:27:24+00:00,fanout_0071,4,candidate_manual_review,manual_review,row has provenance but insufficient deterministic target/scope evidence for automated cleanup,low,MEDIUM,yes,company_memory.sqlite:memory_entries,manual_review
1589,IAG,observed_fact,QBE Insurance Group has demonstrated strong EPS growth over multiple years,active,0.85,news:art_5c310bef0f14a8ac13826bee,newspaper4k,DATA_MISSING,2026-05-03T07:41:44Z,2026-05-04T17:27:26+00:00,2026-05-04T17:27:26+00:00,fanout_0071,4,candidate_manual_review,manual_review,row has provenance but insufficient deterministic target/scope evidence for automated cleanup,low,MEDIUM,yes,company_memory.sqlite:memory_entries,manual_review
1590,SUN,observed_fact,QBE Insurance Group has demonstrated strong EPS growth over multiple years,active,0.85,news:art_5c310bef0f14a8ac13826bee,newspaper4k,DATA_MISSING,2026-05-03T07:41:44Z,2026-05-04T17:27:26+00:00,2026-05-04T17:27:26+00:00,fanout_0071,4,candidate_manual_review,manual_review,row has provenance but insufficient deterministic target/scope evidence for automated cleanup,low,MEDIUM,yes,company_memory.sqlite:memory_entries,manual_review
1591,QBE,observed_fact,Nib Holdings saw a 56% increase over five years,active,0.84,news:art_5c310bef0f14a8ac13826bee,newspaper4k,DATA_MISSING,2026-05-03T07:41:44Z,2026-05-04T17:27:26+00:00,2026-05-04T17:27:26+00:00,fanout_0068,4,candidate_manual_review,manual_review,row has provenance but insufficient deterministic target/scope evidence for automated cleanup,low,MEDIUM,yes,company_memory.sqlite:memory_entries,manual_review
1592,NHF,observed_fact,Nib Holdings saw a 56% increase over five years,active,0.84,news:art_5c310bef0f14a8ac13826bee,newspaper4k,DATA_MISSING,2026-05-03T07:41:44Z,2026-05-04T17:27:26+00:00,2026-05-04T17:27:26+00:00,fanout_0068,4,candidate_manual_review,manual_review,row has provenance but insufficient deterministic target/scope evidence for automated cleanup,low,MEDIUM,yes,company_memory.sqlite:memory_entries,manual_review
1593,IAG,observed_fact,Nib Holdings saw a 56% increase over five years,active,0.84,news:art_5c310bef0f14a8ac13826bee,newspaper4k,DATA_MISSING,2026-05-03T07:41:44Z,2026-05-04T17:27:26+00:00,2026-05-04T17:27:26+00:00,fanout_0068,4,candidate_manual_review,manual_review,row has provenance but insufficient deterministic target/scope evidence for automated cleanup,low,MEDIUM,yes,company_memory.sqlite:memory_entries,manual_review
1594,SUN,observed_fact,Nib Holdings saw a 56% increase over five years,active,0.84,news:art_5c310bef0f14a8ac13826bee,newspaper4k,DATA_MISSING,2026-05-03T07:41:44Z,2026-05-04T17:27:26+00:00,2026-05-04T17:27:26+00:00,fanout_0068,4,candidate_manual_review,manual_review,row has provenance but insufficient deterministic target/scope evidence for automated cleanup,low,MEDIUM,yes,company_memory.sqlite:memory_entries,manual_review
1595,QBE,observed_fact,Insurance Australia Group Limited showed strong returns despite recent decline,active,0.81,news:art_5c310bef0f14a8ac13826bee,newspaper4k,DATA_MISSING,2026-05-03T07:41:44Z,2026-05-04T17:27:26+00:00,2026-05-04T17:27:26+00:00,fanout_0067,4,candidate_manual_review,manual_review,row has provenance but insufficient deterministic target/scope evidence for automated cleanup,low,MEDIUM,yes,company_memory.sqlite:memory_entries,manual_review
1596,NHF,observed_fact,Insurance Australia Group Limited showed strong returns despite recent decline,active,0.81,news:art_5c310bef0f14a8ac13826bee,newspaper4k,DATA_MISSING,2026-05-03T07:41:44Z,2026-05-04T17:27:26+00:00,2026-05-04T17:27:26+00:00,fanout_0067,4,candidate_manual_review,manual_review,row has provenance but insufficient deterministic target/scope evidence for automated cleanup,low,MEDIUM,yes,company_memory.sqlite:memory_entries,manual_review
1597,IAG,observed_fact,Insurance Australia Group Limited showed strong returns despite recent decline,active,0.81,news:art_5c310bef0f14a8ac13826bee,newspaper4k,DATA_MISSING,2026-05-03T07:41:44Z,2026-05-04T17:27:26+00:00,2026-05-04T17:27:26+00:00,fanout_0067,4,candidate_manual_review,manual_review,row has provenance but insufficient deterministic target/scope evidence for automated cleanup,low,MEDIUM,yes,company_memory.sqlite:memory_entries,manual_review
1598,SUN,observed_fact,Insurance Australia Group Limited showed strong returns despite recent decline,active,0.81,news:art_5c310bef0f14a8ac13826bee,newspaper4k,DATA_MISSING,2026-05-03T07:41:44Z,2026-05-04T17:27:26+00:00,2026-05-04T17:27:26+00:00,fanout_0067,4,candidate_manual_review,manual_review,row has provenance but insufficient deterministic target/scope evidence for automated cleanup,low,MEDIUM,yes,company_memory.sqlite:memory_entries,manual_review
1599,QBE,observed_fact,"Suncorp Group Limited is trading with a P/E ratio of 14.8x, analysts estimate a decline in earnings over the next three years",active,0.85,news:art_5c310bef0f14a8ac13826bee,newspaper4k,DATA_MISSING,2026-05-03T07:41:44Z,2026-05-04T17:27:26+00:00,2026-05-04T17:27:26+00:00,fanout_0072,4,candidate_manual_review,manual_review,row has provenance but insufficient deterministic target/scope evidence for automated cleanup,low,MEDIUM,yes,company_memory.sqlite:memory_entries,manual_review
1600,NHF,observed_fact,"Suncorp Group Limited is trading with a P/E ratio of 14.8x, analysts estimate a decline in earnings over the next three years",active,0.85,news:art_5c310bef0f14a8ac13826bee,newspaper4k,DATA_MISSING,2026-05-03T07:41:44Z,2026-05-04T17:27:26+00:00,2026-05-04T17:27:26+00:00,fanout_0072,4,candidate_manual_review,manual_review,row has provenance but insufficient deterministic target/scope evidence for automated cleanup,low,MEDIUM,yes,company_memory.sqlite:memory_entries,manual_review
1601,IAG,observed_fact,"Suncorp Group Limited is trading with a P/E ratio of 14.8x, analysts estimate a decline in earnings over the next three years",active,0.85,news:art_5c310bef0f14a8ac13826bee,newspaper4k,DATA_MISSING,2026-05-03T07:41:44Z,2026-05-04T17:27:26+00:00,2026-05-04T17:27:26+00:00,fanout_0072,4,candidate_manual_review,manual_review,row has provenance but insufficient deterministic target/scope evidence for automated cleanup,low,MEDIUM,yes,company_memory.sqlite:memory_entries,manual_review
1602,SUN,observed_fact,"Suncorp Group Limited is trading with a P/E ratio of 14.8x, analysts estimate a decline in earnings over the next three years",active,0.85,news:art_5c310bef0f14a8ac13826bee,newspaper4k,DATA_MISSING,2026-05-03T07:41:44Z,2026-05-04T17:27:26+00:00,2026-05-04T17:27:26+00:00,fanout_0072,4,candidate_manual_review,manual_review,row has provenance but insufficient deterministic target/scope evidence for automated cleanup,low,MEDIUM,yes,company_memory.sqlite:memory_entries,manual_review
1603,QBE,risk,Suncorp Group Limited's P/E ratio might not align with negative growth expectations,active,0.82,news:art_5c310bef0f14a8ac13826bee,newspaper4k,DATA_MISSING,2026-05-03T07:41:44Z,2026-05-04T17:27:26+00:00,2026-05-04T17:27:26+00:00,fanout_0073,4,candidate_manual_review,manual_review,row has provenance but insufficient deterministic target/scope evidence for automated cleanup,low,MEDIUM,yes,company_memory.sqlite:memory_entries,manual_review
1604,NHF,risk,Suncorp Group Limited's P/E ratio might not align with negative growth expectations,active,0.82,news:art_5c310bef0f14a8ac13826bee,newspaper4k,DATA_MISSING,2026-05-03T07:41:44Z,2026-05-04T17:27:26+00:00,2026-05-04T17:27:26+00:00,fanout_0073,4,candidate_manual_review,manual_review,row has provenance but insufficient deterministic target/scope evidence for automated cleanup,low,MEDIUM,yes,company_memory.sqlite:memory_entries,manual_review
1605,IAG,risk,Suncorp Group Limited's P/E ratio might not align with negative growth expectations,active,0.82,news:art_5c310bef0f14a8ac13826bee,newspaper4k,DATA_MISSING,2026-05-03T07:41:44Z,2026-05-04T17:27:27+00:00,2026-05-04T17:27:27+00:00,fanout_0073,4,candidate_manual_review,manual_review,row has provenance but insufficient deterministic target/scope evidence for automated cleanup,low,MEDIUM,yes,company_memory.sqlite:memory_entries,manual_review
1606,SUN,risk,Suncorp Group Limited's P/E ratio might not align with negative growth expectations,active,0.82,news:art_5c310bef0f14a8ac13826bee,newspaper4k,DATA_MISSING,2026-05-03T07:41:44Z,2026-05-04T17:27:27+00:00,2026-05-04T17:27:27+00:00,fanout_0073,4,candidate_manual_review,manual_review,row has provenance but insufficient deterministic target/scope evidence for automated cleanup,low,MEDIUM,yes,company_memory.sqlite:memory_entries,manual_review
