row_id,ticker/entity,memory_type,statement/text,status,confidence,source_id,source_type,source_title,source_published_at,created_at,updated_at,duplicate_cluster_id,fanout_cluster_size,classification,proposed_action,reason,certainty,risk_level,manual_review_required,original_store,proposed_destination_if_any
15,ASX,observed_fact,ATLASSIAN's share price is up about 30% due to better-than-expected results,active,0.82,youtube_transcript:asx-daily-rundown-atlassian-lifts-tech-a2-milk-recall-shock-accent-group-all-time-lows:88e960386e503796,youtube_transcript,"ASX Daily Rundown | Atlassian Lifts Tech, A2 Milk Recall Shock & Accent Group All-Time Lows",2026-05-04T08:15:01Z,2026-05-04T08:23:27+00:00,2026-05-04T08:23:27+00:00,fanout_0007,50,candidate_expire_duplicate_fanout,status_expire_candidate,explicit target ATLASSIAN does not match current entity; duplicate fanout cluster preserves matching target rows elsewhere,high,MEDIUM,no,company_memory.sqlite:memory_entries,DATA_MISSING
16,TXT,observed_fact,ATLASSIAN's share price is up about 30% due to better-than-expected results,active,0.82,youtube_transcript:asx-daily-rundown-atlassian-lifts-tech-a2-milk-recall-shock-accent-group-all-time-lows:88e960386e503796,youtube_transcript,"ASX Daily Rundown | Atlassian Lifts Tech, A2 Milk Recall Shock & Accent Group All-Time Lows",2026-05-04T08:15:01Z,2026-05-04T08:23:27+00:00,2026-05-04T08:23:27+00:00,fanout_0007,50,candidate_expire_duplicate_fanout,status_expire_candidate,explicit target ATLASSIAN does not match current entity; duplicate fanout cluster preserves matching target rows elsewhere,high,MEDIUM,no,company_memory.sqlite:memory_entries,DATA_MISSING
17,XTX,observed_fact,ATLASSIAN's share price is up about 30% due to better-than-expected results,active,0.82,youtube_transcript:asx-daily-rundown-atlassian-lifts-tech-a2-milk-recall-shock-accent-group-all-time-lows:88e960386e503796,youtube_transcript,"ASX Daily Rundown | Atlassian Lifts Tech, A2 Milk Recall Shock & Accent Group All-Time Lows",2026-05-04T08:15:01Z,2026-05-04T08:23:27+00:00,2026-05-04T08:23:27+00:00,fanout_0007,50,candidate_expire_duplicate_fanout,status_expire_candidate,explicit target ATLASSIAN does not match current entity; duplicate fanout cluster preserves matching target rows elsewhere,high,MEDIUM,no,company_memory.sqlite:memory_entries,DATA_MISSING
18,A2 MILK,observed_fact,ATLASSIAN's share price is up about 30% due to better-than-expected results,active,0.82,youtube_transcript:asx-daily-rundown-atlassian-lifts-tech-a2-milk-recall-shock-accent-group-all-time-lows:88e960386e503796,youtube_transcript,"ASX Daily Rundown | Atlassian Lifts Tech, A2 Milk Recall Shock & Accent Group All-Time Lows",2026-05-04T08:15:01Z,2026-05-04T08:23:27+00:00,2026-05-04T08:23:27+00:00,fanout_0007,50,candidate_expire_duplicate_fanout,status_expire_candidate,explicit target ATLASSIAN does not match current entity; duplicate fanout cluster preserves matching target rows elsewhere,high,MEDIUM,no,company_memory.sqlite:memory_entries,DATA_MISSING
19,ENDEAVOR GROUP,observed_fact,ATLASSIAN's share price is up about 30% due to better-than-expected results,active,0.82,youtube_transcript:asx-daily-rundown-atlassian-lifts-tech-a2-milk-recall-shock-accent-group-all-time-lows:88e960386e503796,youtube_transcript,"ASX Daily Rundown | Atlassian Lifts Tech, A2 Milk Recall Shock & Accent Group All-Time Lows",2026-05-04T08:15:01Z,2026-05-04T08:23:27+00:00,2026-05-04T08:23:27+00:00,fanout_0007,50,candidate_expire_duplicate_fanout,status_expire_candidate,explicit target ATLASSIAN does not match current entity; duplicate fanout cluster preserves matching target rows elsewhere,high,MEDIUM,no,company_memory.sqlite:memory_entries,DATA_MISSING
21,NAB,observed_fact,ATLASSIAN's share price is up about 30% due to better-than-expected results,active,0.82,youtube_transcript:asx-daily-rundown-atlassian-lifts-tech-a2-milk-recall-shock-accent-group-all-time-lows:88e960386e503796,youtube_transcript,"ASX Daily Rundown | Atlassian Lifts Tech, A2 Milk Recall Shock & Accent Group All-Time Lows",2026-05-04T08:15:01Z,2026-05-04T08:23:27+00:00,2026-05-04T08:23:27+00:00,fanout_0007,50,candidate_expire_duplicate_fanout,status_expire_candidate,explicit target ATLASSIAN does not match current entity; duplicate fanout cluster preserves matching target rows elsewhere,high,MEDIUM,no,company_memory.sqlite:memory_entries,DATA_MISSING
22,BHP,observed_fact,ATLASSIAN's share price is up about 30% due to better-than-expected results,active,0.82,youtube_transcript:asx-daily-rundown-atlassian-lifts-tech-a2-milk-recall-shock-accent-group-all-time-lows:88e960386e503796,youtube_transcript,"ASX Daily Rundown | Atlassian Lifts Tech, A2 Milk Recall Shock & Accent Group All-Time Lows",2026-05-04T08:15:01Z,2026-05-04T08:23:27+00:00,2026-05-04T08:23:27+00:00,fanout_0007,50,candidate_expire_duplicate_fanout,status_expire_candidate,explicit target ATLASSIAN does not match current entity; duplicate fanout cluster preserves matching target rows elsewhere,high,MEDIUM,no,company_memory.sqlite:memory_entries,DATA_MISSING
23,KEY PETROLEUM,observed_fact,ATLASSIAN's share price is up about 30% due to better-than-expected results,active,0.82,youtube_transcript:asx-daily-rundown-atlassian-lifts-tech-a2-milk-recall-shock-accent-group-all-time-lows:88e960386e503796,youtube_transcript,"ASX Daily Rundown | Atlassian Lifts Tech, A2 Milk Recall Shock & Accent Group All-Time Lows",2026-05-04T08:15:01Z,2026-05-04T08:23:27+00:00,2026-05-04T08:23:27+00:00,fanout_0007,50,candidate_expire_duplicate_fanout,status_expire_candidate,explicit target ATLASSIAN does not match current entity; duplicate fanout cluster preserves matching target rows elsewhere,high,MEDIUM,no,company_memory.sqlite:memory_entries,DATA_MISSING
24,GCM CORPORATION,observed_fact,ATLASSIAN's share price is up about 30% due to better-than-expected results,active,0.82,youtube_transcript:asx-daily-rundown-atlassian-lifts-tech-a2-milk-recall-shock-accent-group-all-time-lows:88e960386e503796,youtube_transcript,"ASX Daily Rundown | Atlassian Lifts Tech, A2 Milk Recall Shock & Accent Group All-Time Lows",2026-05-04T08:15:01Z,2026-05-04T08:23:27+00:00,2026-05-04T08:23:27+00:00,fanout_0007,50,candidate_expire_duplicate_fanout,status_expire_candidate,explicit target ATLASSIAN does not match current entity; duplicate fanout cluster preserves matching target rows elsewhere,high,MEDIUM,no,company_memory.sqlite:memory_entries,DATA_MISSING
25,MARINO AND CO,observed_fact,ATLASSIAN's share price is up about 30% due to better-than-expected results,active,0.82,youtube_transcript:asx-daily-rundown-atlassian-lifts-tech-a2-milk-recall-shock-accent-group-all-time-lows:88e960386e503796,youtube_transcript,"ASX Daily Rundown | Atlassian Lifts Tech, A2 Milk Recall Shock & Accent Group All-Time Lows",2026-05-04T08:15:01Z,2026-05-04T08:23:27+00:00,2026-05-04T08:23:27+00:00,fanout_0007,50,candidate_expire_duplicate_fanout,status_expire_candidate,explicit target ATLASSIAN does not match current entity; duplicate fanout cluster preserves matching target rows elsewhere,high,MEDIUM,no,company_memory.sqlite:memory_entries,DATA_MISSING
26,CLARITY,observed_fact,ATLASSIAN's share price is up about 30% due to better-than-expected results,active,0.82,youtube_transcript:asx-daily-rundown-atlassian-lifts-tech-a2-milk-recall-shock-accent-group-all-time-lows:88e960386e503796,youtube_transcript,"ASX Daily Rundown | Atlassian Lifts Tech, A2 Milk Recall Shock & Accent Group All-Time Lows",2026-05-04T08:15:01Z,2026-05-04T08:23:27+00:00,2026-05-04T08:23:27+00:00,fanout_0007,50,candidate_expire_duplicate_fanout,status_expire_candidate,explicit target ATLASSIAN does not match current entity; duplicate fanout cluster preserves matching target rows elsewhere,high,MEDIUM,no,company_memory.sqlite:memory_entries,DATA_MISSING
27,WIN MEDALS,observed_fact,ATLASSIAN's share price is up about 30% due to better-than-expected results,active,0.82,youtube_transcript:asx-daily-rundown-atlassian-lifts-tech-a2-milk-recall-shock-accent-group-all-time-lows:88e960386e503796,youtube_transcript,"ASX Daily Rundown | Atlassian Lifts Tech, A2 Milk Recall Shock & Accent Group All-Time Lows",2026-05-04T08:15:01Z,2026-05-04T08:23:27+00:00,2026-05-04T08:23:27+00:00,fanout_0007,50,candidate_expire_duplicate_fanout,status_expire_candidate,explicit target ATLASSIAN does not match current entity; duplicate fanout cluster preserves matching target rows elsewhere,high,MEDIUM,no,company_memory.sqlite:memory_entries,DATA_MISSING
28,AXEN GROUP,observed_fact,ATLASSIAN's share price is up about 30% due to better-than-expected results,active,0.82,youtube_transcript:asx-daily-rundown-atlassian-lifts-tech-a2-milk-recall-shock-accent-group-all-time-lows:88e960386e503796,youtube_transcript,"ASX Daily Rundown | Atlassian Lifts Tech, A2 Milk Recall Shock & Accent Group All-Time Lows",2026-05-04T08:15:01Z,2026-05-04T08:23:27+00:00,2026-05-04T08:23:27+00:00,fanout_0007,50,candidate_expire_duplicate_fanout,status_expire_candidate,explicit target ATLASSIAN does not match current entity; duplicate fanout cluster preserves matching target rows elsewhere,high,MEDIUM,no,company_memory.sqlite:memory_entries,DATA_MISSING
29,STRICKLAND METALS,observed_fact,ATLASSIAN's share price is up about 30% due to better-than-expected results,active,0.82,youtube_transcript:asx-daily-rundown-atlassian-lifts-tech-a2-milk-recall-shock-accent-group-all-time-lows:88e960386e503796,youtube_transcript,"ASX Daily Rundown | Atlassian Lifts Tech, A2 Milk Recall Shock & Accent Group All-Time Lows",2026-05-04T08:15:01Z,2026-05-04T08:23:27+00:00,2026-05-04T08:23:27+00:00,fanout_0007,50,candidate_expire_duplicate_fanout,status_expire_candidate,explicit target ATLASSIAN does not match current entity; duplicate fanout cluster preserves matching target rows elsewhere,high,MEDIUM,no,company_memory.sqlite:memory_entries,DATA_MISSING
30,LION TOWN,observed_fact,ATLASSIAN's share price is up about 30% due to better-than-expected results,active,0.82,youtube_transcript:asx-daily-rundown-atlassian-lifts-tech-a2-milk-recall-shock-accent-group-all-time-lows:88e960386e503796,youtube_transcript,"ASX Daily Rundown | Atlassian Lifts Tech, A2 Milk Recall Shock & Accent Group All-Time Lows",2026-05-04T08:15:01Z,2026-05-04T08:23:27+00:00,2026-05-04T08:23:27+00:00,fanout_0007,50,candidate_expire_duplicate_fanout,status_expire_candidate,explicit target ATLASSIAN does not match current entity; duplicate fanout cluster preserves matching target rows elsewhere,high,MEDIUM,no,company_memory.sqlite:memory_entries,DATA_MISSING
31,IMRO,observed_fact,ATLASSIAN's share price is up about 30% due to better-than-expected results,active,0.82,youtube_transcript:asx-daily-rundown-atlassian-lifts-tech-a2-milk-recall-shock-accent-group-all-time-lows:88e960386e503796,youtube_transcript,"ASX Daily Rundown | Atlassian Lifts Tech, A2 Milk Recall Shock & Accent Group All-Time Lows",2026-05-04T08:15:01Z,2026-05-04T08:23:27+00:00,2026-05-04T08:23:27+00:00,fanout_0007,50,candidate_expire_duplicate_fanout,status_expire_candidate,explicit target ATLASSIAN does not match current entity; duplicate fanout cluster preserves matching target rows elsewhere,high,MEDIUM,no,company_memory.sqlite:memory_entries,DATA_MISSING
32,PENINSULA,observed_fact,ATLASSIAN's share price is up about 30% due to better-than-expected results,active,0.82,youtube_transcript:asx-daily-rundown-atlassian-lifts-tech-a2-milk-recall-shock-accent-group-all-time-lows:88e960386e503796,youtube_transcript,"ASX Daily Rundown | Atlassian Lifts Tech, A2 Milk Recall Shock & Accent Group All-Time Lows",2026-05-04T08:15:01Z,2026-05-04T08:23:27+00:00,2026-05-04T08:23:27+00:00,fanout_0007,50,candidate_expire_duplicate_fanout,status_expire_candidate,explicit target ATLASSIAN does not match current entity; duplicate fanout cluster preserves matching target rows elsewhere,high,MEDIUM,no,company_memory.sqlite:memory_entries,DATA_MISSING
33,BRAIN CHIP,observed_fact,ATLASSIAN's share price is up about 30% due to better-than-expected results,active,0.82,youtube_transcript:asx-daily-rundown-atlassian-lifts-tech-a2-milk-recall-shock-accent-group-all-time-lows:88e960386e503796,youtube_transcript,"ASX Daily Rundown | Atlassian Lifts Tech, A2 Milk Recall Shock & Accent Group All-Time Lows",2026-05-04T08:15:01Z,2026-05-04T08:23:27+00:00,2026-05-04T08:23:27+00:00,fanout_0007,50,candidate_expire_duplicate_fanout,status_expire_candidate,explicit target ATLASSIAN does not match current entity; duplicate fanout cluster preserves matching target rows elsewhere,high,MEDIUM,no,company_memory.sqlite:memory_entries,DATA_MISSING
34,VERITUS,observed_fact,ATLASSIAN's share price is up about 30% due to better-than-expected results,active,0.82,youtube_transcript:asx-daily-rundown-atlassian-lifts-tech-a2-milk-recall-shock-accent-group-all-time-lows:88e960386e503796,youtube_transcript,"ASX Daily Rundown | Atlassian Lifts Tech, A2 Milk Recall Shock & Accent Group All-Time Lows",2026-05-04T08:15:01Z,2026-05-04T08:23:28+00:00,2026-05-04T08:23:28+00:00,fanout_0007,50,candidate_expire_duplicate_fanout,status_expire_candidate,explicit target ATLASSIAN does not match current entity; duplicate fanout cluster preserves matching target rows elsewhere,high,MEDIUM,no,company_memory.sqlite:memory_entries,DATA_MISSING
35,PETTIMED,observed_fact,ATLASSIAN's share price is up about 30% due to better-than-expected results,active,0.82,youtube_transcript:asx-daily-rundown-atlassian-lifts-tech-a2-milk-recall-shock-accent-group-all-time-lows:88e960386e503796,youtube_transcript,"ASX Daily Rundown | Atlassian Lifts Tech, A2 Milk Recall Shock & Accent Group All-Time Lows",2026-05-04T08:15:01Z,2026-05-04T08:23:28+00:00,2026-05-04T08:23:28+00:00,fanout_0007,50,candidate_expire_duplicate_fanout,status_expire_candidate,explicit target ATLASSIAN does not match current entity; duplicate fanout cluster preserves matching target rows elsewhere,high,MEDIUM,no,company_memory.sqlite:memory_entries,DATA_MISSING
36,IMPEDIMED,observed_fact,ATLASSIAN's share price is up about 30% due to better-than-expected results,active,0.82,youtube_transcript:asx-daily-rundown-atlassian-lifts-tech-a2-milk-recall-shock-accent-group-all-time-lows:88e960386e503796,youtube_transcript,"ASX Daily Rundown | Atlassian Lifts Tech, A2 Milk Recall Shock & Accent Group All-Time Lows",2026-05-04T08:15:01Z,2026-05-04T08:23:28+00:00,2026-05-04T08:23:28+00:00,fanout_0007,50,candidate_expire_duplicate_fanout,status_expire_candidate,explicit target ATLASSIAN does not match current entity; duplicate fanout cluster preserves matching target rows elsewhere,high,MEDIUM,no,company_memory.sqlite:memory_entries,DATA_MISSING
37,INDE,observed_fact,ATLASSIAN's share price is up about 30% due to better-than-expected results,active,0.82,youtube_transcript:asx-daily-rundown-atlassian-lifts-tech-a2-milk-recall-shock-accent-group-all-time-lows:88e960386e503796,youtube_transcript,"ASX Daily Rundown | Atlassian Lifts Tech, A2 Milk Recall Shock & Accent Group All-Time Lows",2026-05-04T08:15:01Z,2026-05-04T08:23:28+00:00,2026-05-04T08:23:28+00:00,fanout_0007,50,candidate_expire_duplicate_fanout,status_expire_candidate,explicit target ATLASSIAN does not match current entity; duplicate fanout cluster preserves matching target rows elsewhere,high,MEDIUM,no,company_memory.sqlite:memory_entries,DATA_MISSING
38,PETT,observed_fact,ATLASSIAN's share price is up about 30% due to better-than-expected results,active,0.82,youtube_transcript:asx-daily-rundown-atlassian-lifts-tech-a2-milk-recall-shock-accent-group-all-time-lows:88e960386e503796,youtube_transcript,"ASX Daily Rundown | Atlassian Lifts Tech, A2 Milk Recall Shock & Accent Group All-Time Lows",2026-05-04T08:15:01Z,2026-05-04T08:23:28+00:00,2026-05-04T08:23:28+00:00,fanout_0007,50,candidate_expire_duplicate_fanout,status_expire_candidate,explicit target ATLASSIAN does not match current entity; duplicate fanout cluster preserves matching target rows elsewhere,high,MEDIUM,no,company_memory.sqlite:memory_entries,DATA_MISSING
39,C79,observed_fact,ATLASSIAN's share price is up about 30% due to better-than-expected results,active,0.82,youtube_transcript:asx-daily-rundown-atlassian-lifts-tech-a2-milk-recall-shock-accent-group-all-time-lows:88e960386e503796,youtube_transcript,"ASX Daily Rundown | Atlassian Lifts Tech, A2 Milk Recall Shock & Accent Group All-Time Lows",2026-05-04T08:15:01Z,2026-05-04T08:23:28+00:00,2026-05-04T08:23:28+00:00,fanout_0007,50,candidate_expire_duplicate_fanout,status_expire_candidate,explicit target ATLASSIAN does not match current entity; duplicate fanout cluster preserves matching target rows elsewhere,high,MEDIUM,no,company_memory.sqlite:memory_entries,DATA_MISSING
40,A2M,observed_fact,ATLASSIAN's share price is up about 30% due to better-than-expected results,active,0.82,youtube_transcript:asx-daily-rundown-atlassian-lifts-tech-a2-milk-recall-shock-accent-group-all-time-lows:88e960386e503796,youtube_transcript,"ASX Daily Rundown | Atlassian Lifts Tech, A2 Milk Recall Shock & Accent Group All-Time Lows",2026-05-04T08:15:01Z,2026-05-04T08:23:28+00:00,2026-05-04T08:23:28+00:00,fanout_0007,50,candidate_expire_duplicate_fanout,status_expire_candidate,explicit target ATLASSIAN does not match current entity; duplicate fanout cluster preserves matching target rows elsewhere,high,MEDIUM,no,company_memory.sqlite:memory_entries,DATA_MISSING
41,ACCENT GROUP,observed_fact,ATLASSIAN's share price is up about 30% due to better-than-expected results,active,0.82,youtube_transcript:asx-daily-rundown-atlassian-lifts-tech-a2-milk-recall-shock-accent-group-all-time-lows:88e960386e503796,youtube_transcript,"ASX Daily Rundown | Atlassian Lifts Tech, A2 Milk Recall Shock & Accent Group All-Time Lows",2026-05-04T08:15:01Z,2026-05-04T08:23:28+00:00,2026-05-04T08:23:28+00:00,fanout_0007,50,candidate_expire_duplicate_fanout,status_expire_candidate,explicit target ATLASSIAN does not match current entity; duplicate fanout cluster preserves matching target rows elsewhere,high,MEDIUM,no,company_memory.sqlite:memory_entries,DATA_MISSING
69,ASX,observed_fact,"ATLASSIAN's share price closed at $88.88, which is considered lucky in Chinese culture",active,0.82,youtube_transcript:asx-daily-rundown-atlassian-lifts-tech-a2-milk-recall-shock-accent-group-all-time-lows:88e960386e503796,youtube_transcript,"ASX Daily Rundown | Atlassian Lifts Tech, A2 Milk Recall Shock & Accent Group All-Time Lows",2026-05-04T08:15:01Z,2026-05-04T08:23:30+00:00,2026-05-04T08:23:30+00:00,fanout_0024,27,candidate_expire_duplicate_fanout,status_expire_candidate,explicit target ATLASSIAN does not match current entity; duplicate fanout cluster preserves matching target rows elsewhere,high,MEDIUM,no,company_memory.sqlite:memory_entries,DATA_MISSING
70,TXT,observed_fact,"ATLASSIAN's share price closed at $88.88, which is considered lucky in Chinese culture",active,0.82,youtube_transcript:asx-daily-rundown-atlassian-lifts-tech-a2-milk-recall-shock-accent-group-all-time-lows:88e960386e503796,youtube_transcript,"ASX Daily Rundown | Atlassian Lifts Tech, A2 Milk Recall Shock & Accent Group All-Time Lows",2026-05-04T08:15:01Z,2026-05-04T08:23:30+00:00,2026-05-04T08:23:30+00:00,fanout_0024,27,candidate_expire_duplicate_fanout,status_expire_candidate,explicit target ATLASSIAN does not match current entity; duplicate fanout cluster preserves matching target rows elsewhere,high,MEDIUM,no,company_memory.sqlite:memory_entries,DATA_MISSING
71,XTX,observed_fact,"ATLASSIAN's share price closed at $88.88, which is considered lucky in Chinese culture",active,0.82,youtube_transcript:asx-daily-rundown-atlassian-lifts-tech-a2-milk-recall-shock-accent-group-all-time-lows:88e960386e503796,youtube_transcript,"ASX Daily Rundown | Atlassian Lifts Tech, A2 Milk Recall Shock & Accent Group All-Time Lows",2026-05-04T08:15:01Z,2026-05-04T08:23:30+00:00,2026-05-04T08:23:30+00:00,fanout_0024,27,candidate_expire_duplicate_fanout,status_expire_candidate,explicit target ATLASSIAN does not match current entity; duplicate fanout cluster preserves matching target rows elsewhere,high,MEDIUM,no,company_memory.sqlite:memory_entries,DATA_MISSING
72,A2 MILK,observed_fact,"ATLASSIAN's share price closed at $88.88, which is considered lucky in Chinese culture",active,0.82,youtube_transcript:asx-daily-rundown-atlassian-lifts-tech-a2-milk-recall-shock-accent-group-all-time-lows:88e960386e503796,youtube_transcript,"ASX Daily Rundown | Atlassian Lifts Tech, A2 Milk Recall Shock & Accent Group All-Time Lows",2026-05-04T08:15:01Z,2026-05-04T08:23:31+00:00,2026-05-04T08:23:31+00:00,fanout_0024,27,candidate_expire_duplicate_fanout,status_expire_candidate,explicit target ATLASSIAN does not match current entity; duplicate fanout cluster preserves matching target rows elsewhere,high,MEDIUM,no,company_memory.sqlite:memory_entries,DATA_MISSING
73,ENDEAVOR GROUP,observed_fact,"ATLASSIAN's share price closed at $88.88, which is considered lucky in Chinese culture",active,0.82,youtube_transcript:asx-daily-rundown-atlassian-lifts-tech-a2-milk-recall-shock-accent-group-all-time-lows:88e960386e503796,youtube_transcript,"ASX Daily Rundown | Atlassian Lifts Tech, A2 Milk Recall Shock & Accent Group All-Time Lows",2026-05-04T08:15:01Z,2026-05-04T08:23:31+00:00,2026-05-04T08:23:31+00:00,fanout_0024,27,candidate_expire_duplicate_fanout,status_expire_candidate,explicit target ATLASSIAN does not match current entity; duplicate fanout cluster preserves matching target rows elsewhere,high,MEDIUM,no,company_memory.sqlite:memory_entries,DATA_MISSING
75,NAB,observed_fact,"ATLASSIAN's share price closed at $88.88, which is considered lucky in Chinese culture",active,0.82,youtube_transcript:asx-daily-rundown-atlassian-lifts-tech-a2-milk-recall-shock-accent-group-all-time-lows:88e960386e503796,youtube_transcript,"ASX Daily Rundown | Atlassian Lifts Tech, A2 Milk Recall Shock & Accent Group All-Time Lows",2026-05-04T08:15:01Z,2026-05-04T08:23:31+00:00,2026-05-04T08:23:31+00:00,fanout_0024,27,candidate_expire_duplicate_fanout,status_expire_candidate,explicit target ATLASSIAN does not match current entity; duplicate fanout cluster preserves matching target rows elsewhere,high,MEDIUM,no,company_memory.sqlite:memory_entries,DATA_MISSING
76,BHP,observed_fact,"ATLASSIAN's share price closed at $88.88, which is considered lucky in Chinese culture",active,0.82,youtube_transcript:asx-daily-rundown-atlassian-lifts-tech-a2-milk-recall-shock-accent-group-all-time-lows:88e960386e503796,youtube_transcript,"ASX Daily Rundown | Atlassian Lifts Tech, A2 Milk Recall Shock & Accent Group All-Time Lows",2026-05-04T08:15:01Z,2026-05-04T08:23:32+00:00,2026-05-04T08:23:32+00:00,fanout_0024,27,candidate_expire_duplicate_fanout,status_expire_candidate,explicit target ATLASSIAN does not match current entity; duplicate fanout cluster preserves matching target rows elsewhere,high,MEDIUM,no,company_memory.sqlite:memory_entries,DATA_MISSING
77,KEY PETROLEUM,observed_fact,"ATLASSIAN's share price closed at $88.88, which is considered lucky in Chinese culture",active,0.82,youtube_transcript:asx-daily-rundown-atlassian-lifts-tech-a2-milk-recall-shock-accent-group-all-time-lows:88e960386e503796,youtube_transcript,"ASX Daily Rundown | Atlassian Lifts Tech, A2 Milk Recall Shock & Accent Group All-Time Lows",2026-05-04T08:15:01Z,2026-05-04T08:23:32+00:00,2026-05-04T08:23:32+00:00,fanout_0024,27,candidate_expire_duplicate_fanout,status_expire_candidate,explicit target ATLASSIAN does not match current entity; duplicate fanout cluster preserves matching target rows elsewhere,high,MEDIUM,no,company_memory.sqlite:memory_entries,DATA_MISSING
78,GCM CORPORATION,observed_fact,"ATLASSIAN's share price closed at $88.88, which is considered lucky in Chinese culture",active,0.82,youtube_transcript:asx-daily-rundown-atlassian-lifts-tech-a2-milk-recall-shock-accent-group-all-time-lows:88e960386e503796,youtube_transcript,"ASX Daily Rundown | Atlassian Lifts Tech, A2 Milk Recall Shock & Accent Group All-Time Lows",2026-05-04T08:15:01Z,2026-05-04T08:23:32+00:00,2026-05-04T08:23:32+00:00,fanout_0024,27,candidate_expire_duplicate_fanout,status_expire_candidate,explicit target ATLASSIAN does not match current entity; duplicate fanout cluster preserves matching target rows elsewhere,high,MEDIUM,no,company_memory.sqlite:memory_entries,DATA_MISSING
79,MARINO AND CO,observed_fact,"ATLASSIAN's share price closed at $88.88, which is considered lucky in Chinese culture",active,0.82,youtube_transcript:asx-daily-rundown-atlassian-lifts-tech-a2-milk-recall-shock-accent-group-all-time-lows:88e960386e503796,youtube_transcript,"ASX Daily Rundown | Atlassian Lifts Tech, A2 Milk Recall Shock & Accent Group All-Time Lows",2026-05-04T08:15:01Z,2026-05-04T08:23:32+00:00,2026-05-04T08:23:32+00:00,fanout_0024,27,candidate_expire_duplicate_fanout,status_expire_candidate,explicit target ATLASSIAN does not match current entity; duplicate fanout cluster preserves matching target rows elsewhere,high,MEDIUM,no,company_memory.sqlite:memory_entries,DATA_MISSING
80,CLARITY,observed_fact,"ATLASSIAN's share price closed at $88.88, which is considered lucky in Chinese culture",active,0.82,youtube_transcript:asx-daily-rundown-atlassian-lifts-tech-a2-milk-recall-shock-accent-group-all-time-lows:88e960386e503796,youtube_transcript,"ASX Daily Rundown | Atlassian Lifts Tech, A2 Milk Recall Shock & Accent Group All-Time Lows",2026-05-04T08:15:01Z,2026-05-04T08:23:32+00:00,2026-05-04T08:23:32+00:00,fanout_0024,27,candidate_expire_duplicate_fanout,status_expire_candidate,explicit target ATLASSIAN does not match current entity; duplicate fanout cluster preserves matching target rows elsewhere,high,MEDIUM,no,company_memory.sqlite:memory_entries,DATA_MISSING
81,WIN MEDALS,observed_fact,"ATLASSIAN's share price closed at $88.88, which is considered lucky in Chinese culture",active,0.82,youtube_transcript:asx-daily-rundown-atlassian-lifts-tech-a2-milk-recall-shock-accent-group-all-time-lows:88e960386e503796,youtube_transcript,"ASX Daily Rundown | Atlassian Lifts Tech, A2 Milk Recall Shock & Accent Group All-Time Lows",2026-05-04T08:15:01Z,2026-05-04T08:23:32+00:00,2026-05-04T08:23:32+00:00,fanout_0024,27,candidate_expire_duplicate_fanout,status_expire_candidate,explicit target ATLASSIAN does not match current entity; duplicate fanout cluster preserves matching target rows elsewhere,high,MEDIUM,no,company_memory.sqlite:memory_entries,DATA_MISSING
82,AXEN GROUP,observed_fact,"ATLASSIAN's share price closed at $88.88, which is considered lucky in Chinese culture",active,0.82,youtube_transcript:asx-daily-rundown-atlassian-lifts-tech-a2-milk-recall-shock-accent-group-all-time-lows:88e960386e503796,youtube_transcript,"ASX Daily Rundown | Atlassian Lifts Tech, A2 Milk Recall Shock & Accent Group All-Time Lows",2026-05-04T08:15:01Z,2026-05-04T08:23:32+00:00,2026-05-04T08:23:32+00:00,fanout_0024,27,candidate_expire_duplicate_fanout,status_expire_candidate,explicit target ATLASSIAN does not match current entity; duplicate fanout cluster preserves matching target rows elsewhere,high,MEDIUM,no,company_memory.sqlite:memory_entries,DATA_MISSING
83,STRICKLAND METALS,observed_fact,"ATLASSIAN's share price closed at $88.88, which is considered lucky in Chinese culture",active,0.82,youtube_transcript:asx-daily-rundown-atlassian-lifts-tech-a2-milk-recall-shock-accent-group-all-time-lows:88e960386e503796,youtube_transcript,"ASX Daily Rundown | Atlassian Lifts Tech, A2 Milk Recall Shock & Accent Group All-Time Lows",2026-05-04T08:15:01Z,2026-05-04T08:23:32+00:00,2026-05-04T08:23:32+00:00,fanout_0024,27,candidate_expire_duplicate_fanout,status_expire_candidate,explicit target ATLASSIAN does not match current entity; duplicate fanout cluster preserves matching target rows elsewhere,high,MEDIUM,no,company_memory.sqlite:memory_entries,DATA_MISSING
84,LION TOWN,observed_fact,"ATLASSIAN's share price closed at $88.88, which is considered lucky in Chinese culture",active,0.82,youtube_transcript:asx-daily-rundown-atlassian-lifts-tech-a2-milk-recall-shock-accent-group-all-time-lows:88e960386e503796,youtube_transcript,"ASX Daily Rundown | Atlassian Lifts Tech, A2 Milk Recall Shock & Accent Group All-Time Lows",2026-05-04T08:15:01Z,2026-05-04T08:23:32+00:00,2026-05-04T08:23:32+00:00,fanout_0024,27,candidate_expire_duplicate_fanout,status_expire_candidate,explicit target ATLASSIAN does not match current entity; duplicate fanout cluster preserves matching target rows elsewhere,high,MEDIUM,no,company_memory.sqlite:memory_entries,DATA_MISSING
85,IMRO,observed_fact,"ATLASSIAN's share price closed at $88.88, which is considered lucky in Chinese culture",active,0.82,youtube_transcript:asx-daily-rundown-atlassian-lifts-tech-a2-milk-recall-shock-accent-group-all-time-lows:88e960386e503796,youtube_transcript,"ASX Daily Rundown | Atlassian Lifts Tech, A2 Milk Recall Shock & Accent Group All-Time Lows",2026-05-04T08:15:01Z,2026-05-04T08:23:32+00:00,2026-05-04T08:23:32+00:00,fanout_0024,27,candidate_expire_duplicate_fanout,status_expire_candidate,explicit target ATLASSIAN does not match current entity; duplicate fanout cluster preserves matching target rows elsewhere,high,MEDIUM,no,company_memory.sqlite:memory_entries,DATA_MISSING
86,PENINSULA,observed_fact,"ATLASSIAN's share price closed at $88.88, which is considered lucky in Chinese culture",active,0.82,youtube_transcript:asx-daily-rundown-atlassian-lifts-tech-a2-milk-recall-shock-accent-group-all-time-lows:88e960386e503796,youtube_transcript,"ASX Daily Rundown | Atlassian Lifts Tech, A2 Milk Recall Shock & Accent Group All-Time Lows",2026-05-04T08:15:01Z,2026-05-04T08:23:32+00:00,2026-05-04T08:23:32+00:00,fanout_0024,27,candidate_expire_duplicate_fanout,status_expire_candidate,explicit target ATLASSIAN does not match current entity; duplicate fanout cluster preserves matching target rows elsewhere,high,MEDIUM,no,company_memory.sqlite:memory_entries,DATA_MISSING
87,BRAIN CHIP,observed_fact,"ATLASSIAN's share price closed at $88.88, which is considered lucky in Chinese culture",active,0.82,youtube_transcript:asx-daily-rundown-atlassian-lifts-tech-a2-milk-recall-shock-accent-group-all-time-lows:88e960386e503796,youtube_transcript,"ASX Daily Rundown | Atlassian Lifts Tech, A2 Milk Recall Shock & Accent Group All-Time Lows",2026-05-04T08:15:01Z,2026-05-04T08:23:32+00:00,2026-05-04T08:23:32+00:00,fanout_0024,27,candidate_expire_duplicate_fanout,status_expire_candidate,explicit target ATLASSIAN does not match current entity; duplicate fanout cluster preserves matching target rows elsewhere,high,MEDIUM,no,company_memory.sqlite:memory_entries,DATA_MISSING
88,VERITUS,observed_fact,"ATLASSIAN's share price closed at $88.88, which is considered lucky in Chinese culture",active,0.82,youtube_transcript:asx-daily-rundown-atlassian-lifts-tech-a2-milk-recall-shock-accent-group-all-time-lows:88e960386e503796,youtube_transcript,"ASX Daily Rundown | Atlassian Lifts Tech, A2 Milk Recall Shock & Accent Group All-Time Lows",2026-05-04T08:15:01Z,2026-05-04T08:23:32+00:00,2026-05-04T08:23:32+00:00,fanout_0024,27,candidate_expire_duplicate_fanout,status_expire_candidate,explicit target ATLASSIAN does not match current entity; duplicate fanout cluster preserves matching target rows elsewhere,high,MEDIUM,no,company_memory.sqlite:memory_entries,DATA_MISSING
89,PETTIMED,observed_fact,"ATLASSIAN's share price closed at $88.88, which is considered lucky in Chinese culture",active,0.82,youtube_transcript:asx-daily-rundown-atlassian-lifts-tech-a2-milk-recall-shock-accent-group-all-time-lows:88e960386e503796,youtube_transcript,"ASX Daily Rundown | Atlassian Lifts Tech, A2 Milk Recall Shock & Accent Group All-Time Lows",2026-05-04T08:15:01Z,2026-05-04T08:23:33+00:00,2026-05-04T08:23:33+00:00,fanout_0024,27,candidate_expire_duplicate_fanout,status_expire_candidate,explicit target ATLASSIAN does not match current entity; duplicate fanout cluster preserves matching target rows elsewhere,high,MEDIUM,no,company_memory.sqlite:memory_entries,DATA_MISSING
90,IMPEDIMED,observed_fact,"ATLASSIAN's share price closed at $88.88, which is considered lucky in Chinese culture",active,0.82,youtube_transcript:asx-daily-rundown-atlassian-lifts-tech-a2-milk-recall-shock-accent-group-all-time-lows:88e960386e503796,youtube_transcript,"ASX Daily Rundown | Atlassian Lifts Tech, A2 Milk Recall Shock & Accent Group All-Time Lows",2026-05-04T08:15:01Z,2026-05-04T08:23:33+00:00,2026-05-04T08:23:33+00:00,fanout_0024,27,candidate_expire_duplicate_fanout,status_expire_candidate,explicit target ATLASSIAN does not match current entity; duplicate fanout cluster preserves matching target rows elsewhere,high,MEDIUM,no,company_memory.sqlite:memory_entries,DATA_MISSING
91,INDE,observed_fact,"ATLASSIAN's share price closed at $88.88, which is considered lucky in Chinese culture",active,0.82,youtube_transcript:asx-daily-rundown-atlassian-lifts-tech-a2-milk-recall-shock-accent-group-all-time-lows:88e960386e503796,youtube_transcript,"ASX Daily Rundown | Atlassian Lifts Tech, A2 Milk Recall Shock & Accent Group All-Time Lows",2026-05-04T08:15:01Z,2026-05-04T08:23:33+00:00,2026-05-04T08:23:33+00:00,fanout_0024,27,candidate_expire_duplicate_fanout,status_expire_candidate,explicit target ATLASSIAN does not match current entity; duplicate fanout cluster preserves matching target rows elsewhere,high,MEDIUM,no,company_memory.sqlite:memory_entries,DATA_MISSING
92,PETT,observed_fact,"ATLASSIAN's share price closed at $88.88, which is considered lucky in Chinese culture",active,0.82,youtube_transcript:asx-daily-rundown-atlassian-lifts-tech-a2-milk-recall-shock-accent-group-all-time-lows:88e960386e503796,youtube_transcript,"ASX Daily Rundown | Atlassian Lifts Tech, A2 Milk Recall Shock & Accent Group All-Time Lows",2026-05-04T08:15:01Z,2026-05-04T08:23:33+00:00,2026-05-04T08:23:33+00:00,fanout_0024,27,candidate_expire_duplicate_fanout,status_expire_candidate,explicit target ATLASSIAN does not match current entity; duplicate fanout cluster preserves matching target rows elsewhere,high,MEDIUM,no,company_memory.sqlite:memory_entries,DATA_MISSING
93,C79,observed_fact,"ATLASSIAN's share price closed at $88.88, which is considered lucky in Chinese culture",active,0.82,youtube_transcript:asx-daily-rundown-atlassian-lifts-tech-a2-milk-recall-shock-accent-group-all-time-lows:88e960386e503796,youtube_transcript,"ASX Daily Rundown | Atlassian Lifts Tech, A2 Milk Recall Shock & Accent Group All-Time Lows",2026-05-04T08:15:01Z,2026-05-04T08:23:33+00:00,2026-05-04T08:23:33+00:00,fanout_0024,27,candidate_expire_duplicate_fanout,status_expire_candidate,explicit target ATLASSIAN does not match current entity; duplicate fanout cluster preserves matching target rows elsewhere,high,MEDIUM,no,company_memory.sqlite:memory_entries,DATA_MISSING
94,A2M,observed_fact,"ATLASSIAN's share price closed at $88.88, which is considered lucky in Chinese culture",active,0.82,youtube_transcript:asx-daily-rundown-atlassian-lifts-tech-a2-milk-recall-shock-accent-group-all-time-lows:88e960386e503796,youtube_transcript,"ASX Daily Rundown | Atlassian Lifts Tech, A2 Milk Recall Shock & Accent Group All-Time Lows",2026-05-04T08:15:01Z,2026-05-04T08:23:34+00:00,2026-05-04T08:23:34+00:00,fanout_0024,27,candidate_expire_duplicate_fanout,status_expire_candidate,explicit target ATLASSIAN does not match current entity; duplicate fanout cluster preserves matching target rows elsewhere,high,MEDIUM,no,company_memory.sqlite:memory_entries,DATA_MISSING
95,ACCENT GROUP,observed_fact,"ATLASSIAN's share price closed at $88.88, which is considered lucky in Chinese culture",active,0.82,youtube_transcript:asx-daily-rundown-atlassian-lifts-tech-a2-milk-recall-shock-accent-group-all-time-lows:88e960386e503796,youtube_transcript,"ASX Daily Rundown | Atlassian Lifts Tech, A2 Milk Recall Shock & Accent Group All-Time Lows",2026-05-04T08:15:01Z,2026-05-04T08:23:34+00:00,2026-05-04T08:23:34+00:00,fanout_0024,27,candidate_expire_duplicate_fanout,status_expire_candidate,explicit target ATLASSIAN does not match current entity; duplicate fanout cluster preserves matching target rows elsewhere,high,MEDIUM,no,company_memory.sqlite:memory_entries,DATA_MISSING
177,ASX,observed_fact,PETTIMED's share price is down 35.71%,active,0.82,youtube_transcript:asx-daily-rundown-atlassian-lifts-tech-a2-milk-recall-shock-accent-group-all-time-lows:88e960386e503796,youtube_transcript,"ASX Daily Rundown | Atlassian Lifts Tech, A2 Milk Recall Shock & Accent Group All-Time Lows",2026-05-04T08:15:01Z,2026-05-04T08:23:45+00:00,2026-05-04T08:23:45+00:00,fanout_0012,50,candidate_expire_duplicate_fanout,status_expire_candidate,explicit target PET/PETT/PETTIMED does not match current entity; duplicate fanout cluster preserves matching target rows elsewhere,high,MEDIUM,no,company_memory.sqlite:memory_entries,DATA_MISSING
178,TXT,observed_fact,PETTIMED's share price is down 35.71%,active,0.82,youtube_transcript:asx-daily-rundown-atlassian-lifts-tech-a2-milk-recall-shock-accent-group-all-time-lows:88e960386e503796,youtube_transcript,"ASX Daily Rundown | Atlassian Lifts Tech, A2 Milk Recall Shock & Accent Group All-Time Lows",2026-05-04T08:15:01Z,2026-05-04T08:23:45+00:00,2026-05-04T08:23:45+00:00,fanout_0012,50,candidate_expire_duplicate_fanout,status_expire_candidate,explicit target PET/PETT/PETTIMED does not match current entity; duplicate fanout cluster preserves matching target rows elsewhere,high,MEDIUM,no,company_memory.sqlite:memory_entries,DATA_MISSING
179,XTX,observed_fact,PETTIMED's share price is down 35.71%,active,0.82,youtube_transcript:asx-daily-rundown-atlassian-lifts-tech-a2-milk-recall-shock-accent-group-all-time-lows:88e960386e503796,youtube_transcript,"ASX Daily Rundown | Atlassian Lifts Tech, A2 Milk Recall Shock & Accent Group All-Time Lows",2026-05-04T08:15:01Z,2026-05-04T08:23:45+00:00,2026-05-04T08:23:45+00:00,fanout_0012,50,candidate_expire_duplicate_fanout,status_expire_candidate,explicit target PET/PETT/PETTIMED does not match current entity; duplicate fanout cluster preserves matching target rows elsewhere,high,MEDIUM,no,company_memory.sqlite:memory_entries,DATA_MISSING
180,A2 MILK,observed_fact,PETTIMED's share price is down 35.71%,active,0.82,youtube_transcript:asx-daily-rundown-atlassian-lifts-tech-a2-milk-recall-shock-accent-group-all-time-lows:88e960386e503796,youtube_transcript,"ASX Daily Rundown | Atlassian Lifts Tech, A2 Milk Recall Shock & Accent Group All-Time Lows",2026-05-04T08:15:01Z,2026-05-04T08:23:45+00:00,2026-05-04T08:23:45+00:00,fanout_0012,50,candidate_expire_duplicate_fanout,status_expire_candidate,explicit target PET/PETT/PETTIMED does not match current entity; duplicate fanout cluster preserves matching target rows elsewhere,high,MEDIUM,no,company_memory.sqlite:memory_entries,DATA_MISSING
181,ENDEAVOR GROUP,observed_fact,PETTIMED's share price is down 35.71%,active,0.82,youtube_transcript:asx-daily-rundown-atlassian-lifts-tech-a2-milk-recall-shock-accent-group-all-time-lows:88e960386e503796,youtube_transcript,"ASX Daily Rundown | Atlassian Lifts Tech, A2 Milk Recall Shock & Accent Group All-Time Lows",2026-05-04T08:15:01Z,2026-05-04T08:23:46+00:00,2026-05-04T08:23:46+00:00,fanout_0012,50,candidate_expire_duplicate_fanout,status_expire_candidate,explicit target PET/PETT/PETTIMED does not match current entity; duplicate fanout cluster preserves matching target rows elsewhere,high,MEDIUM,no,company_memory.sqlite:memory_entries,DATA_MISSING
182,ATLASSIAN,observed_fact,PETTIMED's share price is down 35.71%,active,0.82,youtube_transcript:asx-daily-rundown-atlassian-lifts-tech-a2-milk-recall-shock-accent-group-all-time-lows:88e960386e503796,youtube_transcript,"ASX Daily Rundown | Atlassian Lifts Tech, A2 Milk Recall Shock & Accent Group All-Time Lows",2026-05-04T08:15:01Z,2026-05-04T08:23:46+00:00,2026-05-04T08:23:46+00:00,fanout_0012,50,candidate_expire_duplicate_fanout,status_expire_candidate,explicit target PET/PETT/PETTIMED does not match current entity; duplicate fanout cluster preserves matching target rows elsewhere,high,MEDIUM,no,company_memory.sqlite:memory_entries,DATA_MISSING
183,NAB,observed_fact,PETTIMED's share price is down 35.71%,active,0.82,youtube_transcript:asx-daily-rundown-atlassian-lifts-tech-a2-milk-recall-shock-accent-group-all-time-lows:88e960386e503796,youtube_transcript,"ASX Daily Rundown | Atlassian Lifts Tech, A2 Milk Recall Shock & Accent Group All-Time Lows",2026-05-04T08:15:01Z,2026-05-04T08:23:46+00:00,2026-05-04T08:23:46+00:00,fanout_0012,50,candidate_expire_duplicate_fanout,status_expire_candidate,explicit target PET/PETT/PETTIMED does not match current entity; duplicate fanout cluster preserves matching target rows elsewhere,high,MEDIUM,no,company_memory.sqlite:memory_entries,DATA_MISSING
184,BHP,observed_fact,PETTIMED's share price is down 35.71%,active,0.82,youtube_transcript:asx-daily-rundown-atlassian-lifts-tech-a2-milk-recall-shock-accent-group-all-time-lows:88e960386e503796,youtube_transcript,"ASX Daily Rundown | Atlassian Lifts Tech, A2 Milk Recall Shock & Accent Group All-Time Lows",2026-05-04T08:15:01Z,2026-05-04T08:23:46+00:00,2026-05-04T08:23:46+00:00,fanout_0012,50,candidate_expire_duplicate_fanout,status_expire_candidate,explicit target PET/PETT/PETTIMED does not match current entity; duplicate fanout cluster preserves matching target rows elsewhere,high,MEDIUM,no,company_memory.sqlite:memory_entries,DATA_MISSING
185,KEY PETROLEUM,observed_fact,PETTIMED's share price is down 35.71%,active,0.82,youtube_transcript:asx-daily-rundown-atlassian-lifts-tech-a2-milk-recall-shock-accent-group-all-time-lows:88e960386e503796,youtube_transcript,"ASX Daily Rundown | Atlassian Lifts Tech, A2 Milk Recall Shock & Accent Group All-Time Lows",2026-05-04T08:15:01Z,2026-05-04T08:23:46+00:00,2026-05-04T08:23:46+00:00,fanout_0012,50,candidate_expire_duplicate_fanout,status_expire_candidate,explicit target PET/PETT/PETTIMED does not match current entity; duplicate fanout cluster preserves matching target rows elsewhere,high,MEDIUM,no,company_memory.sqlite:memory_entries,DATA_MISSING
186,GCM CORPORATION,observed_fact,PETTIMED's share price is down 35.71%,active,0.82,youtube_transcript:asx-daily-rundown-atlassian-lifts-tech-a2-milk-recall-shock-accent-group-all-time-lows:88e960386e503796,youtube_transcript,"ASX Daily Rundown | Atlassian Lifts Tech, A2 Milk Recall Shock & Accent Group All-Time Lows",2026-05-04T08:15:01Z,2026-05-04T08:23:46+00:00,2026-05-04T08:23:46+00:00,fanout_0012,50,candidate_expire_duplicate_fanout,status_expire_candidate,explicit target PET/PETT/PETTIMED does not match current entity; duplicate fanout cluster preserves matching target rows elsewhere,high,MEDIUM,no,company_memory.sqlite:memory_entries,DATA_MISSING
187,MARINO AND CO,observed_fact,PETTIMED's share price is down 35.71%,active,0.82,youtube_transcript:asx-daily-rundown-atlassian-lifts-tech-a2-milk-recall-shock-accent-group-all-time-lows:88e960386e503796,youtube_transcript,"ASX Daily Rundown | Atlassian Lifts Tech, A2 Milk Recall Shock & Accent Group All-Time Lows",2026-05-04T08:15:01Z,2026-05-04T08:23:46+00:00,2026-05-04T08:23:46+00:00,fanout_0012,50,candidate_expire_duplicate_fanout,status_expire_candidate,explicit target PET/PETT/PETTIMED does not match current entity; duplicate fanout cluster preserves matching target rows elsewhere,high,MEDIUM,no,company_memory.sqlite:memory_entries,DATA_MISSING
188,CLARITY,observed_fact,PETTIMED's share price is down 35.71%,active,0.82,youtube_transcript:asx-daily-rundown-atlassian-lifts-tech-a2-milk-recall-shock-accent-group-all-time-lows:88e960386e503796,youtube_transcript,"ASX Daily Rundown | Atlassian Lifts Tech, A2 Milk Recall Shock & Accent Group All-Time Lows",2026-05-04T08:15:01Z,2026-05-04T08:23:46+00:00,2026-05-04T08:23:46+00:00,fanout_0012,50,candidate_expire_duplicate_fanout,status_expire_candidate,explicit target PET/PETT/PETTIMED does not match current entity; duplicate fanout cluster preserves matching target rows elsewhere,high,MEDIUM,no,company_memory.sqlite:memory_entries,DATA_MISSING
189,WIN MEDALS,observed_fact,PETTIMED's share price is down 35.71%,active,0.82,youtube_transcript:asx-daily-rundown-atlassian-lifts-tech-a2-milk-recall-shock-accent-group-all-time-lows:88e960386e503796,youtube_transcript,"ASX Daily Rundown | Atlassian Lifts Tech, A2 Milk Recall Shock & Accent Group All-Time Lows",2026-05-04T08:15:01Z,2026-05-04T08:23:46+00:00,2026-05-04T08:23:46+00:00,fanout_0012,50,candidate_expire_duplicate_fanout,status_expire_candidate,explicit target PET/PETT/PETTIMED does not match current entity; duplicate fanout cluster preserves matching target rows elsewhere,high,MEDIUM,no,company_memory.sqlite:memory_entries,DATA_MISSING
190,AXEN GROUP,observed_fact,PETTIMED's share price is down 35.71%,active,0.82,youtube_transcript:asx-daily-rundown-atlassian-lifts-tech-a2-milk-recall-shock-accent-group-all-time-lows:88e960386e503796,youtube_transcript,"ASX Daily Rundown | Atlassian Lifts Tech, A2 Milk Recall Shock & Accent Group All-Time Lows",2026-05-04T08:15:01Z,2026-05-04T08:23:47+00:00,2026-05-04T08:23:47+00:00,fanout_0012,50,candidate_expire_duplicate_fanout,status_expire_candidate,explicit target PET/PETT/PETTIMED does not match current entity; duplicate fanout cluster preserves matching target rows elsewhere,high,MEDIUM,no,company_memory.sqlite:memory_entries,DATA_MISSING
191,STRICKLAND METALS,observed_fact,PETTIMED's share price is down 35.71%,active,0.82,youtube_transcript:asx-daily-rundown-atlassian-lifts-tech-a2-milk-recall-shock-accent-group-all-time-lows:88e960386e503796,youtube_transcript,"ASX Daily Rundown | Atlassian Lifts Tech, A2 Milk Recall Shock & Accent Group All-Time Lows",2026-05-04T08:15:01Z,2026-05-04T08:23:47+00:00,2026-05-04T08:23:47+00:00,fanout_0012,50,candidate_expire_duplicate_fanout,status_expire_candidate,explicit target PET/PETT/PETTIMED does not match current entity; duplicate fanout cluster preserves matching target rows elsewhere,high,MEDIUM,no,company_memory.sqlite:memory_entries,DATA_MISSING
192,LION TOWN,observed_fact,PETTIMED's share price is down 35.71%,active,0.82,youtube_transcript:asx-daily-rundown-atlassian-lifts-tech-a2-milk-recall-shock-accent-group-all-time-lows:88e960386e503796,youtube_transcript,"ASX Daily Rundown | Atlassian Lifts Tech, A2 Milk Recall Shock & Accent Group All-Time Lows",2026-05-04T08:15:01Z,2026-05-04T08:23:47+00:00,2026-05-04T08:23:47+00:00,fanout_0012,50,candidate_expire_duplicate_fanout,status_expire_candidate,explicit target PET/PETT/PETTIMED does not match current entity; duplicate fanout cluster preserves matching target rows elsewhere,high,MEDIUM,no,company_memory.sqlite:memory_entries,DATA_MISSING
193,IMRO,observed_fact,PETTIMED's share price is down 35.71%,active,0.82,youtube_transcript:asx-daily-rundown-atlassian-lifts-tech-a2-milk-recall-shock-accent-group-all-time-lows:88e960386e503796,youtube_transcript,"ASX Daily Rundown | Atlassian Lifts Tech, A2 Milk Recall Shock & Accent Group All-Time Lows",2026-05-04T08:15:01Z,2026-05-04T08:23:47+00:00,2026-05-04T08:23:47+00:00,fanout_0012,50,candidate_expire_duplicate_fanout,status_expire_candidate,explicit target PET/PETT/PETTIMED does not match current entity; duplicate fanout cluster preserves matching target rows elsewhere,high,MEDIUM,no,company_memory.sqlite:memory_entries,DATA_MISSING
194,PENINSULA,observed_fact,PETTIMED's share price is down 35.71%,active,0.82,youtube_transcript:asx-daily-rundown-atlassian-lifts-tech-a2-milk-recall-shock-accent-group-all-time-lows:88e960386e503796,youtube_transcript,"ASX Daily Rundown | Atlassian Lifts Tech, A2 Milk Recall Shock & Accent Group All-Time Lows",2026-05-04T08:15:01Z,2026-05-04T08:23:48+00:00,2026-05-04T08:23:48+00:00,fanout_0012,50,candidate_expire_duplicate_fanout,status_expire_candidate,explicit target PET/PETT/PETTIMED does not match current entity; duplicate fanout cluster preserves matching target rows elsewhere,high,MEDIUM,no,company_memory.sqlite:memory_entries,DATA_MISSING
195,BRAIN CHIP,observed_fact,PETTIMED's share price is down 35.71%,active,0.82,youtube_transcript:asx-daily-rundown-atlassian-lifts-tech-a2-milk-recall-shock-accent-group-all-time-lows:88e960386e503796,youtube_transcript,"ASX Daily Rundown | Atlassian Lifts Tech, A2 Milk Recall Shock & Accent Group All-Time Lows",2026-05-04T08:15:01Z,2026-05-04T08:23:48+00:00,2026-05-04T08:23:48+00:00,fanout_0012,50,candidate_expire_duplicate_fanout,status_expire_candidate,explicit target PET/PETT/PETTIMED does not match current entity; duplicate fanout cluster preserves matching target rows elsewhere,high,MEDIUM,no,company_memory.sqlite:memory_entries,DATA_MISSING
196,VERITUS,observed_fact,PETTIMED's share price is down 35.71%,active,0.82,youtube_transcript:asx-daily-rundown-atlassian-lifts-tech-a2-milk-recall-shock-accent-group-all-time-lows:88e960386e503796,youtube_transcript,"ASX Daily Rundown | Atlassian Lifts Tech, A2 Milk Recall Shock & Accent Group All-Time Lows",2026-05-04T08:15:01Z,2026-05-04T08:23:48+00:00,2026-05-04T08:23:48+00:00,fanout_0012,50,candidate_expire_duplicate_fanout,status_expire_candidate,explicit target PET/PETT/PETTIMED does not match current entity; duplicate fanout cluster preserves matching target rows elsewhere,high,MEDIUM,no,company_memory.sqlite:memory_entries,DATA_MISSING
198,IMPEDIMED,observed_fact,PETTIMED's share price is down 35.71%,active,0.82,youtube_transcript:asx-daily-rundown-atlassian-lifts-tech-a2-milk-recall-shock-accent-group-all-time-lows:88e960386e503796,youtube_transcript,"ASX Daily Rundown | Atlassian Lifts Tech, A2 Milk Recall Shock & Accent Group All-Time Lows",2026-05-04T08:15:01Z,2026-05-04T08:23:48+00:00,2026-05-04T08:23:48+00:00,fanout_0012,50,candidate_expire_duplicate_fanout,status_expire_candidate,explicit target PET/PETT/PETTIMED does not match current entity; duplicate fanout cluster preserves matching target rows elsewhere,high,MEDIUM,no,company_memory.sqlite:memory_entries,DATA_MISSING
199,INDE,observed_fact,PETTIMED's share price is down 35.71%,active,0.82,youtube_transcript:asx-daily-rundown-atlassian-lifts-tech-a2-milk-recall-shock-accent-group-all-time-lows:88e960386e503796,youtube_transcript,"ASX Daily Rundown | Atlassian Lifts Tech, A2 Milk Recall Shock & Accent Group All-Time Lows",2026-05-04T08:15:01Z,2026-05-04T08:23:48+00:00,2026-05-04T08:23:48+00:00,fanout_0012,50,candidate_expire_duplicate_fanout,status_expire_candidate,explicit target PET/PETT/PETTIMED does not match current entity; duplicate fanout cluster preserves matching target rows elsewhere,high,MEDIUM,no,company_memory.sqlite:memory_entries,DATA_MISSING
201,C79,observed_fact,PETTIMED's share price is down 35.71%,active,0.82,youtube_transcript:asx-daily-rundown-atlassian-lifts-tech-a2-milk-recall-shock-accent-group-all-time-lows:88e960386e503796,youtube_transcript,"ASX Daily Rundown | Atlassian Lifts Tech, A2 Milk Recall Shock & Accent Group All-Time Lows",2026-05-04T08:15:01Z,2026-05-04T08:23:48+00:00,2026-05-04T08:23:48+00:00,fanout_0012,50,candidate_expire_duplicate_fanout,status_expire_candidate,explicit target PET/PETT/PETTIMED does not match current entity; duplicate fanout cluster preserves matching target rows elsewhere,high,MEDIUM,no,company_memory.sqlite:memory_entries,DATA_MISSING
202,A2M,observed_fact,PETTIMED's share price is down 35.71%,active,0.82,youtube_transcript:asx-daily-rundown-atlassian-lifts-tech-a2-milk-recall-shock-accent-group-all-time-lows:88e960386e503796,youtube_transcript,"ASX Daily Rundown | Atlassian Lifts Tech, A2 Milk Recall Shock & Accent Group All-Time Lows",2026-05-04T08:15:01Z,2026-05-04T08:23:48+00:00,2026-05-04T08:23:48+00:00,fanout_0012,50,candidate_expire_duplicate_fanout,status_expire_candidate,explicit target PET/PETT/PETTIMED does not match current entity; duplicate fanout cluster preserves matching target rows elsewhere,high,MEDIUM,no,company_memory.sqlite:memory_entries,DATA_MISSING
203,ACCENT GROUP,observed_fact,PETTIMED's share price is down 35.71%,active,0.82,youtube_transcript:asx-daily-rundown-atlassian-lifts-tech-a2-milk-recall-shock-accent-group-all-time-lows:88e960386e503796,youtube_transcript,"ASX Daily Rundown | Atlassian Lifts Tech, A2 Milk Recall Shock & Accent Group All-Time Lows",2026-05-04T08:15:01Z,2026-05-04T08:23:48+00:00,2026-05-04T08:23:48+00:00,fanout_0012,50,candidate_expire_duplicate_fanout,status_expire_candidate,explicit target PET/PETT/PETTIMED does not match current entity; duplicate fanout cluster preserves matching target rows elsewhere,high,MEDIUM,no,company_memory.sqlite:memory_entries,DATA_MISSING
231,ASX,observed_fact,Chrysos Corporation's share price fell 6.39% despite a positive trading update,active,0.8,youtube_transcript:asx-daily-rundown-atlassian-lifts-tech-a2-milk-recall-shock-accent-group-all-time-lows:88e960386e503796,youtube_transcript,"ASX Daily Rundown | Atlassian Lifts Tech, A2 Milk Recall Shock & Accent Group All-Time Lows",2026-05-04T08:15:01Z,2026-05-04T08:23:53+00:00,2026-05-04T08:23:53+00:00,fanout_0008,50,candidate_expire_duplicate_fanout,status_expire_candidate,explicit target CHRYSOS/C79/GCM does not match current entity; duplicate fanout cluster preserves matching target rows elsewhere,high,MEDIUM,no,company_memory.sqlite:memory_entries,DATA_MISSING
232,TXT,observed_fact,Chrysos Corporation's share price fell 6.39% despite a positive trading update,active,0.8,youtube_transcript:asx-daily-rundown-atlassian-lifts-tech-a2-milk-recall-shock-accent-group-all-time-lows:88e960386e503796,youtube_transcript,"ASX Daily Rundown | Atlassian Lifts Tech, A2 Milk Recall Shock & Accent Group All-Time Lows",2026-05-04T08:15:01Z,2026-05-04T08:23:54+00:00,2026-05-04T08:23:54+00:00,fanout_0008,50,candidate_expire_duplicate_fanout,status_expire_candidate,explicit target CHRYSOS/C79/GCM does not match current entity; duplicate fanout cluster preserves matching target rows elsewhere,high,MEDIUM,no,company_memory.sqlite:memory_entries,DATA_MISSING
233,XTX,observed_fact,Chrysos Corporation's share price fell 6.39% despite a positive trading update,active,0.8,youtube_transcript:asx-daily-rundown-atlassian-lifts-tech-a2-milk-recall-shock-accent-group-all-time-lows:88e960386e503796,youtube_transcript,"ASX Daily Rundown | Atlassian Lifts Tech, A2 Milk Recall Shock & Accent Group All-Time Lows",2026-05-04T08:15:01Z,2026-05-04T08:23:54+00:00,2026-05-04T08:23:54+00:00,fanout_0008,50,candidate_expire_duplicate_fanout,status_expire_candidate,explicit target CHRYSOS/C79/GCM does not match current entity; duplicate fanout cluster preserves matching target rows elsewhere,high,MEDIUM,no,company_memory.sqlite:memory_entries,DATA_MISSING
234,A2 MILK,observed_fact,Chrysos Corporation's share price fell 6.39% despite a positive trading update,active,0.8,youtube_transcript:asx-daily-rundown-atlassian-lifts-tech-a2-milk-recall-shock-accent-group-all-time-lows:88e960386e503796,youtube_transcript,"ASX Daily Rundown | Atlassian Lifts Tech, A2 Milk Recall Shock & Accent Group All-Time Lows",2026-05-04T08:15:01Z,2026-05-04T08:23:54+00:00,2026-05-04T08:23:54+00:00,fanout_0008,50,candidate_expire_duplicate_fanout,status_expire_candidate,explicit target CHRYSOS/C79/GCM does not match current entity; duplicate fanout cluster preserves matching target rows elsewhere,high,MEDIUM,no,company_memory.sqlite:memory_entries,DATA_MISSING
235,ENDEAVOR GROUP,observed_fact,Chrysos Corporation's share price fell 6.39% despite a positive trading update,active,0.8,youtube_transcript:asx-daily-rundown-atlassian-lifts-tech-a2-milk-recall-shock-accent-group-all-time-lows:88e960386e503796,youtube_transcript,"ASX Daily Rundown | Atlassian Lifts Tech, A2 Milk Recall Shock & Accent Group All-Time Lows",2026-05-04T08:15:01Z,2026-05-04T08:23:54+00:00,2026-05-04T08:23:54+00:00,fanout_0008,50,candidate_expire_duplicate_fanout,status_expire_candidate,explicit target CHRYSOS/C79/GCM does not match current entity; duplicate fanout cluster preserves matching target rows elsewhere,high,MEDIUM,no,company_memory.sqlite:memory_entries,DATA_MISSING
236,ATLASSIAN,observed_fact,Chrysos Corporation's share price fell 6.39% despite a positive trading update,active,0.8,youtube_transcript:asx-daily-rundown-atlassian-lifts-tech-a2-milk-recall-shock-accent-group-all-time-lows:88e960386e503796,youtube_transcript,"ASX Daily Rundown | Atlassian Lifts Tech, A2 Milk Recall Shock & Accent Group All-Time Lows",2026-05-04T08:15:01Z,2026-05-04T08:23:54+00:00,2026-05-04T08:23:54+00:00,fanout_0008,50,candidate_expire_duplicate_fanout,status_expire_candidate,explicit target CHRYSOS/C79/GCM does not match current entity; duplicate fanout cluster preserves matching target rows elsewhere,high,MEDIUM,no,company_memory.sqlite:memory_entries,DATA_MISSING
237,NAB,observed_fact,Chrysos Corporation's share price fell 6.39% despite a positive trading update,active,0.8,youtube_transcript:asx-daily-rundown-atlassian-lifts-tech-a2-milk-recall-shock-accent-group-all-time-lows:88e960386e503796,youtube_transcript,"ASX Daily Rundown | Atlassian Lifts Tech, A2 Milk Recall Shock & Accent Group All-Time Lows",2026-05-04T08:15:01Z,2026-05-04T08:23:54+00:00,2026-05-04T08:23:54+00:00,fanout_0008,50,candidate_expire_duplicate_fanout,status_expire_candidate,explicit target CHRYSOS/C79/GCM does not match current entity; duplicate fanout cluster preserves matching target rows elsewhere,high,MEDIUM,no,company_memory.sqlite:memory_entries,DATA_MISSING
238,BHP,observed_fact,Chrysos Corporation's share price fell 6.39% despite a positive trading update,active,0.8,youtube_transcript:asx-daily-rundown-atlassian-lifts-tech-a2-milk-recall-shock-accent-group-all-time-lows:88e960386e503796,youtube_transcript,"ASX Daily Rundown | Atlassian Lifts Tech, A2 Milk Recall Shock & Accent Group All-Time Lows",2026-05-04T08:15:01Z,2026-05-04T08:23:54+00:00,2026-05-04T08:23:54+00:00,fanout_0008,50,candidate_expire_duplicate_fanout,status_expire_candidate,explicit target CHRYSOS/C79/GCM does not match current entity; duplicate fanout cluster preserves matching target rows elsewhere,high,MEDIUM,no,company_memory.sqlite:memory_entries,DATA_MISSING
239,KEY PETROLEUM,observed_fact,Chrysos Corporation's share price fell 6.39% despite a positive trading update,active,0.8,youtube_transcript:asx-daily-rundown-atlassian-lifts-tech-a2-milk-recall-shock-accent-group-all-time-lows:88e960386e503796,youtube_transcript,"ASX Daily Rundown | Atlassian Lifts Tech, A2 Milk Recall Shock & Accent Group All-Time Lows",2026-05-04T08:15:01Z,2026-05-04T08:23:55+00:00,2026-05-04T08:23:55+00:00,fanout_0008,50,candidate_expire_duplicate_fanout,status_expire_candidate,explicit target CHRYSOS/C79/GCM does not match current entity; duplicate fanout cluster preserves matching target rows elsewhere,high,MEDIUM,no,company_memory.sqlite:memory_entries,DATA_MISSING
241,MARINO AND CO,observed_fact,Chrysos Corporation's share price fell 6.39% despite a positive trading update,active,0.8,youtube_transcript:asx-daily-rundown-atlassian-lifts-tech-a2-milk-recall-shock-accent-group-all-time-lows:88e960386e503796,youtube_transcript,"ASX Daily Rundown | Atlassian Lifts Tech, A2 Milk Recall Shock & Accent Group All-Time Lows",2026-05-04T08:15:01Z,2026-05-04T08:23:55+00:00,2026-05-04T08:23:55+00:00,fanout_0008,50,candidate_expire_duplicate_fanout,status_expire_candidate,explicit target CHRYSOS/C79/GCM does not match current entity; duplicate fanout cluster preserves matching target rows elsewhere,high,MEDIUM,no,company_memory.sqlite:memory_entries,DATA_MISSING
242,CLARITY,observed_fact,Chrysos Corporation's share price fell 6.39% despite a positive trading update,active,0.8,youtube_transcript:asx-daily-rundown-atlassian-lifts-tech-a2-milk-recall-shock-accent-group-all-time-lows:88e960386e503796,youtube_transcript,"ASX Daily Rundown | Atlassian Lifts Tech, A2 Milk Recall Shock & Accent Group All-Time Lows",2026-05-04T08:15:01Z,2026-05-04T08:23:55+00:00,2026-05-04T08:23:55+00:00,fanout_0008,50,candidate_expire_duplicate_fanout,status_expire_candidate,explicit target CHRYSOS/C79/GCM does not match current entity; duplicate fanout cluster preserves matching target rows elsewhere,high,MEDIUM,no,company_memory.sqlite:memory_entries,DATA_MISSING
243,WIN MEDALS,observed_fact,Chrysos Corporation's share price fell 6.39% despite a positive trading update,active,0.8,youtube_transcript:asx-daily-rundown-atlassian-lifts-tech-a2-milk-recall-shock-accent-group-all-time-lows:88e960386e503796,youtube_transcript,"ASX Daily Rundown | Atlassian Lifts Tech, A2 Milk Recall Shock & Accent Group All-Time Lows",2026-05-04T08:15:01Z,2026-05-04T08:23:55+00:00,2026-05-04T08:23:55+00:00,fanout_0008,50,candidate_expire_duplicate_fanout,status_expire_candidate,explicit target CHRYSOS/C79/GCM does not match current entity; duplicate fanout cluster preserves matching target rows elsewhere,high,MEDIUM,no,company_memory.sqlite:memory_entries,DATA_MISSING
244,AXEN GROUP,observed_fact,Chrysos Corporation's share price fell 6.39% despite a positive trading update,active,0.8,youtube_transcript:asx-daily-rundown-atlassian-lifts-tech-a2-milk-recall-shock-accent-group-all-time-lows:88e960386e503796,youtube_transcript,"ASX Daily Rundown | Atlassian Lifts Tech, A2 Milk Recall Shock & Accent Group All-Time Lows",2026-05-04T08:15:01Z,2026-05-04T08:23:55+00:00,2026-05-04T08:23:55+00:00,fanout_0008,50,candidate_expire_duplicate_fanout,status_expire_candidate,explicit target CHRYSOS/C79/GCM does not match current entity; duplicate fanout cluster preserves matching target rows elsewhere,high,MEDIUM,no,company_memory.sqlite:memory_entries,DATA_MISSING
245,STRICKLAND METALS,observed_fact,Chrysos Corporation's share price fell 6.39% despite a positive trading update,active,0.8,youtube_transcript:asx-daily-rundown-atlassian-lifts-tech-a2-milk-recall-shock-accent-group-all-time-lows:88e960386e503796,youtube_transcript,"ASX Daily Rundown | Atlassian Lifts Tech, A2 Milk Recall Shock & Accent Group All-Time Lows",2026-05-04T08:15:01Z,2026-05-04T08:23:55+00:00,2026-05-04T08:23:55+00:00,fanout_0008,50,candidate_expire_duplicate_fanout,status_expire_candidate,explicit target CHRYSOS/C79/GCM does not match current entity; duplicate fanout cluster preserves matching target rows elsewhere,high,MEDIUM,no,company_memory.sqlite:memory_entries,DATA_MISSING
246,LION TOWN,observed_fact,Chrysos Corporation's share price fell 6.39% despite a positive trading update,active,0.8,youtube_transcript:asx-daily-rundown-atlassian-lifts-tech-a2-milk-recall-shock-accent-group-all-time-lows:88e960386e503796,youtube_transcript,"ASX Daily Rundown | Atlassian Lifts Tech, A2 Milk Recall Shock & Accent Group All-Time Lows",2026-05-04T08:15:01Z,2026-05-04T08:23:56+00:00,2026-05-04T08:23:56+00:00,fanout_0008,50,candidate_expire_duplicate_fanout,status_expire_candidate,explicit target CHRYSOS/C79/GCM does not match current entity; duplicate fanout cluster preserves matching target rows elsewhere,high,MEDIUM,no,company_memory.sqlite:memory_entries,DATA_MISSING
247,IMRO,observed_fact,Chrysos Corporation's share price fell 6.39% despite a positive trading update,active,0.8,youtube_transcript:asx-daily-rundown-atlassian-lifts-tech-a2-milk-recall-shock-accent-group-all-time-lows:88e960386e503796,youtube_transcript,"ASX Daily Rundown | Atlassian Lifts Tech, A2 Milk Recall Shock & Accent Group All-Time Lows",2026-05-04T08:15:01Z,2026-05-04T08:23:56+00:00,2026-05-04T08:23:56+00:00,fanout_0008,50,candidate_expire_duplicate_fanout,status_expire_candidate,explicit target CHRYSOS/C79/GCM does not match current entity; duplicate fanout cluster preserves matching target rows elsewhere,high,MEDIUM,no,company_memory.sqlite:memory_entries,DATA_MISSING
248,PENINSULA,observed_fact,Chrysos Corporation's share price fell 6.39% despite a positive trading update,active,0.8,youtube_transcript:asx-daily-rundown-atlassian-lifts-tech-a2-milk-recall-shock-accent-group-all-time-lows:88e960386e503796,youtube_transcript,"ASX Daily Rundown | Atlassian Lifts Tech, A2 Milk Recall Shock & Accent Group All-Time Lows",2026-05-04T08:15:01Z,2026-05-04T08:23:56+00:00,2026-05-04T08:23:56+00:00,fanout_0008,50,candidate_expire_duplicate_fanout,status_expire_candidate,explicit target CHRYSOS/C79/GCM does not match current entity; duplicate fanout cluster preserves matching target rows elsewhere,high,MEDIUM,no,company_memory.sqlite:memory_entries,DATA_MISSING
249,BRAIN CHIP,observed_fact,Chrysos Corporation's share price fell 6.39% despite a positive trading update,active,0.8,youtube_transcript:asx-daily-rundown-atlassian-lifts-tech-a2-milk-recall-shock-accent-group-all-time-lows:88e960386e503796,youtube_transcript,"ASX Daily Rundown | Atlassian Lifts Tech, A2 Milk Recall Shock & Accent Group All-Time Lows",2026-05-04T08:15:01Z,2026-05-04T08:23:56+00:00,2026-05-04T08:23:56+00:00,fanout_0008,50,candidate_expire_duplicate_fanout,status_expire_candidate,explicit target CHRYSOS/C79/GCM does not match current entity; duplicate fanout cluster preserves matching target rows elsewhere,high,MEDIUM,no,company_memory.sqlite:memory_entries,DATA_MISSING
250,VERITUS,observed_fact,Chrysos Corporation's share price fell 6.39% despite a positive trading update,active,0.8,youtube_transcript:asx-daily-rundown-atlassian-lifts-tech-a2-milk-recall-shock-accent-group-all-time-lows:88e960386e503796,youtube_transcript,"ASX Daily Rundown | Atlassian Lifts Tech, A2 Milk Recall Shock & Accent Group All-Time Lows",2026-05-04T08:15:01Z,2026-05-04T08:23:57+00:00,2026-05-04T08:23:57+00:00,fanout_0008,50,candidate_expire_duplicate_fanout,status_expire_candidate,explicit target CHRYSOS/C79/GCM does not match current entity; duplicate fanout cluster preserves matching target rows elsewhere,high,MEDIUM,no,company_memory.sqlite:memory_entries,DATA_MISSING
251,PETTIMED,observed_fact,Chrysos Corporation's share price fell 6.39% despite a positive trading update,active,0.8,youtube_transcript:asx-daily-rundown-atlassian-lifts-tech-a2-milk-recall-shock-accent-group-all-time-lows:88e960386e503796,youtube_transcript,"ASX Daily Rundown | Atlassian Lifts Tech, A2 Milk Recall Shock & Accent Group All-Time Lows",2026-05-04T08:15:01Z,2026-05-04T08:23:57+00:00,2026-05-04T08:23:57+00:00,fanout_0008,50,candidate_expire_duplicate_fanout,status_expire_candidate,explicit target CHRYSOS/C79/GCM does not match current entity; duplicate fanout cluster preserves matching target rows elsewhere,high,MEDIUM,no,company_memory.sqlite:memory_entries,DATA_MISSING
252,IMPEDIMED,observed_fact,Chrysos Corporation's share price fell 6.39% despite a positive trading update,active,0.8,youtube_transcript:asx-daily-rundown-atlassian-lifts-tech-a2-milk-recall-shock-accent-group-all-time-lows:88e960386e503796,youtube_transcript,"ASX Daily Rundown | Atlassian Lifts Tech, A2 Milk Recall Shock & Accent Group All-Time Lows",2026-05-04T08:15:01Z,2026-05-04T08:23:57+00:00,2026-05-04T08:23:57+00:00,fanout_0008,50,candidate_expire_duplicate_fanout,status_expire_candidate,explicit target CHRYSOS/C79/GCM does not match current entity; duplicate fanout cluster preserves matching target rows elsewhere,high,MEDIUM,no,company_memory.sqlite:memory_entries,DATA_MISSING
253,INDE,observed_fact,Chrysos Corporation's share price fell 6.39% despite a positive trading update,active,0.8,youtube_transcript:asx-daily-rundown-atlassian-lifts-tech-a2-milk-recall-shock-accent-group-all-time-lows:88e960386e503796,youtube_transcript,"ASX Daily Rundown | Atlassian Lifts Tech, A2 Milk Recall Shock & Accent Group All-Time Lows",2026-05-04T08:15:01Z,2026-05-04T08:23:57+00:00,2026-05-04T08:23:57+00:00,fanout_0008,50,candidate_expire_duplicate_fanout,status_expire_candidate,explicit target CHRYSOS/C79/GCM does not match current entity; duplicate fanout cluster preserves matching target rows elsewhere,high,MEDIUM,no,company_memory.sqlite:memory_entries,DATA_MISSING
254,PETT,observed_fact,Chrysos Corporation's share price fell 6.39% despite a positive trading update,active,0.8,youtube_transcript:asx-daily-rundown-atlassian-lifts-tech-a2-milk-recall-shock-accent-group-all-time-lows:88e960386e503796,youtube_transcript,"ASX Daily Rundown | Atlassian Lifts Tech, A2 Milk Recall Shock & Accent Group All-Time Lows",2026-05-04T08:15:01Z,2026-05-04T08:23:57+00:00,2026-05-04T08:23:57+00:00,fanout_0008,50,candidate_expire_duplicate_fanout,status_expire_candidate,explicit target CHRYSOS/C79/GCM does not match current entity; duplicate fanout cluster preserves matching target rows elsewhere,high,MEDIUM,no,company_memory.sqlite:memory_entries,DATA_MISSING
256,A2M,observed_fact,Chrysos Corporation's share price fell 6.39% despite a positive trading update,active,0.8,youtube_transcript:asx-daily-rundown-atlassian-lifts-tech-a2-milk-recall-shock-accent-group-all-time-lows:88e960386e503796,youtube_transcript,"ASX Daily Rundown | Atlassian Lifts Tech, A2 Milk Recall Shock & Accent Group All-Time Lows",2026-05-04T08:15:01Z,2026-05-04T08:23:57+00:00,2026-05-04T08:23:57+00:00,fanout_0008,50,candidate_expire_duplicate_fanout,status_expire_candidate,explicit target CHRYSOS/C79/GCM does not match current entity; duplicate fanout cluster preserves matching target rows elsewhere,high,MEDIUM,no,company_memory.sqlite:memory_entries,DATA_MISSING
257,ACCENT GROUP,observed_fact,Chrysos Corporation's share price fell 6.39% despite a positive trading update,active,0.8,youtube_transcript:asx-daily-rundown-atlassian-lifts-tech-a2-milk-recall-shock-accent-group-all-time-lows:88e960386e503796,youtube_transcript,"ASX Daily Rundown | Atlassian Lifts Tech, A2 Milk Recall Shock & Accent Group All-Time Lows",2026-05-04T08:15:01Z,2026-05-04T08:23:57+00:00,2026-05-04T08:23:57+00:00,fanout_0008,50,candidate_expire_duplicate_fanout,status_expire_candidate,explicit target CHRYSOS/C79/GCM does not match current entity; duplicate fanout cluster preserves matching target rows elsewhere,high,MEDIUM,no,company_memory.sqlite:memory_entries,DATA_MISSING
258,ASX,observed_fact,A2 MILK's share price dropped 10% due to a product recall,active,0.82,youtube_transcript:asx-daily-rundown-atlassian-lifts-tech-a2-milk-recall-shock-accent-group-all-time-lows:88e960386e503796,youtube_transcript,"ASX Daily Rundown | Atlassian Lifts Tech, A2 Milk Recall Shock & Accent Group All-Time Lows",2026-05-04T08:15:01Z,2026-05-04T08:23:57+00:00,2026-05-04T08:23:57+00:00,fanout_0002,50,candidate_expire_duplicate_fanout,status_expire_candidate,explicit target A2M/A2 MILK does not match current entity; duplicate fanout cluster preserves matching target rows elsewhere,high,MEDIUM,no,company_memory.sqlite:memory_entries,DATA_MISSING
259,TXT,observed_fact,A2 MILK's share price dropped 10% due to a product recall,active,0.82,youtube_transcript:asx-daily-rundown-atlassian-lifts-tech-a2-milk-recall-shock-accent-group-all-time-lows:88e960386e503796,youtube_transcript,"ASX Daily Rundown | Atlassian Lifts Tech, A2 Milk Recall Shock & Accent Group All-Time Lows",2026-05-04T08:15:01Z,2026-05-04T08:23:57+00:00,2026-05-04T08:23:57+00:00,fanout_0002,50,candidate_expire_duplicate_fanout,status_expire_candidate,explicit target A2M/A2 MILK does not match current entity; duplicate fanout cluster preserves matching target rows elsewhere,high,MEDIUM,no,company_memory.sqlite:memory_entries,DATA_MISSING
260,XTX,observed_fact,A2 MILK's share price dropped 10% due to a product recall,active,0.82,youtube_transcript:asx-daily-rundown-atlassian-lifts-tech-a2-milk-recall-shock-accent-group-all-time-lows:88e960386e503796,youtube_transcript,"ASX Daily Rundown | Atlassian Lifts Tech, A2 Milk Recall Shock & Accent Group All-Time Lows",2026-05-04T08:15:01Z,2026-05-04T08:23:57+00:00,2026-05-04T08:23:57+00:00,fanout_0002,50,candidate_expire_duplicate_fanout,status_expire_candidate,explicit target A2M/A2 MILK does not match current entity; duplicate fanout cluster preserves matching target rows elsewhere,high,MEDIUM,no,company_memory.sqlite:memory_entries,DATA_MISSING
262,ENDEAVOR GROUP,observed_fact,A2 MILK's share price dropped 10% due to a product recall,active,0.82,youtube_transcript:asx-daily-rundown-atlassian-lifts-tech-a2-milk-recall-shock-accent-group-all-time-lows:88e960386e503796,youtube_transcript,"ASX Daily Rundown | Atlassian Lifts Tech, A2 Milk Recall Shock & Accent Group All-Time Lows",2026-05-04T08:15:01Z,2026-05-04T08:23:58+00:00,2026-05-04T08:23:58+00:00,fanout_0002,50,candidate_expire_duplicate_fanout,status_expire_candidate,explicit target A2M/A2 MILK does not match current entity; duplicate fanout cluster preserves matching target rows elsewhere,high,MEDIUM,no,company_memory.sqlite:memory_entries,DATA_MISSING
263,ATLASSIAN,observed_fact,A2 MILK's share price dropped 10% due to a product recall,active,0.82,youtube_transcript:asx-daily-rundown-atlassian-lifts-tech-a2-milk-recall-shock-accent-group-all-time-lows:88e960386e503796,youtube_transcript,"ASX Daily Rundown | Atlassian Lifts Tech, A2 Milk Recall Shock & Accent Group All-Time Lows",2026-05-04T08:15:01Z,2026-05-04T08:23:58+00:00,2026-05-04T08:23:58+00:00,fanout_0002,50,candidate_expire_duplicate_fanout,status_expire_candidate,explicit target A2M/A2 MILK does not match current entity; duplicate fanout cluster preserves matching target rows elsewhere,high,MEDIUM,no,company_memory.sqlite:memory_entries,DATA_MISSING
264,NAB,observed_fact,A2 MILK's share price dropped 10% due to a product recall,active,0.82,youtube_transcript:asx-daily-rundown-atlassian-lifts-tech-a2-milk-recall-shock-accent-group-all-time-lows:88e960386e503796,youtube_transcript,"ASX Daily Rundown | Atlassian Lifts Tech, A2 Milk Recall Shock & Accent Group All-Time Lows",2026-05-04T08:15:01Z,2026-05-04T08:23:58+00:00,2026-05-04T08:23:58+00:00,fanout_0002,50,candidate_expire_duplicate_fanout,status_expire_candidate,explicit target A2M/A2 MILK does not match current entity; duplicate fanout cluster preserves matching target rows elsewhere,high,MEDIUM,no,company_memory.sqlite:memory_entries,DATA_MISSING
265,BHP,observed_fact,A2 MILK's share price dropped 10% due to a product recall,active,0.82,youtube_transcript:asx-daily-rundown-atlassian-lifts-tech-a2-milk-recall-shock-accent-group-all-time-lows:88e960386e503796,youtube_transcript,"ASX Daily Rundown | Atlassian Lifts Tech, A2 Milk Recall Shock & Accent Group All-Time Lows",2026-05-04T08:15:01Z,2026-05-04T08:23:59+00:00,2026-05-04T08:23:59+00:00,fanout_0002,50,candidate_expire_duplicate_fanout,status_expire_candidate,explicit target A2M/A2 MILK does not match current entity; duplicate fanout cluster preserves matching target rows elsewhere,high,MEDIUM,no,company_memory.sqlite:memory_entries,DATA_MISSING
266,KEY PETROLEUM,observed_fact,A2 MILK's share price dropped 10% due to a product recall,active,0.82,youtube_transcript:asx-daily-rundown-atlassian-lifts-tech-a2-milk-recall-shock-accent-group-all-time-lows:88e960386e503796,youtube_transcript,"ASX Daily Rundown | Atlassian Lifts Tech, A2 Milk Recall Shock & Accent Group All-Time Lows",2026-05-04T08:15:01Z,2026-05-04T08:23:59+00:00,2026-05-04T08:23:59+00:00,fanout_0002,50,candidate_expire_duplicate_fanout,status_expire_candidate,explicit target A2M/A2 MILK does not match current entity; duplicate fanout cluster preserves matching target rows elsewhere,high,MEDIUM,no,company_memory.sqlite:memory_entries,DATA_MISSING
267,GCM CORPORATION,observed_fact,A2 MILK's share price dropped 10% due to a product recall,active,0.82,youtube_transcript:asx-daily-rundown-atlassian-lifts-tech-a2-milk-recall-shock-accent-group-all-time-lows:88e960386e503796,youtube_transcript,"ASX Daily Rundown | Atlassian Lifts Tech, A2 Milk Recall Shock & Accent Group All-Time Lows",2026-05-04T08:15:01Z,2026-05-04T08:23:59+00:00,2026-05-04T08:23:59+00:00,fanout_0002,50,candidate_expire_duplicate_fanout,status_expire_candidate,explicit target A2M/A2 MILK does not match current entity; duplicate fanout cluster preserves matching target rows elsewhere,high,MEDIUM,no,company_memory.sqlite:memory_entries,DATA_MISSING
268,MARINO AND CO,observed_fact,A2 MILK's share price dropped 10% due to a product recall,active,0.82,youtube_transcript:asx-daily-rundown-atlassian-lifts-tech-a2-milk-recall-shock-accent-group-all-time-lows:88e960386e503796,youtube_transcript,"ASX Daily Rundown | Atlassian Lifts Tech, A2 Milk Recall Shock & Accent Group All-Time Lows",2026-05-04T08:15:01Z,2026-05-04T08:23:59+00:00,2026-05-04T08:23:59+00:00,fanout_0002,50,candidate_expire_duplicate_fanout,status_expire_candidate,explicit target A2M/A2 MILK does not match current entity; duplicate fanout cluster preserves matching target rows elsewhere,high,MEDIUM,no,company_memory.sqlite:memory_entries,DATA_MISSING
269,CLARITY,observed_fact,A2 MILK's share price dropped 10% due to a product recall,active,0.82,youtube_transcript:asx-daily-rundown-atlassian-lifts-tech-a2-milk-recall-shock-accent-group-all-time-lows:88e960386e503796,youtube_transcript,"ASX Daily Rundown | Atlassian Lifts Tech, A2 Milk Recall Shock & Accent Group All-Time Lows",2026-05-04T08:15:01Z,2026-05-04T08:23:59+00:00,2026-05-04T08:23:59+00:00,fanout_0002,50,candidate_expire_duplicate_fanout,status_expire_candidate,explicit target A2M/A2 MILK does not match current entity; duplicate fanout cluster preserves matching target rows elsewhere,high,MEDIUM,no,company_memory.sqlite:memory_entries,DATA_MISSING
270,WIN MEDALS,observed_fact,A2 MILK's share price dropped 10% due to a product recall,active,0.82,youtube_transcript:asx-daily-rundown-atlassian-lifts-tech-a2-milk-recall-shock-accent-group-all-time-lows:88e960386e503796,youtube_transcript,"ASX Daily Rundown | Atlassian Lifts Tech, A2 Milk Recall Shock & Accent Group All-Time Lows",2026-05-04T08:15:01Z,2026-05-04T08:23:59+00:00,2026-05-04T08:23:59+00:00,fanout_0002,50,candidate_expire_duplicate_fanout,status_expire_candidate,explicit target A2M/A2 MILK does not match current entity; duplicate fanout cluster preserves matching target rows elsewhere,high,MEDIUM,no,company_memory.sqlite:memory_entries,DATA_MISSING
271,AXEN GROUP,observed_fact,A2 MILK's share price dropped 10% due to a product recall,active,0.82,youtube_transcript:asx-daily-rundown-atlassian-lifts-tech-a2-milk-recall-shock-accent-group-all-time-lows:88e960386e503796,youtube_transcript,"ASX Daily Rundown | Atlassian Lifts Tech, A2 Milk Recall Shock & Accent Group All-Time Lows",2026-05-04T08:15:01Z,2026-05-04T08:23:59+00:00,2026-05-04T08:23:59+00:00,fanout_0002,50,candidate_expire_duplicate_fanout,status_expire_candidate,explicit target A2M/A2 MILK does not match current entity; duplicate fanout cluster preserves matching target rows elsewhere,high,MEDIUM,no,company_memory.sqlite:memory_entries,DATA_MISSING
272,STRICKLAND METALS,observed_fact,A2 MILK's share price dropped 10% due to a product recall,active,0.82,youtube_transcript:asx-daily-rundown-atlassian-lifts-tech-a2-milk-recall-shock-accent-group-all-time-lows:88e960386e503796,youtube_transcript,"ASX Daily Rundown | Atlassian Lifts Tech, A2 Milk Recall Shock & Accent Group All-Time Lows",2026-05-04T08:15:01Z,2026-05-04T08:23:59+00:00,2026-05-04T08:23:59+00:00,fanout_0002,50,candidate_expire_duplicate_fanout,status_expire_candidate,explicit target A2M/A2 MILK does not match current entity; duplicate fanout cluster preserves matching target rows elsewhere,high,MEDIUM,no,company_memory.sqlite:memory_entries,DATA_MISSING
273,LION TOWN,observed_fact,A2 MILK's share price dropped 10% due to a product recall,active,0.82,youtube_transcript:asx-daily-rundown-atlassian-lifts-tech-a2-milk-recall-shock-accent-group-all-time-lows:88e960386e503796,youtube_transcript,"ASX Daily Rundown | Atlassian Lifts Tech, A2 Milk Recall Shock & Accent Group All-Time Lows",2026-05-04T08:15:01Z,2026-05-04T08:24:00+00:00,2026-05-04T08:24:00+00:00,fanout_0002,50,candidate_expire_duplicate_fanout,status_expire_candidate,explicit target A2M/A2 MILK does not match current entity; duplicate fanout cluster preserves matching target rows elsewhere,high,MEDIUM,no,company_memory.sqlite:memory_entries,DATA_MISSING
274,IMRO,observed_fact,A2 MILK's share price dropped 10% due to a product recall,active,0.82,youtube_transcript:asx-daily-rundown-atlassian-lifts-tech-a2-milk-recall-shock-accent-group-all-time-lows:88e960386e503796,youtube_transcript,"ASX Daily Rundown | Atlassian Lifts Tech, A2 Milk Recall Shock & Accent Group All-Time Lows",2026-05-04T08:15:01Z,2026-05-04T08:24:00+00:00,2026-05-04T08:24:00+00:00,fanout_0002,50,candidate_expire_duplicate_fanout,status_expire_candidate,explicit target A2M/A2 MILK does not match current entity; duplicate fanout cluster preserves matching target rows elsewhere,high,MEDIUM,no,company_memory.sqlite:memory_entries,DATA_MISSING
275,PENINSULA,observed_fact,A2 MILK's share price dropped 10% due to a product recall,active,0.82,youtube_transcript:asx-daily-rundown-atlassian-lifts-tech-a2-milk-recall-shock-accent-group-all-time-lows:88e960386e503796,youtube_transcript,"ASX Daily Rundown | Atlassian Lifts Tech, A2 Milk Recall Shock & Accent Group All-Time Lows",2026-05-04T08:15:01Z,2026-05-04T08:24:00+00:00,2026-05-04T08:24:00+00:00,fanout_0002,50,candidate_expire_duplicate_fanout,status_expire_candidate,explicit target A2M/A2 MILK does not match current entity; duplicate fanout cluster preserves matching target rows elsewhere,high,MEDIUM,no,company_memory.sqlite:memory_entries,DATA_MISSING
276,BRAIN CHIP,observed_fact,A2 MILK's share price dropped 10% due to a product recall,active,0.82,youtube_transcript:asx-daily-rundown-atlassian-lifts-tech-a2-milk-recall-shock-accent-group-all-time-lows:88e960386e503796,youtube_transcript,"ASX Daily Rundown | Atlassian Lifts Tech, A2 Milk Recall Shock & Accent Group All-Time Lows",2026-05-04T08:15:01Z,2026-05-04T08:24:01+00:00,2026-05-04T08:24:01+00:00,fanout_0002,50,candidate_expire_duplicate_fanout,status_expire_candidate,explicit target A2M/A2 MILK does not match current entity; duplicate fanout cluster preserves matching target rows elsewhere,high,MEDIUM,no,company_memory.sqlite:memory_entries,DATA_MISSING
277,VERITUS,observed_fact,A2 MILK's share price dropped 10% due to a product recall,active,0.82,youtube_transcript:asx-daily-rundown-atlassian-lifts-tech-a2-milk-recall-shock-accent-group-all-time-lows:88e960386e503796,youtube_transcript,"ASX Daily Rundown | Atlassian Lifts Tech, A2 Milk Recall Shock & Accent Group All-Time Lows",2026-05-04T08:15:01Z,2026-05-04T08:24:01+00:00,2026-05-04T08:24:01+00:00,fanout_0002,50,candidate_expire_duplicate_fanout,status_expire_candidate,explicit target A2M/A2 MILK does not match current entity; duplicate fanout cluster preserves matching target rows elsewhere,high,MEDIUM,no,company_memory.sqlite:memory_entries,DATA_MISSING
278,PETTIMED,observed_fact,A2 MILK's share price dropped 10% due to a product recall,active,0.82,youtube_transcript:asx-daily-rundown-atlassian-lifts-tech-a2-milk-recall-shock-accent-group-all-time-lows:88e960386e503796,youtube_transcript,"ASX Daily Rundown | Atlassian Lifts Tech, A2 Milk Recall Shock & Accent Group All-Time Lows",2026-05-04T08:15:01Z,2026-05-04T08:24:01+00:00,2026-05-04T08:24:01+00:00,fanout_0002,50,candidate_expire_duplicate_fanout,status_expire_candidate,explicit target A2M/A2 MILK does not match current entity; duplicate fanout cluster preserves matching target rows elsewhere,high,MEDIUM,no,company_memory.sqlite:memory_entries,DATA_MISSING
279,IMPEDIMED,observed_fact,A2 MILK's share price dropped 10% due to a product recall,active,0.82,youtube_transcript:asx-daily-rundown-atlassian-lifts-tech-a2-milk-recall-shock-accent-group-all-time-lows:88e960386e503796,youtube_transcript,"ASX Daily Rundown | Atlassian Lifts Tech, A2 Milk Recall Shock & Accent Group All-Time Lows",2026-05-04T08:15:01Z,2026-05-04T08:24:01+00:00,2026-05-04T08:24:01+00:00,fanout_0002,50,candidate_expire_duplicate_fanout,status_expire_candidate,explicit target A2M/A2 MILK does not match current entity; duplicate fanout cluster preserves matching target rows elsewhere,high,MEDIUM,no,company_memory.sqlite:memory_entries,DATA_MISSING
280,INDE,observed_fact,A2 MILK's share price dropped 10% due to a product recall,active,0.82,youtube_transcript:asx-daily-rundown-atlassian-lifts-tech-a2-milk-recall-shock-accent-group-all-time-lows:88e960386e503796,youtube_transcript,"ASX Daily Rundown | Atlassian Lifts Tech, A2 Milk Recall Shock & Accent Group All-Time Lows",2026-05-04T08:15:01Z,2026-05-04T08:24:01+00:00,2026-05-04T08:24:01+00:00,fanout_0002,50,candidate_expire_duplicate_fanout,status_expire_candidate,explicit target A2M/A2 MILK does not match current entity; duplicate fanout cluster preserves matching target rows elsewhere,high,MEDIUM,no,company_memory.sqlite:memory_entries,DATA_MISSING
281,PETT,observed_fact,A2 MILK's share price dropped 10% due to a product recall,active,0.82,youtube_transcript:asx-daily-rundown-atlassian-lifts-tech-a2-milk-recall-shock-accent-group-all-time-lows:88e960386e503796,youtube_transcript,"ASX Daily Rundown | Atlassian Lifts Tech, A2 Milk Recall Shock & Accent Group All-Time Lows",2026-05-04T08:15:01Z,2026-05-04T08:24:01+00:00,2026-05-04T08:24:01+00:00,fanout_0002,50,candidate_expire_duplicate_fanout,status_expire_candidate,explicit target A2M/A2 MILK does not match current entity; duplicate fanout cluster preserves matching target rows elsewhere,high,MEDIUM,no,company_memory.sqlite:memory_entries,DATA_MISSING
282,C79,observed_fact,A2 MILK's share price dropped 10% due to a product recall,active,0.82,youtube_transcript:asx-daily-rundown-atlassian-lifts-tech-a2-milk-recall-shock-accent-group-all-time-lows:88e960386e503796,youtube_transcript,"ASX Daily Rundown | Atlassian Lifts Tech, A2 Milk Recall Shock & Accent Group All-Time Lows",2026-05-04T08:15:01Z,2026-05-04T08:24:01+00:00,2026-05-04T08:24:01+00:00,fanout_0002,50,candidate_expire_duplicate_fanout,status_expire_candidate,explicit target A2M/A2 MILK does not match current entity; duplicate fanout cluster preserves matching target rows elsewhere,high,MEDIUM,no,company_memory.sqlite:memory_entries,DATA_MISSING
284,ACCENT GROUP,observed_fact,A2 MILK's share price dropped 10% due to a product recall,active,0.82,youtube_transcript:asx-daily-rundown-atlassian-lifts-tech-a2-milk-recall-shock-accent-group-all-time-lows:88e960386e503796,youtube_transcript,"ASX Daily Rundown | Atlassian Lifts Tech, A2 Milk Recall Shock & Accent Group All-Time Lows",2026-05-04T08:15:01Z,2026-05-04T08:24:02+00:00,2026-05-04T08:24:02+00:00,fanout_0002,50,candidate_expire_duplicate_fanout,status_expire_candidate,explicit target A2M/A2 MILK does not match current entity; duplicate fanout cluster preserves matching target rows elsewhere,high,MEDIUM,no,company_memory.sqlite:memory_entries,DATA_MISSING
285,ASX,observed_fact,A2 MILK's share price has dropped from almost $10 back to $6.59 in a few months,active,0.82,youtube_transcript:asx-daily-rundown-atlassian-lifts-tech-a2-milk-recall-shock-accent-group-all-time-lows:88e960386e503796,youtube_transcript,"ASX Daily Rundown | Atlassian Lifts Tech, A2 Milk Recall Shock & Accent Group All-Time Lows",2026-05-04T08:15:01Z,2026-05-04T08:24:02+00:00,2026-05-04T08:24:02+00:00,fanout_0003,50,candidate_expire_duplicate_fanout,status_expire_candidate,explicit target A2M/A2 MILK does not match current entity; duplicate fanout cluster preserves matching target rows elsewhere,high,MEDIUM,no,company_memory.sqlite:memory_entries,DATA_MISSING
286,TXT,observed_fact,A2 MILK's share price has dropped from almost $10 back to $6.59 in a few months,active,0.82,youtube_transcript:asx-daily-rundown-atlassian-lifts-tech-a2-milk-recall-shock-accent-group-all-time-lows:88e960386e503796,youtube_transcript,"ASX Daily Rundown | Atlassian Lifts Tech, A2 Milk Recall Shock & Accent Group All-Time Lows",2026-05-04T08:15:01Z,2026-05-04T08:24:02+00:00,2026-05-04T08:24:02+00:00,fanout_0003,50,candidate_expire_duplicate_fanout,status_expire_candidate,explicit target A2M/A2 MILK does not match current entity; duplicate fanout cluster preserves matching target rows elsewhere,high,MEDIUM,no,company_memory.sqlite:memory_entries,DATA_MISSING
287,XTX,observed_fact,A2 MILK's share price has dropped from almost $10 back to $6.59 in a few months,active,0.82,youtube_transcript:asx-daily-rundown-atlassian-lifts-tech-a2-milk-recall-shock-accent-group-all-time-lows:88e960386e503796,youtube_transcript,"ASX Daily Rundown | Atlassian Lifts Tech, A2 Milk Recall Shock & Accent Group All-Time Lows",2026-05-04T08:15:01Z,2026-05-04T08:24:02+00:00,2026-05-04T08:24:02+00:00,fanout_0003,50,candidate_expire_duplicate_fanout,status_expire_candidate,explicit target A2M/A2 MILK does not match current entity; duplicate fanout cluster preserves matching target rows elsewhere,high,MEDIUM,no,company_memory.sqlite:memory_entries,DATA_MISSING
289,ENDEAVOR GROUP,observed_fact,A2 MILK's share price has dropped from almost $10 back to $6.59 in a few months,active,0.82,youtube_transcript:asx-daily-rundown-atlassian-lifts-tech-a2-milk-recall-shock-accent-group-all-time-lows:88e960386e503796,youtube_transcript,"ASX Daily Rundown | Atlassian Lifts Tech, A2 Milk Recall Shock & Accent Group All-Time Lows",2026-05-04T08:15:01Z,2026-05-04T08:24:02+00:00,2026-05-04T08:24:02+00:00,fanout_0003,50,candidate_expire_duplicate_fanout,status_expire_candidate,explicit target A2M/A2 MILK does not match current entity; duplicate fanout cluster preserves matching target rows elsewhere,high,MEDIUM,no,company_memory.sqlite:memory_entries,DATA_MISSING
290,ATLASSIAN,observed_fact,A2 MILK's share price has dropped from almost $10 back to $6.59 in a few months,active,0.82,youtube_transcript:asx-daily-rundown-atlassian-lifts-tech-a2-milk-recall-shock-accent-group-all-time-lows:88e960386e503796,youtube_transcript,"ASX Daily Rundown | Atlassian Lifts Tech, A2 Milk Recall Shock & Accent Group All-Time Lows",2026-05-04T08:15:01Z,2026-05-04T08:24:02+00:00,2026-05-04T08:24:02+00:00,fanout_0003,50,candidate_expire_duplicate_fanout,status_expire_candidate,explicit target A2M/A2 MILK does not match current entity; duplicate fanout cluster preserves matching target rows elsewhere,high,MEDIUM,no,company_memory.sqlite:memory_entries,DATA_MISSING
291,NAB,observed_fact,A2 MILK's share price has dropped from almost $10 back to $6.59 in a few months,active,0.82,youtube_transcript:asx-daily-rundown-atlassian-lifts-tech-a2-milk-recall-shock-accent-group-all-time-lows:88e960386e503796,youtube_transcript,"ASX Daily Rundown | Atlassian Lifts Tech, A2 Milk Recall Shock & Accent Group All-Time Lows",2026-05-04T08:15:01Z,2026-05-04T08:24:02+00:00,2026-05-04T08:24:02+00:00,fanout_0003,50,candidate_expire_duplicate_fanout,status_expire_candidate,explicit target A2M/A2 MILK does not match current entity; duplicate fanout cluster preserves matching target rows elsewhere,high,MEDIUM,no,company_memory.sqlite:memory_entries,DATA_MISSING
292,BHP,observed_fact,A2 MILK's share price has dropped from almost $10 back to $6.59 in a few months,active,0.82,youtube_transcript:asx-daily-rundown-atlassian-lifts-tech-a2-milk-recall-shock-accent-group-all-time-lows:88e960386e503796,youtube_transcript,"ASX Daily Rundown | Atlassian Lifts Tech, A2 Milk Recall Shock & Accent Group All-Time Lows",2026-05-04T08:15:01Z,2026-05-04T08:24:02+00:00,2026-05-04T08:24:02+00:00,fanout_0003,50,candidate_expire_duplicate_fanout,status_expire_candidate,explicit target A2M/A2 MILK does not match current entity; duplicate fanout cluster preserves matching target rows elsewhere,high,MEDIUM,no,company_memory.sqlite:memory_entries,DATA_MISSING
293,KEY PETROLEUM,observed_fact,A2 MILK's share price has dropped from almost $10 back to $6.59 in a few months,active,0.82,youtube_transcript:asx-daily-rundown-atlassian-lifts-tech-a2-milk-recall-shock-accent-group-all-time-lows:88e960386e503796,youtube_transcript,"ASX Daily Rundown | Atlassian Lifts Tech, A2 Milk Recall Shock & Accent Group All-Time Lows",2026-05-04T08:15:01Z,2026-05-04T08:24:03+00:00,2026-05-04T08:24:03+00:00,fanout_0003,50,candidate_expire_duplicate_fanout,status_expire_candidate,explicit target A2M/A2 MILK does not match current entity; duplicate fanout cluster preserves matching target rows elsewhere,high,MEDIUM,no,company_memory.sqlite:memory_entries,DATA_MISSING
294,GCM CORPORATION,observed_fact,A2 MILK's share price has dropped from almost $10 back to $6.59 in a few months,active,0.82,youtube_transcript:asx-daily-rundown-atlassian-lifts-tech-a2-milk-recall-shock-accent-group-all-time-lows:88e960386e503796,youtube_transcript,"ASX Daily Rundown | Atlassian Lifts Tech, A2 Milk Recall Shock & Accent Group All-Time Lows",2026-05-04T08:15:01Z,2026-05-04T08:24:03+00:00,2026-05-04T08:24:03+00:00,fanout_0003,50,candidate_expire_duplicate_fanout,status_expire_candidate,explicit target A2M/A2 MILK does not match current entity; duplicate fanout cluster preserves matching target rows elsewhere,high,MEDIUM,no,company_memory.sqlite:memory_entries,DATA_MISSING
295,MARINO AND CO,observed_fact,A2 MILK's share price has dropped from almost $10 back to $6.59 in a few months,active,0.82,youtube_transcript:asx-daily-rundown-atlassian-lifts-tech-a2-milk-recall-shock-accent-group-all-time-lows:88e960386e503796,youtube_transcript,"ASX Daily Rundown | Atlassian Lifts Tech, A2 Milk Recall Shock & Accent Group All-Time Lows",2026-05-04T08:15:01Z,2026-05-04T08:24:04+00:00,2026-05-04T08:24:04+00:00,fanout_0003,50,candidate_expire_duplicate_fanout,status_expire_candidate,explicit target A2M/A2 MILK does not match current entity; duplicate fanout cluster preserves matching target rows elsewhere,high,MEDIUM,no,company_memory.sqlite:memory_entries,DATA_MISSING
296,CLARITY,observed_fact,A2 MILK's share price has dropped from almost $10 back to $6.59 in a few months,active,0.82,youtube_transcript:asx-daily-rundown-atlassian-lifts-tech-a2-milk-recall-shock-accent-group-all-time-lows:88e960386e503796,youtube_transcript,"ASX Daily Rundown | Atlassian Lifts Tech, A2 Milk Recall Shock & Accent Group All-Time Lows",2026-05-04T08:15:01Z,2026-05-04T08:24:04+00:00,2026-05-04T08:24:04+00:00,fanout_0003,50,candidate_expire_duplicate_fanout,status_expire_candidate,explicit target A2M/A2 MILK does not match current entity; duplicate fanout cluster preserves matching target rows elsewhere,high,MEDIUM,no,company_memory.sqlite:memory_entries,DATA_MISSING
297,WIN MEDALS,observed_fact,A2 MILK's share price has dropped from almost $10 back to $6.59 in a few months,active,0.82,youtube_transcript:asx-daily-rundown-atlassian-lifts-tech-a2-milk-recall-shock-accent-group-all-time-lows:88e960386e503796,youtube_transcript,"ASX Daily Rundown | Atlassian Lifts Tech, A2 Milk Recall Shock & Accent Group All-Time Lows",2026-05-04T08:15:01Z,2026-05-04T08:24:04+00:00,2026-05-04T08:24:04+00:00,fanout_0003,50,candidate_expire_duplicate_fanout,status_expire_candidate,explicit target A2M/A2 MILK does not match current entity; duplicate fanout cluster preserves matching target rows elsewhere,high,MEDIUM,no,company_memory.sqlite:memory_entries,DATA_MISSING
298,AXEN GROUP,observed_fact,A2 MILK's share price has dropped from almost $10 back to $6.59 in a few months,active,0.82,youtube_transcript:asx-daily-rundown-atlassian-lifts-tech-a2-milk-recall-shock-accent-group-all-time-lows:88e960386e503796,youtube_transcript,"ASX Daily Rundown | Atlassian Lifts Tech, A2 Milk Recall Shock & Accent Group All-Time Lows",2026-05-04T08:15:01Z,2026-05-04T08:24:04+00:00,2026-05-04T08:24:04+00:00,fanout_0003,50,candidate_expire_duplicate_fanout,status_expire_candidate,explicit target A2M/A2 MILK does not match current entity; duplicate fanout cluster preserves matching target rows elsewhere,high,MEDIUM,no,company_memory.sqlite:memory_entries,DATA_MISSING
299,STRICKLAND METALS,observed_fact,A2 MILK's share price has dropped from almost $10 back to $6.59 in a few months,active,0.82,youtube_transcript:asx-daily-rundown-atlassian-lifts-tech-a2-milk-recall-shock-accent-group-all-time-lows:88e960386e503796,youtube_transcript,"ASX Daily Rundown | Atlassian Lifts Tech, A2 Milk Recall Shock & Accent Group All-Time Lows",2026-05-04T08:15:01Z,2026-05-04T08:24:04+00:00,2026-05-04T08:24:04+00:00,fanout_0003,50,candidate_expire_duplicate_fanout,status_expire_candidate,explicit target A2M/A2 MILK does not match current entity; duplicate fanout cluster preserves matching target rows elsewhere,high,MEDIUM,no,company_memory.sqlite:memory_entries,DATA_MISSING
300,LION TOWN,observed_fact,A2 MILK's share price has dropped from almost $10 back to $6.59 in a few months,active,0.82,youtube_transcript:asx-daily-rundown-atlassian-lifts-tech-a2-milk-recall-shock-accent-group-all-time-lows:88e960386e503796,youtube_transcript,"ASX Daily Rundown | Atlassian Lifts Tech, A2 Milk Recall Shock & Accent Group All-Time Lows",2026-05-04T08:15:01Z,2026-05-04T08:24:05+00:00,2026-05-04T08:24:05+00:00,fanout_0003,50,candidate_expire_duplicate_fanout,status_expire_candidate,explicit target A2M/A2 MILK does not match current entity; duplicate fanout cluster preserves matching target rows elsewhere,high,MEDIUM,no,company_memory.sqlite:memory_entries,DATA_MISSING
301,IMRO,observed_fact,A2 MILK's share price has dropped from almost $10 back to $6.59 in a few months,active,0.82,youtube_transcript:asx-daily-rundown-atlassian-lifts-tech-a2-milk-recall-shock-accent-group-all-time-lows:88e960386e503796,youtube_transcript,"ASX Daily Rundown | Atlassian Lifts Tech, A2 Milk Recall Shock & Accent Group All-Time Lows",2026-05-04T08:15:01Z,2026-05-04T08:24:05+00:00,2026-05-04T08:24:05+00:00,fanout_0003,50,candidate_expire_duplicate_fanout,status_expire_candidate,explicit target A2M/A2 MILK does not match current entity; duplicate fanout cluster preserves matching target rows elsewhere,high,MEDIUM,no,company_memory.sqlite:memory_entries,DATA_MISSING
302,PENINSULA,observed_fact,A2 MILK's share price has dropped from almost $10 back to $6.59 in a few months,active,0.82,youtube_transcript:asx-daily-rundown-atlassian-lifts-tech-a2-milk-recall-shock-accent-group-all-time-lows:88e960386e503796,youtube_transcript,"ASX Daily Rundown | Atlassian Lifts Tech, A2 Milk Recall Shock & Accent Group All-Time Lows",2026-05-04T08:15:01Z,2026-05-04T08:24:05+00:00,2026-05-04T08:24:05+00:00,fanout_0003,50,candidate_expire_duplicate_fanout,status_expire_candidate,explicit target A2M/A2 MILK does not match current entity; duplicate fanout cluster preserves matching target rows elsewhere,high,MEDIUM,no,company_memory.sqlite:memory_entries,DATA_MISSING
303,BRAIN CHIP,observed_fact,A2 MILK's share price has dropped from almost $10 back to $6.59 in a few months,active,0.82,youtube_transcript:asx-daily-rundown-atlassian-lifts-tech-a2-milk-recall-shock-accent-group-all-time-lows:88e960386e503796,youtube_transcript,"ASX Daily Rundown | Atlassian Lifts Tech, A2 Milk Recall Shock & Accent Group All-Time Lows",2026-05-04T08:15:01Z,2026-05-04T08:24:05+00:00,2026-05-04T08:24:05+00:00,fanout_0003,50,candidate_expire_duplicate_fanout,status_expire_candidate,explicit target A2M/A2 MILK does not match current entity; duplicate fanout cluster preserves matching target rows elsewhere,high,MEDIUM,no,company_memory.sqlite:memory_entries,DATA_MISSING
304,VERITUS,observed_fact,A2 MILK's share price has dropped from almost $10 back to $6.59 in a few months,active,0.82,youtube_transcript:asx-daily-rundown-atlassian-lifts-tech-a2-milk-recall-shock-accent-group-all-time-lows:88e960386e503796,youtube_transcript,"ASX Daily Rundown | Atlassian Lifts Tech, A2 Milk Recall Shock & Accent Group All-Time Lows",2026-05-04T08:15:01Z,2026-05-04T08:24:05+00:00,2026-05-04T08:24:05+00:00,fanout_0003,50,candidate_expire_duplicate_fanout,status_expire_candidate,explicit target A2M/A2 MILK does not match current entity; duplicate fanout cluster preserves matching target rows elsewhere,high,MEDIUM,no,company_memory.sqlite:memory_entries,DATA_MISSING
305,PETTIMED,observed_fact,A2 MILK's share price has dropped from almost $10 back to $6.59 in a few months,active,0.82,youtube_transcript:asx-daily-rundown-atlassian-lifts-tech-a2-milk-recall-shock-accent-group-all-time-lows:88e960386e503796,youtube_transcript,"ASX Daily Rundown | Atlassian Lifts Tech, A2 Milk Recall Shock & Accent Group All-Time Lows",2026-05-04T08:15:01Z,2026-05-04T08:24:05+00:00,2026-05-04T08:24:05+00:00,fanout_0003,50,candidate_expire_duplicate_fanout,status_expire_candidate,explicit target A2M/A2 MILK does not match current entity; duplicate fanout cluster preserves matching target rows elsewhere,high,MEDIUM,no,company_memory.sqlite:memory_entries,DATA_MISSING
306,IMPEDIMED,observed_fact,A2 MILK's share price has dropped from almost $10 back to $6.59 in a few months,active,0.82,youtube_transcript:asx-daily-rundown-atlassian-lifts-tech-a2-milk-recall-shock-accent-group-all-time-lows:88e960386e503796,youtube_transcript,"ASX Daily Rundown | Atlassian Lifts Tech, A2 Milk Recall Shock & Accent Group All-Time Lows",2026-05-04T08:15:01Z,2026-05-04T08:24:05+00:00,2026-05-04T08:24:05+00:00,fanout_0003,50,candidate_expire_duplicate_fanout,status_expire_candidate,explicit target A2M/A2 MILK does not match current entity; duplicate fanout cluster preserves matching target rows elsewhere,high,MEDIUM,no,company_memory.sqlite:memory_entries,DATA_MISSING
307,INDE,observed_fact,A2 MILK's share price has dropped from almost $10 back to $6.59 in a few months,active,0.82,youtube_transcript:asx-daily-rundown-atlassian-lifts-tech-a2-milk-recall-shock-accent-group-all-time-lows:88e960386e503796,youtube_transcript,"ASX Daily Rundown | Atlassian Lifts Tech, A2 Milk Recall Shock & Accent Group All-Time Lows",2026-05-04T08:15:01Z,2026-05-04T08:24:06+00:00,2026-05-04T08:24:06+00:00,fanout_0003,50,candidate_expire_duplicate_fanout,status_expire_candidate,explicit target A2M/A2 MILK does not match current entity; duplicate fanout cluster preserves matching target rows elsewhere,high,MEDIUM,no,company_memory.sqlite:memory_entries,DATA_MISSING
308,PETT,observed_fact,A2 MILK's share price has dropped from almost $10 back to $6.59 in a few months,active,0.82,youtube_transcript:asx-daily-rundown-atlassian-lifts-tech-a2-milk-recall-shock-accent-group-all-time-lows:88e960386e503796,youtube_transcript,"ASX Daily Rundown | Atlassian Lifts Tech, A2 Milk Recall Shock & Accent Group All-Time Lows",2026-05-04T08:15:01Z,2026-05-04T08:24:06+00:00,2026-05-04T08:24:06+00:00,fanout_0003,50,candidate_expire_duplicate_fanout,status_expire_candidate,explicit target A2M/A2 MILK does not match current entity; duplicate fanout cluster preserves matching target rows elsewhere,high,MEDIUM,no,company_memory.sqlite:memory_entries,DATA_MISSING
309,C79,observed_fact,A2 MILK's share price has dropped from almost $10 back to $6.59 in a few months,active,0.82,youtube_transcript:asx-daily-rundown-atlassian-lifts-tech-a2-milk-recall-shock-accent-group-all-time-lows:88e960386e503796,youtube_transcript,"ASX Daily Rundown | Atlassian Lifts Tech, A2 Milk Recall Shock & Accent Group All-Time Lows",2026-05-04T08:15:01Z,2026-05-04T08:24:07+00:00,2026-05-04T08:24:07+00:00,fanout_0003,50,candidate_expire_duplicate_fanout,status_expire_candidate,explicit target A2M/A2 MILK does not match current entity; duplicate fanout cluster preserves matching target rows elsewhere,high,MEDIUM,no,company_memory.sqlite:memory_entries,DATA_MISSING
311,ACCENT GROUP,observed_fact,A2 MILK's share price has dropped from almost $10 back to $6.59 in a few months,active,0.82,youtube_transcript:asx-daily-rundown-atlassian-lifts-tech-a2-milk-recall-shock-accent-group-all-time-lows:88e960386e503796,youtube_transcript,"ASX Daily Rundown | Atlassian Lifts Tech, A2 Milk Recall Shock & Accent Group All-Time Lows",2026-05-04T08:15:01Z,2026-05-04T08:24:07+00:00,2026-05-04T08:24:07+00:00,fanout_0003,50,candidate_expire_duplicate_fanout,status_expire_candidate,explicit target A2M/A2 MILK does not match current entity; duplicate fanout cluster preserves matching target rows elsewhere,high,MEDIUM,no,company_memory.sqlite:memory_entries,DATA_MISSING
339,ASX,observed_fact,ACCENT GROUP's share price is down 12.9% after a downgrade announcement,active,0.83,youtube_transcript:asx-daily-rundown-atlassian-lifts-tech-a2-milk-recall-shock-accent-group-all-time-lows:88e960386e503796,youtube_transcript,"ASX Daily Rundown | Atlassian Lifts Tech, A2 Milk Recall Shock & Accent Group All-Time Lows",2026-05-04T08:15:01Z,2026-05-04T08:24:11+00:00,2026-05-04T08:24:11+00:00,fanout_0006,50,candidate_expire_duplicate_fanout,status_expire_candidate,explicit target ACC/ACCENT GROUP does not match current entity; duplicate fanout cluster preserves matching target rows elsewhere,high,MEDIUM,no,company_memory.sqlite:memory_entries,DATA_MISSING
340,TXT,observed_fact,ACCENT GROUP's share price is down 12.9% after a downgrade announcement,active,0.83,youtube_transcript:asx-daily-rundown-atlassian-lifts-tech-a2-milk-recall-shock-accent-group-all-time-lows:88e960386e503796,youtube_transcript,"ASX Daily Rundown | Atlassian Lifts Tech, A2 Milk Recall Shock & Accent Group All-Time Lows",2026-05-04T08:15:01Z,2026-05-04T08:24:11+00:00,2026-05-04T08:24:11+00:00,fanout_0006,50,candidate_expire_duplicate_fanout,status_expire_candidate,explicit target ACC/ACCENT GROUP does not match current entity; duplicate fanout cluster preserves matching target rows elsewhere,high,MEDIUM,no,company_memory.sqlite:memory_entries,DATA_MISSING
341,XTX,observed_fact,ACCENT GROUP's share price is down 12.9% after a downgrade announcement,active,0.83,youtube_transcript:asx-daily-rundown-atlassian-lifts-tech-a2-milk-recall-shock-accent-group-all-time-lows:88e960386e503796,youtube_transcript,"ASX Daily Rundown | Atlassian Lifts Tech, A2 Milk Recall Shock & Accent Group All-Time Lows",2026-05-04T08:15:01Z,2026-05-04T08:24:12+00:00,2026-05-04T08:24:12+00:00,fanout_0006,50,candidate_expire_duplicate_fanout,status_expire_candidate,explicit target ACC/ACCENT GROUP does not match current entity; duplicate fanout cluster preserves matching target rows elsewhere,high,MEDIUM,no,company_memory.sqlite:memory_entries,DATA_MISSING
342,A2 MILK,observed_fact,ACCENT GROUP's share price is down 12.9% after a downgrade announcement,active,0.83,youtube_transcript:asx-daily-rundown-atlassian-lifts-tech-a2-milk-recall-shock-accent-group-all-time-lows:88e960386e503796,youtube_transcript,"ASX Daily Rundown | Atlassian Lifts Tech, A2 Milk Recall Shock & Accent Group All-Time Lows",2026-05-04T08:15:01Z,2026-05-04T08:24:13+00:00,2026-05-04T08:24:13+00:00,fanout_0006,50,candidate_expire_duplicate_fanout,status_expire_candidate,explicit target ACC/ACCENT GROUP does not match current entity; duplicate fanout cluster preserves matching target rows elsewhere,high,MEDIUM,no,company_memory.sqlite:memory_entries,DATA_MISSING
343,ENDEAVOR GROUP,observed_fact,ACCENT GROUP's share price is down 12.9% after a downgrade announcement,active,0.83,youtube_transcript:asx-daily-rundown-atlassian-lifts-tech-a2-milk-recall-shock-accent-group-all-time-lows:88e960386e503796,youtube_transcript,"ASX Daily Rundown | Atlassian Lifts Tech, A2 Milk Recall Shock & Accent Group All-Time Lows",2026-05-04T08:15:01Z,2026-05-04T08:24:13+00:00,2026-05-04T08:24:13+00:00,fanout_0006,50,candidate_expire_duplicate_fanout,status_expire_candidate,explicit target ACC/ACCENT GROUP does not match current entity; duplicate fanout cluster preserves matching target rows elsewhere,high,MEDIUM,no,company_memory.sqlite:memory_entries,DATA_MISSING
344,ATLASSIAN,observed_fact,ACCENT GROUP's share price is down 12.9% after a downgrade announcement,active,0.83,youtube_transcript:asx-daily-rundown-atlassian-lifts-tech-a2-milk-recall-shock-accent-group-all-time-lows:88e960386e503796,youtube_transcript,"ASX Daily Rundown | Atlassian Lifts Tech, A2 Milk Recall Shock & Accent Group All-Time Lows",2026-05-04T08:15:01Z,2026-05-04T08:24:13+00:00,2026-05-04T08:24:13+00:00,fanout_0006,50,candidate_expire_duplicate_fanout,status_expire_candidate,explicit target ACC/ACCENT GROUP does not match current entity; duplicate fanout cluster preserves matching target rows elsewhere,high,MEDIUM,no,company_memory.sqlite:memory_entries,DATA_MISSING
345,NAB,observed_fact,ACCENT GROUP's share price is down 12.9% after a downgrade announcement,active,0.83,youtube_transcript:asx-daily-rundown-atlassian-lifts-tech-a2-milk-recall-shock-accent-group-all-time-lows:88e960386e503796,youtube_transcript,"ASX Daily Rundown | Atlassian Lifts Tech, A2 Milk Recall Shock & Accent Group All-Time Lows",2026-05-04T08:15:01Z,2026-05-04T08:24:13+00:00,2026-05-04T08:24:13+00:00,fanout_0006,50,candidate_expire_duplicate_fanout,status_expire_candidate,explicit target ACC/ACCENT GROUP does not match current entity; duplicate fanout cluster preserves matching target rows elsewhere,high,MEDIUM,no,company_memory.sqlite:memory_entries,DATA_MISSING
346,BHP,observed_fact,ACCENT GROUP's share price is down 12.9% after a downgrade announcement,active,0.83,youtube_transcript:asx-daily-rundown-atlassian-lifts-tech-a2-milk-recall-shock-accent-group-all-time-lows:88e960386e503796,youtube_transcript,"ASX Daily Rundown | Atlassian Lifts Tech, A2 Milk Recall Shock & Accent Group All-Time Lows",2026-05-04T08:15:01Z,2026-05-04T08:24:13+00:00,2026-05-04T08:24:13+00:00,fanout_0006,50,candidate_expire_duplicate_fanout,status_expire_candidate,explicit target ACC/ACCENT GROUP does not match current entity; duplicate fanout cluster preserves matching target rows elsewhere,high,MEDIUM,no,company_memory.sqlite:memory_entries,DATA_MISSING
347,KEY PETROLEUM,observed_fact,ACCENT GROUP's share price is down 12.9% after a downgrade announcement,active,0.83,youtube_transcript:asx-daily-rundown-atlassian-lifts-tech-a2-milk-recall-shock-accent-group-all-time-lows:88e960386e503796,youtube_transcript,"ASX Daily Rundown | Atlassian Lifts Tech, A2 Milk Recall Shock & Accent Group All-Time Lows",2026-05-04T08:15:01Z,2026-05-04T08:24:13+00:00,2026-05-04T08:24:13+00:00,fanout_0006,50,candidate_expire_duplicate_fanout,status_expire_candidate,explicit target ACC/ACCENT GROUP does not match current entity; duplicate fanout cluster preserves matching target rows elsewhere,high,MEDIUM,no,company_memory.sqlite:memory_entries,DATA_MISSING
348,GCM CORPORATION,observed_fact,ACCENT GROUP's share price is down 12.9% after a downgrade announcement,active,0.83,youtube_transcript:asx-daily-rundown-atlassian-lifts-tech-a2-milk-recall-shock-accent-group-all-time-lows:88e960386e503796,youtube_transcript,"ASX Daily Rundown | Atlassian Lifts Tech, A2 Milk Recall Shock & Accent Group All-Time Lows",2026-05-04T08:15:01Z,2026-05-04T08:24:13+00:00,2026-05-04T08:24:13+00:00,fanout_0006,50,candidate_expire_duplicate_fanout,status_expire_candidate,explicit target ACC/ACCENT GROUP does not match current entity; duplicate fanout cluster preserves matching target rows elsewhere,high,MEDIUM,no,company_memory.sqlite:memory_entries,DATA_MISSING
349,MARINO AND CO,observed_fact,ACCENT GROUP's share price is down 12.9% after a downgrade announcement,active,0.83,youtube_transcript:asx-daily-rundown-atlassian-lifts-tech-a2-milk-recall-shock-accent-group-all-time-lows:88e960386e503796,youtube_transcript,"ASX Daily Rundown | Atlassian Lifts Tech, A2 Milk Recall Shock & Accent Group All-Time Lows",2026-05-04T08:15:01Z,2026-05-04T08:24:13+00:00,2026-05-04T08:24:13+00:00,fanout_0006,50,candidate_expire_duplicate_fanout,status_expire_candidate,explicit target ACC/ACCENT GROUP does not match current entity; duplicate fanout cluster preserves matching target rows elsewhere,high,MEDIUM,no,company_memory.sqlite:memory_entries,DATA_MISSING
350,CLARITY,observed_fact,ACCENT GROUP's share price is down 12.9% after a downgrade announcement,active,0.83,youtube_transcript:asx-daily-rundown-atlassian-lifts-tech-a2-milk-recall-shock-accent-group-all-time-lows:88e960386e503796,youtube_transcript,"ASX Daily Rundown | Atlassian Lifts Tech, A2 Milk Recall Shock & Accent Group All-Time Lows",2026-05-04T08:15:01Z,2026-05-04T08:24:13+00:00,2026-05-04T08:24:13+00:00,fanout_0006,50,candidate_expire_duplicate_fanout,status_expire_candidate,explicit target ACC/ACCENT GROUP does not match current entity; duplicate fanout cluster preserves matching target rows elsewhere,high,MEDIUM,no,company_memory.sqlite:memory_entries,DATA_MISSING
351,WIN MEDALS,observed_fact,ACCENT GROUP's share price is down 12.9% after a downgrade announcement,active,0.83,youtube_transcript:asx-daily-rundown-atlassian-lifts-tech-a2-milk-recall-shock-accent-group-all-time-lows:88e960386e503796,youtube_transcript,"ASX Daily Rundown | Atlassian Lifts Tech, A2 Milk Recall Shock & Accent Group All-Time Lows",2026-05-04T08:15:01Z,2026-05-04T08:24:13+00:00,2026-05-04T08:24:13+00:00,fanout_0006,50,candidate_expire_duplicate_fanout,status_expire_candidate,explicit target ACC/ACCENT GROUP does not match current entity; duplicate fanout cluster preserves matching target rows elsewhere,high,MEDIUM,no,company_memory.sqlite:memory_entries,DATA_MISSING
352,AXEN GROUP,observed_fact,ACCENT GROUP's share price is down 12.9% after a downgrade announcement,active,0.83,youtube_transcript:asx-daily-rundown-atlassian-lifts-tech-a2-milk-recall-shock-accent-group-all-time-lows:88e960386e503796,youtube_transcript,"ASX Daily Rundown | Atlassian Lifts Tech, A2 Milk Recall Shock & Accent Group All-Time Lows",2026-05-04T08:15:01Z,2026-05-04T08:24:13+00:00,2026-05-04T08:24:13+00:00,fanout_0006,50,candidate_expire_duplicate_fanout,status_expire_candidate,explicit target ACC/ACCENT GROUP does not match current entity; duplicate fanout cluster preserves matching target rows elsewhere,high,MEDIUM,no,company_memory.sqlite:memory_entries,DATA_MISSING
353,STRICKLAND METALS,observed_fact,ACCENT GROUP's share price is down 12.9% after a downgrade announcement,active,0.83,youtube_transcript:asx-daily-rundown-atlassian-lifts-tech-a2-milk-recall-shock-accent-group-all-time-lows:88e960386e503796,youtube_transcript,"ASX Daily Rundown | Atlassian Lifts Tech, A2 Milk Recall Shock & Accent Group All-Time Lows",2026-05-04T08:15:01Z,2026-05-04T08:24:13+00:00,2026-05-04T08:24:13+00:00,fanout_0006,50,candidate_expire_duplicate_fanout,status_expire_candidate,explicit target ACC/ACCENT GROUP does not match current entity; duplicate fanout cluster preserves matching target rows elsewhere,high,MEDIUM,no,company_memory.sqlite:memory_entries,DATA_MISSING
354,LION TOWN,observed_fact,ACCENT GROUP's share price is down 12.9% after a downgrade announcement,active,0.83,youtube_transcript:asx-daily-rundown-atlassian-lifts-tech-a2-milk-recall-shock-accent-group-all-time-lows:88e960386e503796,youtube_transcript,"ASX Daily Rundown | Atlassian Lifts Tech, A2 Milk Recall Shock & Accent Group All-Time Lows",2026-05-04T08:15:01Z,2026-05-04T08:24:14+00:00,2026-05-04T08:24:14+00:00,fanout_0006,50,candidate_expire_duplicate_fanout,status_expire_candidate,explicit target ACC/ACCENT GROUP does not match current entity; duplicate fanout cluster preserves matching target rows elsewhere,high,MEDIUM,no,company_memory.sqlite:memory_entries,DATA_MISSING
355,IMRO,observed_fact,ACCENT GROUP's share price is down 12.9% after a downgrade announcement,active,0.83,youtube_transcript:asx-daily-rundown-atlassian-lifts-tech-a2-milk-recall-shock-accent-group-all-time-lows:88e960386e503796,youtube_transcript,"ASX Daily Rundown | Atlassian Lifts Tech, A2 Milk Recall Shock & Accent Group All-Time Lows",2026-05-04T08:15:01Z,2026-05-04T08:24:14+00:00,2026-05-04T08:24:14+00:00,fanout_0006,50,candidate_expire_duplicate_fanout,status_expire_candidate,explicit target ACC/ACCENT GROUP does not match current entity; duplicate fanout cluster preserves matching target rows elsewhere,high,MEDIUM,no,company_memory.sqlite:memory_entries,DATA_MISSING
356,PENINSULA,observed_fact,ACCENT GROUP's share price is down 12.9% after a downgrade announcement,active,0.83,youtube_transcript:asx-daily-rundown-atlassian-lifts-tech-a2-milk-recall-shock-accent-group-all-time-lows:88e960386e503796,youtube_transcript,"ASX Daily Rundown | Atlassian Lifts Tech, A2 Milk Recall Shock & Accent Group All-Time Lows",2026-05-04T08:15:01Z,2026-05-04T08:24:14+00:00,2026-05-04T08:24:14+00:00,fanout_0006,50,candidate_expire_duplicate_fanout,status_expire_candidate,explicit target ACC/ACCENT GROUP does not match current entity; duplicate fanout cluster preserves matching target rows elsewhere,high,MEDIUM,no,company_memory.sqlite:memory_entries,DATA_MISSING
357,BRAIN CHIP,observed_fact,ACCENT GROUP's share price is down 12.9% after a downgrade announcement,active,0.83,youtube_transcript:asx-daily-rundown-atlassian-lifts-tech-a2-milk-recall-shock-accent-group-all-time-lows:88e960386e503796,youtube_transcript,"ASX Daily Rundown | Atlassian Lifts Tech, A2 Milk Recall Shock & Accent Group All-Time Lows",2026-05-04T08:15:01Z,2026-05-04T08:24:14+00:00,2026-05-04T08:24:14+00:00,fanout_0006,50,candidate_expire_duplicate_fanout,status_expire_candidate,explicit target ACC/ACCENT GROUP does not match current entity; duplicate fanout cluster preserves matching target rows elsewhere,high,MEDIUM,no,company_memory.sqlite:memory_entries,DATA_MISSING
358,VERITUS,observed_fact,ACCENT GROUP's share price is down 12.9% after a downgrade announcement,active,0.83,youtube_transcript:asx-daily-rundown-atlassian-lifts-tech-a2-milk-recall-shock-accent-group-all-time-lows:88e960386e503796,youtube_transcript,"ASX Daily Rundown | Atlassian Lifts Tech, A2 Milk Recall Shock & Accent Group All-Time Lows",2026-05-04T08:15:01Z,2026-05-04T08:24:14+00:00,2026-05-04T08:24:14+00:00,fanout_0006,50,candidate_expire_duplicate_fanout,status_expire_candidate,explicit target ACC/ACCENT GROUP does not match current entity; duplicate fanout cluster preserves matching target rows elsewhere,high,MEDIUM,no,company_memory.sqlite:memory_entries,DATA_MISSING
359,PETTIMED,observed_fact,ACCENT GROUP's share price is down 12.9% after a downgrade announcement,active,0.83,youtube_transcript:asx-daily-rundown-atlassian-lifts-tech-a2-milk-recall-shock-accent-group-all-time-lows:88e960386e503796,youtube_transcript,"ASX Daily Rundown | Atlassian Lifts Tech, A2 Milk Recall Shock & Accent Group All-Time Lows",2026-05-04T08:15:01Z,2026-05-04T08:24:14+00:00,2026-05-04T08:24:14+00:00,fanout_0006,50,candidate_expire_duplicate_fanout,status_expire_candidate,explicit target ACC/ACCENT GROUP does not match current entity; duplicate fanout cluster preserves matching target rows elsewhere,high,MEDIUM,no,company_memory.sqlite:memory_entries,DATA_MISSING
360,IMPEDIMED,observed_fact,ACCENT GROUP's share price is down 12.9% after a downgrade announcement,active,0.83,youtube_transcript:asx-daily-rundown-atlassian-lifts-tech-a2-milk-recall-shock-accent-group-all-time-lows:88e960386e503796,youtube_transcript,"ASX Daily Rundown | Atlassian Lifts Tech, A2 Milk Recall Shock & Accent Group All-Time Lows",2026-05-04T08:15:01Z,2026-05-04T08:24:15+00:00,2026-05-04T08:24:15+00:00,fanout_0006,50,candidate_expire_duplicate_fanout,status_expire_candidate,explicit target ACC/ACCENT GROUP does not match current entity; duplicate fanout cluster preserves matching target rows elsewhere,high,MEDIUM,no,company_memory.sqlite:memory_entries,DATA_MISSING
361,INDE,observed_fact,ACCENT GROUP's share price is down 12.9% after a downgrade announcement,active,0.83,youtube_transcript:asx-daily-rundown-atlassian-lifts-tech-a2-milk-recall-shock-accent-group-all-time-lows:88e960386e503796,youtube_transcript,"ASX Daily Rundown | Atlassian Lifts Tech, A2 Milk Recall Shock & Accent Group All-Time Lows",2026-05-04T08:15:01Z,2026-05-04T08:24:15+00:00,2026-05-04T08:24:15+00:00,fanout_0006,50,candidate_expire_duplicate_fanout,status_expire_candidate,explicit target ACC/ACCENT GROUP does not match current entity; duplicate fanout cluster preserves matching target rows elsewhere,high,MEDIUM,no,company_memory.sqlite:memory_entries,DATA_MISSING
362,PETT,observed_fact,ACCENT GROUP's share price is down 12.9% after a downgrade announcement,active,0.83,youtube_transcript:asx-daily-rundown-atlassian-lifts-tech-a2-milk-recall-shock-accent-group-all-time-lows:88e960386e503796,youtube_transcript,"ASX Daily Rundown | Atlassian Lifts Tech, A2 Milk Recall Shock & Accent Group All-Time Lows",2026-05-04T08:15:01Z,2026-05-04T08:24:15+00:00,2026-05-04T08:24:15+00:00,fanout_0006,50,candidate_expire_duplicate_fanout,status_expire_candidate,explicit target ACC/ACCENT GROUP does not match current entity; duplicate fanout cluster preserves matching target rows elsewhere,high,MEDIUM,no,company_memory.sqlite:memory_entries,DATA_MISSING
363,C79,observed_fact,ACCENT GROUP's share price is down 12.9% after a downgrade announcement,active,0.83,youtube_transcript:asx-daily-rundown-atlassian-lifts-tech-a2-milk-recall-shock-accent-group-all-time-lows:88e960386e503796,youtube_transcript,"ASX Daily Rundown | Atlassian Lifts Tech, A2 Milk Recall Shock & Accent Group All-Time Lows",2026-05-04T08:15:01Z,2026-05-04T08:24:15+00:00,2026-05-04T08:24:15+00:00,fanout_0006,50,candidate_expire_duplicate_fanout,status_expire_candidate,explicit target ACC/ACCENT GROUP does not match current entity; duplicate fanout cluster preserves matching target rows elsewhere,high,MEDIUM,no,company_memory.sqlite:memory_entries,DATA_MISSING
364,A2M,observed_fact,ACCENT GROUP's share price is down 12.9% after a downgrade announcement,active,0.83,youtube_transcript:asx-daily-rundown-atlassian-lifts-tech-a2-milk-recall-shock-accent-group-all-time-lows:88e960386e503796,youtube_transcript,"ASX Daily Rundown | Atlassian Lifts Tech, A2 Milk Recall Shock & Accent Group All-Time Lows",2026-05-04T08:15:01Z,2026-05-04T08:24:15+00:00,2026-05-04T08:24:15+00:00,fanout_0006,50,candidate_expire_duplicate_fanout,status_expire_candidate,explicit target ACC/ACCENT GROUP does not match current entity; duplicate fanout cluster preserves matching target rows elsewhere,high,MEDIUM,no,company_memory.sqlite:memory_entries,DATA_MISSING
366,ASX,observed_fact,ACCENT GROUP's EBIT for the second half has been decreased by $7 million,active,0.82,youtube_transcript:asx-daily-rundown-atlassian-lifts-tech-a2-milk-recall-shock-accent-group-all-time-lows:88e960386e503796,youtube_transcript,"ASX Daily Rundown | Atlassian Lifts Tech, A2 Milk Recall Shock & Accent Group All-Time Lows",2026-05-04T08:15:01Z,2026-05-04T08:24:15+00:00,2026-05-04T08:24:15+00:00,fanout_0005,50,candidate_expire_duplicate_fanout,status_expire_candidate,explicit target ACC/ACCENT GROUP does not match current entity; duplicate fanout cluster preserves matching target rows elsewhere,high,MEDIUM,no,company_memory.sqlite:memory_entries,DATA_MISSING
367,TXT,observed_fact,ACCENT GROUP's EBIT for the second half has been decreased by $7 million,active,0.82,youtube_transcript:asx-daily-rundown-atlassian-lifts-tech-a2-milk-recall-shock-accent-group-all-time-lows:88e960386e503796,youtube_transcript,"ASX Daily Rundown | Atlassian Lifts Tech, A2 Milk Recall Shock & Accent Group All-Time Lows",2026-05-04T08:15:01Z,2026-05-04T08:24:15+00:00,2026-05-04T08:24:15+00:00,fanout_0005,50,candidate_expire_duplicate_fanout,status_expire_candidate,explicit target ACC/ACCENT GROUP does not match current entity; duplicate fanout cluster preserves matching target rows elsewhere,high,MEDIUM,no,company_memory.sqlite:memory_entries,DATA_MISSING
368,XTX,observed_fact,ACCENT GROUP's EBIT for the second half has been decreased by $7 million,active,0.82,youtube_transcript:asx-daily-rundown-atlassian-lifts-tech-a2-milk-recall-shock-accent-group-all-time-lows:88e960386e503796,youtube_transcript,"ASX Daily Rundown | Atlassian Lifts Tech, A2 Milk Recall Shock & Accent Group All-Time Lows",2026-05-04T08:15:01Z,2026-05-04T08:24:16+00:00,2026-05-04T08:24:16+00:00,fanout_0005,50,candidate_expire_duplicate_fanout,status_expire_candidate,explicit target ACC/ACCENT GROUP does not match current entity; duplicate fanout cluster preserves matching target rows elsewhere,high,MEDIUM,no,company_memory.sqlite:memory_entries,DATA_MISSING
369,A2 MILK,observed_fact,ACCENT GROUP's EBIT for the second half has been decreased by $7 million,active,0.82,youtube_transcript:asx-daily-rundown-atlassian-lifts-tech-a2-milk-recall-shock-accent-group-all-time-lows:88e960386e503796,youtube_transcript,"ASX Daily Rundown | Atlassian Lifts Tech, A2 Milk Recall Shock & Accent Group All-Time Lows",2026-05-04T08:15:01Z,2026-05-04T08:24:16+00:00,2026-05-04T08:24:16+00:00,fanout_0005,50,candidate_expire_duplicate_fanout,status_expire_candidate,explicit target ACC/ACCENT GROUP does not match current entity; duplicate fanout cluster preserves matching target rows elsewhere,high,MEDIUM,no,company_memory.sqlite:memory_entries,DATA_MISSING
370,ENDEAVOR GROUP,observed_fact,ACCENT GROUP's EBIT for the second half has been decreased by $7 million,active,0.82,youtube_transcript:asx-daily-rundown-atlassian-lifts-tech-a2-milk-recall-shock-accent-group-all-time-lows:88e960386e503796,youtube_transcript,"ASX Daily Rundown | Atlassian Lifts Tech, A2 Milk Recall Shock & Accent Group All-Time Lows",2026-05-04T08:15:01Z,2026-05-04T08:24:16+00:00,2026-05-04T08:24:16+00:00,fanout_0005,50,candidate_expire_duplicate_fanout,status_expire_candidate,explicit target ACC/ACCENT GROUP does not match current entity; duplicate fanout cluster preserves matching target rows elsewhere,high,MEDIUM,no,company_memory.sqlite:memory_entries,DATA_MISSING
371,ATLASSIAN,observed_fact,ACCENT GROUP's EBIT for the second half has been decreased by $7 million,active,0.82,youtube_transcript:asx-daily-rundown-atlassian-lifts-tech-a2-milk-recall-shock-accent-group-all-time-lows:88e960386e503796,youtube_transcript,"ASX Daily Rundown | Atlassian Lifts Tech, A2 Milk Recall Shock & Accent Group All-Time Lows",2026-05-04T08:15:01Z,2026-05-04T08:24:16+00:00,2026-05-04T08:24:16+00:00,fanout_0005,50,candidate_expire_duplicate_fanout,status_expire_candidate,explicit target ACC/ACCENT GROUP does not match current entity; duplicate fanout cluster preserves matching target rows elsewhere,high,MEDIUM,no,company_memory.sqlite:memory_entries,DATA_MISSING
372,NAB,observed_fact,ACCENT GROUP's EBIT for the second half has been decreased by $7 million,active,0.82,youtube_transcript:asx-daily-rundown-atlassian-lifts-tech-a2-milk-recall-shock-accent-group-all-time-lows:88e960386e503796,youtube_transcript,"ASX Daily Rundown | Atlassian Lifts Tech, A2 Milk Recall Shock & Accent Group All-Time Lows",2026-05-04T08:15:01Z,2026-05-04T08:24:16+00:00,2026-05-04T08:24:16+00:00,fanout_0005,50,candidate_expire_duplicate_fanout,status_expire_candidate,explicit target ACC/ACCENT GROUP does not match current entity; duplicate fanout cluster preserves matching target rows elsewhere,high,MEDIUM,no,company_memory.sqlite:memory_entries,DATA_MISSING
373,BHP,observed_fact,ACCENT GROUP's EBIT for the second half has been decreased by $7 million,active,0.82,youtube_transcript:asx-daily-rundown-atlassian-lifts-tech-a2-milk-recall-shock-accent-group-all-time-lows:88e960386e503796,youtube_transcript,"ASX Daily Rundown | Atlassian Lifts Tech, A2 Milk Recall Shock & Accent Group All-Time Lows",2026-05-04T08:15:01Z,2026-05-04T08:24:16+00:00,2026-05-04T08:24:16+00:00,fanout_0005,50,candidate_expire_duplicate_fanout,status_expire_candidate,explicit target ACC/ACCENT GROUP does not match current entity; duplicate fanout cluster preserves matching target rows elsewhere,high,MEDIUM,no,company_memory.sqlite:memory_entries,DATA_MISSING
374,KEY PETROLEUM,observed_fact,ACCENT GROUP's EBIT for the second half has been decreased by $7 million,active,0.82,youtube_transcript:asx-daily-rundown-atlassian-lifts-tech-a2-milk-recall-shock-accent-group-all-time-lows:88e960386e503796,youtube_transcript,"ASX Daily Rundown | Atlassian Lifts Tech, A2 Milk Recall Shock & Accent Group All-Time Lows",2026-05-04T08:15:01Z,2026-05-04T08:24:17+00:00,2026-05-04T08:24:17+00:00,fanout_0005,50,candidate_expire_duplicate_fanout,status_expire_candidate,explicit target ACC/ACCENT GROUP does not match current entity; duplicate fanout cluster preserves matching target rows elsewhere,high,MEDIUM,no,company_memory.sqlite:memory_entries,DATA_MISSING
375,GCM CORPORATION,observed_fact,ACCENT GROUP's EBIT for the second half has been decreased by $7 million,active,0.82,youtube_transcript:asx-daily-rundown-atlassian-lifts-tech-a2-milk-recall-shock-accent-group-all-time-lows:88e960386e503796,youtube_transcript,"ASX Daily Rundown | Atlassian Lifts Tech, A2 Milk Recall Shock & Accent Group All-Time Lows",2026-05-04T08:15:01Z,2026-05-04T08:24:17+00:00,2026-05-04T08:24:17+00:00,fanout_0005,50,candidate_expire_duplicate_fanout,status_expire_candidate,explicit target ACC/ACCENT GROUP does not match current entity; duplicate fanout cluster preserves matching target rows elsewhere,high,MEDIUM,no,company_memory.sqlite:memory_entries,DATA_MISSING
376,MARINO AND CO,observed_fact,ACCENT GROUP's EBIT for the second half has been decreased by $7 million,active,0.82,youtube_transcript:asx-daily-rundown-atlassian-lifts-tech-a2-milk-recall-shock-accent-group-all-time-lows:88e960386e503796,youtube_transcript,"ASX Daily Rundown | Atlassian Lifts Tech, A2 Milk Recall Shock & Accent Group All-Time Lows",2026-05-04T08:15:01Z,2026-05-04T08:24:17+00:00,2026-05-04T08:24:17+00:00,fanout_0005,50,candidate_expire_duplicate_fanout,status_expire_candidate,explicit target ACC/ACCENT GROUP does not match current entity; duplicate fanout cluster preserves matching target rows elsewhere,high,MEDIUM,no,company_memory.sqlite:memory_entries,DATA_MISSING
377,CLARITY,observed_fact,ACCENT GROUP's EBIT for the second half has been decreased by $7 million,active,0.82,youtube_transcript:asx-daily-rundown-atlassian-lifts-tech-a2-milk-recall-shock-accent-group-all-time-lows:88e960386e503796,youtube_transcript,"ASX Daily Rundown | Atlassian Lifts Tech, A2 Milk Recall Shock & Accent Group All-Time Lows",2026-05-04T08:15:01Z,2026-05-04T08:24:17+00:00,2026-05-04T08:24:17+00:00,fanout_0005,50,candidate_expire_duplicate_fanout,status_expire_candidate,explicit target ACC/ACCENT GROUP does not match current entity; duplicate fanout cluster preserves matching target rows elsewhere,high,MEDIUM,no,company_memory.sqlite:memory_entries,DATA_MISSING
378,WIN MEDALS,observed_fact,ACCENT GROUP's EBIT for the second half has been decreased by $7 million,active,0.82,youtube_transcript:asx-daily-rundown-atlassian-lifts-tech-a2-milk-recall-shock-accent-group-all-time-lows:88e960386e503796,youtube_transcript,"ASX Daily Rundown | Atlassian Lifts Tech, A2 Milk Recall Shock & Accent Group All-Time Lows",2026-05-04T08:15:01Z,2026-05-04T08:24:17+00:00,2026-05-04T08:24:17+00:00,fanout_0005,50,candidate_expire_duplicate_fanout,status_expire_candidate,explicit target ACC/ACCENT GROUP does not match current entity; duplicate fanout cluster preserves matching target rows elsewhere,high,MEDIUM,no,company_memory.sqlite:memory_entries,DATA_MISSING
379,AXEN GROUP,observed_fact,ACCENT GROUP's EBIT for the second half has been decreased by $7 million,active,0.82,youtube_transcript:asx-daily-rundown-atlassian-lifts-tech-a2-milk-recall-shock-accent-group-all-time-lows:88e960386e503796,youtube_transcript,"ASX Daily Rundown | Atlassian Lifts Tech, A2 Milk Recall Shock & Accent Group All-Time Lows",2026-05-04T08:15:01Z,2026-05-04T08:24:17+00:00,2026-05-04T08:24:17+00:00,fanout_0005,50,candidate_expire_duplicate_fanout,status_expire_candidate,explicit target ACC/ACCENT GROUP does not match current entity; duplicate fanout cluster preserves matching target rows elsewhere,high,MEDIUM,no,company_memory.sqlite:memory_entries,DATA_MISSING
380,STRICKLAND METALS,observed_fact,ACCENT GROUP's EBIT for the second half has been decreased by $7 million,active,0.82,youtube_transcript:asx-daily-rundown-atlassian-lifts-tech-a2-milk-recall-shock-accent-group-all-time-lows:88e960386e503796,youtube_transcript,"ASX Daily Rundown | Atlassian Lifts Tech, A2 Milk Recall Shock & Accent Group All-Time Lows",2026-05-04T08:15:01Z,2026-05-04T08:24:17+00:00,2026-05-04T08:24:17+00:00,fanout_0005,50,candidate_expire_duplicate_fanout,status_expire_candidate,explicit target ACC/ACCENT GROUP does not match current entity; duplicate fanout cluster preserves matching target rows elsewhere,high,MEDIUM,no,company_memory.sqlite:memory_entries,DATA_MISSING
381,LION TOWN,observed_fact,ACCENT GROUP's EBIT for the second half has been decreased by $7 million,active,0.82,youtube_transcript:asx-daily-rundown-atlassian-lifts-tech-a2-milk-recall-shock-accent-group-all-time-lows:88e960386e503796,youtube_transcript,"ASX Daily Rundown | Atlassian Lifts Tech, A2 Milk Recall Shock & Accent Group All-Time Lows",2026-05-04T08:15:01Z,2026-05-04T08:24:18+00:00,2026-05-04T08:24:18+00:00,fanout_0005,50,candidate_expire_duplicate_fanout,status_expire_candidate,explicit target ACC/ACCENT GROUP does not match current entity; duplicate fanout cluster preserves matching target rows elsewhere,high,MEDIUM,no,company_memory.sqlite:memory_entries,DATA_MISSING
382,IMRO,observed_fact,ACCENT GROUP's EBIT for the second half has been decreased by $7 million,active,0.82,youtube_transcript:asx-daily-rundown-atlassian-lifts-tech-a2-milk-recall-shock-accent-group-all-time-lows:88e960386e503796,youtube_transcript,"ASX Daily Rundown | Atlassian Lifts Tech, A2 Milk Recall Shock & Accent Group All-Time Lows",2026-05-04T08:15:01Z,2026-05-04T08:24:18+00:00,2026-05-04T08:24:18+00:00,fanout_0005,50,candidate_expire_duplicate_fanout,status_expire_candidate,explicit target ACC/ACCENT GROUP does not match current entity; duplicate fanout cluster preserves matching target rows elsewhere,high,MEDIUM,no,company_memory.sqlite:memory_entries,DATA_MISSING
383,PENINSULA,observed_fact,ACCENT GROUP's EBIT for the second half has been decreased by $7 million,active,0.82,youtube_transcript:asx-daily-rundown-atlassian-lifts-tech-a2-milk-recall-shock-accent-group-all-time-lows:88e960386e503796,youtube_transcript,"ASX Daily Rundown | Atlassian Lifts Tech, A2 Milk Recall Shock & Accent Group All-Time Lows",2026-05-04T08:15:01Z,2026-05-04T08:24:18+00:00,2026-05-04T08:24:18+00:00,fanout_0005,50,candidate_expire_duplicate_fanout,status_expire_candidate,explicit target ACC/ACCENT GROUP does not match current entity; duplicate fanout cluster preserves matching target rows elsewhere,high,MEDIUM,no,company_memory.sqlite:memory_entries,DATA_MISSING
384,BRAIN CHIP,observed_fact,ACCENT GROUP's EBIT for the second half has been decreased by $7 million,active,0.82,youtube_transcript:asx-daily-rundown-atlassian-lifts-tech-a2-milk-recall-shock-accent-group-all-time-lows:88e960386e503796,youtube_transcript,"ASX Daily Rundown | Atlassian Lifts Tech, A2 Milk Recall Shock & Accent Group All-Time Lows",2026-05-04T08:15:01Z,2026-05-04T08:24:18+00:00,2026-05-04T08:24:18+00:00,fanout_0005,50,candidate_expire_duplicate_fanout,status_expire_candidate,explicit target ACC/ACCENT GROUP does not match current entity; duplicate fanout cluster preserves matching target rows elsewhere,high,MEDIUM,no,company_memory.sqlite:memory_entries,DATA_MISSING
385,VERITUS,observed_fact,ACCENT GROUP's EBIT for the second half has been decreased by $7 million,active,0.82,youtube_transcript:asx-daily-rundown-atlassian-lifts-tech-a2-milk-recall-shock-accent-group-all-time-lows:88e960386e503796,youtube_transcript,"ASX Daily Rundown | Atlassian Lifts Tech, A2 Milk Recall Shock & Accent Group All-Time Lows",2026-05-04T08:15:01Z,2026-05-04T08:24:18+00:00,2026-05-04T08:24:18+00:00,fanout_0005,50,candidate_expire_duplicate_fanout,status_expire_candidate,explicit target ACC/ACCENT GROUP does not match current entity; duplicate fanout cluster preserves matching target rows elsewhere,high,MEDIUM,no,company_memory.sqlite:memory_entries,DATA_MISSING
386,PETTIMED,observed_fact,ACCENT GROUP's EBIT for the second half has been decreased by $7 million,active,0.82,youtube_transcript:asx-daily-rundown-atlassian-lifts-tech-a2-milk-recall-shock-accent-group-all-time-lows:88e960386e503796,youtube_transcript,"ASX Daily Rundown | Atlassian Lifts Tech, A2 Milk Recall Shock & Accent Group All-Time Lows",2026-05-04T08:15:01Z,2026-05-04T08:24:18+00:00,2026-05-04T08:24:18+00:00,fanout_0005,50,candidate_expire_duplicate_fanout,status_expire_candidate,explicit target ACC/ACCENT GROUP does not match current entity; duplicate fanout cluster preserves matching target rows elsewhere,high,MEDIUM,no,company_memory.sqlite:memory_entries,DATA_MISSING
387,IMPEDIMED,observed_fact,ACCENT GROUP's EBIT for the second half has been decreased by $7 million,active,0.82,youtube_transcript:asx-daily-rundown-atlassian-lifts-tech-a2-milk-recall-shock-accent-group-all-time-lows:88e960386e503796,youtube_transcript,"ASX Daily Rundown | Atlassian Lifts Tech, A2 Milk Recall Shock & Accent Group All-Time Lows",2026-05-04T08:15:01Z,2026-05-04T08:24:18+00:00,2026-05-04T08:24:18+00:00,fanout_0005,50,candidate_expire_duplicate_fanout,status_expire_candidate,explicit target ACC/ACCENT GROUP does not match current entity; duplicate fanout cluster preserves matching target rows elsewhere,high,MEDIUM,no,company_memory.sqlite:memory_entries,DATA_MISSING
388,INDE,observed_fact,ACCENT GROUP's EBIT for the second half has been decreased by $7 million,active,0.82,youtube_transcript:asx-daily-rundown-atlassian-lifts-tech-a2-milk-recall-shock-accent-group-all-time-lows:88e960386e503796,youtube_transcript,"ASX Daily Rundown | Atlassian Lifts Tech, A2 Milk Recall Shock & Accent Group All-Time Lows",2026-05-04T08:15:01Z,2026-05-04T08:24:18+00:00,2026-05-04T08:24:18+00:00,fanout_0005,50,candidate_expire_duplicate_fanout,status_expire_candidate,explicit target ACC/ACCENT GROUP does not match current entity; duplicate fanout cluster preserves matching target rows elsewhere,high,MEDIUM,no,company_memory.sqlite:memory_entries,DATA_MISSING
389,PETT,observed_fact,ACCENT GROUP's EBIT for the second half has been decreased by $7 million,active,0.82,youtube_transcript:asx-daily-rundown-atlassian-lifts-tech-a2-milk-recall-shock-accent-group-all-time-lows:88e960386e503796,youtube_transcript,"ASX Daily Rundown | Atlassian Lifts Tech, A2 Milk Recall Shock & Accent Group All-Time Lows",2026-05-04T08:15:01Z,2026-05-04T08:24:18+00:00,2026-05-04T08:24:18+00:00,fanout_0005,50,candidate_expire_duplicate_fanout,status_expire_candidate,explicit target ACC/ACCENT GROUP does not match current entity; duplicate fanout cluster preserves matching target rows elsewhere,high,MEDIUM,no,company_memory.sqlite:memory_entries,DATA_MISSING
390,C79,observed_fact,ACCENT GROUP's EBIT for the second half has been decreased by $7 million,active,0.82,youtube_transcript:asx-daily-rundown-atlassian-lifts-tech-a2-milk-recall-shock-accent-group-all-time-lows:88e960386e503796,youtube_transcript,"ASX Daily Rundown | Atlassian Lifts Tech, A2 Milk Recall Shock & Accent Group All-Time Lows",2026-05-04T08:15:01Z,2026-05-04T08:24:19+00:00,2026-05-04T08:24:19+00:00,fanout_0005,50,candidate_expire_duplicate_fanout,status_expire_candidate,explicit target ACC/ACCENT GROUP does not match current entity; duplicate fanout cluster preserves matching target rows elsewhere,high,MEDIUM,no,company_memory.sqlite:memory_entries,DATA_MISSING
391,A2M,observed_fact,ACCENT GROUP's EBIT for the second half has been decreased by $7 million,active,0.82,youtube_transcript:asx-daily-rundown-atlassian-lifts-tech-a2-milk-recall-shock-accent-group-all-time-lows:88e960386e503796,youtube_transcript,"ASX Daily Rundown | Atlassian Lifts Tech, A2 Milk Recall Shock & Accent Group All-Time Lows",2026-05-04T08:15:01Z,2026-05-04T08:24:19+00:00,2026-05-04T08:24:19+00:00,fanout_0005,50,candidate_expire_duplicate_fanout,status_expire_candidate,explicit target ACC/ACCENT GROUP does not match current entity; duplicate fanout cluster preserves matching target rows elsewhere,high,MEDIUM,no,company_memory.sqlite:memory_entries,DATA_MISSING
393,ASX,catalyst,ATLASSIAN's better-than-expected results,active,0.74,youtube_transcript:asx-daily-rundown-atlassian-lifts-tech-a2-milk-recall-shock-accent-group-all-time-lows:88e960386e503796,youtube_transcript,"ASX Daily Rundown | Atlassian Lifts Tech, A2 Milk Recall Shock & Accent Group All-Time Lows",2026-05-04T08:15:01Z,2026-05-04T08:24:19+00:00,2026-05-04T08:24:19+00:00,fanout_0018,41,candidate_expire_duplicate_fanout,status_expire_candidate,explicit target ATLASSIAN does not match current entity; duplicate fanout cluster preserves matching target rows elsewhere,high,MEDIUM,no,company_memory.sqlite:memory_entries,DATA_MISSING
394,TXT,catalyst,ATLASSIAN's better-than-expected results,active,0.74,youtube_transcript:asx-daily-rundown-atlassian-lifts-tech-a2-milk-recall-shock-accent-group-all-time-lows:88e960386e503796,youtube_transcript,"ASX Daily Rundown | Atlassian Lifts Tech, A2 Milk Recall Shock & Accent Group All-Time Lows",2026-05-04T08:15:01Z,2026-05-04T08:24:19+00:00,2026-05-04T08:24:19+00:00,fanout_0018,41,candidate_expire_duplicate_fanout,status_expire_candidate,explicit target ATLASSIAN does not match current entity; duplicate fanout cluster preserves matching target rows elsewhere,high,MEDIUM,no,company_memory.sqlite:memory_entries,DATA_MISSING
395,XTX,catalyst,ATLASSIAN's better-than-expected results,active,0.74,youtube_transcript:asx-daily-rundown-atlassian-lifts-tech-a2-milk-recall-shock-accent-group-all-time-lows:88e960386e503796,youtube_transcript,"ASX Daily Rundown | Atlassian Lifts Tech, A2 Milk Recall Shock & Accent Group All-Time Lows",2026-05-04T08:15:01Z,2026-05-04T08:24:20+00:00,2026-05-04T08:24:20+00:00,fanout_0018,41,candidate_expire_duplicate_fanout,status_expire_candidate,explicit target ATLASSIAN does not match current entity; duplicate fanout cluster preserves matching target rows elsewhere,high,MEDIUM,no,company_memory.sqlite:memory_entries,DATA_MISSING
396,A2 MILK,catalyst,ATLASSIAN's better-than-expected results,active,0.74,youtube_transcript:asx-daily-rundown-atlassian-lifts-tech-a2-milk-recall-shock-accent-group-all-time-lows:88e960386e503796,youtube_transcript,"ASX Daily Rundown | Atlassian Lifts Tech, A2 Milk Recall Shock & Accent Group All-Time Lows",2026-05-04T08:15:01Z,2026-05-04T08:24:20+00:00,2026-05-04T08:24:20+00:00,fanout_0018,41,candidate_expire_duplicate_fanout,status_expire_candidate,explicit target ATLASSIAN does not match current entity; duplicate fanout cluster preserves matching target rows elsewhere,high,MEDIUM,no,company_memory.sqlite:memory_entries,DATA_MISSING
397,ENDEAVOR GROUP,catalyst,ATLASSIAN's better-than-expected results,active,0.74,youtube_transcript:asx-daily-rundown-atlassian-lifts-tech-a2-milk-recall-shock-accent-group-all-time-lows:88e960386e503796,youtube_transcript,"ASX Daily Rundown | Atlassian Lifts Tech, A2 Milk Recall Shock & Accent Group All-Time Lows",2026-05-04T08:15:01Z,2026-05-04T08:24:20+00:00,2026-05-04T08:24:20+00:00,fanout_0018,41,candidate_expire_duplicate_fanout,status_expire_candidate,explicit target ATLASSIAN does not match current entity; duplicate fanout cluster preserves matching target rows elsewhere,high,MEDIUM,no,company_memory.sqlite:memory_entries,DATA_MISSING
399,NAB,catalyst,ATLASSIAN's better-than-expected results,active,0.74,youtube_transcript:asx-daily-rundown-atlassian-lifts-tech-a2-milk-recall-shock-accent-group-all-time-lows:88e960386e503796,youtube_transcript,"ASX Daily Rundown | Atlassian Lifts Tech, A2 Milk Recall Shock & Accent Group All-Time Lows",2026-05-04T08:15:01Z,2026-05-04T08:24:20+00:00,2026-05-04T08:24:20+00:00,fanout_0018,41,candidate_expire_duplicate_fanout,status_expire_candidate,explicit target ATLASSIAN does not match current entity; duplicate fanout cluster preserves matching target rows elsewhere,high,MEDIUM,no,company_memory.sqlite:memory_entries,DATA_MISSING
400,BHP,catalyst,ATLASSIAN's better-than-expected results,active,0.74,youtube_transcript:asx-daily-rundown-atlassian-lifts-tech-a2-milk-recall-shock-accent-group-all-time-lows:88e960386e503796,youtube_transcript,"ASX Daily Rundown | Atlassian Lifts Tech, A2 Milk Recall Shock & Accent Group All-Time Lows",2026-05-04T08:15:01Z,2026-05-04T08:24:20+00:00,2026-05-04T08:24:20+00:00,fanout_0018,41,candidate_expire_duplicate_fanout,status_expire_candidate,explicit target ATLASSIAN does not match current entity; duplicate fanout cluster preserves matching target rows elsewhere,high,MEDIUM,no,company_memory.sqlite:memory_entries,DATA_MISSING
401,KEY PETROLEUM,catalyst,ATLASSIAN's better-than-expected results,active,0.74,youtube_transcript:asx-daily-rundown-atlassian-lifts-tech-a2-milk-recall-shock-accent-group-all-time-lows:88e960386e503796,youtube_transcript,"ASX Daily Rundown | Atlassian Lifts Tech, A2 Milk Recall Shock & Accent Group All-Time Lows",2026-05-04T08:15:01Z,2026-05-04T08:24:20+00:00,2026-05-04T08:24:20+00:00,fanout_0018,41,candidate_expire_duplicate_fanout,status_expire_candidate,explicit target ATLASSIAN does not match current entity; duplicate fanout cluster preserves matching target rows elsewhere,high,MEDIUM,no,company_memory.sqlite:memory_entries,DATA_MISSING
402,GCM CORPORATION,catalyst,ATLASSIAN's better-than-expected results,active,0.74,youtube_transcript:asx-daily-rundown-atlassian-lifts-tech-a2-milk-recall-shock-accent-group-all-time-lows:88e960386e503796,youtube_transcript,"ASX Daily Rundown | Atlassian Lifts Tech, A2 Milk Recall Shock & Accent Group All-Time Lows",2026-05-04T08:15:01Z,2026-05-04T08:24:20+00:00,2026-05-04T08:24:20+00:00,fanout_0018,41,candidate_expire_duplicate_fanout,status_expire_candidate,explicit target ATLASSIAN does not match current entity; duplicate fanout cluster preserves matching target rows elsewhere,high,MEDIUM,no,company_memory.sqlite:memory_entries,DATA_MISSING
403,MARINO AND CO,catalyst,ATLASSIAN's better-than-expected results,active,0.74,youtube_transcript:asx-daily-rundown-atlassian-lifts-tech-a2-milk-recall-shock-accent-group-all-time-lows:88e960386e503796,youtube_transcript,"ASX Daily Rundown | Atlassian Lifts Tech, A2 Milk Recall Shock & Accent Group All-Time Lows",2026-05-04T08:15:01Z,2026-05-04T08:24:20+00:00,2026-05-04T08:24:20+00:00,fanout_0018,41,candidate_expire_duplicate_fanout,status_expire_candidate,explicit target ATLASSIAN does not match current entity; duplicate fanout cluster preserves matching target rows elsewhere,high,MEDIUM,no,company_memory.sqlite:memory_entries,DATA_MISSING
404,CLARITY,catalyst,ATLASSIAN's better-than-expected results,active,0.74,youtube_transcript:asx-daily-rundown-atlassian-lifts-tech-a2-milk-recall-shock-accent-group-all-time-lows:88e960386e503796,youtube_transcript,"ASX Daily Rundown | Atlassian Lifts Tech, A2 Milk Recall Shock & Accent Group All-Time Lows",2026-05-04T08:15:01Z,2026-05-04T08:24:20+00:00,2026-05-04T08:24:20+00:00,fanout_0018,41,candidate_expire_duplicate_fanout,status_expire_candidate,explicit target ATLASSIAN does not match current entity; duplicate fanout cluster preserves matching target rows elsewhere,high,MEDIUM,no,company_memory.sqlite:memory_entries,DATA_MISSING
405,WIN MEDALS,catalyst,ATLASSIAN's better-than-expected results,active,0.74,youtube_transcript:asx-daily-rundown-atlassian-lifts-tech-a2-milk-recall-shock-accent-group-all-time-lows:88e960386e503796,youtube_transcript,"ASX Daily Rundown | Atlassian Lifts Tech, A2 Milk Recall Shock & Accent Group All-Time Lows",2026-05-04T08:15:01Z,2026-05-04T08:24:20+00:00,2026-05-04T08:24:20+00:00,fanout_0018,41,candidate_expire_duplicate_fanout,status_expire_candidate,explicit target ATLASSIAN does not match current entity; duplicate fanout cluster preserves matching target rows elsewhere,high,MEDIUM,no,company_memory.sqlite:memory_entries,DATA_MISSING
406,AXEN GROUP,catalyst,ATLASSIAN's better-than-expected results,active,0.74,youtube_transcript:asx-daily-rundown-atlassian-lifts-tech-a2-milk-recall-shock-accent-group-all-time-lows:88e960386e503796,youtube_transcript,"ASX Daily Rundown | Atlassian Lifts Tech, A2 Milk Recall Shock & Accent Group All-Time Lows",2026-05-04T08:15:01Z,2026-05-04T08:24:20+00:00,2026-05-04T08:24:20+00:00,fanout_0018,41,candidate_expire_duplicate_fanout,status_expire_candidate,explicit target ATLASSIAN does not match current entity; duplicate fanout cluster preserves matching target rows elsewhere,high,MEDIUM,no,company_memory.sqlite:memory_entries,DATA_MISSING
407,STRICKLAND METALS,catalyst,ATLASSIAN's better-than-expected results,active,0.74,youtube_transcript:asx-daily-rundown-atlassian-lifts-tech-a2-milk-recall-shock-accent-group-all-time-lows:88e960386e503796,youtube_transcript,"ASX Daily Rundown | Atlassian Lifts Tech, A2 Milk Recall Shock & Accent Group All-Time Lows",2026-05-04T08:15:01Z,2026-05-04T08:24:21+00:00,2026-05-04T08:24:21+00:00,fanout_0018,41,candidate_expire_duplicate_fanout,status_expire_candidate,explicit target ATLASSIAN does not match current entity; duplicate fanout cluster preserves matching target rows elsewhere,high,MEDIUM,no,company_memory.sqlite:memory_entries,DATA_MISSING
408,LION TOWN,catalyst,ATLASSIAN's better-than-expected results,active,0.74,youtube_transcript:asx-daily-rundown-atlassian-lifts-tech-a2-milk-recall-shock-accent-group-all-time-lows:88e960386e503796,youtube_transcript,"ASX Daily Rundown | Atlassian Lifts Tech, A2 Milk Recall Shock & Accent Group All-Time Lows",2026-05-04T08:15:01Z,2026-05-04T08:24:21+00:00,2026-05-04T08:24:21+00:00,fanout_0018,41,candidate_expire_duplicate_fanout,status_expire_candidate,explicit target ATLASSIAN does not match current entity; duplicate fanout cluster preserves matching target rows elsewhere,high,MEDIUM,no,company_memory.sqlite:memory_entries,DATA_MISSING
409,IMRO,catalyst,ATLASSIAN's better-than-expected results,active,0.74,youtube_transcript:asx-daily-rundown-atlassian-lifts-tech-a2-milk-recall-shock-accent-group-all-time-lows:88e960386e503796,youtube_transcript,"ASX Daily Rundown | Atlassian Lifts Tech, A2 Milk Recall Shock & Accent Group All-Time Lows",2026-05-04T08:15:01Z,2026-05-04T08:24:22+00:00,2026-05-04T08:24:22+00:00,fanout_0018,41,candidate_expire_duplicate_fanout,status_expire_candidate,explicit target ATLASSIAN does not match current entity; duplicate fanout cluster preserves matching target rows elsewhere,high,MEDIUM,no,company_memory.sqlite:memory_entries,DATA_MISSING
410,PENINSULA,catalyst,ATLASSIAN's better-than-expected results,active,0.74,youtube_transcript:asx-daily-rundown-atlassian-lifts-tech-a2-milk-recall-shock-accent-group-all-time-lows:88e960386e503796,youtube_transcript,"ASX Daily Rundown | Atlassian Lifts Tech, A2 Milk Recall Shock & Accent Group All-Time Lows",2026-05-04T08:15:01Z,2026-05-04T08:24:22+00:00,2026-05-04T08:24:22+00:00,fanout_0018,41,candidate_expire_duplicate_fanout,status_expire_candidate,explicit target ATLASSIAN does not match current entity; duplicate fanout cluster preserves matching target rows elsewhere,high,MEDIUM,no,company_memory.sqlite:memory_entries,DATA_MISSING
411,BRAIN CHIP,catalyst,ATLASSIAN's better-than-expected results,active,0.74,youtube_transcript:asx-daily-rundown-atlassian-lifts-tech-a2-milk-recall-shock-accent-group-all-time-lows:88e960386e503796,youtube_transcript,"ASX Daily Rundown | Atlassian Lifts Tech, A2 Milk Recall Shock & Accent Group All-Time Lows",2026-05-04T08:15:01Z,2026-05-04T08:24:22+00:00,2026-05-04T08:24:22+00:00,fanout_0018,41,candidate_expire_duplicate_fanout,status_expire_candidate,explicit target ATLASSIAN does not match current entity; duplicate fanout cluster preserves matching target rows elsewhere,high,MEDIUM,no,company_memory.sqlite:memory_entries,DATA_MISSING
412,VERITUS,catalyst,ATLASSIAN's better-than-expected results,active,0.74,youtube_transcript:asx-daily-rundown-atlassian-lifts-tech-a2-milk-recall-shock-accent-group-all-time-lows:88e960386e503796,youtube_transcript,"ASX Daily Rundown | Atlassian Lifts Tech, A2 Milk Recall Shock & Accent Group All-Time Lows",2026-05-04T08:15:01Z,2026-05-04T08:24:22+00:00,2026-05-04T08:24:22+00:00,fanout_0018,41,candidate_expire_duplicate_fanout,status_expire_candidate,explicit target ATLASSIAN does not match current entity; duplicate fanout cluster preserves matching target rows elsewhere,high,MEDIUM,no,company_memory.sqlite:memory_entries,DATA_MISSING
413,PETTIMED,catalyst,ATLASSIAN's better-than-expected results,active,0.74,youtube_transcript:asx-daily-rundown-atlassian-lifts-tech-a2-milk-recall-shock-accent-group-all-time-lows:88e960386e503796,youtube_transcript,"ASX Daily Rundown | Atlassian Lifts Tech, A2 Milk Recall Shock & Accent Group All-Time Lows",2026-05-04T08:15:01Z,2026-05-04T08:24:22+00:00,2026-05-04T08:24:22+00:00,fanout_0018,41,candidate_expire_duplicate_fanout,status_expire_candidate,explicit target ATLASSIAN does not match current entity; duplicate fanout cluster preserves matching target rows elsewhere,high,MEDIUM,no,company_memory.sqlite:memory_entries,DATA_MISSING
414,IMPEDIMED,catalyst,ATLASSIAN's better-than-expected results,active,0.74,youtube_transcript:asx-daily-rundown-atlassian-lifts-tech-a2-milk-recall-shock-accent-group-all-time-lows:88e960386e503796,youtube_transcript,"ASX Daily Rundown | Atlassian Lifts Tech, A2 Milk Recall Shock & Accent Group All-Time Lows",2026-05-04T08:15:01Z,2026-05-04T08:24:22+00:00,2026-05-04T08:24:22+00:00,fanout_0018,41,candidate_expire_duplicate_fanout,status_expire_candidate,explicit target ATLASSIAN does not match current entity; duplicate fanout cluster preserves matching target rows elsewhere,high,MEDIUM,no,company_memory.sqlite:memory_entries,DATA_MISSING
415,INDE,catalyst,ATLASSIAN's better-than-expected results,active,0.74,youtube_transcript:asx-daily-rundown-atlassian-lifts-tech-a2-milk-recall-shock-accent-group-all-time-lows:88e960386e503796,youtube_transcript,"ASX Daily Rundown | Atlassian Lifts Tech, A2 Milk Recall Shock & Accent Group All-Time Lows",2026-05-04T08:15:01Z,2026-05-04T08:24:22+00:00,2026-05-04T08:24:22+00:00,fanout_0018,41,candidate_expire_duplicate_fanout,status_expire_candidate,explicit target ATLASSIAN does not match current entity; duplicate fanout cluster preserves matching target rows elsewhere,high,MEDIUM,no,company_memory.sqlite:memory_entries,DATA_MISSING
416,PETT,catalyst,ATLASSIAN's better-than-expected results,active,0.74,youtube_transcript:asx-daily-rundown-atlassian-lifts-tech-a2-milk-recall-shock-accent-group-all-time-lows:88e960386e503796,youtube_transcript,"ASX Daily Rundown | Atlassian Lifts Tech, A2 Milk Recall Shock & Accent Group All-Time Lows",2026-05-04T08:15:01Z,2026-05-04T08:24:22+00:00,2026-05-04T08:24:22+00:00,fanout_0018,41,candidate_expire_duplicate_fanout,status_expire_candidate,explicit target ATLASSIAN does not match current entity; duplicate fanout cluster preserves matching target rows elsewhere,high,MEDIUM,no,company_memory.sqlite:memory_entries,DATA_MISSING
417,C79,catalyst,ATLASSIAN's better-than-expected results,active,0.74,youtube_transcript:asx-daily-rundown-atlassian-lifts-tech-a2-milk-recall-shock-accent-group-all-time-lows:88e960386e503796,youtube_transcript,"ASX Daily Rundown | Atlassian Lifts Tech, A2 Milk Recall Shock & Accent Group All-Time Lows",2026-05-04T08:15:01Z,2026-05-04T08:24:22+00:00,2026-05-04T08:24:22+00:00,fanout_0018,41,candidate_expire_duplicate_fanout,status_expire_candidate,explicit target ATLASSIAN does not match current entity; duplicate fanout cluster preserves matching target rows elsewhere,high,MEDIUM,no,company_memory.sqlite:memory_entries,DATA_MISSING
418,A2M,catalyst,ATLASSIAN's better-than-expected results,active,0.74,youtube_transcript:asx-daily-rundown-atlassian-lifts-tech-a2-milk-recall-shock-accent-group-all-time-lows:88e960386e503796,youtube_transcript,"ASX Daily Rundown | Atlassian Lifts Tech, A2 Milk Recall Shock & Accent Group All-Time Lows",2026-05-04T08:15:01Z,2026-05-04T08:24:22+00:00,2026-05-04T08:24:22+00:00,fanout_0018,41,candidate_expire_duplicate_fanout,status_expire_candidate,explicit target ATLASSIAN does not match current entity; duplicate fanout cluster preserves matching target rows elsewhere,high,MEDIUM,no,company_memory.sqlite:memory_entries,DATA_MISSING
419,ACCENT GROUP,catalyst,ATLASSIAN's better-than-expected results,active,0.74,youtube_transcript:asx-daily-rundown-atlassian-lifts-tech-a2-milk-recall-shock-accent-group-all-time-lows:88e960386e503796,youtube_transcript,"ASX Daily Rundown | Atlassian Lifts Tech, A2 Milk Recall Shock & Accent Group All-Time Lows",2026-05-04T08:15:01Z,2026-05-04T08:24:22+00:00,2026-05-04T08:24:22+00:00,fanout_0018,41,candidate_expire_duplicate_fanout,status_expire_candidate,explicit target ATLASSIAN does not match current entity; duplicate fanout cluster preserves matching target rows elsewhere,high,MEDIUM,no,company_memory.sqlite:memory_entries,DATA_MISSING
447,ASX,catalyst,Positive trading update for Chrysos Corporation,active,0.72,youtube_transcript:asx-daily-rundown-atlassian-lifts-tech-a2-milk-recall-shock-accent-group-all-time-lows:88e960386e503796,youtube_transcript,"ASX Daily Rundown | Atlassian Lifts Tech, A2 Milk Recall Shock & Accent Group All-Time Lows",2026-05-04T08:15:01Z,2026-05-04T08:24:27+00:00,2026-05-04T08:24:27+00:00,fanout_0016,42,candidate_expire_duplicate_fanout,status_expire_candidate,explicit target CHRYSOS/C79/GCM does not match current entity; duplicate fanout cluster preserves matching target rows elsewhere,high,MEDIUM,no,company_memory.sqlite:memory_entries,DATA_MISSING
448,TXT,catalyst,Positive trading update for Chrysos Corporation,active,0.72,youtube_transcript:asx-daily-rundown-atlassian-lifts-tech-a2-milk-recall-shock-accent-group-all-time-lows:88e960386e503796,youtube_transcript,"ASX Daily Rundown | Atlassian Lifts Tech, A2 Milk Recall Shock & Accent Group All-Time Lows",2026-05-04T08:15:01Z,2026-05-04T08:24:27+00:00,2026-05-04T08:24:27+00:00,fanout_0016,42,candidate_expire_duplicate_fanout,status_expire_candidate,explicit target CHRYSOS/C79/GCM does not match current entity; duplicate fanout cluster preserves matching target rows elsewhere,high,MEDIUM,no,company_memory.sqlite:memory_entries,DATA_MISSING
449,XTX,catalyst,Positive trading update for Chrysos Corporation,active,0.72,youtube_transcript:asx-daily-rundown-atlassian-lifts-tech-a2-milk-recall-shock-accent-group-all-time-lows:88e960386e503796,youtube_transcript,"ASX Daily Rundown | Atlassian Lifts Tech, A2 Milk Recall Shock & Accent Group All-Time Lows",2026-05-04T08:15:01Z,2026-05-04T08:24:28+00:00,2026-05-04T08:24:28+00:00,fanout_0016,42,candidate_expire_duplicate_fanout,status_expire_candidate,explicit target CHRYSOS/C79/GCM does not match current entity; duplicate fanout cluster preserves matching target rows elsewhere,high,MEDIUM,no,company_memory.sqlite:memory_entries,DATA_MISSING
450,A2 MILK,catalyst,Positive trading update for Chrysos Corporation,active,0.72,youtube_transcript:asx-daily-rundown-atlassian-lifts-tech-a2-milk-recall-shock-accent-group-all-time-lows:88e960386e503796,youtube_transcript,"ASX Daily Rundown | Atlassian Lifts Tech, A2 Milk Recall Shock & Accent Group All-Time Lows",2026-05-04T08:15:01Z,2026-05-04T08:24:28+00:00,2026-05-04T08:24:28+00:00,fanout_0016,42,candidate_expire_duplicate_fanout,status_expire_candidate,explicit target CHRYSOS/C79/GCM does not match current entity; duplicate fanout cluster preserves matching target rows elsewhere,high,MEDIUM,no,company_memory.sqlite:memory_entries,DATA_MISSING
451,ENDEAVOR GROUP,catalyst,Positive trading update for Chrysos Corporation,active,0.72,youtube_transcript:asx-daily-rundown-atlassian-lifts-tech-a2-milk-recall-shock-accent-group-all-time-lows:88e960386e503796,youtube_transcript,"ASX Daily Rundown | Atlassian Lifts Tech, A2 Milk Recall Shock & Accent Group All-Time Lows",2026-05-04T08:15:01Z,2026-05-04T08:24:28+00:00,2026-05-04T08:24:28+00:00,fanout_0016,42,candidate_expire_duplicate_fanout,status_expire_candidate,explicit target CHRYSOS/C79/GCM does not match current entity; duplicate fanout cluster preserves matching target rows elsewhere,high,MEDIUM,no,company_memory.sqlite:memory_entries,DATA_MISSING
452,ATLASSIAN,catalyst,Positive trading update for Chrysos Corporation,active,0.72,youtube_transcript:asx-daily-rundown-atlassian-lifts-tech-a2-milk-recall-shock-accent-group-all-time-lows:88e960386e503796,youtube_transcript,"ASX Daily Rundown | Atlassian Lifts Tech, A2 Milk Recall Shock & Accent Group All-Time Lows",2026-05-04T08:15:01Z,2026-05-04T08:24:28+00:00,2026-05-04T08:24:28+00:00,fanout_0016,42,candidate_expire_duplicate_fanout,status_expire_candidate,explicit target CHRYSOS/C79/GCM does not match current entity; duplicate fanout cluster preserves matching target rows elsewhere,high,MEDIUM,no,company_memory.sqlite:memory_entries,DATA_MISSING
453,NAB,catalyst,Positive trading update for Chrysos Corporation,active,0.72,youtube_transcript:asx-daily-rundown-atlassian-lifts-tech-a2-milk-recall-shock-accent-group-all-time-lows:88e960386e503796,youtube_transcript,"ASX Daily Rundown | Atlassian Lifts Tech, A2 Milk Recall Shock & Accent Group All-Time Lows",2026-05-04T08:15:01Z,2026-05-04T08:24:28+00:00,2026-05-04T08:24:28+00:00,fanout_0016,42,candidate_expire_duplicate_fanout,status_expire_candidate,explicit target CHRYSOS/C79/GCM does not match current entity; duplicate fanout cluster preserves matching target rows elsewhere,high,MEDIUM,no,company_memory.sqlite:memory_entries,DATA_MISSING
454,BHP,catalyst,Positive trading update for Chrysos Corporation,active,0.72,youtube_transcript:asx-daily-rundown-atlassian-lifts-tech-a2-milk-recall-shock-accent-group-all-time-lows:88e960386e503796,youtube_transcript,"ASX Daily Rundown | Atlassian Lifts Tech, A2 Milk Recall Shock & Accent Group All-Time Lows",2026-05-04T08:15:01Z,2026-05-04T08:24:28+00:00,2026-05-04T08:24:28+00:00,fanout_0016,42,candidate_expire_duplicate_fanout,status_expire_candidate,explicit target CHRYSOS/C79/GCM does not match current entity; duplicate fanout cluster preserves matching target rows elsewhere,high,MEDIUM,no,company_memory.sqlite:memory_entries,DATA_MISSING
455,KEY PETROLEUM,catalyst,Positive trading update for Chrysos Corporation,active,0.72,youtube_transcript:asx-daily-rundown-atlassian-lifts-tech-a2-milk-recall-shock-accent-group-all-time-lows:88e960386e503796,youtube_transcript,"ASX Daily Rundown | Atlassian Lifts Tech, A2 Milk Recall Shock & Accent Group All-Time Lows",2026-05-04T08:15:01Z,2026-05-04T08:24:29+00:00,2026-05-04T08:24:29+00:00,fanout_0016,42,candidate_expire_duplicate_fanout,status_expire_candidate,explicit target CHRYSOS/C79/GCM does not match current entity; duplicate fanout cluster preserves matching target rows elsewhere,high,MEDIUM,no,company_memory.sqlite:memory_entries,DATA_MISSING
457,MARINO AND CO,catalyst,Positive trading update for Chrysos Corporation,active,0.72,youtube_transcript:asx-daily-rundown-atlassian-lifts-tech-a2-milk-recall-shock-accent-group-all-time-lows:88e960386e503796,youtube_transcript,"ASX Daily Rundown | Atlassian Lifts Tech, A2 Milk Recall Shock & Accent Group All-Time Lows",2026-05-04T08:15:01Z,2026-05-04T08:24:29+00:00,2026-05-04T08:24:29+00:00,fanout_0016,42,candidate_expire_duplicate_fanout,status_expire_candidate,explicit target CHRYSOS/C79/GCM does not match current entity; duplicate fanout cluster preserves matching target rows elsewhere,high,MEDIUM,no,company_memory.sqlite:memory_entries,DATA_MISSING
458,CLARITY,catalyst,Positive trading update for Chrysos Corporation,active,0.72,youtube_transcript:asx-daily-rundown-atlassian-lifts-tech-a2-milk-recall-shock-accent-group-all-time-lows:88e960386e503796,youtube_transcript,"ASX Daily Rundown | Atlassian Lifts Tech, A2 Milk Recall Shock & Accent Group All-Time Lows",2026-05-04T08:15:01Z,2026-05-04T08:24:29+00:00,2026-05-04T08:24:29+00:00,fanout_0016,42,candidate_expire_duplicate_fanout,status_expire_candidate,explicit target CHRYSOS/C79/GCM does not match current entity; duplicate fanout cluster preserves matching target rows elsewhere,high,MEDIUM,no,company_memory.sqlite:memory_entries,DATA_MISSING
459,WIN MEDALS,catalyst,Positive trading update for Chrysos Corporation,active,0.72,youtube_transcript:asx-daily-rundown-atlassian-lifts-tech-a2-milk-recall-shock-accent-group-all-time-lows:88e960386e503796,youtube_transcript,"ASX Daily Rundown | Atlassian Lifts Tech, A2 Milk Recall Shock & Accent Group All-Time Lows",2026-05-04T08:15:01Z,2026-05-04T08:24:29+00:00,2026-05-04T08:24:29+00:00,fanout_0016,42,candidate_expire_duplicate_fanout,status_expire_candidate,explicit target CHRYSOS/C79/GCM does not match current entity; duplicate fanout cluster preserves matching target rows elsewhere,high,MEDIUM,no,company_memory.sqlite:memory_entries,DATA_MISSING
460,AXEN GROUP,catalyst,Positive trading update for Chrysos Corporation,active,0.72,youtube_transcript:asx-daily-rundown-atlassian-lifts-tech-a2-milk-recall-shock-accent-group-all-time-lows:88e960386e503796,youtube_transcript,"ASX Daily Rundown | Atlassian Lifts Tech, A2 Milk Recall Shock & Accent Group All-Time Lows",2026-05-04T08:15:01Z,2026-05-04T08:24:29+00:00,2026-05-04T08:24:29+00:00,fanout_0016,42,candidate_expire_duplicate_fanout,status_expire_candidate,explicit target CHRYSOS/C79/GCM does not match current entity; duplicate fanout cluster preserves matching target rows elsewhere,high,MEDIUM,no,company_memory.sqlite:memory_entries,DATA_MISSING
461,STRICKLAND METALS,catalyst,Positive trading update for Chrysos Corporation,active,0.72,youtube_transcript:asx-daily-rundown-atlassian-lifts-tech-a2-milk-recall-shock-accent-group-all-time-lows:88e960386e503796,youtube_transcript,"ASX Daily Rundown | Atlassian Lifts Tech, A2 Milk Recall Shock & Accent Group All-Time Lows",2026-05-04T08:15:01Z,2026-05-04T08:24:29+00:00,2026-05-04T08:24:29+00:00,fanout_0016,42,candidate_expire_duplicate_fanout,status_expire_candidate,explicit target CHRYSOS/C79/GCM does not match current entity; duplicate fanout cluster preserves matching target rows elsewhere,high,MEDIUM,no,company_memory.sqlite:memory_entries,DATA_MISSING
462,LION TOWN,catalyst,Positive trading update for Chrysos Corporation,active,0.72,youtube_transcript:asx-daily-rundown-atlassian-lifts-tech-a2-milk-recall-shock-accent-group-all-time-lows:88e960386e503796,youtube_transcript,"ASX Daily Rundown | Atlassian Lifts Tech, A2 Milk Recall Shock & Accent Group All-Time Lows",2026-05-04T08:15:01Z,2026-05-04T08:24:29+00:00,2026-05-04T08:24:29+00:00,fanout_0016,42,candidate_expire_duplicate_fanout,status_expire_candidate,explicit target CHRYSOS/C79/GCM does not match current entity; duplicate fanout cluster preserves matching target rows elsewhere,high,MEDIUM,no,company_memory.sqlite:memory_entries,DATA_MISSING
463,IMRO,catalyst,Positive trading update for Chrysos Corporation,active,0.72,youtube_transcript:asx-daily-rundown-atlassian-lifts-tech-a2-milk-recall-shock-accent-group-all-time-lows:88e960386e503796,youtube_transcript,"ASX Daily Rundown | Atlassian Lifts Tech, A2 Milk Recall Shock & Accent Group All-Time Lows",2026-05-04T08:15:01Z,2026-05-04T08:24:29+00:00,2026-05-04T08:24:29+00:00,fanout_0016,42,candidate_expire_duplicate_fanout,status_expire_candidate,explicit target CHRYSOS/C79/GCM does not match current entity; duplicate fanout cluster preserves matching target rows elsewhere,high,MEDIUM,no,company_memory.sqlite:memory_entries,DATA_MISSING
464,PENINSULA,catalyst,Positive trading update for Chrysos Corporation,active,0.72,youtube_transcript:asx-daily-rundown-atlassian-lifts-tech-a2-milk-recall-shock-accent-group-all-time-lows:88e960386e503796,youtube_transcript,"ASX Daily Rundown | Atlassian Lifts Tech, A2 Milk Recall Shock & Accent Group All-Time Lows",2026-05-04T08:15:01Z,2026-05-04T08:24:30+00:00,2026-05-04T08:24:30+00:00,fanout_0016,42,candidate_expire_duplicate_fanout,status_expire_candidate,explicit target CHRYSOS/C79/GCM does not match current entity; duplicate fanout cluster preserves matching target rows elsewhere,high,MEDIUM,no,company_memory.sqlite:memory_entries,DATA_MISSING
465,BRAIN CHIP,catalyst,Positive trading update for Chrysos Corporation,active,0.72,youtube_transcript:asx-daily-rundown-atlassian-lifts-tech-a2-milk-recall-shock-accent-group-all-time-lows:88e960386e503796,youtube_transcript,"ASX Daily Rundown | Atlassian Lifts Tech, A2 Milk Recall Shock & Accent Group All-Time Lows",2026-05-04T08:15:01Z,2026-05-04T08:24:30+00:00,2026-05-04T08:24:30+00:00,fanout_0016,42,candidate_expire_duplicate_fanout,status_expire_candidate,explicit target CHRYSOS/C79/GCM does not match current entity; duplicate fanout cluster preserves matching target rows elsewhere,high,MEDIUM,no,company_memory.sqlite:memory_entries,DATA_MISSING
466,VERITUS,catalyst,Positive trading update for Chrysos Corporation,active,0.72,youtube_transcript:asx-daily-rundown-atlassian-lifts-tech-a2-milk-recall-shock-accent-group-all-time-lows:88e960386e503796,youtube_transcript,"ASX Daily Rundown | Atlassian Lifts Tech, A2 Milk Recall Shock & Accent Group All-Time Lows",2026-05-04T08:15:01Z,2026-05-04T08:24:30+00:00,2026-05-04T08:24:30+00:00,fanout_0016,42,candidate_expire_duplicate_fanout,status_expire_candidate,explicit target CHRYSOS/C79/GCM does not match current entity; duplicate fanout cluster preserves matching target rows elsewhere,high,MEDIUM,no,company_memory.sqlite:memory_entries,DATA_MISSING
467,PETTIMED,catalyst,Positive trading update for Chrysos Corporation,active,0.72,youtube_transcript:asx-daily-rundown-atlassian-lifts-tech-a2-milk-recall-shock-accent-group-all-time-lows:88e960386e503796,youtube_transcript,"ASX Daily Rundown | Atlassian Lifts Tech, A2 Milk Recall Shock & Accent Group All-Time Lows",2026-05-04T08:15:01Z,2026-05-04T08:24:31+00:00,2026-05-04T08:24:31+00:00,fanout_0016,42,candidate_expire_duplicate_fanout,status_expire_candidate,explicit target CHRYSOS/C79/GCM does not match current entity; duplicate fanout cluster preserves matching target rows elsewhere,high,MEDIUM,no,company_memory.sqlite:memory_entries,DATA_MISSING
468,IMPEDIMED,catalyst,Positive trading update for Chrysos Corporation,active,0.72,youtube_transcript:asx-daily-rundown-atlassian-lifts-tech-a2-milk-recall-shock-accent-group-all-time-lows:88e960386e503796,youtube_transcript,"ASX Daily Rundown | Atlassian Lifts Tech, A2 Milk Recall Shock & Accent Group All-Time Lows",2026-05-04T08:15:01Z,2026-05-04T08:24:31+00:00,2026-05-04T08:24:31+00:00,fanout_0016,42,candidate_expire_duplicate_fanout,status_expire_candidate,explicit target CHRYSOS/C79/GCM does not match current entity; duplicate fanout cluster preserves matching target rows elsewhere,high,MEDIUM,no,company_memory.sqlite:memory_entries,DATA_MISSING
469,INDE,catalyst,Positive trading update for Chrysos Corporation,active,0.72,youtube_transcript:asx-daily-rundown-atlassian-lifts-tech-a2-milk-recall-shock-accent-group-all-time-lows:88e960386e503796,youtube_transcript,"ASX Daily Rundown | Atlassian Lifts Tech, A2 Milk Recall Shock & Accent Group All-Time Lows",2026-05-04T08:15:01Z,2026-05-04T08:24:31+00:00,2026-05-04T08:24:31+00:00,fanout_0016,42,candidate_expire_duplicate_fanout,status_expire_candidate,explicit target CHRYSOS/C79/GCM does not match current entity; duplicate fanout cluster preserves matching target rows elsewhere,high,MEDIUM,no,company_memory.sqlite:memory_entries,DATA_MISSING
470,PETT,catalyst,Positive trading update for Chrysos Corporation,active,0.72,youtube_transcript:asx-daily-rundown-atlassian-lifts-tech-a2-milk-recall-shock-accent-group-all-time-lows:88e960386e503796,youtube_transcript,"ASX Daily Rundown | Atlassian Lifts Tech, A2 Milk Recall Shock & Accent Group All-Time Lows",2026-05-04T08:15:01Z,2026-05-04T08:24:31+00:00,2026-05-04T08:24:31+00:00,fanout_0016,42,candidate_expire_duplicate_fanout,status_expire_candidate,explicit target CHRYSOS/C79/GCM does not match current entity; duplicate fanout cluster preserves matching target rows elsewhere,high,MEDIUM,no,company_memory.sqlite:memory_entries,DATA_MISSING
472,A2M,catalyst,Positive trading update for Chrysos Corporation,active,0.72,youtube_transcript:asx-daily-rundown-atlassian-lifts-tech-a2-milk-recall-shock-accent-group-all-time-lows:88e960386e503796,youtube_transcript,"ASX Daily Rundown | Atlassian Lifts Tech, A2 Milk Recall Shock & Accent Group All-Time Lows",2026-05-04T08:15:01Z,2026-05-04T08:24:32+00:00,2026-05-04T08:24:32+00:00,fanout_0016,42,candidate_expire_duplicate_fanout,status_expire_candidate,explicit target CHRYSOS/C79/GCM does not match current entity; duplicate fanout cluster preserves matching target rows elsewhere,high,MEDIUM,no,company_memory.sqlite:memory_entries,DATA_MISSING
473,ACCENT GROUP,catalyst,Positive trading update for Chrysos Corporation,active,0.72,youtube_transcript:asx-daily-rundown-atlassian-lifts-tech-a2-milk-recall-shock-accent-group-all-time-lows:88e960386e503796,youtube_transcript,"ASX Daily Rundown | Atlassian Lifts Tech, A2 Milk Recall Shock & Accent Group All-Time Lows",2026-05-04T08:15:01Z,2026-05-04T08:24:32+00:00,2026-05-04T08:24:32+00:00,fanout_0016,42,candidate_expire_duplicate_fanout,status_expire_candidate,explicit target CHRYSOS/C79/GCM does not match current entity; duplicate fanout cluster preserves matching target rows elsewhere,high,MEDIUM,no,company_memory.sqlite:memory_entries,DATA_MISSING
474,ASX,catalyst,A2 MILK's product recall,active,0.7,youtube_transcript:asx-daily-rundown-atlassian-lifts-tech-a2-milk-recall-shock-accent-group-all-time-lows:88e960386e503796,youtube_transcript,"ASX Daily Rundown | Atlassian Lifts Tech, A2 Milk Recall Shock & Accent Group All-Time Lows",2026-05-04T08:15:01Z,2026-05-04T08:24:32+00:00,2026-05-04T08:24:32+00:00,fanout_0014,42,candidate_expire_duplicate_fanout,status_expire_candidate,explicit target A2M/A2 MILK does not match current entity; duplicate fanout cluster preserves matching target rows elsewhere,high,MEDIUM,no,company_memory.sqlite:memory_entries,DATA_MISSING
475,TXT,catalyst,A2 MILK's product recall,active,0.7,youtube_transcript:asx-daily-rundown-atlassian-lifts-tech-a2-milk-recall-shock-accent-group-all-time-lows:88e960386e503796,youtube_transcript,"ASX Daily Rundown | Atlassian Lifts Tech, A2 Milk Recall Shock & Accent Group All-Time Lows",2026-05-04T08:15:01Z,2026-05-04T08:24:33+00:00,2026-05-04T08:24:33+00:00,fanout_0014,42,candidate_expire_duplicate_fanout,status_expire_candidate,explicit target A2M/A2 MILK does not match current entity; duplicate fanout cluster preserves matching target rows elsewhere,high,MEDIUM,no,company_memory.sqlite:memory_entries,DATA_MISSING
476,XTX,catalyst,A2 MILK's product recall,active,0.7,youtube_transcript:asx-daily-rundown-atlassian-lifts-tech-a2-milk-recall-shock-accent-group-all-time-lows:88e960386e503796,youtube_transcript,"ASX Daily Rundown | Atlassian Lifts Tech, A2 Milk Recall Shock & Accent Group All-Time Lows",2026-05-04T08:15:01Z,2026-05-04T08:24:33+00:00,2026-05-04T08:24:33+00:00,fanout_0014,42,candidate_expire_duplicate_fanout,status_expire_candidate,explicit target A2M/A2 MILK does not match current entity; duplicate fanout cluster preserves matching target rows elsewhere,high,MEDIUM,no,company_memory.sqlite:memory_entries,DATA_MISSING
478,ENDEAVOR GROUP,catalyst,A2 MILK's product recall,active,0.7,youtube_transcript:asx-daily-rundown-atlassian-lifts-tech-a2-milk-recall-shock-accent-group-all-time-lows:88e960386e503796,youtube_transcript,"ASX Daily Rundown | Atlassian Lifts Tech, A2 Milk Recall Shock & Accent Group All-Time Lows",2026-05-04T08:15:01Z,2026-05-04T08:24:33+00:00,2026-05-04T08:24:33+00:00,fanout_0014,42,candidate_expire_duplicate_fanout,status_expire_candidate,explicit target A2M/A2 MILK does not match current entity; duplicate fanout cluster preserves matching target rows elsewhere,high,MEDIUM,no,company_memory.sqlite:memory_entries,DATA_MISSING
479,ATLASSIAN,catalyst,A2 MILK's product recall,active,0.7,youtube_transcript:asx-daily-rundown-atlassian-lifts-tech-a2-milk-recall-shock-accent-group-all-time-lows:88e960386e503796,youtube_transcript,"ASX Daily Rundown | Atlassian Lifts Tech, A2 Milk Recall Shock & Accent Group All-Time Lows",2026-05-04T08:15:01Z,2026-05-04T08:24:34+00:00,2026-05-04T08:24:34+00:00,fanout_0014,42,candidate_expire_duplicate_fanout,status_expire_candidate,explicit target A2M/A2 MILK does not match current entity; duplicate fanout cluster preserves matching target rows elsewhere,high,MEDIUM,no,company_memory.sqlite:memory_entries,DATA_MISSING
480,NAB,catalyst,A2 MILK's product recall,active,0.7,youtube_transcript:asx-daily-rundown-atlassian-lifts-tech-a2-milk-recall-shock-accent-group-all-time-lows:88e960386e503796,youtube_transcript,"ASX Daily Rundown | Atlassian Lifts Tech, A2 Milk Recall Shock & Accent Group All-Time Lows",2026-05-04T08:15:01Z,2026-05-04T08:24:34+00:00,2026-05-04T08:24:34+00:00,fanout_0014,42,candidate_expire_duplicate_fanout,status_expire_candidate,explicit target A2M/A2 MILK does not match current entity; duplicate fanout cluster preserves matching target rows elsewhere,high,MEDIUM,no,company_memory.sqlite:memory_entries,DATA_MISSING
481,BHP,catalyst,A2 MILK's product recall,active,0.7,youtube_transcript:asx-daily-rundown-atlassian-lifts-tech-a2-milk-recall-shock-accent-group-all-time-lows:88e960386e503796,youtube_transcript,"ASX Daily Rundown | Atlassian Lifts Tech, A2 Milk Recall Shock & Accent Group All-Time Lows",2026-05-04T08:15:01Z,2026-05-04T08:24:34+00:00,2026-05-04T08:24:34+00:00,fanout_0014,42,candidate_expire_duplicate_fanout,status_expire_candidate,explicit target A2M/A2 MILK does not match current entity; duplicate fanout cluster preserves matching target rows elsewhere,high,MEDIUM,no,company_memory.sqlite:memory_entries,DATA_MISSING
482,KEY PETROLEUM,catalyst,A2 MILK's product recall,active,0.7,youtube_transcript:asx-daily-rundown-atlassian-lifts-tech-a2-milk-recall-shock-accent-group-all-time-lows:88e960386e503796,youtube_transcript,"ASX Daily Rundown | Atlassian Lifts Tech, A2 Milk Recall Shock & Accent Group All-Time Lows",2026-05-04T08:15:01Z,2026-05-04T08:24:34+00:00,2026-05-04T08:24:34+00:00,fanout_0014,42,candidate_expire_duplicate_fanout,status_expire_candidate,explicit target A2M/A2 MILK does not match current entity; duplicate fanout cluster preserves matching target rows elsewhere,high,MEDIUM,no,company_memory.sqlite:memory_entries,DATA_MISSING
483,GCM CORPORATION,catalyst,A2 MILK's product recall,active,0.7,youtube_transcript:asx-daily-rundown-atlassian-lifts-tech-a2-milk-recall-shock-accent-group-all-time-lows:88e960386e503796,youtube_transcript,"ASX Daily Rundown | Atlassian Lifts Tech, A2 Milk Recall Shock & Accent Group All-Time Lows",2026-05-04T08:15:01Z,2026-05-04T08:24:34+00:00,2026-05-04T08:24:34+00:00,fanout_0014,42,candidate_expire_duplicate_fanout,status_expire_candidate,explicit target A2M/A2 MILK does not match current entity; duplicate fanout cluster preserves matching target rows elsewhere,high,MEDIUM,no,company_memory.sqlite:memory_entries,DATA_MISSING
484,MARINO AND CO,catalyst,A2 MILK's product recall,active,0.7,youtube_transcript:asx-daily-rundown-atlassian-lifts-tech-a2-milk-recall-shock-accent-group-all-time-lows:88e960386e503796,youtube_transcript,"ASX Daily Rundown | Atlassian Lifts Tech, A2 Milk Recall Shock & Accent Group All-Time Lows",2026-05-04T08:15:01Z,2026-05-04T08:24:34+00:00,2026-05-04T08:24:34+00:00,fanout_0014,42,candidate_expire_duplicate_fanout,status_expire_candidate,explicit target A2M/A2 MILK does not match current entity; duplicate fanout cluster preserves matching target rows elsewhere,high,MEDIUM,no,company_memory.sqlite:memory_entries,DATA_MISSING
485,CLARITY,catalyst,A2 MILK's product recall,active,0.7,youtube_transcript:asx-daily-rundown-atlassian-lifts-tech-a2-milk-recall-shock-accent-group-all-time-lows:88e960386e503796,youtube_transcript,"ASX Daily Rundown | Atlassian Lifts Tech, A2 Milk Recall Shock & Accent Group All-Time Lows",2026-05-04T08:15:01Z,2026-05-04T08:24:35+00:00,2026-05-04T08:24:35+00:00,fanout_0014,42,candidate_expire_duplicate_fanout,status_expire_candidate,explicit target A2M/A2 MILK does not match current entity; duplicate fanout cluster preserves matching target rows elsewhere,high,MEDIUM,no,company_memory.sqlite:memory_entries,DATA_MISSING
486,WIN MEDALS,catalyst,A2 MILK's product recall,active,0.7,youtube_transcript:asx-daily-rundown-atlassian-lifts-tech-a2-milk-recall-shock-accent-group-all-time-lows:88e960386e503796,youtube_transcript,"ASX Daily Rundown | Atlassian Lifts Tech, A2 Milk Recall Shock & Accent Group All-Time Lows",2026-05-04T08:15:01Z,2026-05-04T08:24:35+00:00,2026-05-04T08:24:35+00:00,fanout_0014,42,candidate_expire_duplicate_fanout,status_expire_candidate,explicit target A2M/A2 MILK does not match current entity; duplicate fanout cluster preserves matching target rows elsewhere,high,MEDIUM,no,company_memory.sqlite:memory_entries,DATA_MISSING
487,AXEN GROUP,catalyst,A2 MILK's product recall,active,0.7,youtube_transcript:asx-daily-rundown-atlassian-lifts-tech-a2-milk-recall-shock-accent-group-all-time-lows:88e960386e503796,youtube_transcript,"ASX Daily Rundown | Atlassian Lifts Tech, A2 Milk Recall Shock & Accent Group All-Time Lows",2026-05-04T08:15:01Z,2026-05-04T08:24:35+00:00,2026-05-04T08:24:35+00:00,fanout_0014,42,candidate_expire_duplicate_fanout,status_expire_candidate,explicit target A2M/A2 MILK does not match current entity; duplicate fanout cluster preserves matching target rows elsewhere,high,MEDIUM,no,company_memory.sqlite:memory_entries,DATA_MISSING
488,STRICKLAND METALS,catalyst,A2 MILK's product recall,active,0.7,youtube_transcript:asx-daily-rundown-atlassian-lifts-tech-a2-milk-recall-shock-accent-group-all-time-lows:88e960386e503796,youtube_transcript,"ASX Daily Rundown | Atlassian Lifts Tech, A2 Milk Recall Shock & Accent Group All-Time Lows",2026-05-04T08:15:01Z,2026-05-04T08:24:35+00:00,2026-05-04T08:24:35+00:00,fanout_0014,42,candidate_expire_duplicate_fanout,status_expire_candidate,explicit target A2M/A2 MILK does not match current entity; duplicate fanout cluster preserves matching target rows elsewhere,high,MEDIUM,no,company_memory.sqlite:memory_entries,DATA_MISSING
489,LION TOWN,catalyst,A2 MILK's product recall,active,0.7,youtube_transcript:asx-daily-rundown-atlassian-lifts-tech-a2-milk-recall-shock-accent-group-all-time-lows:88e960386e503796,youtube_transcript,"ASX Daily Rundown | Atlassian Lifts Tech, A2 Milk Recall Shock & Accent Group All-Time Lows",2026-05-04T08:15:01Z,2026-05-04T08:24:35+00:00,2026-05-04T08:24:35+00:00,fanout_0014,42,candidate_expire_duplicate_fanout,status_expire_candidate,explicit target A2M/A2 MILK does not match current entity; duplicate fanout cluster preserves matching target rows elsewhere,high,MEDIUM,no,company_memory.sqlite:memory_entries,DATA_MISSING
490,IMRO,catalyst,A2 MILK's product recall,active,0.7,youtube_transcript:asx-daily-rundown-atlassian-lifts-tech-a2-milk-recall-shock-accent-group-all-time-lows:88e960386e503796,youtube_transcript,"ASX Daily Rundown | Atlassian Lifts Tech, A2 Milk Recall Shock & Accent Group All-Time Lows",2026-05-04T08:15:01Z,2026-05-04T08:24:35+00:00,2026-05-04T08:24:35+00:00,fanout_0014,42,candidate_expire_duplicate_fanout,status_expire_candidate,explicit target A2M/A2 MILK does not match current entity; duplicate fanout cluster preserves matching target rows elsewhere,high,MEDIUM,no,company_memory.sqlite:memory_entries,DATA_MISSING
491,PENINSULA,catalyst,A2 MILK's product recall,active,0.7,youtube_transcript:asx-daily-rundown-atlassian-lifts-tech-a2-milk-recall-shock-accent-group-all-time-lows:88e960386e503796,youtube_transcript,"ASX Daily Rundown | Atlassian Lifts Tech, A2 Milk Recall Shock & Accent Group All-Time Lows",2026-05-04T08:15:01Z,2026-05-04T08:24:35+00:00,2026-05-04T08:24:35+00:00,fanout_0014,42,candidate_expire_duplicate_fanout,status_expire_candidate,explicit target A2M/A2 MILK does not match current entity; duplicate fanout cluster preserves matching target rows elsewhere,high,MEDIUM,no,company_memory.sqlite:memory_entries,DATA_MISSING
492,BRAIN CHIP,catalyst,A2 MILK's product recall,active,0.7,youtube_transcript:asx-daily-rundown-atlassian-lifts-tech-a2-milk-recall-shock-accent-group-all-time-lows:88e960386e503796,youtube_transcript,"ASX Daily Rundown | Atlassian Lifts Tech, A2 Milk Recall Shock & Accent Group All-Time Lows",2026-05-04T08:15:01Z,2026-05-04T08:24:35+00:00,2026-05-04T08:24:35+00:00,fanout_0014,42,candidate_expire_duplicate_fanout,status_expire_candidate,explicit target A2M/A2 MILK does not match current entity; duplicate fanout cluster preserves matching target rows elsewhere,high,MEDIUM,no,company_memory.sqlite:memory_entries,DATA_MISSING
493,VERITUS,catalyst,A2 MILK's product recall,active,0.7,youtube_transcript:asx-daily-rundown-atlassian-lifts-tech-a2-milk-recall-shock-accent-group-all-time-lows:88e960386e503796,youtube_transcript,"ASX Daily Rundown | Atlassian Lifts Tech, A2 Milk Recall Shock & Accent Group All-Time Lows",2026-05-04T08:15:01Z,2026-05-04T08:24:36+00:00,2026-05-04T08:24:36+00:00,fanout_0014,42,candidate_expire_duplicate_fanout,status_expire_candidate,explicit target A2M/A2 MILK does not match current entity; duplicate fanout cluster preserves matching target rows elsewhere,high,MEDIUM,no,company_memory.sqlite:memory_entries,DATA_MISSING
494,PETTIMED,catalyst,A2 MILK's product recall,active,0.7,youtube_transcript:asx-daily-rundown-atlassian-lifts-tech-a2-milk-recall-shock-accent-group-all-time-lows:88e960386e503796,youtube_transcript,"ASX Daily Rundown | Atlassian Lifts Tech, A2 Milk Recall Shock & Accent Group All-Time Lows",2026-05-04T08:15:01Z,2026-05-04T08:24:36+00:00,2026-05-04T08:24:36+00:00,fanout_0014,42,candidate_expire_duplicate_fanout,status_expire_candidate,explicit target A2M/A2 MILK does not match current entity; duplicate fanout cluster preserves matching target rows elsewhere,high,MEDIUM,no,company_memory.sqlite:memory_entries,DATA_MISSING
495,IMPEDIMED,catalyst,A2 MILK's product recall,active,0.7,youtube_transcript:asx-daily-rundown-atlassian-lifts-tech-a2-milk-recall-shock-accent-group-all-time-lows:88e960386e503796,youtube_transcript,"ASX Daily Rundown | Atlassian Lifts Tech, A2 Milk Recall Shock & Accent Group All-Time Lows",2026-05-04T08:15:01Z,2026-05-04T08:24:36+00:00,2026-05-04T08:24:36+00:00,fanout_0014,42,candidate_expire_duplicate_fanout,status_expire_candidate,explicit target A2M/A2 MILK does not match current entity; duplicate fanout cluster preserves matching target rows elsewhere,high,MEDIUM,no,company_memory.sqlite:memory_entries,DATA_MISSING
496,INDE,catalyst,A2 MILK's product recall,active,0.7,youtube_transcript:asx-daily-rundown-atlassian-lifts-tech-a2-milk-recall-shock-accent-group-all-time-lows:88e960386e503796,youtube_transcript,"ASX Daily Rundown | Atlassian Lifts Tech, A2 Milk Recall Shock & Accent Group All-Time Lows",2026-05-04T08:15:01Z,2026-05-04T08:24:37+00:00,2026-05-04T08:24:37+00:00,fanout_0014,42,candidate_expire_duplicate_fanout,status_expire_candidate,explicit target A2M/A2 MILK does not match current entity; duplicate fanout cluster preserves matching target rows elsewhere,high,MEDIUM,no,company_memory.sqlite:memory_entries,DATA_MISSING
497,PETT,catalyst,A2 MILK's product recall,active,0.7,youtube_transcript:asx-daily-rundown-atlassian-lifts-tech-a2-milk-recall-shock-accent-group-all-time-lows:88e960386e503796,youtube_transcript,"ASX Daily Rundown | Atlassian Lifts Tech, A2 Milk Recall Shock & Accent Group All-Time Lows",2026-05-04T08:15:01Z,2026-05-04T08:24:37+00:00,2026-05-04T08:24:37+00:00,fanout_0014,42,candidate_expire_duplicate_fanout,status_expire_candidate,explicit target A2M/A2 MILK does not match current entity; duplicate fanout cluster preserves matching target rows elsewhere,high,MEDIUM,no,company_memory.sqlite:memory_entries,DATA_MISSING
498,C79,catalyst,A2 MILK's product recall,active,0.7,youtube_transcript:asx-daily-rundown-atlassian-lifts-tech-a2-milk-recall-shock-accent-group-all-time-lows:88e960386e503796,youtube_transcript,"ASX Daily Rundown | Atlassian Lifts Tech, A2 Milk Recall Shock & Accent Group All-Time Lows",2026-05-04T08:15:01Z,2026-05-04T08:24:37+00:00,2026-05-04T08:24:37+00:00,fanout_0014,42,candidate_expire_duplicate_fanout,status_expire_candidate,explicit target A2M/A2 MILK does not match current entity; duplicate fanout cluster preserves matching target rows elsewhere,high,MEDIUM,no,company_memory.sqlite:memory_entries,DATA_MISSING
500,ACCENT GROUP,catalyst,A2 MILK's product recall,active,0.7,youtube_transcript:asx-daily-rundown-atlassian-lifts-tech-a2-milk-recall-shock-accent-group-all-time-lows:88e960386e503796,youtube_transcript,"ASX Daily Rundown | Atlassian Lifts Tech, A2 Milk Recall Shock & Accent Group All-Time Lows",2026-05-04T08:15:01Z,2026-05-04T08:24:37+00:00,2026-05-04T08:24:37+00:00,fanout_0014,42,candidate_expire_duplicate_fanout,status_expire_candidate,explicit target A2M/A2 MILK does not match current entity; duplicate fanout cluster preserves matching target rows elsewhere,high,MEDIUM,no,company_memory.sqlite:memory_entries,DATA_MISSING
501,ASX,catalyst,Voluntary recall of three batches of A2 Platinum USA label infant milk formula manufactured by Liz Sinlay,active,0.72,youtube_transcript:asx-daily-rundown-atlassian-lifts-tech-a2-milk-recall-shock-accent-group-all-time-lows:88e960386e503796,youtube_transcript,"ASX Daily Rundown | Atlassian Lifts Tech, A2 Milk Recall Shock & Accent Group All-Time Lows",2026-05-04T08:15:01Z,2026-05-04T08:24:37+00:00,2026-05-04T08:24:37+00:00,fanout_0013,50,candidate_expire_duplicate_fanout,status_expire_candidate,explicit target A2M/A2 MILK does not match current entity; duplicate fanout cluster preserves matching target rows elsewhere,high,MEDIUM,no,company_memory.sqlite:memory_entries,DATA_MISSING
502,TXT,catalyst,Voluntary recall of three batches of A2 Platinum USA label infant milk formula manufactured by Liz Sinlay,active,0.72,youtube_transcript:asx-daily-rundown-atlassian-lifts-tech-a2-milk-recall-shock-accent-group-all-time-lows:88e960386e503796,youtube_transcript,"ASX Daily Rundown | Atlassian Lifts Tech, A2 Milk Recall Shock & Accent Group All-Time Lows",2026-05-04T08:15:01Z,2026-05-04T08:24:37+00:00,2026-05-04T08:24:37+00:00,fanout_0013,50,candidate_expire_duplicate_fanout,status_expire_candidate,explicit target A2M/A2 MILK does not match current entity; duplicate fanout cluster preserves matching target rows elsewhere,high,MEDIUM,no,company_memory.sqlite:memory_entries,DATA_MISSING
503,XTX,catalyst,Voluntary recall of three batches of A2 Platinum USA label infant milk formula manufactured by Liz Sinlay,active,0.72,youtube_transcript:asx-daily-rundown-atlassian-lifts-tech-a2-milk-recall-shock-accent-group-all-time-lows:88e960386e503796,youtube_transcript,"ASX Daily Rundown | Atlassian Lifts Tech, A2 Milk Recall Shock & Accent Group All-Time Lows",2026-05-04T08:15:01Z,2026-05-04T08:24:37+00:00,2026-05-04T08:24:37+00:00,fanout_0013,50,candidate_expire_duplicate_fanout,status_expire_candidate,explicit target A2M/A2 MILK does not match current entity; duplicate fanout cluster preserves matching target rows elsewhere,high,MEDIUM,no,company_memory.sqlite:memory_entries,DATA_MISSING
505,ENDEAVOR GROUP,catalyst,Voluntary recall of three batches of A2 Platinum USA label infant milk formula manufactured by Liz Sinlay,active,0.72,youtube_transcript:asx-daily-rundown-atlassian-lifts-tech-a2-milk-recall-shock-accent-group-all-time-lows:88e960386e503796,youtube_transcript,"ASX Daily Rundown | Atlassian Lifts Tech, A2 Milk Recall Shock & Accent Group All-Time Lows",2026-05-04T08:15:01Z,2026-05-04T08:24:38+00:00,2026-05-04T08:24:38+00:00,fanout_0013,50,candidate_expire_duplicate_fanout,status_expire_candidate,explicit target A2M/A2 MILK does not match current entity; duplicate fanout cluster preserves matching target rows elsewhere,high,MEDIUM,no,company_memory.sqlite:memory_entries,DATA_MISSING
506,ATLASSIAN,catalyst,Voluntary recall of three batches of A2 Platinum USA label infant milk formula manufactured by Liz Sinlay,active,0.72,youtube_transcript:asx-daily-rundown-atlassian-lifts-tech-a2-milk-recall-shock-accent-group-all-time-lows:88e960386e503796,youtube_transcript,"ASX Daily Rundown | Atlassian Lifts Tech, A2 Milk Recall Shock & Accent Group All-Time Lows",2026-05-04T08:15:01Z,2026-05-04T08:24:38+00:00,2026-05-04T08:24:38+00:00,fanout_0013,50,candidate_expire_duplicate_fanout,status_expire_candidate,explicit target A2M/A2 MILK does not match current entity; duplicate fanout cluster preserves matching target rows elsewhere,high,MEDIUM,no,company_memory.sqlite:memory_entries,DATA_MISSING
507,NAB,catalyst,Voluntary recall of three batches of A2 Platinum USA label infant milk formula manufactured by Liz Sinlay,active,0.72,youtube_transcript:asx-daily-rundown-atlassian-lifts-tech-a2-milk-recall-shock-accent-group-all-time-lows:88e960386e503796,youtube_transcript,"ASX Daily Rundown | Atlassian Lifts Tech, A2 Milk Recall Shock & Accent Group All-Time Lows",2026-05-04T08:15:01Z,2026-05-04T08:24:39+00:00,2026-05-04T08:24:39+00:00,fanout_0013,50,candidate_expire_duplicate_fanout,status_expire_candidate,explicit target A2M/A2 MILK does not match current entity; duplicate fanout cluster preserves matching target rows elsewhere,high,MEDIUM,no,company_memory.sqlite:memory_entries,DATA_MISSING
508,BHP,catalyst,Voluntary recall of three batches of A2 Platinum USA label infant milk formula manufactured by Liz Sinlay,active,0.72,youtube_transcript:asx-daily-rundown-atlassian-lifts-tech-a2-milk-recall-shock-accent-group-all-time-lows:88e960386e503796,youtube_transcript,"ASX Daily Rundown | Atlassian Lifts Tech, A2 Milk Recall Shock & Accent Group All-Time Lows",2026-05-04T08:15:01Z,2026-05-04T08:24:39+00:00,2026-05-04T08:24:39+00:00,fanout_0013,50,candidate_expire_duplicate_fanout,status_expire_candidate,explicit target A2M/A2 MILK does not match current entity; duplicate fanout cluster preserves matching target rows elsewhere,high,MEDIUM,no,company_memory.sqlite:memory_entries,DATA_MISSING
509,KEY PETROLEUM,catalyst,Voluntary recall of three batches of A2 Platinum USA label infant milk formula manufactured by Liz Sinlay,active,0.72,youtube_transcript:asx-daily-rundown-atlassian-lifts-tech-a2-milk-recall-shock-accent-group-all-time-lows:88e960386e503796,youtube_transcript,"ASX Daily Rundown | Atlassian Lifts Tech, A2 Milk Recall Shock & Accent Group All-Time Lows",2026-05-04T08:15:01Z,2026-05-04T08:24:39+00:00,2026-05-04T08:24:39+00:00,fanout_0013,50,candidate_expire_duplicate_fanout,status_expire_candidate,explicit target A2M/A2 MILK does not match current entity; duplicate fanout cluster preserves matching target rows elsewhere,high,MEDIUM,no,company_memory.sqlite:memory_entries,DATA_MISSING
510,GCM CORPORATION,catalyst,Voluntary recall of three batches of A2 Platinum USA label infant milk formula manufactured by Liz Sinlay,active,0.72,youtube_transcript:asx-daily-rundown-atlassian-lifts-tech-a2-milk-recall-shock-accent-group-all-time-lows:88e960386e503796,youtube_transcript,"ASX Daily Rundown | Atlassian Lifts Tech, A2 Milk Recall Shock & Accent Group All-Time Lows",2026-05-04T08:15:01Z,2026-05-04T08:24:39+00:00,2026-05-04T08:24:39+00:00,fanout_0013,50,candidate_expire_duplicate_fanout,status_expire_candidate,explicit target A2M/A2 MILK does not match current entity; duplicate fanout cluster preserves matching target rows elsewhere,high,MEDIUM,no,company_memory.sqlite:memory_entries,DATA_MISSING
511,MARINO AND CO,catalyst,Voluntary recall of three batches of A2 Platinum USA label infant milk formula manufactured by Liz Sinlay,active,0.72,youtube_transcript:asx-daily-rundown-atlassian-lifts-tech-a2-milk-recall-shock-accent-group-all-time-lows:88e960386e503796,youtube_transcript,"ASX Daily Rundown | Atlassian Lifts Tech, A2 Milk Recall Shock & Accent Group All-Time Lows",2026-05-04T08:15:01Z,2026-05-04T08:24:39+00:00,2026-05-04T08:24:39+00:00,fanout_0013,50,candidate_expire_duplicate_fanout,status_expire_candidate,explicit target A2M/A2 MILK does not match current entity; duplicate fanout cluster preserves matching target rows elsewhere,high,MEDIUM,no,company_memory.sqlite:memory_entries,DATA_MISSING
512,CLARITY,catalyst,Voluntary recall of three batches of A2 Platinum USA label infant milk formula manufactured by Liz Sinlay,active,0.72,youtube_transcript:asx-daily-rundown-atlassian-lifts-tech-a2-milk-recall-shock-accent-group-all-time-lows:88e960386e503796,youtube_transcript,"ASX Daily Rundown | Atlassian Lifts Tech, A2 Milk Recall Shock & Accent Group All-Time Lows",2026-05-04T08:15:01Z,2026-05-04T08:24:39+00:00,2026-05-04T08:24:39+00:00,fanout_0013,50,candidate_expire_duplicate_fanout,status_expire_candidate,explicit target A2M/A2 MILK does not match current entity; duplicate fanout cluster preserves matching target rows elsewhere,high,MEDIUM,no,company_memory.sqlite:memory_entries,DATA_MISSING
513,WIN MEDALS,catalyst,Voluntary recall of three batches of A2 Platinum USA label infant milk formula manufactured by Liz Sinlay,active,0.72,youtube_transcript:asx-daily-rundown-atlassian-lifts-tech-a2-milk-recall-shock-accent-group-all-time-lows:88e960386e503796,youtube_transcript,"ASX Daily Rundown | Atlassian Lifts Tech, A2 Milk Recall Shock & Accent Group All-Time Lows",2026-05-04T08:15:01Z,2026-05-04T08:24:39+00:00,2026-05-04T08:24:39+00:00,fanout_0013,50,candidate_expire_duplicate_fanout,status_expire_candidate,explicit target A2M/A2 MILK does not match current entity; duplicate fanout cluster preserves matching target rows elsewhere,high,MEDIUM,no,company_memory.sqlite:memory_entries,DATA_MISSING
514,AXEN GROUP,catalyst,Voluntary recall of three batches of A2 Platinum USA label infant milk formula manufactured by Liz Sinlay,active,0.72,youtube_transcript:asx-daily-rundown-atlassian-lifts-tech-a2-milk-recall-shock-accent-group-all-time-lows:88e960386e503796,youtube_transcript,"ASX Daily Rundown | Atlassian Lifts Tech, A2 Milk Recall Shock & Accent Group All-Time Lows",2026-05-04T08:15:01Z,2026-05-04T08:24:39+00:00,2026-05-04T08:24:39+00:00,fanout_0013,50,candidate_expire_duplicate_fanout,status_expire_candidate,explicit target A2M/A2 MILK does not match current entity; duplicate fanout cluster preserves matching target rows elsewhere,high,MEDIUM,no,company_memory.sqlite:memory_entries,DATA_MISSING
515,STRICKLAND METALS,catalyst,Voluntary recall of three batches of A2 Platinum USA label infant milk formula manufactured by Liz Sinlay,active,0.72,youtube_transcript:asx-daily-rundown-atlassian-lifts-tech-a2-milk-recall-shock-accent-group-all-time-lows:88e960386e503796,youtube_transcript,"ASX Daily Rundown | Atlassian Lifts Tech, A2 Milk Recall Shock & Accent Group All-Time Lows",2026-05-04T08:15:01Z,2026-05-04T08:24:39+00:00,2026-05-04T08:24:39+00:00,fanout_0013,50,candidate_expire_duplicate_fanout,status_expire_candidate,explicit target A2M/A2 MILK does not match current entity; duplicate fanout cluster preserves matching target rows elsewhere,high,MEDIUM,no,company_memory.sqlite:memory_entries,DATA_MISSING
516,LION TOWN,catalyst,Voluntary recall of three batches of A2 Platinum USA label infant milk formula manufactured by Liz Sinlay,active,0.72,youtube_transcript:asx-daily-rundown-atlassian-lifts-tech-a2-milk-recall-shock-accent-group-all-time-lows:88e960386e503796,youtube_transcript,"ASX Daily Rundown | Atlassian Lifts Tech, A2 Milk Recall Shock & Accent Group All-Time Lows",2026-05-04T08:15:01Z,2026-05-04T08:24:39+00:00,2026-05-04T08:24:39+00:00,fanout_0013,50,candidate_expire_duplicate_fanout,status_expire_candidate,explicit target A2M/A2 MILK does not match current entity; duplicate fanout cluster preserves matching target rows elsewhere,high,MEDIUM,no,company_memory.sqlite:memory_entries,DATA_MISSING
517,IMRO,catalyst,Voluntary recall of three batches of A2 Platinum USA label infant milk formula manufactured by Liz Sinlay,active,0.72,youtube_transcript:asx-daily-rundown-atlassian-lifts-tech-a2-milk-recall-shock-accent-group-all-time-lows:88e960386e503796,youtube_transcript,"ASX Daily Rundown | Atlassian Lifts Tech, A2 Milk Recall Shock & Accent Group All-Time Lows",2026-05-04T08:15:01Z,2026-05-04T08:24:40+00:00,2026-05-04T08:24:40+00:00,fanout_0013,50,candidate_expire_duplicate_fanout,status_expire_candidate,explicit target A2M/A2 MILK does not match current entity; duplicate fanout cluster preserves matching target rows elsewhere,high,MEDIUM,no,company_memory.sqlite:memory_entries,DATA_MISSING
518,PENINSULA,catalyst,Voluntary recall of three batches of A2 Platinum USA label infant milk formula manufactured by Liz Sinlay,active,0.72,youtube_transcript:asx-daily-rundown-atlassian-lifts-tech-a2-milk-recall-shock-accent-group-all-time-lows:88e960386e503796,youtube_transcript,"ASX Daily Rundown | Atlassian Lifts Tech, A2 Milk Recall Shock & Accent Group All-Time Lows",2026-05-04T08:15:01Z,2026-05-04T08:24:41+00:00,2026-05-04T08:24:41+00:00,fanout_0013,50,candidate_expire_duplicate_fanout,status_expire_candidate,explicit target A2M/A2 MILK does not match current entity; duplicate fanout cluster preserves matching target rows elsewhere,high,MEDIUM,no,company_memory.sqlite:memory_entries,DATA_MISSING
519,BRAIN CHIP,catalyst,Voluntary recall of three batches of A2 Platinum USA label infant milk formula manufactured by Liz Sinlay,active,0.72,youtube_transcript:asx-daily-rundown-atlassian-lifts-tech-a2-milk-recall-shock-accent-group-all-time-lows:88e960386e503796,youtube_transcript,"ASX Daily Rundown | Atlassian Lifts Tech, A2 Milk Recall Shock & Accent Group All-Time Lows",2026-05-04T08:15:01Z,2026-05-04T08:24:41+00:00,2026-05-04T08:24:41+00:00,fanout_0013,50,candidate_expire_duplicate_fanout,status_expire_candidate,explicit target A2M/A2 MILK does not match current entity; duplicate fanout cluster preserves matching target rows elsewhere,high,MEDIUM,no,company_memory.sqlite:memory_entries,DATA_MISSING
520,VERITUS,catalyst,Voluntary recall of three batches of A2 Platinum USA label infant milk formula manufactured by Liz Sinlay,active,0.72,youtube_transcript:asx-daily-rundown-atlassian-lifts-tech-a2-milk-recall-shock-accent-group-all-time-lows:88e960386e503796,youtube_transcript,"ASX Daily Rundown | Atlassian Lifts Tech, A2 Milk Recall Shock & Accent Group All-Time Lows",2026-05-04T08:15:01Z,2026-05-04T08:24:41+00:00,2026-05-04T08:24:41+00:00,fanout_0013,50,candidate_expire_duplicate_fanout,status_expire_candidate,explicit target A2M/A2 MILK does not match current entity; duplicate fanout cluster preserves matching target rows elsewhere,high,MEDIUM,no,company_memory.sqlite:memory_entries,DATA_MISSING
521,PETTIMED,catalyst,Voluntary recall of three batches of A2 Platinum USA label infant milk formula manufactured by Liz Sinlay,active,0.72,youtube_transcript:asx-daily-rundown-atlassian-lifts-tech-a2-milk-recall-shock-accent-group-all-time-lows:88e960386e503796,youtube_transcript,"ASX Daily Rundown | Atlassian Lifts Tech, A2 Milk Recall Shock & Accent Group All-Time Lows",2026-05-04T08:15:01Z,2026-05-04T08:24:42+00:00,2026-05-04T08:24:42+00:00,fanout_0013,50,candidate_expire_duplicate_fanout,status_expire_candidate,explicit target A2M/A2 MILK does not match current entity; duplicate fanout cluster preserves matching target rows elsewhere,high,MEDIUM,no,company_memory.sqlite:memory_entries,DATA_MISSING
522,IMPEDIMED,catalyst,Voluntary recall of three batches of A2 Platinum USA label infant milk formula manufactured by Liz Sinlay,active,0.72,youtube_transcript:asx-daily-rundown-atlassian-lifts-tech-a2-milk-recall-shock-accent-group-all-time-lows:88e960386e503796,youtube_transcript,"ASX Daily Rundown | Atlassian Lifts Tech, A2 Milk Recall Shock & Accent Group All-Time Lows",2026-05-04T08:15:01Z,2026-05-04T08:24:42+00:00,2026-05-04T08:24:42+00:00,fanout_0013,50,candidate_expire_duplicate_fanout,status_expire_candidate,explicit target A2M/A2 MILK does not match current entity; duplicate fanout cluster preserves matching target rows elsewhere,high,MEDIUM,no,company_memory.sqlite:memory_entries,DATA_MISSING
523,INDE,catalyst,Voluntary recall of three batches of A2 Platinum USA label infant milk formula manufactured by Liz Sinlay,active,0.72,youtube_transcript:asx-daily-rundown-atlassian-lifts-tech-a2-milk-recall-shock-accent-group-all-time-lows:88e960386e503796,youtube_transcript,"ASX Daily Rundown | Atlassian Lifts Tech, A2 Milk Recall Shock & Accent Group All-Time Lows",2026-05-04T08:15:01Z,2026-05-04T08:24:42+00:00,2026-05-04T08:24:42+00:00,fanout_0013,50,candidate_expire_duplicate_fanout,status_expire_candidate,explicit target A2M/A2 MILK does not match current entity; duplicate fanout cluster preserves matching target rows elsewhere,high,MEDIUM,no,company_memory.sqlite:memory_entries,DATA_MISSING
524,PETT,catalyst,Voluntary recall of three batches of A2 Platinum USA label infant milk formula manufactured by Liz Sinlay,active,0.72,youtube_transcript:asx-daily-rundown-atlassian-lifts-tech-a2-milk-recall-shock-accent-group-all-time-lows:88e960386e503796,youtube_transcript,"ASX Daily Rundown | Atlassian Lifts Tech, A2 Milk Recall Shock & Accent Group All-Time Lows",2026-05-04T08:15:01Z,2026-05-04T08:24:42+00:00,2026-05-04T08:24:42+00:00,fanout_0013,50,candidate_expire_duplicate_fanout,status_expire_candidate,explicit target A2M/A2 MILK does not match current entity; duplicate fanout cluster preserves matching target rows elsewhere,high,MEDIUM,no,company_memory.sqlite:memory_entries,DATA_MISSING
525,C79,catalyst,Voluntary recall of three batches of A2 Platinum USA label infant milk formula manufactured by Liz Sinlay,active,0.72,youtube_transcript:asx-daily-rundown-atlassian-lifts-tech-a2-milk-recall-shock-accent-group-all-time-lows:88e960386e503796,youtube_transcript,"ASX Daily Rundown | Atlassian Lifts Tech, A2 Milk Recall Shock & Accent Group All-Time Lows",2026-05-04T08:15:01Z,2026-05-04T08:24:42+00:00,2026-05-04T08:24:42+00:00,fanout_0013,50,candidate_expire_duplicate_fanout,status_expire_candidate,explicit target A2M/A2 MILK does not match current entity; duplicate fanout cluster preserves matching target rows elsewhere,high,MEDIUM,no,company_memory.sqlite:memory_entries,DATA_MISSING
527,ACCENT GROUP,catalyst,Voluntary recall of three batches of A2 Platinum USA label infant milk formula manufactured by Liz Sinlay,active,0.72,youtube_transcript:asx-daily-rundown-atlassian-lifts-tech-a2-milk-recall-shock-accent-group-all-time-lows:88e960386e503796,youtube_transcript,"ASX Daily Rundown | Atlassian Lifts Tech, A2 Milk Recall Shock & Accent Group All-Time Lows",2026-05-04T08:15:01Z,2026-05-04T08:24:42+00:00,2026-05-04T08:24:42+00:00,fanout_0013,50,candidate_expire_duplicate_fanout,status_expire_candidate,explicit target A2M/A2 MILK does not match current entity; duplicate fanout cluster preserves matching target rows elsewhere,high,MEDIUM,no,company_memory.sqlite:memory_entries,DATA_MISSING
528,ASX,catalyst,ACCENT GROUP's downgrade announcement,active,0.72,youtube_transcript:asx-daily-rundown-atlassian-lifts-tech-a2-milk-recall-shock-accent-group-all-time-lows:88e960386e503796,youtube_transcript,"ASX Daily Rundown | Atlassian Lifts Tech, A2 Milk Recall Shock & Accent Group All-Time Lows",2026-05-04T08:15:01Z,2026-05-04T08:24:42+00:00,2026-05-04T08:24:42+00:00,fanout_0004,50,candidate_expire_duplicate_fanout,status_expire_candidate,explicit target ACC/ACCENT GROUP does not match current entity; duplicate fanout cluster preserves matching target rows elsewhere,high,MEDIUM,no,company_memory.sqlite:memory_entries,DATA_MISSING
529,TXT,catalyst,ACCENT GROUP's downgrade announcement,active,0.72,youtube_transcript:asx-daily-rundown-atlassian-lifts-tech-a2-milk-recall-shock-accent-group-all-time-lows:88e960386e503796,youtube_transcript,"ASX Daily Rundown | Atlassian Lifts Tech, A2 Milk Recall Shock & Accent Group All-Time Lows",2026-05-04T08:15:01Z,2026-05-04T08:24:42+00:00,2026-05-04T08:24:42+00:00,fanout_0004,50,candidate_expire_duplicate_fanout,status_expire_candidate,explicit target ACC/ACCENT GROUP does not match current entity; duplicate fanout cluster preserves matching target rows elsewhere,high,MEDIUM,no,company_memory.sqlite:memory_entries,DATA_MISSING
530,XTX,catalyst,ACCENT GROUP's downgrade announcement,active,0.72,youtube_transcript:asx-daily-rundown-atlassian-lifts-tech-a2-milk-recall-shock-accent-group-all-time-lows:88e960386e503796,youtube_transcript,"ASX Daily Rundown | Atlassian Lifts Tech, A2 Milk Recall Shock & Accent Group All-Time Lows",2026-05-04T08:15:01Z,2026-05-04T08:24:42+00:00,2026-05-04T08:24:42+00:00,fanout_0004,50,candidate_expire_duplicate_fanout,status_expire_candidate,explicit target ACC/ACCENT GROUP does not match current entity; duplicate fanout cluster preserves matching target rows elsewhere,high,MEDIUM,no,company_memory.sqlite:memory_entries,DATA_MISSING
531,A2 MILK,catalyst,ACCENT GROUP's downgrade announcement,active,0.72,youtube_transcript:asx-daily-rundown-atlassian-lifts-tech-a2-milk-recall-shock-accent-group-all-time-lows:88e960386e503796,youtube_transcript,"ASX Daily Rundown | Atlassian Lifts Tech, A2 Milk Recall Shock & Accent Group All-Time Lows",2026-05-04T08:15:01Z,2026-05-04T08:24:42+00:00,2026-05-04T08:24:42+00:00,fanout_0004,50,candidate_expire_duplicate_fanout,status_expire_candidate,explicit target ACC/ACCENT GROUP does not match current entity; duplicate fanout cluster preserves matching target rows elsewhere,high,MEDIUM,no,company_memory.sqlite:memory_entries,DATA_MISSING
532,ENDEAVOR GROUP,catalyst,ACCENT GROUP's downgrade announcement,active,0.72,youtube_transcript:asx-daily-rundown-atlassian-lifts-tech-a2-milk-recall-shock-accent-group-all-time-lows:88e960386e503796,youtube_transcript,"ASX Daily Rundown | Atlassian Lifts Tech, A2 Milk Recall Shock & Accent Group All-Time Lows",2026-05-04T08:15:01Z,2026-05-04T08:24:43+00:00,2026-05-04T08:24:43+00:00,fanout_0004,50,candidate_expire_duplicate_fanout,status_expire_candidate,explicit target ACC/ACCENT GROUP does not match current entity; duplicate fanout cluster preserves matching target rows elsewhere,high,MEDIUM,no,company_memory.sqlite:memory_entries,DATA_MISSING
533,ATLASSIAN,catalyst,ACCENT GROUP's downgrade announcement,active,0.72,youtube_transcript:asx-daily-rundown-atlassian-lifts-tech-a2-milk-recall-shock-accent-group-all-time-lows:88e960386e503796,youtube_transcript,"ASX Daily Rundown | Atlassian Lifts Tech, A2 Milk Recall Shock & Accent Group All-Time Lows",2026-05-04T08:15:01Z,2026-05-04T08:24:44+00:00,2026-05-04T08:24:44+00:00,fanout_0004,50,candidate_expire_duplicate_fanout,status_expire_candidate,explicit target ACC/ACCENT GROUP does not match current entity; duplicate fanout cluster preserves matching target rows elsewhere,high,MEDIUM,no,company_memory.sqlite:memory_entries,DATA_MISSING
534,NAB,catalyst,ACCENT GROUP's downgrade announcement,active,0.72,youtube_transcript:asx-daily-rundown-atlassian-lifts-tech-a2-milk-recall-shock-accent-group-all-time-lows:88e960386e503796,youtube_transcript,"ASX Daily Rundown | Atlassian Lifts Tech, A2 Milk Recall Shock & Accent Group All-Time Lows",2026-05-04T08:15:01Z,2026-05-04T08:24:44+00:00,2026-05-04T08:24:44+00:00,fanout_0004,50,candidate_expire_duplicate_fanout,status_expire_candidate,explicit target ACC/ACCENT GROUP does not match current entity; duplicate fanout cluster preserves matching target rows elsewhere,high,MEDIUM,no,company_memory.sqlite:memory_entries,DATA_MISSING
535,BHP,catalyst,ACCENT GROUP's downgrade announcement,active,0.72,youtube_transcript:asx-daily-rundown-atlassian-lifts-tech-a2-milk-recall-shock-accent-group-all-time-lows:88e960386e503796,youtube_transcript,"ASX Daily Rundown | Atlassian Lifts Tech, A2 Milk Recall Shock & Accent Group All-Time Lows",2026-05-04T08:15:01Z,2026-05-04T08:24:44+00:00,2026-05-04T08:24:44+00:00,fanout_0004,50,candidate_expire_duplicate_fanout,status_expire_candidate,explicit target ACC/ACCENT GROUP does not match current entity; duplicate fanout cluster preserves matching target rows elsewhere,high,MEDIUM,no,company_memory.sqlite:memory_entries,DATA_MISSING
536,KEY PETROLEUM,catalyst,ACCENT GROUP's downgrade announcement,active,0.72,youtube_transcript:asx-daily-rundown-atlassian-lifts-tech-a2-milk-recall-shock-accent-group-all-time-lows:88e960386e503796,youtube_transcript,"ASX Daily Rundown | Atlassian Lifts Tech, A2 Milk Recall Shock & Accent Group All-Time Lows",2026-05-04T08:15:01Z,2026-05-04T08:24:44+00:00,2026-05-04T08:24:44+00:00,fanout_0004,50,candidate_expire_duplicate_fanout,status_expire_candidate,explicit target ACC/ACCENT GROUP does not match current entity; duplicate fanout cluster preserves matching target rows elsewhere,high,MEDIUM,no,company_memory.sqlite:memory_entries,DATA_MISSING
537,GCM CORPORATION,catalyst,ACCENT GROUP's downgrade announcement,active,0.72,youtube_transcript:asx-daily-rundown-atlassian-lifts-tech-a2-milk-recall-shock-accent-group-all-time-lows:88e960386e503796,youtube_transcript,"ASX Daily Rundown | Atlassian Lifts Tech, A2 Milk Recall Shock & Accent Group All-Time Lows",2026-05-04T08:15:01Z,2026-05-04T08:24:44+00:00,2026-05-04T08:24:44+00:00,fanout_0004,50,candidate_expire_duplicate_fanout,status_expire_candidate,explicit target ACC/ACCENT GROUP does not match current entity; duplicate fanout cluster preserves matching target rows elsewhere,high,MEDIUM,no,company_memory.sqlite:memory_entries,DATA_MISSING
538,MARINO AND CO,catalyst,ACCENT GROUP's downgrade announcement,active,0.72,youtube_transcript:asx-daily-rundown-atlassian-lifts-tech-a2-milk-recall-shock-accent-group-all-time-lows:88e960386e503796,youtube_transcript,"ASX Daily Rundown | Atlassian Lifts Tech, A2 Milk Recall Shock & Accent Group All-Time Lows",2026-05-04T08:15:01Z,2026-05-04T08:24:44+00:00,2026-05-04T08:24:44+00:00,fanout_0004,50,candidate_expire_duplicate_fanout,status_expire_candidate,explicit target ACC/ACCENT GROUP does not match current entity; duplicate fanout cluster preserves matching target rows elsewhere,high,MEDIUM,no,company_memory.sqlite:memory_entries,DATA_MISSING
539,CLARITY,catalyst,ACCENT GROUP's downgrade announcement,active,0.72,youtube_transcript:asx-daily-rundown-atlassian-lifts-tech-a2-milk-recall-shock-accent-group-all-time-lows:88e960386e503796,youtube_transcript,"ASX Daily Rundown | Atlassian Lifts Tech, A2 Milk Recall Shock & Accent Group All-Time Lows",2026-05-04T08:15:01Z,2026-05-04T08:24:44+00:00,2026-05-04T08:24:44+00:00,fanout_0004,50,candidate_expire_duplicate_fanout,status_expire_candidate,explicit target ACC/ACCENT GROUP does not match current entity; duplicate fanout cluster preserves matching target rows elsewhere,high,MEDIUM,no,company_memory.sqlite:memory_entries,DATA_MISSING
540,WIN MEDALS,catalyst,ACCENT GROUP's downgrade announcement,active,0.72,youtube_transcript:asx-daily-rundown-atlassian-lifts-tech-a2-milk-recall-shock-accent-group-all-time-lows:88e960386e503796,youtube_transcript,"ASX Daily Rundown | Atlassian Lifts Tech, A2 Milk Recall Shock & Accent Group All-Time Lows",2026-05-04T08:15:01Z,2026-05-04T08:24:44+00:00,2026-05-04T08:24:44+00:00,fanout_0004,50,candidate_expire_duplicate_fanout,status_expire_candidate,explicit target ACC/ACCENT GROUP does not match current entity; duplicate fanout cluster preserves matching target rows elsewhere,high,MEDIUM,no,company_memory.sqlite:memory_entries,DATA_MISSING
541,AXEN GROUP,catalyst,ACCENT GROUP's downgrade announcement,active,0.72,youtube_transcript:asx-daily-rundown-atlassian-lifts-tech-a2-milk-recall-shock-accent-group-all-time-lows:88e960386e503796,youtube_transcript,"ASX Daily Rundown | Atlassian Lifts Tech, A2 Milk Recall Shock & Accent Group All-Time Lows",2026-05-04T08:15:01Z,2026-05-04T08:24:44+00:00,2026-05-04T08:24:44+00:00,fanout_0004,50,candidate_expire_duplicate_fanout,status_expire_candidate,explicit target ACC/ACCENT GROUP does not match current entity; duplicate fanout cluster preserves matching target rows elsewhere,high,MEDIUM,no,company_memory.sqlite:memory_entries,DATA_MISSING
542,STRICKLAND METALS,catalyst,ACCENT GROUP's downgrade announcement,active,0.72,youtube_transcript:asx-daily-rundown-atlassian-lifts-tech-a2-milk-recall-shock-accent-group-all-time-lows:88e960386e503796,youtube_transcript,"ASX Daily Rundown | Atlassian Lifts Tech, A2 Milk Recall Shock & Accent Group All-Time Lows",2026-05-04T08:15:01Z,2026-05-04T08:24:44+00:00,2026-05-04T08:24:44+00:00,fanout_0004,50,candidate_expire_duplicate_fanout,status_expire_candidate,explicit target ACC/ACCENT GROUP does not match current entity; duplicate fanout cluster preserves matching target rows elsewhere,high,MEDIUM,no,company_memory.sqlite:memory_entries,DATA_MISSING
543,LION TOWN,catalyst,ACCENT GROUP's downgrade announcement,active,0.72,youtube_transcript:asx-daily-rundown-atlassian-lifts-tech-a2-milk-recall-shock-accent-group-all-time-lows:88e960386e503796,youtube_transcript,"ASX Daily Rundown | Atlassian Lifts Tech, A2 Milk Recall Shock & Accent Group All-Time Lows",2026-05-04T08:15:01Z,2026-05-04T08:24:44+00:00,2026-05-04T08:24:44+00:00,fanout_0004,50,candidate_expire_duplicate_fanout,status_expire_candidate,explicit target ACC/ACCENT GROUP does not match current entity; duplicate fanout cluster preserves matching target rows elsewhere,high,MEDIUM,no,company_memory.sqlite:memory_entries,DATA_MISSING
544,IMRO,catalyst,ACCENT GROUP's downgrade announcement,active,0.72,youtube_transcript:asx-daily-rundown-atlassian-lifts-tech-a2-milk-recall-shock-accent-group-all-time-lows:88e960386e503796,youtube_transcript,"ASX Daily Rundown | Atlassian Lifts Tech, A2 Milk Recall Shock & Accent Group All-Time Lows",2026-05-04T08:15:01Z,2026-05-04T08:24:44+00:00,2026-05-04T08:24:44+00:00,fanout_0004,50,candidate_expire_duplicate_fanout,status_expire_candidate,explicit target ACC/ACCENT GROUP does not match current entity; duplicate fanout cluster preserves matching target rows elsewhere,high,MEDIUM,no,company_memory.sqlite:memory_entries,DATA_MISSING
545,PENINSULA,catalyst,ACCENT GROUP's downgrade announcement,active,0.72,youtube_transcript:asx-daily-rundown-atlassian-lifts-tech-a2-milk-recall-shock-accent-group-all-time-lows:88e960386e503796,youtube_transcript,"ASX Daily Rundown | Atlassian Lifts Tech, A2 Milk Recall Shock & Accent Group All-Time Lows",2026-05-04T08:15:01Z,2026-05-04T08:24:45+00:00,2026-05-04T08:24:45+00:00,fanout_0004,50,candidate_expire_duplicate_fanout,status_expire_candidate,explicit target ACC/ACCENT GROUP does not match current entity; duplicate fanout cluster preserves matching target rows elsewhere,high,MEDIUM,no,company_memory.sqlite:memory_entries,DATA_MISSING
546,BRAIN CHIP,catalyst,ACCENT GROUP's downgrade announcement,active,0.72,youtube_transcript:asx-daily-rundown-atlassian-lifts-tech-a2-milk-recall-shock-accent-group-all-time-lows:88e960386e503796,youtube_transcript,"ASX Daily Rundown | Atlassian Lifts Tech, A2 Milk Recall Shock & Accent Group All-Time Lows",2026-05-04T08:15:01Z,2026-05-04T08:24:45+00:00,2026-05-04T08:24:45+00:00,fanout_0004,50,candidate_expire_duplicate_fanout,status_expire_candidate,explicit target ACC/ACCENT GROUP does not match current entity; duplicate fanout cluster preserves matching target rows elsewhere,high,MEDIUM,no,company_memory.sqlite:memory_entries,DATA_MISSING
547,VERITUS,catalyst,ACCENT GROUP's downgrade announcement,active,0.72,youtube_transcript:asx-daily-rundown-atlassian-lifts-tech-a2-milk-recall-shock-accent-group-all-time-lows:88e960386e503796,youtube_transcript,"ASX Daily Rundown | Atlassian Lifts Tech, A2 Milk Recall Shock & Accent Group All-Time Lows",2026-05-04T08:15:01Z,2026-05-04T08:24:45+00:00,2026-05-04T08:24:45+00:00,fanout_0004,50,candidate_expire_duplicate_fanout,status_expire_candidate,explicit target ACC/ACCENT GROUP does not match current entity; duplicate fanout cluster preserves matching target rows elsewhere,high,MEDIUM,no,company_memory.sqlite:memory_entries,DATA_MISSING
548,PETTIMED,catalyst,ACCENT GROUP's downgrade announcement,active,0.72,youtube_transcript:asx-daily-rundown-atlassian-lifts-tech-a2-milk-recall-shock-accent-group-all-time-lows:88e960386e503796,youtube_transcript,"ASX Daily Rundown | Atlassian Lifts Tech, A2 Milk Recall Shock & Accent Group All-Time Lows",2026-05-04T08:15:01Z,2026-05-04T08:24:45+00:00,2026-05-04T08:24:45+00:00,fanout_0004,50,candidate_expire_duplicate_fanout,status_expire_candidate,explicit target ACC/ACCENT GROUP does not match current entity; duplicate fanout cluster preserves matching target rows elsewhere,high,MEDIUM,no,company_memory.sqlite:memory_entries,DATA_MISSING
549,IMPEDIMED,catalyst,ACCENT GROUP's downgrade announcement,active,0.72,youtube_transcript:asx-daily-rundown-atlassian-lifts-tech-a2-milk-recall-shock-accent-group-all-time-lows:88e960386e503796,youtube_transcript,"ASX Daily Rundown | Atlassian Lifts Tech, A2 Milk Recall Shock & Accent Group All-Time Lows",2026-05-04T08:15:01Z,2026-05-04T08:24:45+00:00,2026-05-04T08:24:45+00:00,fanout_0004,50,candidate_expire_duplicate_fanout,status_expire_candidate,explicit target ACC/ACCENT GROUP does not match current entity; duplicate fanout cluster preserves matching target rows elsewhere,high,MEDIUM,no,company_memory.sqlite:memory_entries,DATA_MISSING
550,INDE,catalyst,ACCENT GROUP's downgrade announcement,active,0.72,youtube_transcript:asx-daily-rundown-atlassian-lifts-tech-a2-milk-recall-shock-accent-group-all-time-lows:88e960386e503796,youtube_transcript,"ASX Daily Rundown | Atlassian Lifts Tech, A2 Milk Recall Shock & Accent Group All-Time Lows",2026-05-04T08:15:01Z,2026-05-04T08:24:45+00:00,2026-05-04T08:24:45+00:00,fanout_0004,50,candidate_expire_duplicate_fanout,status_expire_candidate,explicit target ACC/ACCENT GROUP does not match current entity; duplicate fanout cluster preserves matching target rows elsewhere,high,MEDIUM,no,company_memory.sqlite:memory_entries,DATA_MISSING
551,PETT,catalyst,ACCENT GROUP's downgrade announcement,active,0.72,youtube_transcript:asx-daily-rundown-atlassian-lifts-tech-a2-milk-recall-shock-accent-group-all-time-lows:88e960386e503796,youtube_transcript,"ASX Daily Rundown | Atlassian Lifts Tech, A2 Milk Recall Shock & Accent Group All-Time Lows",2026-05-04T08:15:01Z,2026-05-04T08:24:45+00:00,2026-05-04T08:24:45+00:00,fanout_0004,50,candidate_expire_duplicate_fanout,status_expire_candidate,explicit target ACC/ACCENT GROUP does not match current entity; duplicate fanout cluster preserves matching target rows elsewhere,high,MEDIUM,no,company_memory.sqlite:memory_entries,DATA_MISSING
552,C79,catalyst,ACCENT GROUP's downgrade announcement,active,0.72,youtube_transcript:asx-daily-rundown-atlassian-lifts-tech-a2-milk-recall-shock-accent-group-all-time-lows:88e960386e503796,youtube_transcript,"ASX Daily Rundown | Atlassian Lifts Tech, A2 Milk Recall Shock & Accent Group All-Time Lows",2026-05-04T08:15:01Z,2026-05-04T08:24:46+00:00,2026-05-04T08:24:46+00:00,fanout_0004,50,candidate_expire_duplicate_fanout,status_expire_candidate,explicit target ACC/ACCENT GROUP does not match current entity; duplicate fanout cluster preserves matching target rows elsewhere,high,MEDIUM,no,company_memory.sqlite:memory_entries,DATA_MISSING
553,A2M,catalyst,ACCENT GROUP's downgrade announcement,active,0.72,youtube_transcript:asx-daily-rundown-atlassian-lifts-tech-a2-milk-recall-shock-accent-group-all-time-lows:88e960386e503796,youtube_transcript,"ASX Daily Rundown | Atlassian Lifts Tech, A2 Milk Recall Shock & Accent Group All-Time Lows",2026-05-04T08:15:01Z,2026-05-04T08:24:46+00:00,2026-05-04T08:24:46+00:00,fanout_0004,50,candidate_expire_duplicate_fanout,status_expire_candidate,explicit target ACC/ACCENT GROUP does not match current entity; duplicate fanout cluster preserves matching target rows elsewhere,high,MEDIUM,no,company_memory.sqlite:memory_entries,DATA_MISSING
555,ASX,risk,AI fears for ATLASSIAN,active,0.69,youtube_transcript:asx-daily-rundown-atlassian-lifts-tech-a2-milk-recall-shock-accent-group-all-time-lows:88e960386e503796,youtube_transcript,"ASX Daily Rundown | Atlassian Lifts Tech, A2 Milk Recall Shock & Accent Group All-Time Lows",2026-05-04T08:15:01Z,2026-05-04T08:24:46+00:00,2026-05-04T08:24:46+00:00,fanout_0023,27,candidate_expire_duplicate_fanout,status_expire_candidate,explicit target ATLASSIAN does not match current entity; duplicate fanout cluster preserves matching target rows elsewhere,high,MEDIUM,no,company_memory.sqlite:memory_entries,DATA_MISSING
556,TXT,risk,AI fears for ATLASSIAN,active,0.69,youtube_transcript:asx-daily-rundown-atlassian-lifts-tech-a2-milk-recall-shock-accent-group-all-time-lows:88e960386e503796,youtube_transcript,"ASX Daily Rundown | Atlassian Lifts Tech, A2 Milk Recall Shock & Accent Group All-Time Lows",2026-05-04T08:15:01Z,2026-05-04T08:24:46+00:00,2026-05-04T08:24:46+00:00,fanout_0023,27,candidate_expire_duplicate_fanout,status_expire_candidate,explicit target ATLASSIAN does not match current entity; duplicate fanout cluster preserves matching target rows elsewhere,high,MEDIUM,no,company_memory.sqlite:memory_entries,DATA_MISSING
557,XTX,risk,AI fears for ATLASSIAN,active,0.69,youtube_transcript:asx-daily-rundown-atlassian-lifts-tech-a2-milk-recall-shock-accent-group-all-time-lows:88e960386e503796,youtube_transcript,"ASX Daily Rundown | Atlassian Lifts Tech, A2 Milk Recall Shock & Accent Group All-Time Lows",2026-05-04T08:15:01Z,2026-05-04T08:24:47+00:00,2026-05-04T08:24:47+00:00,fanout_0023,27,candidate_expire_duplicate_fanout,status_expire_candidate,explicit target ATLASSIAN does not match current entity; duplicate fanout cluster preserves matching target rows elsewhere,high,MEDIUM,no,company_memory.sqlite:memory_entries,DATA_MISSING
558,A2 MILK,risk,AI fears for ATLASSIAN,active,0.69,youtube_transcript:asx-daily-rundown-atlassian-lifts-tech-a2-milk-recall-shock-accent-group-all-time-lows:88e960386e503796,youtube_transcript,"ASX Daily Rundown | Atlassian Lifts Tech, A2 Milk Recall Shock & Accent Group All-Time Lows",2026-05-04T08:15:01Z,2026-05-04T08:24:47+00:00,2026-05-04T08:24:47+00:00,fanout_0023,27,candidate_expire_duplicate_fanout,status_expire_candidate,explicit target ATLASSIAN does not match current entity; duplicate fanout cluster preserves matching target rows elsewhere,high,MEDIUM,no,company_memory.sqlite:memory_entries,DATA_MISSING
559,ENDEAVOR GROUP,risk,AI fears for ATLASSIAN,active,0.69,youtube_transcript:asx-daily-rundown-atlassian-lifts-tech-a2-milk-recall-shock-accent-group-all-time-lows:88e960386e503796,youtube_transcript,"ASX Daily Rundown | Atlassian Lifts Tech, A2 Milk Recall Shock & Accent Group All-Time Lows",2026-05-04T08:15:01Z,2026-05-04T08:24:47+00:00,2026-05-04T08:24:47+00:00,fanout_0023,27,candidate_expire_duplicate_fanout,status_expire_candidate,explicit target ATLASSIAN does not match current entity; duplicate fanout cluster preserves matching target rows elsewhere,high,MEDIUM,no,company_memory.sqlite:memory_entries,DATA_MISSING
561,NAB,risk,AI fears for ATLASSIAN,active,0.69,youtube_transcript:asx-daily-rundown-atlassian-lifts-tech-a2-milk-recall-shock-accent-group-all-time-lows:88e960386e503796,youtube_transcript,"ASX Daily Rundown | Atlassian Lifts Tech, A2 Milk Recall Shock & Accent Group All-Time Lows",2026-05-04T08:15:01Z,2026-05-04T08:24:47+00:00,2026-05-04T08:24:47+00:00,fanout_0023,27,candidate_expire_duplicate_fanout,status_expire_candidate,explicit target ATLASSIAN does not match current entity; duplicate fanout cluster preserves matching target rows elsewhere,high,MEDIUM,no,company_memory.sqlite:memory_entries,DATA_MISSING
562,BHP,risk,AI fears for ATLASSIAN,active,0.69,youtube_transcript:asx-daily-rundown-atlassian-lifts-tech-a2-milk-recall-shock-accent-group-all-time-lows:88e960386e503796,youtube_transcript,"ASX Daily Rundown | Atlassian Lifts Tech, A2 Milk Recall Shock & Accent Group All-Time Lows",2026-05-04T08:15:01Z,2026-05-04T08:24:47+00:00,2026-05-04T08:24:47+00:00,fanout_0023,27,candidate_expire_duplicate_fanout,status_expire_candidate,explicit target ATLASSIAN does not match current entity; duplicate fanout cluster preserves matching target rows elsewhere,high,MEDIUM,no,company_memory.sqlite:memory_entries,DATA_MISSING
563,KEY PETROLEUM,risk,AI fears for ATLASSIAN,active,0.69,youtube_transcript:asx-daily-rundown-atlassian-lifts-tech-a2-milk-recall-shock-accent-group-all-time-lows:88e960386e503796,youtube_transcript,"ASX Daily Rundown | Atlassian Lifts Tech, A2 Milk Recall Shock & Accent Group All-Time Lows",2026-05-04T08:15:01Z,2026-05-04T08:24:47+00:00,2026-05-04T08:24:47+00:00,fanout_0023,27,candidate_expire_duplicate_fanout,status_expire_candidate,explicit target ATLASSIAN does not match current entity; duplicate fanout cluster preserves matching target rows elsewhere,high,MEDIUM,no,company_memory.sqlite:memory_entries,DATA_MISSING
564,GCM CORPORATION,risk,AI fears for ATLASSIAN,active,0.69,youtube_transcript:asx-daily-rundown-atlassian-lifts-tech-a2-milk-recall-shock-accent-group-all-time-lows:88e960386e503796,youtube_transcript,"ASX Daily Rundown | Atlassian Lifts Tech, A2 Milk Recall Shock & Accent Group All-Time Lows",2026-05-04T08:15:01Z,2026-05-04T08:24:47+00:00,2026-05-04T08:24:47+00:00,fanout_0023,27,candidate_expire_duplicate_fanout,status_expire_candidate,explicit target ATLASSIAN does not match current entity; duplicate fanout cluster preserves matching target rows elsewhere,high,MEDIUM,no,company_memory.sqlite:memory_entries,DATA_MISSING
565,MARINO AND CO,risk,AI fears for ATLASSIAN,active,0.69,youtube_transcript:asx-daily-rundown-atlassian-lifts-tech-a2-milk-recall-shock-accent-group-all-time-lows:88e960386e503796,youtube_transcript,"ASX Daily Rundown | Atlassian Lifts Tech, A2 Milk Recall Shock & Accent Group All-Time Lows",2026-05-04T08:15:01Z,2026-05-04T08:24:47+00:00,2026-05-04T08:24:47+00:00,fanout_0023,27,candidate_expire_duplicate_fanout,status_expire_candidate,explicit target ATLASSIAN does not match current entity; duplicate fanout cluster preserves matching target rows elsewhere,high,MEDIUM,no,company_memory.sqlite:memory_entries,DATA_MISSING
566,CLARITY,risk,AI fears for ATLASSIAN,active,0.69,youtube_transcript:asx-daily-rundown-atlassian-lifts-tech-a2-milk-recall-shock-accent-group-all-time-lows:88e960386e503796,youtube_transcript,"ASX Daily Rundown | Atlassian Lifts Tech, A2 Milk Recall Shock & Accent Group All-Time Lows",2026-05-04T08:15:01Z,2026-05-04T08:24:47+00:00,2026-05-04T08:24:47+00:00,fanout_0023,27,candidate_expire_duplicate_fanout,status_expire_candidate,explicit target ATLASSIAN does not match current entity; duplicate fanout cluster preserves matching target rows elsewhere,high,MEDIUM,no,company_memory.sqlite:memory_entries,DATA_MISSING
567,WIN MEDALS,risk,AI fears for ATLASSIAN,active,0.69,youtube_transcript:asx-daily-rundown-atlassian-lifts-tech-a2-milk-recall-shock-accent-group-all-time-lows:88e960386e503796,youtube_transcript,"ASX Daily Rundown | Atlassian Lifts Tech, A2 Milk Recall Shock & Accent Group All-Time Lows",2026-05-04T08:15:01Z,2026-05-04T08:24:47+00:00,2026-05-04T08:24:47+00:00,fanout_0023,27,candidate_expire_duplicate_fanout,status_expire_candidate,explicit target ATLASSIAN does not match current entity; duplicate fanout cluster preserves matching target rows elsewhere,high,MEDIUM,no,company_memory.sqlite:memory_entries,DATA_MISSING
568,AXEN GROUP,risk,AI fears for ATLASSIAN,active,0.69,youtube_transcript:asx-daily-rundown-atlassian-lifts-tech-a2-milk-recall-shock-accent-group-all-time-lows:88e960386e503796,youtube_transcript,"ASX Daily Rundown | Atlassian Lifts Tech, A2 Milk Recall Shock & Accent Group All-Time Lows",2026-05-04T08:15:01Z,2026-05-04T08:24:47+00:00,2026-05-04T08:24:47+00:00,fanout_0023,27,candidate_expire_duplicate_fanout,status_expire_candidate,explicit target ATLASSIAN does not match current entity; duplicate fanout cluster preserves matching target rows elsewhere,high,MEDIUM,no,company_memory.sqlite:memory_entries,DATA_MISSING
569,STRICKLAND METALS,risk,AI fears for ATLASSIAN,active,0.69,youtube_transcript:asx-daily-rundown-atlassian-lifts-tech-a2-milk-recall-shock-accent-group-all-time-lows:88e960386e503796,youtube_transcript,"ASX Daily Rundown | Atlassian Lifts Tech, A2 Milk Recall Shock & Accent Group All-Time Lows",2026-05-04T08:15:01Z,2026-05-04T08:24:48+00:00,2026-05-04T08:24:48+00:00,fanout_0023,27,candidate_expire_duplicate_fanout,status_expire_candidate,explicit target ATLASSIAN does not match current entity; duplicate fanout cluster preserves matching target rows elsewhere,high,MEDIUM,no,company_memory.sqlite:memory_entries,DATA_MISSING
570,LION TOWN,risk,AI fears for ATLASSIAN,active,0.69,youtube_transcript:asx-daily-rundown-atlassian-lifts-tech-a2-milk-recall-shock-accent-group-all-time-lows:88e960386e503796,youtube_transcript,"ASX Daily Rundown | Atlassian Lifts Tech, A2 Milk Recall Shock & Accent Group All-Time Lows",2026-05-04T08:15:01Z,2026-05-04T08:24:48+00:00,2026-05-04T08:24:48+00:00,fanout_0023,27,candidate_expire_duplicate_fanout,status_expire_candidate,explicit target ATLASSIAN does not match current entity; duplicate fanout cluster preserves matching target rows elsewhere,high,MEDIUM,no,company_memory.sqlite:memory_entries,DATA_MISSING
571,IMRO,risk,AI fears for ATLASSIAN,active,0.69,youtube_transcript:asx-daily-rundown-atlassian-lifts-tech-a2-milk-recall-shock-accent-group-all-time-lows:88e960386e503796,youtube_transcript,"ASX Daily Rundown | Atlassian Lifts Tech, A2 Milk Recall Shock & Accent Group All-Time Lows",2026-05-04T08:15:01Z,2026-05-04T08:24:49+00:00,2026-05-04T08:24:49+00:00,fanout_0023,27,candidate_expire_duplicate_fanout,status_expire_candidate,explicit target ATLASSIAN does not match current entity; duplicate fanout cluster preserves matching target rows elsewhere,high,MEDIUM,no,company_memory.sqlite:memory_entries,DATA_MISSING
572,PENINSULA,risk,AI fears for ATLASSIAN,active,0.69,youtube_transcript:asx-daily-rundown-atlassian-lifts-tech-a2-milk-recall-shock-accent-group-all-time-lows:88e960386e503796,youtube_transcript,"ASX Daily Rundown | Atlassian Lifts Tech, A2 Milk Recall Shock & Accent Group All-Time Lows",2026-05-04T08:15:01Z,2026-05-04T08:24:49+00:00,2026-05-04T08:24:49+00:00,fanout_0023,27,candidate_expire_duplicate_fanout,status_expire_candidate,explicit target ATLASSIAN does not match current entity; duplicate fanout cluster preserves matching target rows elsewhere,high,MEDIUM,no,company_memory.sqlite:memory_entries,DATA_MISSING
573,BRAIN CHIP,risk,AI fears for ATLASSIAN,active,0.69,youtube_transcript:asx-daily-rundown-atlassian-lifts-tech-a2-milk-recall-shock-accent-group-all-time-lows:88e960386e503796,youtube_transcript,"ASX Daily Rundown | Atlassian Lifts Tech, A2 Milk Recall Shock & Accent Group All-Time Lows",2026-05-04T08:15:01Z,2026-05-04T08:24:49+00:00,2026-05-04T08:24:49+00:00,fanout_0023,27,candidate_expire_duplicate_fanout,status_expire_candidate,explicit target ATLASSIAN does not match current entity; duplicate fanout cluster preserves matching target rows elsewhere,high,MEDIUM,no,company_memory.sqlite:memory_entries,DATA_MISSING
574,VERITUS,risk,AI fears for ATLASSIAN,active,0.69,youtube_transcript:asx-daily-rundown-atlassian-lifts-tech-a2-milk-recall-shock-accent-group-all-time-lows:88e960386e503796,youtube_transcript,"ASX Daily Rundown | Atlassian Lifts Tech, A2 Milk Recall Shock & Accent Group All-Time Lows",2026-05-04T08:15:01Z,2026-05-04T08:24:49+00:00,2026-05-04T08:24:49+00:00,fanout_0023,27,candidate_expire_duplicate_fanout,status_expire_candidate,explicit target ATLASSIAN does not match current entity; duplicate fanout cluster preserves matching target rows elsewhere,high,MEDIUM,no,company_memory.sqlite:memory_entries,DATA_MISSING
575,PETTIMED,risk,AI fears for ATLASSIAN,active,0.69,youtube_transcript:asx-daily-rundown-atlassian-lifts-tech-a2-milk-recall-shock-accent-group-all-time-lows:88e960386e503796,youtube_transcript,"ASX Daily Rundown | Atlassian Lifts Tech, A2 Milk Recall Shock & Accent Group All-Time Lows",2026-05-04T08:15:01Z,2026-05-04T08:24:49+00:00,2026-05-04T08:24:49+00:00,fanout_0023,27,candidate_expire_duplicate_fanout,status_expire_candidate,explicit target ATLASSIAN does not match current entity; duplicate fanout cluster preserves matching target rows elsewhere,high,MEDIUM,no,company_memory.sqlite:memory_entries,DATA_MISSING
576,IMPEDIMED,risk,AI fears for ATLASSIAN,active,0.69,youtube_transcript:asx-daily-rundown-atlassian-lifts-tech-a2-milk-recall-shock-accent-group-all-time-lows:88e960386e503796,youtube_transcript,"ASX Daily Rundown | Atlassian Lifts Tech, A2 Milk Recall Shock & Accent Group All-Time Lows",2026-05-04T08:15:01Z,2026-05-04T08:24:49+00:00,2026-05-04T08:24:49+00:00,fanout_0023,27,candidate_expire_duplicate_fanout,status_expire_candidate,explicit target ATLASSIAN does not match current entity; duplicate fanout cluster preserves matching target rows elsewhere,high,MEDIUM,no,company_memory.sqlite:memory_entries,DATA_MISSING
577,INDE,risk,AI fears for ATLASSIAN,active,0.69,youtube_transcript:asx-daily-rundown-atlassian-lifts-tech-a2-milk-recall-shock-accent-group-all-time-lows:88e960386e503796,youtube_transcript,"ASX Daily Rundown | Atlassian Lifts Tech, A2 Milk Recall Shock & Accent Group All-Time Lows",2026-05-04T08:15:01Z,2026-05-04T08:24:49+00:00,2026-05-04T08:24:49+00:00,fanout_0023,27,candidate_expire_duplicate_fanout,status_expire_candidate,explicit target ATLASSIAN does not match current entity; duplicate fanout cluster preserves matching target rows elsewhere,high,MEDIUM,no,company_memory.sqlite:memory_entries,DATA_MISSING
578,PETT,risk,AI fears for ATLASSIAN,active,0.69,youtube_transcript:asx-daily-rundown-atlassian-lifts-tech-a2-milk-recall-shock-accent-group-all-time-lows:88e960386e503796,youtube_transcript,"ASX Daily Rundown | Atlassian Lifts Tech, A2 Milk Recall Shock & Accent Group All-Time Lows",2026-05-04T08:15:01Z,2026-05-04T08:24:49+00:00,2026-05-04T08:24:49+00:00,fanout_0023,27,candidate_expire_duplicate_fanout,status_expire_candidate,explicit target ATLASSIAN does not match current entity; duplicate fanout cluster preserves matching target rows elsewhere,high,MEDIUM,no,company_memory.sqlite:memory_entries,DATA_MISSING
579,C79,risk,AI fears for ATLASSIAN,active,0.69,youtube_transcript:asx-daily-rundown-atlassian-lifts-tech-a2-milk-recall-shock-accent-group-all-time-lows:88e960386e503796,youtube_transcript,"ASX Daily Rundown | Atlassian Lifts Tech, A2 Milk Recall Shock & Accent Group All-Time Lows",2026-05-04T08:15:01Z,2026-05-04T08:24:49+00:00,2026-05-04T08:24:49+00:00,fanout_0023,27,candidate_expire_duplicate_fanout,status_expire_candidate,explicit target ATLASSIAN does not match current entity; duplicate fanout cluster preserves matching target rows elsewhere,high,MEDIUM,no,company_memory.sqlite:memory_entries,DATA_MISSING
580,A2M,risk,AI fears for ATLASSIAN,active,0.69,youtube_transcript:asx-daily-rundown-atlassian-lifts-tech-a2-milk-recall-shock-accent-group-all-time-lows:88e960386e503796,youtube_transcript,"ASX Daily Rundown | Atlassian Lifts Tech, A2 Milk Recall Shock & Accent Group All-Time Lows",2026-05-04T08:15:01Z,2026-05-04T08:24:50+00:00,2026-05-04T08:24:50+00:00,fanout_0023,27,candidate_expire_duplicate_fanout,status_expire_candidate,explicit target ATLASSIAN does not match current entity; duplicate fanout cluster preserves matching target rows elsewhere,high,MEDIUM,no,company_memory.sqlite:memory_entries,DATA_MISSING
581,ACCENT GROUP,risk,AI fears for ATLASSIAN,active,0.69,youtube_transcript:asx-daily-rundown-atlassian-lifts-tech-a2-milk-recall-shock-accent-group-all-time-lows:88e960386e503796,youtube_transcript,"ASX Daily Rundown | Atlassian Lifts Tech, A2 Milk Recall Shock & Accent Group All-Time Lows",2026-05-04T08:15:01Z,2026-05-04T08:24:50+00:00,2026-05-04T08:24:50+00:00,fanout_0023,27,candidate_expire_duplicate_fanout,status_expire_candidate,explicit target ATLASSIAN does not match current entity; duplicate fanout cluster preserves matching target rows elsewhere,high,MEDIUM,no,company_memory.sqlite:memory_entries,DATA_MISSING
582,ASX,risk,Negative trading updates from A2 MILK and ENDEAVOR GROUP,active,0.74,youtube_transcript:asx-daily-rundown-atlassian-lifts-tech-a2-milk-recall-shock-accent-group-all-time-lows:88e960386e503796,youtube_transcript,"ASX Daily Rundown | Atlassian Lifts Tech, A2 Milk Recall Shock & Accent Group All-Time Lows",2026-05-04T08:15:01Z,2026-05-04T08:24:50+00:00,2026-05-04T08:24:50+00:00,fanout_0011,50,candidate_expire_duplicate_fanout,status_expire_candidate,"explicit target A2M/A2 MILK, END/EDV/ENDV/ENDEAVOR GROUP does not match current entity; duplicate fanout cluster preserves matching target rows elsewhere",high,MEDIUM,no,company_memory.sqlite:memory_entries,DATA_MISSING
583,TXT,risk,Negative trading updates from A2 MILK and ENDEAVOR GROUP,active,0.74,youtube_transcript:asx-daily-rundown-atlassian-lifts-tech-a2-milk-recall-shock-accent-group-all-time-lows:88e960386e503796,youtube_transcript,"ASX Daily Rundown | Atlassian Lifts Tech, A2 Milk Recall Shock & Accent Group All-Time Lows",2026-05-04T08:15:01Z,2026-05-04T08:24:51+00:00,2026-05-04T08:24:51+00:00,fanout_0011,50,candidate_expire_duplicate_fanout,status_expire_candidate,"explicit target A2M/A2 MILK, END/EDV/ENDV/ENDEAVOR GROUP does not match current entity; duplicate fanout cluster preserves matching target rows elsewhere",high,MEDIUM,no,company_memory.sqlite:memory_entries,DATA_MISSING
584,XTX,risk,Negative trading updates from A2 MILK and ENDEAVOR GROUP,active,0.74,youtube_transcript:asx-daily-rundown-atlassian-lifts-tech-a2-milk-recall-shock-accent-group-all-time-lows:88e960386e503796,youtube_transcript,"ASX Daily Rundown | Atlassian Lifts Tech, A2 Milk Recall Shock & Accent Group All-Time Lows",2026-05-04T08:15:01Z,2026-05-04T08:24:51+00:00,2026-05-04T08:24:51+00:00,fanout_0011,50,candidate_expire_duplicate_fanout,status_expire_candidate,"explicit target A2M/A2 MILK, END/EDV/ENDV/ENDEAVOR GROUP does not match current entity; duplicate fanout cluster preserves matching target rows elsewhere",high,MEDIUM,no,company_memory.sqlite:memory_entries,DATA_MISSING
587,ATLASSIAN,risk,Negative trading updates from A2 MILK and ENDEAVOR GROUP,active,0.74,youtube_transcript:asx-daily-rundown-atlassian-lifts-tech-a2-milk-recall-shock-accent-group-all-time-lows:88e960386e503796,youtube_transcript,"ASX Daily Rundown | Atlassian Lifts Tech, A2 Milk Recall Shock & Accent Group All-Time Lows",2026-05-04T08:15:01Z,2026-05-04T08:24:51+00:00,2026-05-04T08:24:51+00:00,fanout_0011,50,candidate_expire_duplicate_fanout,status_expire_candidate,"explicit target A2M/A2 MILK, END/EDV/ENDV/ENDEAVOR GROUP does not match current entity; duplicate fanout cluster preserves matching target rows elsewhere",high,MEDIUM,no,company_memory.sqlite:memory_entries,DATA_MISSING
588,NAB,risk,Negative trading updates from A2 MILK and ENDEAVOR GROUP,active,0.74,youtube_transcript:asx-daily-rundown-atlassian-lifts-tech-a2-milk-recall-shock-accent-group-all-time-lows:88e960386e503796,youtube_transcript,"ASX Daily Rundown | Atlassian Lifts Tech, A2 Milk Recall Shock & Accent Group All-Time Lows",2026-05-04T08:15:01Z,2026-05-04T08:24:51+00:00,2026-05-04T08:24:51+00:00,fanout_0011,50,candidate_expire_duplicate_fanout,status_expire_candidate,"explicit target A2M/A2 MILK, END/EDV/ENDV/ENDEAVOR GROUP does not match current entity; duplicate fanout cluster preserves matching target rows elsewhere",high,MEDIUM,no,company_memory.sqlite:memory_entries,DATA_MISSING
589,BHP,risk,Negative trading updates from A2 MILK and ENDEAVOR GROUP,active,0.74,youtube_transcript:asx-daily-rundown-atlassian-lifts-tech-a2-milk-recall-shock-accent-group-all-time-lows:88e960386e503796,youtube_transcript,"ASX Daily Rundown | Atlassian Lifts Tech, A2 Milk Recall Shock & Accent Group All-Time Lows",2026-05-04T08:15:01Z,2026-05-04T08:24:51+00:00,2026-05-04T08:24:51+00:00,fanout_0011,50,candidate_expire_duplicate_fanout,status_expire_candidate,"explicit target A2M/A2 MILK, END/EDV/ENDV/ENDEAVOR GROUP does not match current entity; duplicate fanout cluster preserves matching target rows elsewhere",high,MEDIUM,no,company_memory.sqlite:memory_entries,DATA_MISSING
590,KEY PETROLEUM,risk,Negative trading updates from A2 MILK and ENDEAVOR GROUP,active,0.74,youtube_transcript:asx-daily-rundown-atlassian-lifts-tech-a2-milk-recall-shock-accent-group-all-time-lows:88e960386e503796,youtube_transcript,"ASX Daily Rundown | Atlassian Lifts Tech, A2 Milk Recall Shock & Accent Group All-Time Lows",2026-05-04T08:15:01Z,2026-05-04T08:24:51+00:00,2026-05-04T08:24:51+00:00,fanout_0011,50,candidate_expire_duplicate_fanout,status_expire_candidate,"explicit target A2M/A2 MILK, END/EDV/ENDV/ENDEAVOR GROUP does not match current entity; duplicate fanout cluster preserves matching target rows elsewhere",high,MEDIUM,no,company_memory.sqlite:memory_entries,DATA_MISSING
591,GCM CORPORATION,risk,Negative trading updates from A2 MILK and ENDEAVOR GROUP,active,0.74,youtube_transcript:asx-daily-rundown-atlassian-lifts-tech-a2-milk-recall-shock-accent-group-all-time-lows:88e960386e503796,youtube_transcript,"ASX Daily Rundown | Atlassian Lifts Tech, A2 Milk Recall Shock & Accent Group All-Time Lows",2026-05-04T08:15:01Z,2026-05-04T08:24:52+00:00,2026-05-04T08:24:52+00:00,fanout_0011,50,candidate_expire_duplicate_fanout,status_expire_candidate,"explicit target A2M/A2 MILK, END/EDV/ENDV/ENDEAVOR GROUP does not match current entity; duplicate fanout cluster preserves matching target rows elsewhere",high,MEDIUM,no,company_memory.sqlite:memory_entries,DATA_MISSING
592,MARINO AND CO,risk,Negative trading updates from A2 MILK and ENDEAVOR GROUP,active,0.74,youtube_transcript:asx-daily-rundown-atlassian-lifts-tech-a2-milk-recall-shock-accent-group-all-time-lows:88e960386e503796,youtube_transcript,"ASX Daily Rundown | Atlassian Lifts Tech, A2 Milk Recall Shock & Accent Group All-Time Lows",2026-05-04T08:15:01Z,2026-05-04T08:24:52+00:00,2026-05-04T08:24:52+00:00,fanout_0011,50,candidate_expire_duplicate_fanout,status_expire_candidate,"explicit target A2M/A2 MILK, END/EDV/ENDV/ENDEAVOR GROUP does not match current entity; duplicate fanout cluster preserves matching target rows elsewhere",high,MEDIUM,no,company_memory.sqlite:memory_entries,DATA_MISSING
593,CLARITY,risk,Negative trading updates from A2 MILK and ENDEAVOR GROUP,active,0.74,youtube_transcript:asx-daily-rundown-atlassian-lifts-tech-a2-milk-recall-shock-accent-group-all-time-lows:88e960386e503796,youtube_transcript,"ASX Daily Rundown | Atlassian Lifts Tech, A2 Milk Recall Shock & Accent Group All-Time Lows",2026-05-04T08:15:01Z,2026-05-04T08:24:52+00:00,2026-05-04T08:24:52+00:00,fanout_0011,50,candidate_expire_duplicate_fanout,status_expire_candidate,"explicit target A2M/A2 MILK, END/EDV/ENDV/ENDEAVOR GROUP does not match current entity; duplicate fanout cluster preserves matching target rows elsewhere",high,MEDIUM,no,company_memory.sqlite:memory_entries,DATA_MISSING
594,WIN MEDALS,risk,Negative trading updates from A2 MILK and ENDEAVOR GROUP,active,0.74,youtube_transcript:asx-daily-rundown-atlassian-lifts-tech-a2-milk-recall-shock-accent-group-all-time-lows:88e960386e503796,youtube_transcript,"ASX Daily Rundown | Atlassian Lifts Tech, A2 Milk Recall Shock & Accent Group All-Time Lows",2026-05-04T08:15:01Z,2026-05-04T08:24:52+00:00,2026-05-04T08:24:52+00:00,fanout_0011,50,candidate_expire_duplicate_fanout,status_expire_candidate,"explicit target A2M/A2 MILK, END/EDV/ENDV/ENDEAVOR GROUP does not match current entity; duplicate fanout cluster preserves matching target rows elsewhere",high,MEDIUM,no,company_memory.sqlite:memory_entries,DATA_MISSING
595,AXEN GROUP,risk,Negative trading updates from A2 MILK and ENDEAVOR GROUP,active,0.74,youtube_transcript:asx-daily-rundown-atlassian-lifts-tech-a2-milk-recall-shock-accent-group-all-time-lows:88e960386e503796,youtube_transcript,"ASX Daily Rundown | Atlassian Lifts Tech, A2 Milk Recall Shock & Accent Group All-Time Lows",2026-05-04T08:15:01Z,2026-05-04T08:24:53+00:00,2026-05-04T08:24:53+00:00,fanout_0011,50,candidate_expire_duplicate_fanout,status_expire_candidate,"explicit target A2M/A2 MILK, END/EDV/ENDV/ENDEAVOR GROUP does not match current entity; duplicate fanout cluster preserves matching target rows elsewhere",high,MEDIUM,no,company_memory.sqlite:memory_entries,DATA_MISSING
596,STRICKLAND METALS,risk,Negative trading updates from A2 MILK and ENDEAVOR GROUP,active,0.74,youtube_transcript:asx-daily-rundown-atlassian-lifts-tech-a2-milk-recall-shock-accent-group-all-time-lows:88e960386e503796,youtube_transcript,"ASX Daily Rundown | Atlassian Lifts Tech, A2 Milk Recall Shock & Accent Group All-Time Lows",2026-05-04T08:15:01Z,2026-05-04T08:24:53+00:00,2026-05-04T08:24:53+00:00,fanout_0011,50,candidate_expire_duplicate_fanout,status_expire_candidate,"explicit target A2M/A2 MILK, END/EDV/ENDV/ENDEAVOR GROUP does not match current entity; duplicate fanout cluster preserves matching target rows elsewhere",high,MEDIUM,no,company_memory.sqlite:memory_entries,DATA_MISSING
597,LION TOWN,risk,Negative trading updates from A2 MILK and ENDEAVOR GROUP,active,0.74,youtube_transcript:asx-daily-rundown-atlassian-lifts-tech-a2-milk-recall-shock-accent-group-all-time-lows:88e960386e503796,youtube_transcript,"ASX Daily Rundown | Atlassian Lifts Tech, A2 Milk Recall Shock & Accent Group All-Time Lows",2026-05-04T08:15:01Z,2026-05-04T08:24:53+00:00,2026-05-04T08:24:53+00:00,fanout_0011,50,candidate_expire_duplicate_fanout,status_expire_candidate,"explicit target A2M/A2 MILK, END/EDV/ENDV/ENDEAVOR GROUP does not match current entity; duplicate fanout cluster preserves matching target rows elsewhere",high,MEDIUM,no,company_memory.sqlite:memory_entries,DATA_MISSING
598,IMRO,risk,Negative trading updates from A2 MILK and ENDEAVOR GROUP,active,0.74,youtube_transcript:asx-daily-rundown-atlassian-lifts-tech-a2-milk-recall-shock-accent-group-all-time-lows:88e960386e503796,youtube_transcript,"ASX Daily Rundown | Atlassian Lifts Tech, A2 Milk Recall Shock & Accent Group All-Time Lows",2026-05-04T08:15:01Z,2026-05-04T08:24:53+00:00,2026-05-04T08:24:53+00:00,fanout_0011,50,candidate_expire_duplicate_fanout,status_expire_candidate,"explicit target A2M/A2 MILK, END/EDV/ENDV/ENDEAVOR GROUP does not match current entity; duplicate fanout cluster preserves matching target rows elsewhere",high,MEDIUM,no,company_memory.sqlite:memory_entries,DATA_MISSING
599,PENINSULA,risk,Negative trading updates from A2 MILK and ENDEAVOR GROUP,active,0.74,youtube_transcript:asx-daily-rundown-atlassian-lifts-tech-a2-milk-recall-shock-accent-group-all-time-lows:88e960386e503796,youtube_transcript,"ASX Daily Rundown | Atlassian Lifts Tech, A2 Milk Recall Shock & Accent Group All-Time Lows",2026-05-04T08:15:01Z,2026-05-04T08:24:53+00:00,2026-05-04T08:24:53+00:00,fanout_0011,50,candidate_expire_duplicate_fanout,status_expire_candidate,"explicit target A2M/A2 MILK, END/EDV/ENDV/ENDEAVOR GROUP does not match current entity; duplicate fanout cluster preserves matching target rows elsewhere",high,MEDIUM,no,company_memory.sqlite:memory_entries,DATA_MISSING
600,BRAIN CHIP,risk,Negative trading updates from A2 MILK and ENDEAVOR GROUP,active,0.74,youtube_transcript:asx-daily-rundown-atlassian-lifts-tech-a2-milk-recall-shock-accent-group-all-time-lows:88e960386e503796,youtube_transcript,"ASX Daily Rundown | Atlassian Lifts Tech, A2 Milk Recall Shock & Accent Group All-Time Lows",2026-05-04T08:15:01Z,2026-05-04T08:24:53+00:00,2026-05-04T08:24:53+00:00,fanout_0011,50,candidate_expire_duplicate_fanout,status_expire_candidate,"explicit target A2M/A2 MILK, END/EDV/ENDV/ENDEAVOR GROUP does not match current entity; duplicate fanout cluster preserves matching target rows elsewhere",high,MEDIUM,no,company_memory.sqlite:memory_entries,DATA_MISSING
601,VERITUS,risk,Negative trading updates from A2 MILK and ENDEAVOR GROUP,active,0.74,youtube_transcript:asx-daily-rundown-atlassian-lifts-tech-a2-milk-recall-shock-accent-group-all-time-lows:88e960386e503796,youtube_transcript,"ASX Daily Rundown | Atlassian Lifts Tech, A2 Milk Recall Shock & Accent Group All-Time Lows",2026-05-04T08:15:01Z,2026-05-04T08:24:53+00:00,2026-05-04T08:24:53+00:00,fanout_0011,50,candidate_expire_duplicate_fanout,status_expire_candidate,"explicit target A2M/A2 MILK, END/EDV/ENDV/ENDEAVOR GROUP does not match current entity; duplicate fanout cluster preserves matching target rows elsewhere",high,MEDIUM,no,company_memory.sqlite:memory_entries,DATA_MISSING
602,PETTIMED,risk,Negative trading updates from A2 MILK and ENDEAVOR GROUP,active,0.74,youtube_transcript:asx-daily-rundown-atlassian-lifts-tech-a2-milk-recall-shock-accent-group-all-time-lows:88e960386e503796,youtube_transcript,"ASX Daily Rundown | Atlassian Lifts Tech, A2 Milk Recall Shock & Accent Group All-Time Lows",2026-05-04T08:15:01Z,2026-05-04T08:24:54+00:00,2026-05-04T08:24:54+00:00,fanout_0011,50,candidate_expire_duplicate_fanout,status_expire_candidate,"explicit target A2M/A2 MILK, END/EDV/ENDV/ENDEAVOR GROUP does not match current entity; duplicate fanout cluster preserves matching target rows elsewhere",high,MEDIUM,no,company_memory.sqlite:memory_entries,DATA_MISSING
603,IMPEDIMED,risk,Negative trading updates from A2 MILK and ENDEAVOR GROUP,active,0.74,youtube_transcript:asx-daily-rundown-atlassian-lifts-tech-a2-milk-recall-shock-accent-group-all-time-lows:88e960386e503796,youtube_transcript,"ASX Daily Rundown | Atlassian Lifts Tech, A2 Milk Recall Shock & Accent Group All-Time Lows",2026-05-04T08:15:01Z,2026-05-04T08:24:54+00:00,2026-05-04T08:24:54+00:00,fanout_0011,50,candidate_expire_duplicate_fanout,status_expire_candidate,"explicit target A2M/A2 MILK, END/EDV/ENDV/ENDEAVOR GROUP does not match current entity; duplicate fanout cluster preserves matching target rows elsewhere",high,MEDIUM,no,company_memory.sqlite:memory_entries,DATA_MISSING
604,INDE,risk,Negative trading updates from A2 MILK and ENDEAVOR GROUP,active,0.74,youtube_transcript:asx-daily-rundown-atlassian-lifts-tech-a2-milk-recall-shock-accent-group-all-time-lows:88e960386e503796,youtube_transcript,"ASX Daily Rundown | Atlassian Lifts Tech, A2 Milk Recall Shock & Accent Group All-Time Lows",2026-05-04T08:15:01Z,2026-05-04T08:24:54+00:00,2026-05-04T08:24:54+00:00,fanout_0011,50,candidate_expire_duplicate_fanout,status_expire_candidate,"explicit target A2M/A2 MILK, END/EDV/ENDV/ENDEAVOR GROUP does not match current entity; duplicate fanout cluster preserves matching target rows elsewhere",high,MEDIUM,no,company_memory.sqlite:memory_entries,DATA_MISSING
605,PETT,risk,Negative trading updates from A2 MILK and ENDEAVOR GROUP,active,0.74,youtube_transcript:asx-daily-rundown-atlassian-lifts-tech-a2-milk-recall-shock-accent-group-all-time-lows:88e960386e503796,youtube_transcript,"ASX Daily Rundown | Atlassian Lifts Tech, A2 Milk Recall Shock & Accent Group All-Time Lows",2026-05-04T08:15:01Z,2026-05-04T08:24:54+00:00,2026-05-04T08:24:54+00:00,fanout_0011,50,candidate_expire_duplicate_fanout,status_expire_candidate,"explicit target A2M/A2 MILK, END/EDV/ENDV/ENDEAVOR GROUP does not match current entity; duplicate fanout cluster preserves matching target rows elsewhere",high,MEDIUM,no,company_memory.sqlite:memory_entries,DATA_MISSING
606,C79,risk,Negative trading updates from A2 MILK and ENDEAVOR GROUP,active,0.74,youtube_transcript:asx-daily-rundown-atlassian-lifts-tech-a2-milk-recall-shock-accent-group-all-time-lows:88e960386e503796,youtube_transcript,"ASX Daily Rundown | Atlassian Lifts Tech, A2 Milk Recall Shock & Accent Group All-Time Lows",2026-05-04T08:15:01Z,2026-05-04T08:24:54+00:00,2026-05-04T08:24:54+00:00,fanout_0011,50,candidate_expire_duplicate_fanout,status_expire_candidate,"explicit target A2M/A2 MILK, END/EDV/ENDV/ENDEAVOR GROUP does not match current entity; duplicate fanout cluster preserves matching target rows elsewhere",high,MEDIUM,no,company_memory.sqlite:memory_entries,DATA_MISSING
608,ACCENT GROUP,risk,Negative trading updates from A2 MILK and ENDEAVOR GROUP,active,0.74,youtube_transcript:asx-daily-rundown-atlassian-lifts-tech-a2-milk-recall-shock-accent-group-all-time-lows:88e960386e503796,youtube_transcript,"ASX Daily Rundown | Atlassian Lifts Tech, A2 Milk Recall Shock & Accent Group All-Time Lows",2026-05-04T08:15:01Z,2026-05-04T08:24:55+00:00,2026-05-04T08:24:55+00:00,fanout_0011,50,candidate_expire_duplicate_fanout,status_expire_candidate,"explicit target A2M/A2 MILK, END/EDV/ENDV/ENDEAVOR GROUP does not match current entity; duplicate fanout cluster preserves matching target rows elsewhere",high,MEDIUM,no,company_memory.sqlite:memory_entries,DATA_MISSING
609,ASX,risk,Over issuance of shares by IMPEDIMED,active,0.74,youtube_transcript:asx-daily-rundown-atlassian-lifts-tech-a2-milk-recall-shock-accent-group-all-time-lows:88e960386e503796,youtube_transcript,"ASX Daily Rundown | Atlassian Lifts Tech, A2 Milk Recall Shock & Accent Group All-Time Lows",2026-05-04T08:15:01Z,2026-05-04T08:24:55+00:00,2026-05-04T08:24:55+00:00,fanout_0026,27,candidate_expire_duplicate_fanout,status_expire_candidate,explicit target IMPEDIMED does not match current entity; duplicate fanout cluster preserves matching target rows elsewhere,high,MEDIUM,no,company_memory.sqlite:memory_entries,DATA_MISSING
610,TXT,risk,Over issuance of shares by IMPEDIMED,active,0.74,youtube_transcript:asx-daily-rundown-atlassian-lifts-tech-a2-milk-recall-shock-accent-group-all-time-lows:88e960386e503796,youtube_transcript,"ASX Daily Rundown | Atlassian Lifts Tech, A2 Milk Recall Shock & Accent Group All-Time Lows",2026-05-04T08:15:01Z,2026-05-04T08:24:55+00:00,2026-05-04T08:24:55+00:00,fanout_0026,27,candidate_expire_duplicate_fanout,status_expire_candidate,explicit target IMPEDIMED does not match current entity; duplicate fanout cluster preserves matching target rows elsewhere,high,MEDIUM,no,company_memory.sqlite:memory_entries,DATA_MISSING
611,XTX,risk,Over issuance of shares by IMPEDIMED,active,0.74,youtube_transcript:asx-daily-rundown-atlassian-lifts-tech-a2-milk-recall-shock-accent-group-all-time-lows:88e960386e503796,youtube_transcript,"ASX Daily Rundown | Atlassian Lifts Tech, A2 Milk Recall Shock & Accent Group All-Time Lows",2026-05-04T08:15:01Z,2026-05-04T08:24:55+00:00,2026-05-04T08:24:55+00:00,fanout_0026,27,candidate_expire_duplicate_fanout,status_expire_candidate,explicit target IMPEDIMED does not match current entity; duplicate fanout cluster preserves matching target rows elsewhere,high,MEDIUM,no,company_memory.sqlite:memory_entries,DATA_MISSING
612,A2 MILK,risk,Over issuance of shares by IMPEDIMED,active,0.74,youtube_transcript:asx-daily-rundown-atlassian-lifts-tech-a2-milk-recall-shock-accent-group-all-time-lows:88e960386e503796,youtube_transcript,"ASX Daily Rundown | Atlassian Lifts Tech, A2 Milk Recall Shock & Accent Group All-Time Lows",2026-05-04T08:15:01Z,2026-05-04T08:24:56+00:00,2026-05-04T08:24:56+00:00,fanout_0026,27,candidate_expire_duplicate_fanout,status_expire_candidate,explicit target IMPEDIMED does not match current entity; duplicate fanout cluster preserves matching target rows elsewhere,high,MEDIUM,no,company_memory.sqlite:memory_entries,DATA_MISSING
613,ENDEAVOR GROUP,risk,Over issuance of shares by IMPEDIMED,active,0.74,youtube_transcript:asx-daily-rundown-atlassian-lifts-tech-a2-milk-recall-shock-accent-group-all-time-lows:88e960386e503796,youtube_transcript,"ASX Daily Rundown | Atlassian Lifts Tech, A2 Milk Recall Shock & Accent Group All-Time Lows",2026-05-04T08:15:01Z,2026-05-04T08:24:56+00:00,2026-05-04T08:24:56+00:00,fanout_0026,27,candidate_expire_duplicate_fanout,status_expire_candidate,explicit target IMPEDIMED does not match current entity; duplicate fanout cluster preserves matching target rows elsewhere,high,MEDIUM,no,company_memory.sqlite:memory_entries,DATA_MISSING
614,ATLASSIAN,risk,Over issuance of shares by IMPEDIMED,active,0.74,youtube_transcript:asx-daily-rundown-atlassian-lifts-tech-a2-milk-recall-shock-accent-group-all-time-lows:88e960386e503796,youtube_transcript,"ASX Daily Rundown | Atlassian Lifts Tech, A2 Milk Recall Shock & Accent Group All-Time Lows",2026-05-04T08:15:01Z,2026-05-04T08:24:56+00:00,2026-05-04T08:24:56+00:00,fanout_0026,27,candidate_expire_duplicate_fanout,status_expire_candidate,explicit target IMPEDIMED does not match current entity; duplicate fanout cluster preserves matching target rows elsewhere,high,MEDIUM,no,company_memory.sqlite:memory_entries,DATA_MISSING
615,NAB,risk,Over issuance of shares by IMPEDIMED,active,0.74,youtube_transcript:asx-daily-rundown-atlassian-lifts-tech-a2-milk-recall-shock-accent-group-all-time-lows:88e960386e503796,youtube_transcript,"ASX Daily Rundown | Atlassian Lifts Tech, A2 Milk Recall Shock & Accent Group All-Time Lows",2026-05-04T08:15:01Z,2026-05-04T08:24:56+00:00,2026-05-04T08:24:56+00:00,fanout_0026,27,candidate_expire_duplicate_fanout,status_expire_candidate,explicit target IMPEDIMED does not match current entity; duplicate fanout cluster preserves matching target rows elsewhere,high,MEDIUM,no,company_memory.sqlite:memory_entries,DATA_MISSING
616,BHP,risk,Over issuance of shares by IMPEDIMED,active,0.74,youtube_transcript:asx-daily-rundown-atlassian-lifts-tech-a2-milk-recall-shock-accent-group-all-time-lows:88e960386e503796,youtube_transcript,"ASX Daily Rundown | Atlassian Lifts Tech, A2 Milk Recall Shock & Accent Group All-Time Lows",2026-05-04T08:15:01Z,2026-05-04T08:24:56+00:00,2026-05-04T08:24:56+00:00,fanout_0026,27,candidate_expire_duplicate_fanout,status_expire_candidate,explicit target IMPEDIMED does not match current entity; duplicate fanout cluster preserves matching target rows elsewhere,high,MEDIUM,no,company_memory.sqlite:memory_entries,DATA_MISSING
617,KEY PETROLEUM,risk,Over issuance of shares by IMPEDIMED,active,0.74,youtube_transcript:asx-daily-rundown-atlassian-lifts-tech-a2-milk-recall-shock-accent-group-all-time-lows:88e960386e503796,youtube_transcript,"ASX Daily Rundown | Atlassian Lifts Tech, A2 Milk Recall Shock & Accent Group All-Time Lows",2026-05-04T08:15:01Z,2026-05-04T08:24:56+00:00,2026-05-04T08:24:56+00:00,fanout_0026,27,candidate_expire_duplicate_fanout,status_expire_candidate,explicit target IMPEDIMED does not match current entity; duplicate fanout cluster preserves matching target rows elsewhere,high,MEDIUM,no,company_memory.sqlite:memory_entries,DATA_MISSING
618,GCM CORPORATION,risk,Over issuance of shares by IMPEDIMED,active,0.74,youtube_transcript:asx-daily-rundown-atlassian-lifts-tech-a2-milk-recall-shock-accent-group-all-time-lows:88e960386e503796,youtube_transcript,"ASX Daily Rundown | Atlassian Lifts Tech, A2 Milk Recall Shock & Accent Group All-Time Lows",2026-05-04T08:15:01Z,2026-05-04T08:24:56+00:00,2026-05-04T08:24:56+00:00,fanout_0026,27,candidate_expire_duplicate_fanout,status_expire_candidate,explicit target IMPEDIMED does not match current entity; duplicate fanout cluster preserves matching target rows elsewhere,high,MEDIUM,no,company_memory.sqlite:memory_entries,DATA_MISSING
619,MARINO AND CO,risk,Over issuance of shares by IMPEDIMED,active,0.74,youtube_transcript:asx-daily-rundown-atlassian-lifts-tech-a2-milk-recall-shock-accent-group-all-time-lows:88e960386e503796,youtube_transcript,"ASX Daily Rundown | Atlassian Lifts Tech, A2 Milk Recall Shock & Accent Group All-Time Lows",2026-05-04T08:15:01Z,2026-05-04T08:24:56+00:00,2026-05-04T08:24:56+00:00,fanout_0026,27,candidate_expire_duplicate_fanout,status_expire_candidate,explicit target IMPEDIMED does not match current entity; duplicate fanout cluster preserves matching target rows elsewhere,high,MEDIUM,no,company_memory.sqlite:memory_entries,DATA_MISSING
620,CLARITY,risk,Over issuance of shares by IMPEDIMED,active,0.74,youtube_transcript:asx-daily-rundown-atlassian-lifts-tech-a2-milk-recall-shock-accent-group-all-time-lows:88e960386e503796,youtube_transcript,"ASX Daily Rundown | Atlassian Lifts Tech, A2 Milk Recall Shock & Accent Group All-Time Lows",2026-05-04T08:15:01Z,2026-05-04T08:24:56+00:00,2026-05-04T08:24:56+00:00,fanout_0026,27,candidate_expire_duplicate_fanout,status_expire_candidate,explicit target IMPEDIMED does not match current entity; duplicate fanout cluster preserves matching target rows elsewhere,high,MEDIUM,no,company_memory.sqlite:memory_entries,DATA_MISSING
621,WIN MEDALS,risk,Over issuance of shares by IMPEDIMED,active,0.74,youtube_transcript:asx-daily-rundown-atlassian-lifts-tech-a2-milk-recall-shock-accent-group-all-time-lows:88e960386e503796,youtube_transcript,"ASX Daily Rundown | Atlassian Lifts Tech, A2 Milk Recall Shock & Accent Group All-Time Lows",2026-05-04T08:15:01Z,2026-05-04T08:24:57+00:00,2026-05-04T08:24:57+00:00,fanout_0026,27,candidate_expire_duplicate_fanout,status_expire_candidate,explicit target IMPEDIMED does not match current entity; duplicate fanout cluster preserves matching target rows elsewhere,high,MEDIUM,no,company_memory.sqlite:memory_entries,DATA_MISSING
622,AXEN GROUP,risk,Over issuance of shares by IMPEDIMED,active,0.74,youtube_transcript:asx-daily-rundown-atlassian-lifts-tech-a2-milk-recall-shock-accent-group-all-time-lows:88e960386e503796,youtube_transcript,"ASX Daily Rundown | Atlassian Lifts Tech, A2 Milk Recall Shock & Accent Group All-Time Lows",2026-05-04T08:15:01Z,2026-05-04T08:24:57+00:00,2026-05-04T08:24:57+00:00,fanout_0026,27,candidate_expire_duplicate_fanout,status_expire_candidate,explicit target IMPEDIMED does not match current entity; duplicate fanout cluster preserves matching target rows elsewhere,high,MEDIUM,no,company_memory.sqlite:memory_entries,DATA_MISSING
623,STRICKLAND METALS,risk,Over issuance of shares by IMPEDIMED,active,0.74,youtube_transcript:asx-daily-rundown-atlassian-lifts-tech-a2-milk-recall-shock-accent-group-all-time-lows:88e960386e503796,youtube_transcript,"ASX Daily Rundown | Atlassian Lifts Tech, A2 Milk Recall Shock & Accent Group All-Time Lows",2026-05-04T08:15:01Z,2026-05-04T08:24:58+00:00,2026-05-04T08:24:58+00:00,fanout_0026,27,candidate_expire_duplicate_fanout,status_expire_candidate,explicit target IMPEDIMED does not match current entity; duplicate fanout cluster preserves matching target rows elsewhere,high,MEDIUM,no,company_memory.sqlite:memory_entries,DATA_MISSING
624,LION TOWN,risk,Over issuance of shares by IMPEDIMED,active,0.74,youtube_transcript:asx-daily-rundown-atlassian-lifts-tech-a2-milk-recall-shock-accent-group-all-time-lows:88e960386e503796,youtube_transcript,"ASX Daily Rundown | Atlassian Lifts Tech, A2 Milk Recall Shock & Accent Group All-Time Lows",2026-05-04T08:15:01Z,2026-05-04T08:24:58+00:00,2026-05-04T08:24:58+00:00,fanout_0026,27,candidate_expire_duplicate_fanout,status_expire_candidate,explicit target IMPEDIMED does not match current entity; duplicate fanout cluster preserves matching target rows elsewhere,high,MEDIUM,no,company_memory.sqlite:memory_entries,DATA_MISSING
625,IMRO,risk,Over issuance of shares by IMPEDIMED,active,0.74,youtube_transcript:asx-daily-rundown-atlassian-lifts-tech-a2-milk-recall-shock-accent-group-all-time-lows:88e960386e503796,youtube_transcript,"ASX Daily Rundown | Atlassian Lifts Tech, A2 Milk Recall Shock & Accent Group All-Time Lows",2026-05-04T08:15:01Z,2026-05-04T08:24:58+00:00,2026-05-04T08:24:58+00:00,fanout_0026,27,candidate_expire_duplicate_fanout,status_expire_candidate,explicit target IMPEDIMED does not match current entity; duplicate fanout cluster preserves matching target rows elsewhere,high,MEDIUM,no,company_memory.sqlite:memory_entries,DATA_MISSING
626,PENINSULA,risk,Over issuance of shares by IMPEDIMED,active,0.74,youtube_transcript:asx-daily-rundown-atlassian-lifts-tech-a2-milk-recall-shock-accent-group-all-time-lows:88e960386e503796,youtube_transcript,"ASX Daily Rundown | Atlassian Lifts Tech, A2 Milk Recall Shock & Accent Group All-Time Lows",2026-05-04T08:15:01Z,2026-05-04T08:24:58+00:00,2026-05-04T08:24:58+00:00,fanout_0026,27,candidate_expire_duplicate_fanout,status_expire_candidate,explicit target IMPEDIMED does not match current entity; duplicate fanout cluster preserves matching target rows elsewhere,high,MEDIUM,no,company_memory.sqlite:memory_entries,DATA_MISSING
627,BRAIN CHIP,risk,Over issuance of shares by IMPEDIMED,active,0.74,youtube_transcript:asx-daily-rundown-atlassian-lifts-tech-a2-milk-recall-shock-accent-group-all-time-lows:88e960386e503796,youtube_transcript,"ASX Daily Rundown | Atlassian Lifts Tech, A2 Milk Recall Shock & Accent Group All-Time Lows",2026-05-04T08:15:01Z,2026-05-04T08:24:58+00:00,2026-05-04T08:24:58+00:00,fanout_0026,27,candidate_expire_duplicate_fanout,status_expire_candidate,explicit target IMPEDIMED does not match current entity; duplicate fanout cluster preserves matching target rows elsewhere,high,MEDIUM,no,company_memory.sqlite:memory_entries,DATA_MISSING
628,VERITUS,risk,Over issuance of shares by IMPEDIMED,active,0.74,youtube_transcript:asx-daily-rundown-atlassian-lifts-tech-a2-milk-recall-shock-accent-group-all-time-lows:88e960386e503796,youtube_transcript,"ASX Daily Rundown | Atlassian Lifts Tech, A2 Milk Recall Shock & Accent Group All-Time Lows",2026-05-04T08:15:01Z,2026-05-04T08:24:58+00:00,2026-05-04T08:24:58+00:00,fanout_0026,27,candidate_expire_duplicate_fanout,status_expire_candidate,explicit target IMPEDIMED does not match current entity; duplicate fanout cluster preserves matching target rows elsewhere,high,MEDIUM,no,company_memory.sqlite:memory_entries,DATA_MISSING
629,PETTIMED,risk,Over issuance of shares by IMPEDIMED,active,0.74,youtube_transcript:asx-daily-rundown-atlassian-lifts-tech-a2-milk-recall-shock-accent-group-all-time-lows:88e960386e503796,youtube_transcript,"ASX Daily Rundown | Atlassian Lifts Tech, A2 Milk Recall Shock & Accent Group All-Time Lows",2026-05-04T08:15:01Z,2026-05-04T08:24:58+00:00,2026-05-04T08:24:58+00:00,fanout_0026,27,candidate_expire_duplicate_fanout,status_expire_candidate,explicit target IMPEDIMED does not match current entity; duplicate fanout cluster preserves matching target rows elsewhere,high,MEDIUM,no,company_memory.sqlite:memory_entries,DATA_MISSING
631,INDE,risk,Over issuance of shares by IMPEDIMED,active,0.74,youtube_transcript:asx-daily-rundown-atlassian-lifts-tech-a2-milk-recall-shock-accent-group-all-time-lows:88e960386e503796,youtube_transcript,"ASX Daily Rundown | Atlassian Lifts Tech, A2 Milk Recall Shock & Accent Group All-Time Lows",2026-05-04T08:15:01Z,2026-05-04T08:24:58+00:00,2026-05-04T08:24:58+00:00,fanout_0026,27,candidate_expire_duplicate_fanout,status_expire_candidate,explicit target IMPEDIMED does not match current entity; duplicate fanout cluster preserves matching target rows elsewhere,high,MEDIUM,no,company_memory.sqlite:memory_entries,DATA_MISSING
632,PETT,risk,Over issuance of shares by IMPEDIMED,active,0.74,youtube_transcript:asx-daily-rundown-atlassian-lifts-tech-a2-milk-recall-shock-accent-group-all-time-lows:88e960386e503796,youtube_transcript,"ASX Daily Rundown | Atlassian Lifts Tech, A2 Milk Recall Shock & Accent Group All-Time Lows",2026-05-04T08:15:01Z,2026-05-04T08:24:58+00:00,2026-05-04T08:24:58+00:00,fanout_0026,27,candidate_expire_duplicate_fanout,status_expire_candidate,explicit target IMPEDIMED does not match current entity; duplicate fanout cluster preserves matching target rows elsewhere,high,MEDIUM,no,company_memory.sqlite:memory_entries,DATA_MISSING
633,C79,risk,Over issuance of shares by IMPEDIMED,active,0.74,youtube_transcript:asx-daily-rundown-atlassian-lifts-tech-a2-milk-recall-shock-accent-group-all-time-lows:88e960386e503796,youtube_transcript,"ASX Daily Rundown | Atlassian Lifts Tech, A2 Milk Recall Shock & Accent Group All-Time Lows",2026-05-04T08:15:01Z,2026-05-04T08:24:58+00:00,2026-05-04T08:24:58+00:00,fanout_0026,27,candidate_expire_duplicate_fanout,status_expire_candidate,explicit target IMPEDIMED does not match current entity; duplicate fanout cluster preserves matching target rows elsewhere,high,MEDIUM,no,company_memory.sqlite:memory_entries,DATA_MISSING
634,A2M,risk,Over issuance of shares by IMPEDIMED,active,0.74,youtube_transcript:asx-daily-rundown-atlassian-lifts-tech-a2-milk-recall-shock-accent-group-all-time-lows:88e960386e503796,youtube_transcript,"ASX Daily Rundown | Atlassian Lifts Tech, A2 Milk Recall Shock & Accent Group All-Time Lows",2026-05-04T08:15:01Z,2026-05-04T08:24:58+00:00,2026-05-04T08:24:58+00:00,fanout_0026,27,candidate_expire_duplicate_fanout,status_expire_candidate,explicit target IMPEDIMED does not match current entity; duplicate fanout cluster preserves matching target rows elsewhere,high,MEDIUM,no,company_memory.sqlite:memory_entries,DATA_MISSING
635,ACCENT GROUP,risk,Over issuance of shares by IMPEDIMED,active,0.74,youtube_transcript:asx-daily-rundown-atlassian-lifts-tech-a2-milk-recall-shock-accent-group-all-time-lows:88e960386e503796,youtube_transcript,"ASX Daily Rundown | Atlassian Lifts Tech, A2 Milk Recall Shock & Accent Group All-Time Lows",2026-05-04T08:15:01Z,2026-05-04T08:24:59+00:00,2026-05-04T08:24:59+00:00,fanout_0026,27,candidate_expire_duplicate_fanout,status_expire_candidate,explicit target IMPEDIMED does not match current entity; duplicate fanout cluster preserves matching target rows elsewhere,high,MEDIUM,no,company_memory.sqlite:memory_entries,DATA_MISSING
636,ASX,risk,PETTIMED's capital raising at 1 cent per share,active,0.79,youtube_transcript:asx-daily-rundown-atlassian-lifts-tech-a2-milk-recall-shock-accent-group-all-time-lows:88e960386e503796,youtube_transcript,"ASX Daily Rundown | Atlassian Lifts Tech, A2 Milk Recall Shock & Accent Group All-Time Lows",2026-05-04T08:15:01Z,2026-05-04T08:25:00+00:00,2026-05-04T08:25:00+00:00,fanout_0001,67,candidate_expire_duplicate_fanout,status_expire_candidate,explicit target PET/PETT/PETTIMED does not match current entity; duplicate fanout cluster preserves matching target rows elsewhere,high,MEDIUM,no,company_memory.sqlite:memory_entries,DATA_MISSING
637,TXT,risk,PETTIMED's capital raising at 1 cent per share,active,0.79,youtube_transcript:asx-daily-rundown-atlassian-lifts-tech-a2-milk-recall-shock-accent-group-all-time-lows:88e960386e503796,youtube_transcript,"ASX Daily Rundown | Atlassian Lifts Tech, A2 Milk Recall Shock & Accent Group All-Time Lows",2026-05-04T08:15:01Z,2026-05-04T08:25:00+00:00,2026-05-04T08:25:00+00:00,fanout_0001,67,candidate_expire_duplicate_fanout,status_expire_candidate,explicit target PET/PETT/PETTIMED does not match current entity; duplicate fanout cluster preserves matching target rows elsewhere,high,MEDIUM,no,company_memory.sqlite:memory_entries,DATA_MISSING
638,XTX,risk,PETTIMED's capital raising at 1 cent per share,active,0.79,youtube_transcript:asx-daily-rundown-atlassian-lifts-tech-a2-milk-recall-shock-accent-group-all-time-lows:88e960386e503796,youtube_transcript,"ASX Daily Rundown | Atlassian Lifts Tech, A2 Milk Recall Shock & Accent Group All-Time Lows",2026-05-04T08:15:01Z,2026-05-04T08:25:00+00:00,2026-05-04T08:25:00+00:00,fanout_0001,67,candidate_expire_duplicate_fanout,status_expire_candidate,explicit target PET/PETT/PETTIMED does not match current entity; duplicate fanout cluster preserves matching target rows elsewhere,high,MEDIUM,no,company_memory.sqlite:memory_entries,DATA_MISSING
639,A2 MILK,risk,PETTIMED's capital raising at 1 cent per share,active,0.79,youtube_transcript:asx-daily-rundown-atlassian-lifts-tech-a2-milk-recall-shock-accent-group-all-time-lows:88e960386e503796,youtube_transcript,"ASX Daily Rundown | Atlassian Lifts Tech, A2 Milk Recall Shock & Accent Group All-Time Lows",2026-05-04T08:15:01Z,2026-05-04T08:25:00+00:00,2026-05-04T08:25:00+00:00,fanout_0001,67,candidate_expire_duplicate_fanout,status_expire_candidate,explicit target PET/PETT/PETTIMED does not match current entity; duplicate fanout cluster preserves matching target rows elsewhere,high,MEDIUM,no,company_memory.sqlite:memory_entries,DATA_MISSING
640,ENDEAVOR GROUP,risk,PETTIMED's capital raising at 1 cent per share,active,0.79,youtube_transcript:asx-daily-rundown-atlassian-lifts-tech-a2-milk-recall-shock-accent-group-all-time-lows:88e960386e503796,youtube_transcript,"ASX Daily Rundown | Atlassian Lifts Tech, A2 Milk Recall Shock & Accent Group All-Time Lows",2026-05-04T08:15:01Z,2026-05-04T08:25:00+00:00,2026-05-04T08:25:00+00:00,fanout_0001,67,candidate_expire_duplicate_fanout,status_expire_candidate,explicit target PET/PETT/PETTIMED does not match current entity; duplicate fanout cluster preserves matching target rows elsewhere,high,MEDIUM,no,company_memory.sqlite:memory_entries,DATA_MISSING
641,ATLASSIAN,risk,PETTIMED's capital raising at 1 cent per share,active,0.79,youtube_transcript:asx-daily-rundown-atlassian-lifts-tech-a2-milk-recall-shock-accent-group-all-time-lows:88e960386e503796,youtube_transcript,"ASX Daily Rundown | Atlassian Lifts Tech, A2 Milk Recall Shock & Accent Group All-Time Lows",2026-05-04T08:15:01Z,2026-05-04T08:25:00+00:00,2026-05-04T08:25:00+00:00,fanout_0001,67,candidate_expire_duplicate_fanout,status_expire_candidate,explicit target PET/PETT/PETTIMED does not match current entity; duplicate fanout cluster preserves matching target rows elsewhere,high,MEDIUM,no,company_memory.sqlite:memory_entries,DATA_MISSING
642,NAB,risk,PETTIMED's capital raising at 1 cent per share,active,0.79,youtube_transcript:asx-daily-rundown-atlassian-lifts-tech-a2-milk-recall-shock-accent-group-all-time-lows:88e960386e503796,youtube_transcript,"ASX Daily Rundown | Atlassian Lifts Tech, A2 Milk Recall Shock & Accent Group All-Time Lows",2026-05-04T08:15:01Z,2026-05-04T08:25:01+00:00,2026-05-04T08:25:01+00:00,fanout_0001,67,candidate_expire_duplicate_fanout,status_expire_candidate,explicit target PET/PETT/PETTIMED does not match current entity; duplicate fanout cluster preserves matching target rows elsewhere,high,MEDIUM,no,company_memory.sqlite:memory_entries,DATA_MISSING
643,BHP,risk,PETTIMED's capital raising at 1 cent per share,active,0.79,youtube_transcript:asx-daily-rundown-atlassian-lifts-tech-a2-milk-recall-shock-accent-group-all-time-lows:88e960386e503796,youtube_transcript,"ASX Daily Rundown | Atlassian Lifts Tech, A2 Milk Recall Shock & Accent Group All-Time Lows",2026-05-04T08:15:01Z,2026-05-04T08:25:01+00:00,2026-05-04T08:25:01+00:00,fanout_0001,67,candidate_expire_duplicate_fanout,status_expire_candidate,explicit target PET/PETT/PETTIMED does not match current entity; duplicate fanout cluster preserves matching target rows elsewhere,high,MEDIUM,no,company_memory.sqlite:memory_entries,DATA_MISSING
644,KEY PETROLEUM,risk,PETTIMED's capital raising at 1 cent per share,active,0.79,youtube_transcript:asx-daily-rundown-atlassian-lifts-tech-a2-milk-recall-shock-accent-group-all-time-lows:88e960386e503796,youtube_transcript,"ASX Daily Rundown | Atlassian Lifts Tech, A2 Milk Recall Shock & Accent Group All-Time Lows",2026-05-04T08:15:01Z,2026-05-04T08:25:01+00:00,2026-05-04T08:25:01+00:00,fanout_0001,67,candidate_expire_duplicate_fanout,status_expire_candidate,explicit target PET/PETT/PETTIMED does not match current entity; duplicate fanout cluster preserves matching target rows elsewhere,high,MEDIUM,no,company_memory.sqlite:memory_entries,DATA_MISSING
645,GCM CORPORATION,risk,PETTIMED's capital raising at 1 cent per share,active,0.79,youtube_transcript:asx-daily-rundown-atlassian-lifts-tech-a2-milk-recall-shock-accent-group-all-time-lows:88e960386e503796,youtube_transcript,"ASX Daily Rundown | Atlassian Lifts Tech, A2 Milk Recall Shock & Accent Group All-Time Lows",2026-05-04T08:15:01Z,2026-05-04T08:25:01+00:00,2026-05-04T08:25:01+00:00,fanout_0001,67,candidate_expire_duplicate_fanout,status_expire_candidate,explicit target PET/PETT/PETTIMED does not match current entity; duplicate fanout cluster preserves matching target rows elsewhere,high,MEDIUM,no,company_memory.sqlite:memory_entries,DATA_MISSING
646,MARINO AND CO,risk,PETTIMED's capital raising at 1 cent per share,active,0.79,youtube_transcript:asx-daily-rundown-atlassian-lifts-tech-a2-milk-recall-shock-accent-group-all-time-lows:88e960386e503796,youtube_transcript,"ASX Daily Rundown | Atlassian Lifts Tech, A2 Milk Recall Shock & Accent Group All-Time Lows",2026-05-04T08:15:01Z,2026-05-04T08:25:02+00:00,2026-05-04T08:25:02+00:00,fanout_0001,67,candidate_expire_duplicate_fanout,status_expire_candidate,explicit target PET/PETT/PETTIMED does not match current entity; duplicate fanout cluster preserves matching target rows elsewhere,high,MEDIUM,no,company_memory.sqlite:memory_entries,DATA_MISSING
647,CLARITY,risk,PETTIMED's capital raising at 1 cent per share,active,0.79,youtube_transcript:asx-daily-rundown-atlassian-lifts-tech-a2-milk-recall-shock-accent-group-all-time-lows:88e960386e503796,youtube_transcript,"ASX Daily Rundown | Atlassian Lifts Tech, A2 Milk Recall Shock & Accent Group All-Time Lows",2026-05-04T08:15:01Z,2026-05-04T08:25:02+00:00,2026-05-04T08:25:02+00:00,fanout_0001,67,candidate_expire_duplicate_fanout,status_expire_candidate,explicit target PET/PETT/PETTIMED does not match current entity; duplicate fanout cluster preserves matching target rows elsewhere,high,MEDIUM,no,company_memory.sqlite:memory_entries,DATA_MISSING
648,WIN MEDALS,risk,PETTIMED's capital raising at 1 cent per share,active,0.79,youtube_transcript:asx-daily-rundown-atlassian-lifts-tech-a2-milk-recall-shock-accent-group-all-time-lows:88e960386e503796,youtube_transcript,"ASX Daily Rundown | Atlassian Lifts Tech, A2 Milk Recall Shock & Accent Group All-Time Lows",2026-05-04T08:15:01Z,2026-05-04T08:25:02+00:00,2026-05-04T08:25:02+00:00,fanout_0001,67,candidate_expire_duplicate_fanout,status_expire_candidate,explicit target PET/PETT/PETTIMED does not match current entity; duplicate fanout cluster preserves matching target rows elsewhere,high,MEDIUM,no,company_memory.sqlite:memory_entries,DATA_MISSING
649,AXEN GROUP,risk,PETTIMED's capital raising at 1 cent per share,active,0.79,youtube_transcript:asx-daily-rundown-atlassian-lifts-tech-a2-milk-recall-shock-accent-group-all-time-lows:88e960386e503796,youtube_transcript,"ASX Daily Rundown | Atlassian Lifts Tech, A2 Milk Recall Shock & Accent Group All-Time Lows",2026-05-04T08:15:01Z,2026-05-04T08:25:02+00:00,2026-05-04T08:25:02+00:00,fanout_0001,67,candidate_expire_duplicate_fanout,status_expire_candidate,explicit target PET/PETT/PETTIMED does not match current entity; duplicate fanout cluster preserves matching target rows elsewhere,high,MEDIUM,no,company_memory.sqlite:memory_entries,DATA_MISSING
650,STRICKLAND METALS,risk,PETTIMED's capital raising at 1 cent per share,active,0.79,youtube_transcript:asx-daily-rundown-atlassian-lifts-tech-a2-milk-recall-shock-accent-group-all-time-lows:88e960386e503796,youtube_transcript,"ASX Daily Rundown | Atlassian Lifts Tech, A2 Milk Recall Shock & Accent Group All-Time Lows",2026-05-04T08:15:01Z,2026-05-04T08:25:02+00:00,2026-05-04T08:25:02+00:00,fanout_0001,67,candidate_expire_duplicate_fanout,status_expire_candidate,explicit target PET/PETT/PETTIMED does not match current entity; duplicate fanout cluster preserves matching target rows elsewhere,high,MEDIUM,no,company_memory.sqlite:memory_entries,DATA_MISSING
651,LION TOWN,risk,PETTIMED's capital raising at 1 cent per share,active,0.79,youtube_transcript:asx-daily-rundown-atlassian-lifts-tech-a2-milk-recall-shock-accent-group-all-time-lows:88e960386e503796,youtube_transcript,"ASX Daily Rundown | Atlassian Lifts Tech, A2 Milk Recall Shock & Accent Group All-Time Lows",2026-05-04T08:15:01Z,2026-05-04T08:25:02+00:00,2026-05-04T08:25:02+00:00,fanout_0001,67,candidate_expire_duplicate_fanout,status_expire_candidate,explicit target PET/PETT/PETTIMED does not match current entity; duplicate fanout cluster preserves matching target rows elsewhere,high,MEDIUM,no,company_memory.sqlite:memory_entries,DATA_MISSING
652,IMRO,risk,PETTIMED's capital raising at 1 cent per share,active,0.79,youtube_transcript:asx-daily-rundown-atlassian-lifts-tech-a2-milk-recall-shock-accent-group-all-time-lows:88e960386e503796,youtube_transcript,"ASX Daily Rundown | Atlassian Lifts Tech, A2 Milk Recall Shock & Accent Group All-Time Lows",2026-05-04T08:15:01Z,2026-05-04T08:25:02+00:00,2026-05-04T08:25:02+00:00,fanout_0001,67,candidate_expire_duplicate_fanout,status_expire_candidate,explicit target PET/PETT/PETTIMED does not match current entity; duplicate fanout cluster preserves matching target rows elsewhere,high,MEDIUM,no,company_memory.sqlite:memory_entries,DATA_MISSING
653,PENINSULA,risk,PETTIMED's capital raising at 1 cent per share,active,0.79,youtube_transcript:asx-daily-rundown-atlassian-lifts-tech-a2-milk-recall-shock-accent-group-all-time-lows:88e960386e503796,youtube_transcript,"ASX Daily Rundown | Atlassian Lifts Tech, A2 Milk Recall Shock & Accent Group All-Time Lows",2026-05-04T08:15:01Z,2026-05-04T08:25:03+00:00,2026-05-04T08:25:03+00:00,fanout_0001,67,candidate_expire_duplicate_fanout,status_expire_candidate,explicit target PET/PETT/PETTIMED does not match current entity; duplicate fanout cluster preserves matching target rows elsewhere,high,MEDIUM,no,company_memory.sqlite:memory_entries,DATA_MISSING
654,BRAIN CHIP,risk,PETTIMED's capital raising at 1 cent per share,active,0.79,youtube_transcript:asx-daily-rundown-atlassian-lifts-tech-a2-milk-recall-shock-accent-group-all-time-lows:88e960386e503796,youtube_transcript,"ASX Daily Rundown | Atlassian Lifts Tech, A2 Milk Recall Shock & Accent Group All-Time Lows",2026-05-04T08:15:01Z,2026-05-04T08:25:03+00:00,2026-05-04T08:25:03+00:00,fanout_0001,67,candidate_expire_duplicate_fanout,status_expire_candidate,explicit target PET/PETT/PETTIMED does not match current entity; duplicate fanout cluster preserves matching target rows elsewhere,high,MEDIUM,no,company_memory.sqlite:memory_entries,DATA_MISSING
655,VERITUS,risk,PETTIMED's capital raising at 1 cent per share,active,0.79,youtube_transcript:asx-daily-rundown-atlassian-lifts-tech-a2-milk-recall-shock-accent-group-all-time-lows:88e960386e503796,youtube_transcript,"ASX Daily Rundown | Atlassian Lifts Tech, A2 Milk Recall Shock & Accent Group All-Time Lows",2026-05-04T08:15:01Z,2026-05-04T08:25:03+00:00,2026-05-04T08:25:03+00:00,fanout_0001,67,candidate_expire_duplicate_fanout,status_expire_candidate,explicit target PET/PETT/PETTIMED does not match current entity; duplicate fanout cluster preserves matching target rows elsewhere,high,MEDIUM,no,company_memory.sqlite:memory_entries,DATA_MISSING
657,IMPEDIMED,risk,PETTIMED's capital raising at 1 cent per share,active,0.79,youtube_transcript:asx-daily-rundown-atlassian-lifts-tech-a2-milk-recall-shock-accent-group-all-time-lows:88e960386e503796,youtube_transcript,"ASX Daily Rundown | Atlassian Lifts Tech, A2 Milk Recall Shock & Accent Group All-Time Lows",2026-05-04T08:15:01Z,2026-05-04T08:25:03+00:00,2026-05-04T08:25:03+00:00,fanout_0001,67,candidate_expire_duplicate_fanout,status_expire_candidate,explicit target PET/PETT/PETTIMED does not match current entity; duplicate fanout cluster preserves matching target rows elsewhere,high,MEDIUM,no,company_memory.sqlite:memory_entries,DATA_MISSING
658,INDE,risk,PETTIMED's capital raising at 1 cent per share,active,0.79,youtube_transcript:asx-daily-rundown-atlassian-lifts-tech-a2-milk-recall-shock-accent-group-all-time-lows:88e960386e503796,youtube_transcript,"ASX Daily Rundown | Atlassian Lifts Tech, A2 Milk Recall Shock & Accent Group All-Time Lows",2026-05-04T08:15:01Z,2026-05-04T08:25:04+00:00,2026-05-04T08:25:04+00:00,fanout_0001,67,candidate_expire_duplicate_fanout,status_expire_candidate,explicit target PET/PETT/PETTIMED does not match current entity; duplicate fanout cluster preserves matching target rows elsewhere,high,MEDIUM,no,company_memory.sqlite:memory_entries,DATA_MISSING
660,C79,risk,PETTIMED's capital raising at 1 cent per share,active,0.79,youtube_transcript:asx-daily-rundown-atlassian-lifts-tech-a2-milk-recall-shock-accent-group-all-time-lows:88e960386e503796,youtube_transcript,"ASX Daily Rundown | Atlassian Lifts Tech, A2 Milk Recall Shock & Accent Group All-Time Lows",2026-05-04T08:15:01Z,2026-05-04T08:25:04+00:00,2026-05-04T08:25:04+00:00,fanout_0001,67,candidate_expire_duplicate_fanout,status_expire_candidate,explicit target PET/PETT/PETTIMED does not match current entity; duplicate fanout cluster preserves matching target rows elsewhere,high,MEDIUM,no,company_memory.sqlite:memory_entries,DATA_MISSING
661,A2M,risk,PETTIMED's capital raising at 1 cent per share,active,0.79,youtube_transcript:asx-daily-rundown-atlassian-lifts-tech-a2-milk-recall-shock-accent-group-all-time-lows:88e960386e503796,youtube_transcript,"ASX Daily Rundown | Atlassian Lifts Tech, A2 Milk Recall Shock & Accent Group All-Time Lows",2026-05-04T08:15:01Z,2026-05-04T08:25:04+00:00,2026-05-04T08:25:04+00:00,fanout_0001,67,candidate_expire_duplicate_fanout,status_expire_candidate,explicit target PET/PETT/PETTIMED does not match current entity; duplicate fanout cluster preserves matching target rows elsewhere,high,MEDIUM,no,company_memory.sqlite:memory_entries,DATA_MISSING
662,ACCENT GROUP,risk,PETTIMED's capital raising at 1 cent per share,active,0.79,youtube_transcript:asx-daily-rundown-atlassian-lifts-tech-a2-milk-recall-shock-accent-group-all-time-lows:88e960386e503796,youtube_transcript,"ASX Daily Rundown | Atlassian Lifts Tech, A2 Milk Recall Shock & Accent Group All-Time Lows",2026-05-04T08:15:01Z,2026-05-04T08:25:04+00:00,2026-05-04T08:25:04+00:00,fanout_0001,67,candidate_expire_duplicate_fanout,status_expire_candidate,explicit target PET/PETT/PETTIMED does not match current entity; duplicate fanout cluster preserves matching target rows elsewhere,high,MEDIUM,no,company_memory.sqlite:memory_entries,DATA_MISSING
663,ASX,risk,A2 MILK's product recall and negative market reaction,active,0.74,youtube_transcript:asx-daily-rundown-atlassian-lifts-tech-a2-milk-recall-shock-accent-group-all-time-lows:88e960386e503796,youtube_transcript,"ASX Daily Rundown | Atlassian Lifts Tech, A2 Milk Recall Shock & Accent Group All-Time Lows",2026-05-04T08:15:01Z,2026-05-04T08:25:04+00:00,2026-05-04T08:25:04+00:00,fanout_0017,41,candidate_expire_duplicate_fanout,status_expire_candidate,explicit target A2M/A2 MILK does not match current entity; duplicate fanout cluster preserves matching target rows elsewhere,high,MEDIUM,no,company_memory.sqlite:memory_entries,DATA_MISSING
664,TXT,risk,A2 MILK's product recall and negative market reaction,active,0.74,youtube_transcript:asx-daily-rundown-atlassian-lifts-tech-a2-milk-recall-shock-accent-group-all-time-lows:88e960386e503796,youtube_transcript,"ASX Daily Rundown | Atlassian Lifts Tech, A2 Milk Recall Shock & Accent Group All-Time Lows",2026-05-04T08:15:01Z,2026-05-04T08:25:04+00:00,2026-05-04T08:25:04+00:00,fanout_0017,41,candidate_expire_duplicate_fanout,status_expire_candidate,explicit target A2M/A2 MILK does not match current entity; duplicate fanout cluster preserves matching target rows elsewhere,high,MEDIUM,no,company_memory.sqlite:memory_entries,DATA_MISSING
665,XTX,risk,A2 MILK's product recall and negative market reaction,active,0.74,youtube_transcript:asx-daily-rundown-atlassian-lifts-tech-a2-milk-recall-shock-accent-group-all-time-lows:88e960386e503796,youtube_transcript,"ASX Daily Rundown | Atlassian Lifts Tech, A2 Milk Recall Shock & Accent Group All-Time Lows",2026-05-04T08:15:01Z,2026-05-04T08:25:04+00:00,2026-05-04T08:25:04+00:00,fanout_0017,41,candidate_expire_duplicate_fanout,status_expire_candidate,explicit target A2M/A2 MILK does not match current entity; duplicate fanout cluster preserves matching target rows elsewhere,high,MEDIUM,no,company_memory.sqlite:memory_entries,DATA_MISSING
667,ENDEAVOR GROUP,risk,A2 MILK's product recall and negative market reaction,active,0.74,youtube_transcript:asx-daily-rundown-atlassian-lifts-tech-a2-milk-recall-shock-accent-group-all-time-lows:88e960386e503796,youtube_transcript,"ASX Daily Rundown | Atlassian Lifts Tech, A2 Milk Recall Shock & Accent Group All-Time Lows",2026-05-04T08:15:01Z,2026-05-04T08:25:05+00:00,2026-05-04T08:25:05+00:00,fanout_0017,41,candidate_expire_duplicate_fanout,status_expire_candidate,explicit target A2M/A2 MILK does not match current entity; duplicate fanout cluster preserves matching target rows elsewhere,high,MEDIUM,no,company_memory.sqlite:memory_entries,DATA_MISSING
668,END,observed_fact,Atlassian's share price is up about 30% due to better-than-expected results,active,0.8,youtube_transcript:asx-daily-rundown-atlassian-lifts-tech-a2-milk-recall-shock-accent-group-all-time-lows:88e960386e503796,youtube_transcript,"ASX Daily Rundown | Atlassian Lifts Tech, A2 Milk Recall Shock & Accent Group All-Time Lows",2026-05-04T08:15:01Z,2026-05-04T08:25:06+00:00,2026-05-04T08:25:06+00:00,fanout_0007,50,candidate_expire_duplicate_fanout,status_expire_candidate,explicit target ATLASSIAN does not match current entity; duplicate fanout cluster preserves matching target rows elsewhere,high,MEDIUM,no,company_memory.sqlite:memory_entries,DATA_MISSING
669,COH,observed_fact,Atlassian's share price is up about 30% due to better-than-expected results,active,0.8,youtube_transcript:asx-daily-rundown-atlassian-lifts-tech-a2-milk-recall-shock-accent-group-all-time-lows:88e960386e503796,youtube_transcript,"ASX Daily Rundown | Atlassian Lifts Tech, A2 Milk Recall Shock & Accent Group All-Time Lows",2026-05-04T08:15:01Z,2026-05-04T08:25:06+00:00,2026-05-04T08:25:06+00:00,fanout_0007,50,candidate_expire_duplicate_fanout,status_expire_candidate,explicit target ATLASSIAN does not match current entity; duplicate fanout cluster preserves matching target rows elsewhere,high,MEDIUM,no,company_memory.sqlite:memory_entries,DATA_MISSING
670,WES,observed_fact,Atlassian's share price is up about 30% due to better-than-expected results,active,0.8,youtube_transcript:asx-daily-rundown-atlassian-lifts-tech-a2-milk-recall-shock-accent-group-all-time-lows:88e960386e503796,youtube_transcript,"ASX Daily Rundown | Atlassian Lifts Tech, A2 Milk Recall Shock & Accent Group All-Time Lows",2026-05-04T08:15:01Z,2026-05-04T08:25:06+00:00,2026-05-04T08:25:06+00:00,fanout_0007,50,candidate_expire_duplicate_fanout,status_expire_candidate,explicit target ATLASSIAN does not match current entity; duplicate fanout cluster preserves matching target rows elsewhere,high,MEDIUM,no,company_memory.sqlite:memory_entries,DATA_MISSING
671,WBC,observed_fact,Atlassian's share price is up about 30% due to better-than-expected results,active,0.8,youtube_transcript:asx-daily-rundown-atlassian-lifts-tech-a2-milk-recall-shock-accent-group-all-time-lows:88e960386e503796,youtube_transcript,"ASX Daily Rundown | Atlassian Lifts Tech, A2 Milk Recall Shock & Accent Group All-Time Lows",2026-05-04T08:15:01Z,2026-05-04T08:25:06+00:00,2026-05-04T08:25:06+00:00,fanout_0007,50,candidate_expire_duplicate_fanout,status_expire_candidate,explicit target ATLASSIAN does not match current entity; duplicate fanout cluster preserves matching target rows elsewhere,high,MEDIUM,no,company_memory.sqlite:memory_entries,DATA_MISSING
672,KEY,observed_fact,Atlassian's share price is up about 30% due to better-than-expected results,active,0.8,youtube_transcript:asx-daily-rundown-atlassian-lifts-tech-a2-milk-recall-shock-accent-group-all-time-lows:88e960386e503796,youtube_transcript,"ASX Daily Rundown | Atlassian Lifts Tech, A2 Milk Recall Shock & Accent Group All-Time Lows",2026-05-04T08:15:01Z,2026-05-04T08:25:06+00:00,2026-05-04T08:25:06+00:00,fanout_0007,50,candidate_expire_duplicate_fanout,status_expire_candidate,explicit target ATLASSIAN does not match current entity; duplicate fanout cluster preserves matching target rows elsewhere,high,MEDIUM,no,company_memory.sqlite:memory_entries,DATA_MISSING
673,GCM,observed_fact,Atlassian's share price is up about 30% due to better-than-expected results,active,0.8,youtube_transcript:asx-daily-rundown-atlassian-lifts-tech-a2-milk-recall-shock-accent-group-all-time-lows:88e960386e503796,youtube_transcript,"ASX Daily Rundown | Atlassian Lifts Tech, A2 Milk Recall Shock & Accent Group All-Time Lows",2026-05-04T08:15:01Z,2026-05-04T08:25:06+00:00,2026-05-04T08:25:06+00:00,fanout_0007,50,candidate_expire_duplicate_fanout,status_expire_candidate,explicit target ATLASSIAN does not match current entity; duplicate fanout cluster preserves matching target rows elsewhere,high,MEDIUM,no,company_memory.sqlite:memory_entries,DATA_MISSING
674,MAR,observed_fact,Atlassian's share price is up about 30% due to better-than-expected results,active,0.8,youtube_transcript:asx-daily-rundown-atlassian-lifts-tech-a2-milk-recall-shock-accent-group-all-time-lows:88e960386e503796,youtube_transcript,"ASX Daily Rundown | Atlassian Lifts Tech, A2 Milk Recall Shock & Accent Group All-Time Lows",2026-05-04T08:15:01Z,2026-05-04T08:25:07+00:00,2026-05-04T08:25:07+00:00,fanout_0007,50,candidate_expire_duplicate_fanout,status_expire_candidate,explicit target ATLASSIAN does not match current entity; duplicate fanout cluster preserves matching target rows elsewhere,high,MEDIUM,no,company_memory.sqlite:memory_entries,DATA_MISSING
675,CLT,observed_fact,Atlassian's share price is up about 30% due to better-than-expected results,active,0.8,youtube_transcript:asx-daily-rundown-atlassian-lifts-tech-a2-milk-recall-shock-accent-group-all-time-lows:88e960386e503796,youtube_transcript,"ASX Daily Rundown | Atlassian Lifts Tech, A2 Milk Recall Shock & Accent Group All-Time Lows",2026-05-04T08:15:01Z,2026-05-04T08:25:08+00:00,2026-05-04T08:25:08+00:00,fanout_0007,50,candidate_expire_duplicate_fanout,status_expire_candidate,explicit target ATLASSIAN does not match current entity; duplicate fanout cluster preserves matching target rows elsewhere,high,MEDIUM,no,company_memory.sqlite:memory_entries,DATA_MISSING
676,WIN,observed_fact,Atlassian's share price is up about 30% due to better-than-expected results,active,0.8,youtube_transcript:asx-daily-rundown-atlassian-lifts-tech-a2-milk-recall-shock-accent-group-all-time-lows:88e960386e503796,youtube_transcript,"ASX Daily Rundown | Atlassian Lifts Tech, A2 Milk Recall Shock & Accent Group All-Time Lows",2026-05-04T08:15:01Z,2026-05-04T08:25:08+00:00,2026-05-04T08:25:08+00:00,fanout_0007,50,candidate_expire_duplicate_fanout,status_expire_candidate,explicit target ATLASSIAN does not match current entity; duplicate fanout cluster preserves matching target rows elsewhere,high,MEDIUM,no,company_memory.sqlite:memory_entries,DATA_MISSING
677,SKT,observed_fact,Atlassian's share price is up about 30% due to better-than-expected results,active,0.8,youtube_transcript:asx-daily-rundown-atlassian-lifts-tech-a2-milk-recall-shock-accent-group-all-time-lows:88e960386e503796,youtube_transcript,"ASX Daily Rundown | Atlassian Lifts Tech, A2 Milk Recall Shock & Accent Group All-Time Lows",2026-05-04T08:15:01Z,2026-05-04T08:25:08+00:00,2026-05-04T08:25:08+00:00,fanout_0007,50,candidate_expire_duplicate_fanout,status_expire_candidate,explicit target ATLASSIAN does not match current entity; duplicate fanout cluster preserves matching target rows elsewhere,high,MEDIUM,no,company_memory.sqlite:memory_entries,DATA_MISSING
678,VCE,observed_fact,Atlassian's share price is up about 30% due to better-than-expected results,active,0.8,youtube_transcript:asx-daily-rundown-atlassian-lifts-tech-a2-milk-recall-shock-accent-group-all-time-lows:88e960386e503796,youtube_transcript,"ASX Daily Rundown | Atlassian Lifts Tech, A2 Milk Recall Shock & Accent Group All-Time Lows",2026-05-04T08:15:01Z,2026-05-04T08:25:08+00:00,2026-05-04T08:25:08+00:00,fanout_0007,50,candidate_expire_duplicate_fanout,status_expire_candidate,explicit target ATLASSIAN does not match current entity; duplicate fanout cluster preserves matching target rows elsewhere,high,MEDIUM,no,company_memory.sqlite:memory_entries,DATA_MISSING
679,SNW,observed_fact,Atlassian's share price is up about 30% due to better-than-expected results,active,0.8,youtube_transcript:asx-daily-rundown-atlassian-lifts-tech-a2-milk-recall-shock-accent-group-all-time-lows:88e960386e503796,youtube_transcript,"ASX Daily Rundown | Atlassian Lifts Tech, A2 Milk Recall Shock & Accent Group All-Time Lows",2026-05-04T08:15:01Z,2026-05-04T08:25:08+00:00,2026-05-04T08:25:08+00:00,fanout_0007,50,candidate_expire_duplicate_fanout,status_expire_candidate,explicit target ATLASSIAN does not match current entity; duplicate fanout cluster preserves matching target rows elsewhere,high,MEDIUM,no,company_memory.sqlite:memory_entries,DATA_MISSING
680,LON,observed_fact,Atlassian's share price is up about 30% due to better-than-expected results,active,0.8,youtube_transcript:asx-daily-rundown-atlassian-lifts-tech-a2-milk-recall-shock-accent-group-all-time-lows:88e960386e503796,youtube_transcript,"ASX Daily Rundown | Atlassian Lifts Tech, A2 Milk Recall Shock & Accent Group All-Time Lows",2026-05-04T08:15:01Z,2026-05-04T08:25:08+00:00,2026-05-04T08:25:08+00:00,fanout_0007,50,candidate_expire_duplicate_fanout,status_expire_candidate,explicit target ATLASSIAN does not match current entity; duplicate fanout cluster preserves matching target rows elsewhere,high,MEDIUM,no,company_memory.sqlite:memory_entries,DATA_MISSING
681,PET,observed_fact,Atlassian's share price is up about 30% due to better-than-expected results,active,0.8,youtube_transcript:asx-daily-rundown-atlassian-lifts-tech-a2-milk-recall-shock-accent-group-all-time-lows:88e960386e503796,youtube_transcript,"ASX Daily Rundown | Atlassian Lifts Tech, A2 Milk Recall Shock & Accent Group All-Time Lows",2026-05-04T08:15:01Z,2026-05-04T08:25:08+00:00,2026-05-04T08:25:08+00:00,fanout_0007,50,candidate_expire_duplicate_fanout,status_expire_candidate,explicit target ATLASSIAN does not match current entity; duplicate fanout cluster preserves matching target rows elsewhere,high,MEDIUM,no,company_memory.sqlite:memory_entries,DATA_MISSING
682,STK,observed_fact,Atlassian's share price is up about 30% due to better-than-expected results,active,0.8,youtube_transcript:asx-daily-rundown-atlassian-lifts-tech-a2-milk-recall-shock-accent-group-all-time-lows:88e960386e503796,youtube_transcript,"ASX Daily Rundown | Atlassian Lifts Tech, A2 Milk Recall Shock & Accent Group All-Time Lows",2026-05-04T08:15:01Z,2026-05-04T08:25:08+00:00,2026-05-04T08:25:08+00:00,fanout_0007,50,candidate_expire_duplicate_fanout,status_expire_candidate,explicit target ATLASSIAN does not match current entity; duplicate fanout cluster preserves matching target rows elsewhere,high,MEDIUM,no,company_memory.sqlite:memory_entries,DATA_MISSING
709,ASX,observed_fact,"NAB's half-year results were not good, showing very little growth",active,0.79,youtube_transcript:asx-daily-rundown-atlassian-lifts-tech-a2-milk-recall-shock-accent-group-all-time-lows:88e960386e503796,youtube_transcript,"ASX Daily Rundown | Atlassian Lifts Tech, A2 Milk Recall Shock & Accent Group All-Time Lows",2026-05-04T08:15:01Z,2026-05-04T08:25:12+00:00,2026-05-04T08:25:12+00:00,fanout_0020,34,candidate_expire_duplicate_fanout,status_expire_candidate,explicit target NAB does not match current entity; duplicate fanout cluster preserves matching target rows elsewhere,high,MEDIUM,no,company_memory.sqlite:memory_entries,DATA_MISSING
710,TXT,observed_fact,"NAB's half-year results were not good, showing very little growth",active,0.79,youtube_transcript:asx-daily-rundown-atlassian-lifts-tech-a2-milk-recall-shock-accent-group-all-time-lows:88e960386e503796,youtube_transcript,"ASX Daily Rundown | Atlassian Lifts Tech, A2 Milk Recall Shock & Accent Group All-Time Lows",2026-05-04T08:15:01Z,2026-05-04T08:25:12+00:00,2026-05-04T08:25:12+00:00,fanout_0020,34,candidate_expire_duplicate_fanout,status_expire_candidate,explicit target NAB does not match current entity; duplicate fanout cluster preserves matching target rows elsewhere,high,MEDIUM,no,company_memory.sqlite:memory_entries,DATA_MISSING
711,XTX,observed_fact,"NAB's half-year results were not good, showing very little growth",active,0.79,youtube_transcript:asx-daily-rundown-atlassian-lifts-tech-a2-milk-recall-shock-accent-group-all-time-lows:88e960386e503796,youtube_transcript,"ASX Daily Rundown | Atlassian Lifts Tech, A2 Milk Recall Shock & Accent Group All-Time Lows",2026-05-04T08:15:01Z,2026-05-04T08:25:13+00:00,2026-05-04T08:25:13+00:00,fanout_0020,34,candidate_expire_duplicate_fanout,status_expire_candidate,explicit target NAB does not match current entity; duplicate fanout cluster preserves matching target rows elsewhere,high,MEDIUM,no,company_memory.sqlite:memory_entries,DATA_MISSING
712,A2M,observed_fact,"NAB's half-year results were not good, showing very little growth",active,0.79,youtube_transcript:asx-daily-rundown-atlassian-lifts-tech-a2-milk-recall-shock-accent-group-all-time-lows:88e960386e503796,youtube_transcript,"ASX Daily Rundown | Atlassian Lifts Tech, A2 Milk Recall Shock & Accent Group All-Time Lows",2026-05-04T08:15:01Z,2026-05-04T08:25:13+00:00,2026-05-04T08:25:13+00:00,fanout_0020,34,candidate_expire_duplicate_fanout,status_expire_candidate,explicit target NAB does not match current entity; duplicate fanout cluster preserves matching target rows elsewhere,high,MEDIUM,no,company_memory.sqlite:memory_entries,DATA_MISSING
713,END,observed_fact,"NAB's half-year results were not good, showing very little growth",active,0.79,youtube_transcript:asx-daily-rundown-atlassian-lifts-tech-a2-milk-recall-shock-accent-group-all-time-lows:88e960386e503796,youtube_transcript,"ASX Daily Rundown | Atlassian Lifts Tech, A2 Milk Recall Shock & Accent Group All-Time Lows",2026-05-04T08:15:01Z,2026-05-04T08:25:13+00:00,2026-05-04T08:25:13+00:00,fanout_0020,34,candidate_expire_duplicate_fanout,status_expire_candidate,explicit target NAB does not match current entity; duplicate fanout cluster preserves matching target rows elsewhere,high,MEDIUM,no,company_memory.sqlite:memory_entries,DATA_MISSING
714,COH,observed_fact,"NAB's half-year results were not good, showing very little growth",active,0.79,youtube_transcript:asx-daily-rundown-atlassian-lifts-tech-a2-milk-recall-shock-accent-group-all-time-lows:88e960386e503796,youtube_transcript,"ASX Daily Rundown | Atlassian Lifts Tech, A2 Milk Recall Shock & Accent Group All-Time Lows",2026-05-04T08:15:01Z,2026-05-04T08:25:13+00:00,2026-05-04T08:25:13+00:00,fanout_0020,34,candidate_expire_duplicate_fanout,status_expire_candidate,explicit target NAB does not match current entity; duplicate fanout cluster preserves matching target rows elsewhere,high,MEDIUM,no,company_memory.sqlite:memory_entries,DATA_MISSING
715,WES,observed_fact,"NAB's half-year results were not good, showing very little growth",active,0.79,youtube_transcript:asx-daily-rundown-atlassian-lifts-tech-a2-milk-recall-shock-accent-group-all-time-lows:88e960386e503796,youtube_transcript,"ASX Daily Rundown | Atlassian Lifts Tech, A2 Milk Recall Shock & Accent Group All-Time Lows",2026-05-04T08:15:01Z,2026-05-04T08:25:13+00:00,2026-05-04T08:25:13+00:00,fanout_0020,34,candidate_expire_duplicate_fanout,status_expire_candidate,explicit target NAB does not match current entity; duplicate fanout cluster preserves matching target rows elsewhere,high,MEDIUM,no,company_memory.sqlite:memory_entries,DATA_MISSING
716,BHP,observed_fact,"NAB's half-year results were not good, showing very little growth",active,0.79,youtube_transcript:asx-daily-rundown-atlassian-lifts-tech-a2-milk-recall-shock-accent-group-all-time-lows:88e960386e503796,youtube_transcript,"ASX Daily Rundown | Atlassian Lifts Tech, A2 Milk Recall Shock & Accent Group All-Time Lows",2026-05-04T08:15:01Z,2026-05-04T08:25:13+00:00,2026-05-04T08:25:13+00:00,fanout_0020,34,candidate_expire_duplicate_fanout,status_expire_candidate,explicit target NAB does not match current entity; duplicate fanout cluster preserves matching target rows elsewhere,high,MEDIUM,no,company_memory.sqlite:memory_entries,DATA_MISSING
718,WBC,observed_fact,"NAB's half-year results were not good, showing very little growth",active,0.79,youtube_transcript:asx-daily-rundown-atlassian-lifts-tech-a2-milk-recall-shock-accent-group-all-time-lows:88e960386e503796,youtube_transcript,"ASX Daily Rundown | Atlassian Lifts Tech, A2 Milk Recall Shock & Accent Group All-Time Lows",2026-05-04T08:15:01Z,2026-05-04T08:25:13+00:00,2026-05-04T08:25:13+00:00,fanout_0020,34,candidate_expire_duplicate_fanout,status_expire_candidate,explicit target NAB does not match current entity; duplicate fanout cluster preserves matching target rows elsewhere,high,MEDIUM,no,company_memory.sqlite:memory_entries,DATA_MISSING
719,KEY,observed_fact,"NAB's half-year results were not good, showing very little growth",active,0.79,youtube_transcript:asx-daily-rundown-atlassian-lifts-tech-a2-milk-recall-shock-accent-group-all-time-lows:88e960386e503796,youtube_transcript,"ASX Daily Rundown | Atlassian Lifts Tech, A2 Milk Recall Shock & Accent Group All-Time Lows",2026-05-04T08:15:01Z,2026-05-04T08:25:13+00:00,2026-05-04T08:25:13+00:00,fanout_0020,34,candidate_expire_duplicate_fanout,status_expire_candidate,explicit target NAB does not match current entity; duplicate fanout cluster preserves matching target rows elsewhere,high,MEDIUM,no,company_memory.sqlite:memory_entries,DATA_MISSING
720,GCM,observed_fact,"NAB's half-year results were not good, showing very little growth",active,0.79,youtube_transcript:asx-daily-rundown-atlassian-lifts-tech-a2-milk-recall-shock-accent-group-all-time-lows:88e960386e503796,youtube_transcript,"ASX Daily Rundown | Atlassian Lifts Tech, A2 Milk Recall Shock & Accent Group All-Time Lows",2026-05-04T08:15:01Z,2026-05-04T08:25:13+00:00,2026-05-04T08:25:13+00:00,fanout_0020,34,candidate_expire_duplicate_fanout,status_expire_candidate,explicit target NAB does not match current entity; duplicate fanout cluster preserves matching target rows elsewhere,high,MEDIUM,no,company_memory.sqlite:memory_entries,DATA_MISSING
721,MAR,observed_fact,"NAB's half-year results were not good, showing very little growth",active,0.79,youtube_transcript:asx-daily-rundown-atlassian-lifts-tech-a2-milk-recall-shock-accent-group-all-time-lows:88e960386e503796,youtube_transcript,"ASX Daily Rundown | Atlassian Lifts Tech, A2 Milk Recall Shock & Accent Group All-Time Lows",2026-05-04T08:15:01Z,2026-05-04T08:25:13+00:00,2026-05-04T08:25:13+00:00,fanout_0020,34,candidate_expire_duplicate_fanout,status_expire_candidate,explicit target NAB does not match current entity; duplicate fanout cluster preserves matching target rows elsewhere,high,MEDIUM,no,company_memory.sqlite:memory_entries,DATA_MISSING
722,CLT,observed_fact,"NAB's half-year results were not good, showing very little growth",active,0.79,youtube_transcript:asx-daily-rundown-atlassian-lifts-tech-a2-milk-recall-shock-accent-group-all-time-lows:88e960386e503796,youtube_transcript,"ASX Daily Rundown | Atlassian Lifts Tech, A2 Milk Recall Shock & Accent Group All-Time Lows",2026-05-04T08:15:01Z,2026-05-04T08:25:13+00:00,2026-05-04T08:25:13+00:00,fanout_0020,34,candidate_expire_duplicate_fanout,status_expire_candidate,explicit target NAB does not match current entity; duplicate fanout cluster preserves matching target rows elsewhere,high,MEDIUM,no,company_memory.sqlite:memory_entries,DATA_MISSING
723,WIN,observed_fact,"NAB's half-year results were not good, showing very little growth",active,0.79,youtube_transcript:asx-daily-rundown-atlassian-lifts-tech-a2-milk-recall-shock-accent-group-all-time-lows:88e960386e503796,youtube_transcript,"ASX Daily Rundown | Atlassian Lifts Tech, A2 Milk Recall Shock & Accent Group All-Time Lows",2026-05-04T08:15:01Z,2026-05-04T08:25:13+00:00,2026-05-04T08:25:13+00:00,fanout_0020,34,candidate_expire_duplicate_fanout,status_expire_candidate,explicit target NAB does not match current entity; duplicate fanout cluster preserves matching target rows elsewhere,high,MEDIUM,no,company_memory.sqlite:memory_entries,DATA_MISSING
724,SKT,observed_fact,"NAB's half-year results were not good, showing very little growth",active,0.79,youtube_transcript:asx-daily-rundown-atlassian-lifts-tech-a2-milk-recall-shock-accent-group-all-time-lows:88e960386e503796,youtube_transcript,"ASX Daily Rundown | Atlassian Lifts Tech, A2 Milk Recall Shock & Accent Group All-Time Lows",2026-05-04T08:15:01Z,2026-05-04T08:25:14+00:00,2026-05-04T08:25:14+00:00,fanout_0020,34,candidate_expire_duplicate_fanout,status_expire_candidate,explicit target NAB does not match current entity; duplicate fanout cluster preserves matching target rows elsewhere,high,MEDIUM,no,company_memory.sqlite:memory_entries,DATA_MISSING
725,VCE,observed_fact,"NAB's half-year results were not good, showing very little growth",active,0.79,youtube_transcript:asx-daily-rundown-atlassian-lifts-tech-a2-milk-recall-shock-accent-group-all-time-lows:88e960386e503796,youtube_transcript,"ASX Daily Rundown | Atlassian Lifts Tech, A2 Milk Recall Shock & Accent Group All-Time Lows",2026-05-04T08:15:01Z,2026-05-04T08:25:14+00:00,2026-05-04T08:25:14+00:00,fanout_0020,34,candidate_expire_duplicate_fanout,status_expire_candidate,explicit target NAB does not match current entity; duplicate fanout cluster preserves matching target rows elsewhere,high,MEDIUM,no,company_memory.sqlite:memory_entries,DATA_MISSING
726,SNW,observed_fact,"NAB's half-year results were not good, showing very little growth",active,0.79,youtube_transcript:asx-daily-rundown-atlassian-lifts-tech-a2-milk-recall-shock-accent-group-all-time-lows:88e960386e503796,youtube_transcript,"ASX Daily Rundown | Atlassian Lifts Tech, A2 Milk Recall Shock & Accent Group All-Time Lows",2026-05-04T08:15:01Z,2026-05-04T08:25:14+00:00,2026-05-04T08:25:14+00:00,fanout_0020,34,candidate_expire_duplicate_fanout,status_expire_candidate,explicit target NAB does not match current entity; duplicate fanout cluster preserves matching target rows elsewhere,high,MEDIUM,no,company_memory.sqlite:memory_entries,DATA_MISSING
727,LON,observed_fact,"NAB's half-year results were not good, showing very little growth",active,0.79,youtube_transcript:asx-daily-rundown-atlassian-lifts-tech-a2-milk-recall-shock-accent-group-all-time-lows:88e960386e503796,youtube_transcript,"ASX Daily Rundown | Atlassian Lifts Tech, A2 Milk Recall Shock & Accent Group All-Time Lows",2026-05-04T08:15:01Z,2026-05-04T08:25:14+00:00,2026-05-04T08:25:14+00:00,fanout_0020,34,candidate_expire_duplicate_fanout,status_expire_candidate,explicit target NAB does not match current entity; duplicate fanout cluster preserves matching target rows elsewhere,high,MEDIUM,no,company_memory.sqlite:memory_entries,DATA_MISSING
728,PET,observed_fact,"NAB's half-year results were not good, showing very little growth",active,0.79,youtube_transcript:asx-daily-rundown-atlassian-lifts-tech-a2-milk-recall-shock-accent-group-all-time-lows:88e960386e503796,youtube_transcript,"ASX Daily Rundown | Atlassian Lifts Tech, A2 Milk Recall Shock & Accent Group All-Time Lows",2026-05-04T08:15:01Z,2026-05-04T08:25:15+00:00,2026-05-04T08:25:15+00:00,fanout_0020,34,candidate_expire_duplicate_fanout,status_expire_candidate,explicit target NAB does not match current entity; duplicate fanout cluster preserves matching target rows elsewhere,high,MEDIUM,no,company_memory.sqlite:memory_entries,DATA_MISSING
729,STK,observed_fact,"NAB's half-year results were not good, showing very little growth",active,0.79,youtube_transcript:asx-daily-rundown-atlassian-lifts-tech-a2-milk-recall-shock-accent-group-all-time-lows:88e960386e503796,youtube_transcript,"ASX Daily Rundown | Atlassian Lifts Tech, A2 Milk Recall Shock & Accent Group All-Time Lows",2026-05-04T08:15:01Z,2026-05-04T08:25:15+00:00,2026-05-04T08:25:15+00:00,fanout_0020,34,candidate_expire_duplicate_fanout,status_expire_candidate,explicit target NAB does not match current entity; duplicate fanout cluster preserves matching target rows elsewhere,high,MEDIUM,no,company_memory.sqlite:memory_entries,DATA_MISSING
730,INDE,observed_fact,"NAB's half-year results were not good, showing very little growth",active,0.79,youtube_transcript:asx-daily-rundown-atlassian-lifts-tech-a2-milk-recall-shock-accent-group-all-time-lows:88e960386e503796,youtube_transcript,"ASX Daily Rundown | Atlassian Lifts Tech, A2 Milk Recall Shock & Accent Group All-Time Lows",2026-05-04T08:15:01Z,2026-05-04T08:25:15+00:00,2026-05-04T08:25:15+00:00,fanout_0020,34,candidate_expire_duplicate_fanout,status_expire_candidate,explicit target NAB does not match current entity; duplicate fanout cluster preserves matching target rows elsewhere,high,MEDIUM,no,company_memory.sqlite:memory_entries,DATA_MISSING
731,PETT,observed_fact,"NAB's half-year results were not good, showing very little growth",active,0.79,youtube_transcript:asx-daily-rundown-atlassian-lifts-tech-a2-milk-recall-shock-accent-group-all-time-lows:88e960386e503796,youtube_transcript,"ASX Daily Rundown | Atlassian Lifts Tech, A2 Milk Recall Shock & Accent Group All-Time Lows",2026-05-04T08:15:01Z,2026-05-04T08:25:15+00:00,2026-05-04T08:25:15+00:00,fanout_0020,34,candidate_expire_duplicate_fanout,status_expire_candidate,explicit target NAB does not match current entity; duplicate fanout cluster preserves matching target rows elsewhere,high,MEDIUM,no,company_memory.sqlite:memory_entries,DATA_MISSING
732,C79,observed_fact,"NAB's half-year results were not good, showing very little growth",active,0.79,youtube_transcript:asx-daily-rundown-atlassian-lifts-tech-a2-milk-recall-shock-accent-group-all-time-lows:88e960386e503796,youtube_transcript,"ASX Daily Rundown | Atlassian Lifts Tech, A2 Milk Recall Shock & Accent Group All-Time Lows",2026-05-04T08:15:01Z,2026-05-04T08:25:15+00:00,2026-05-04T08:25:15+00:00,fanout_0020,34,candidate_expire_duplicate_fanout,status_expire_candidate,explicit target NAB does not match current entity; duplicate fanout cluster preserves matching target rows elsewhere,high,MEDIUM,no,company_memory.sqlite:memory_entries,DATA_MISSING
733,A2 MILK,observed_fact,"NAB's half-year results were not good, showing very little growth",active,0.79,youtube_transcript:asx-daily-rundown-atlassian-lifts-tech-a2-milk-recall-shock-accent-group-all-time-lows:88e960386e503796,youtube_transcript,"ASX Daily Rundown | Atlassian Lifts Tech, A2 Milk Recall Shock & Accent Group All-Time Lows",2026-05-04T08:15:01Z,2026-05-04T08:25:15+00:00,2026-05-04T08:25:15+00:00,fanout_0020,34,candidate_expire_duplicate_fanout,status_expire_candidate,explicit target NAB does not match current entity; duplicate fanout cluster preserves matching target rows elsewhere,high,MEDIUM,no,company_memory.sqlite:memory_entries,DATA_MISSING
734,ACCENT GROUP,observed_fact,"NAB's half-year results were not good, showing very little growth",active,0.79,youtube_transcript:asx-daily-rundown-atlassian-lifts-tech-a2-milk-recall-shock-accent-group-all-time-lows:88e960386e503796,youtube_transcript,"ASX Daily Rundown | Atlassian Lifts Tech, A2 Milk Recall Shock & Accent Group All-Time Lows",2026-05-04T08:15:01Z,2026-05-04T08:25:15+00:00,2026-05-04T08:25:15+00:00,fanout_0020,34,candidate_expire_duplicate_fanout,status_expire_candidate,explicit target NAB does not match current entity; duplicate fanout cluster preserves matching target rows elsewhere,high,MEDIUM,no,company_memory.sqlite:memory_entries,DATA_MISSING
735,ATLASSIAN,risk,A2 MILK's product recall and negative market reaction,active,0.74,youtube_transcript:asx-daily-rundown-atlassian-lifts-tech-a2-milk-recall-shock-accent-group-all-time-lows:88e960386e503796,youtube_transcript,"ASX Daily Rundown | Atlassian Lifts Tech, A2 Milk Recall Shock & Accent Group All-Time Lows",2026-05-04T08:15:01Z,2026-05-04T08:25:05+00:00,2026-05-04T08:25:05+00:00,fanout_0017,41,candidate_expire_duplicate_fanout,status_expire_candidate,explicit target A2M/A2 MILK does not match current entity; duplicate fanout cluster preserves matching target rows elsewhere,high,MEDIUM,no,company_memory.sqlite:memory_entries,DATA_MISSING
736,NAB,risk,A2 MILK's product recall and negative market reaction,active,0.74,youtube_transcript:asx-daily-rundown-atlassian-lifts-tech-a2-milk-recall-shock-accent-group-all-time-lows:88e960386e503796,youtube_transcript,"ASX Daily Rundown | Atlassian Lifts Tech, A2 Milk Recall Shock & Accent Group All-Time Lows",2026-05-04T08:15:01Z,2026-05-04T08:25:16+00:00,2026-05-04T08:25:16+00:00,fanout_0017,41,candidate_expire_duplicate_fanout,status_expire_candidate,explicit target A2M/A2 MILK does not match current entity; duplicate fanout cluster preserves matching target rows elsewhere,high,MEDIUM,no,company_memory.sqlite:memory_entries,DATA_MISSING
737,BHP,risk,A2 MILK's product recall and negative market reaction,active,0.74,youtube_transcript:asx-daily-rundown-atlassian-lifts-tech-a2-milk-recall-shock-accent-group-all-time-lows:88e960386e503796,youtube_transcript,"ASX Daily Rundown | Atlassian Lifts Tech, A2 Milk Recall Shock & Accent Group All-Time Lows",2026-05-04T08:15:01Z,2026-05-04T08:25:16+00:00,2026-05-04T08:25:16+00:00,fanout_0017,41,candidate_expire_duplicate_fanout,status_expire_candidate,explicit target A2M/A2 MILK does not match current entity; duplicate fanout cluster preserves matching target rows elsewhere,high,MEDIUM,no,company_memory.sqlite:memory_entries,DATA_MISSING
738,KEY PETROLEUM,risk,A2 MILK's product recall and negative market reaction,active,0.74,youtube_transcript:asx-daily-rundown-atlassian-lifts-tech-a2-milk-recall-shock-accent-group-all-time-lows:88e960386e503796,youtube_transcript,"ASX Daily Rundown | Atlassian Lifts Tech, A2 Milk Recall Shock & Accent Group All-Time Lows",2026-05-04T08:15:01Z,2026-05-04T08:25:16+00:00,2026-05-04T08:25:16+00:00,fanout_0017,41,candidate_expire_duplicate_fanout,status_expire_candidate,explicit target A2M/A2 MILK does not match current entity; duplicate fanout cluster preserves matching target rows elsewhere,high,MEDIUM,no,company_memory.sqlite:memory_entries,DATA_MISSING
739,GCM CORPORATION,risk,A2 MILK's product recall and negative market reaction,active,0.74,youtube_transcript:asx-daily-rundown-atlassian-lifts-tech-a2-milk-recall-shock-accent-group-all-time-lows:88e960386e503796,youtube_transcript,"ASX Daily Rundown | Atlassian Lifts Tech, A2 Milk Recall Shock & Accent Group All-Time Lows",2026-05-04T08:15:01Z,2026-05-04T08:25:16+00:00,2026-05-04T08:25:16+00:00,fanout_0017,41,candidate_expire_duplicate_fanout,status_expire_candidate,explicit target A2M/A2 MILK does not match current entity; duplicate fanout cluster preserves matching target rows elsewhere,high,MEDIUM,no,company_memory.sqlite:memory_entries,DATA_MISSING
740,MARINO AND CO,risk,A2 MILK's product recall and negative market reaction,active,0.74,youtube_transcript:asx-daily-rundown-atlassian-lifts-tech-a2-milk-recall-shock-accent-group-all-time-lows:88e960386e503796,youtube_transcript,"ASX Daily Rundown | Atlassian Lifts Tech, A2 Milk Recall Shock & Accent Group All-Time Lows",2026-05-04T08:15:01Z,2026-05-04T08:25:16+00:00,2026-05-04T08:25:16+00:00,fanout_0017,41,candidate_expire_duplicate_fanout,status_expire_candidate,explicit target A2M/A2 MILK does not match current entity; duplicate fanout cluster preserves matching target rows elsewhere,high,MEDIUM,no,company_memory.sqlite:memory_entries,DATA_MISSING
741,CLARITY,risk,A2 MILK's product recall and negative market reaction,active,0.74,youtube_transcript:asx-daily-rundown-atlassian-lifts-tech-a2-milk-recall-shock-accent-group-all-time-lows:88e960386e503796,youtube_transcript,"ASX Daily Rundown | Atlassian Lifts Tech, A2 Milk Recall Shock & Accent Group All-Time Lows",2026-05-04T08:15:01Z,2026-05-04T08:25:16+00:00,2026-05-04T08:25:16+00:00,fanout_0017,41,candidate_expire_duplicate_fanout,status_expire_candidate,explicit target A2M/A2 MILK does not match current entity; duplicate fanout cluster preserves matching target rows elsewhere,high,MEDIUM,no,company_memory.sqlite:memory_entries,DATA_MISSING
742,WIN MEDALS,risk,A2 MILK's product recall and negative market reaction,active,0.74,youtube_transcript:asx-daily-rundown-atlassian-lifts-tech-a2-milk-recall-shock-accent-group-all-time-lows:88e960386e503796,youtube_transcript,"ASX Daily Rundown | Atlassian Lifts Tech, A2 Milk Recall Shock & Accent Group All-Time Lows",2026-05-04T08:15:01Z,2026-05-04T08:25:16+00:00,2026-05-04T08:25:16+00:00,fanout_0017,41,candidate_expire_duplicate_fanout,status_expire_candidate,explicit target A2M/A2 MILK does not match current entity; duplicate fanout cluster preserves matching target rows elsewhere,high,MEDIUM,no,company_memory.sqlite:memory_entries,DATA_MISSING
743,AXEN GROUP,risk,A2 MILK's product recall and negative market reaction,active,0.74,youtube_transcript:asx-daily-rundown-atlassian-lifts-tech-a2-milk-recall-shock-accent-group-all-time-lows:88e960386e503796,youtube_transcript,"ASX Daily Rundown | Atlassian Lifts Tech, A2 Milk Recall Shock & Accent Group All-Time Lows",2026-05-04T08:15:01Z,2026-05-04T08:25:16+00:00,2026-05-04T08:25:16+00:00,fanout_0017,41,candidate_expire_duplicate_fanout,status_expire_candidate,explicit target A2M/A2 MILK does not match current entity; duplicate fanout cluster preserves matching target rows elsewhere,high,MEDIUM,no,company_memory.sqlite:memory_entries,DATA_MISSING
744,STRICKLAND METALS,risk,A2 MILK's product recall and negative market reaction,active,0.74,youtube_transcript:asx-daily-rundown-atlassian-lifts-tech-a2-milk-recall-shock-accent-group-all-time-lows:88e960386e503796,youtube_transcript,"ASX Daily Rundown | Atlassian Lifts Tech, A2 Milk Recall Shock & Accent Group All-Time Lows",2026-05-04T08:15:01Z,2026-05-04T08:25:16+00:00,2026-05-04T08:25:16+00:00,fanout_0017,41,candidate_expire_duplicate_fanout,status_expire_candidate,explicit target A2M/A2 MILK does not match current entity; duplicate fanout cluster preserves matching target rows elsewhere,high,MEDIUM,no,company_memory.sqlite:memory_entries,DATA_MISSING
745,LION TOWN,risk,A2 MILK's product recall and negative market reaction,active,0.74,youtube_transcript:asx-daily-rundown-atlassian-lifts-tech-a2-milk-recall-shock-accent-group-all-time-lows:88e960386e503796,youtube_transcript,"ASX Daily Rundown | Atlassian Lifts Tech, A2 Milk Recall Shock & Accent Group All-Time Lows",2026-05-04T08:15:01Z,2026-05-04T08:25:17+00:00,2026-05-04T08:25:17+00:00,fanout_0017,41,candidate_expire_duplicate_fanout,status_expire_candidate,explicit target A2M/A2 MILK does not match current entity; duplicate fanout cluster preserves matching target rows elsewhere,high,MEDIUM,no,company_memory.sqlite:memory_entries,DATA_MISSING
746,IMRO,risk,A2 MILK's product recall and negative market reaction,active,0.74,youtube_transcript:asx-daily-rundown-atlassian-lifts-tech-a2-milk-recall-shock-accent-group-all-time-lows:88e960386e503796,youtube_transcript,"ASX Daily Rundown | Atlassian Lifts Tech, A2 Milk Recall Shock & Accent Group All-Time Lows",2026-05-04T08:15:01Z,2026-05-04T08:25:17+00:00,2026-05-04T08:25:17+00:00,fanout_0017,41,candidate_expire_duplicate_fanout,status_expire_candidate,explicit target A2M/A2 MILK does not match current entity; duplicate fanout cluster preserves matching target rows elsewhere,high,MEDIUM,no,company_memory.sqlite:memory_entries,DATA_MISSING
747,PENINSULA,risk,A2 MILK's product recall and negative market reaction,active,0.74,youtube_transcript:asx-daily-rundown-atlassian-lifts-tech-a2-milk-recall-shock-accent-group-all-time-lows:88e960386e503796,youtube_transcript,"ASX Daily Rundown | Atlassian Lifts Tech, A2 Milk Recall Shock & Accent Group All-Time Lows",2026-05-04T08:15:01Z,2026-05-04T08:25:17+00:00,2026-05-04T08:25:17+00:00,fanout_0017,41,candidate_expire_duplicate_fanout,status_expire_candidate,explicit target A2M/A2 MILK does not match current entity; duplicate fanout cluster preserves matching target rows elsewhere,high,MEDIUM,no,company_memory.sqlite:memory_entries,DATA_MISSING
748,BRAIN CHIP,risk,A2 MILK's product recall and negative market reaction,active,0.74,youtube_transcript:asx-daily-rundown-atlassian-lifts-tech-a2-milk-recall-shock-accent-group-all-time-lows:88e960386e503796,youtube_transcript,"ASX Daily Rundown | Atlassian Lifts Tech, A2 Milk Recall Shock & Accent Group All-Time Lows",2026-05-04T08:15:01Z,2026-05-04T08:25:17+00:00,2026-05-04T08:25:17+00:00,fanout_0017,41,candidate_expire_duplicate_fanout,status_expire_candidate,explicit target A2M/A2 MILK does not match current entity; duplicate fanout cluster preserves matching target rows elsewhere,high,MEDIUM,no,company_memory.sqlite:memory_entries,DATA_MISSING
749,VERITUS,risk,A2 MILK's product recall and negative market reaction,active,0.74,youtube_transcript:asx-daily-rundown-atlassian-lifts-tech-a2-milk-recall-shock-accent-group-all-time-lows:88e960386e503796,youtube_transcript,"ASX Daily Rundown | Atlassian Lifts Tech, A2 Milk Recall Shock & Accent Group All-Time Lows",2026-05-04T08:15:01Z,2026-05-04T08:25:18+00:00,2026-05-04T08:25:18+00:00,fanout_0017,41,candidate_expire_duplicate_fanout,status_expire_candidate,explicit target A2M/A2 MILK does not match current entity; duplicate fanout cluster preserves matching target rows elsewhere,high,MEDIUM,no,company_memory.sqlite:memory_entries,DATA_MISSING
750,PETTIMED,risk,A2 MILK's product recall and negative market reaction,active,0.74,youtube_transcript:asx-daily-rundown-atlassian-lifts-tech-a2-milk-recall-shock-accent-group-all-time-lows:88e960386e503796,youtube_transcript,"ASX Daily Rundown | Atlassian Lifts Tech, A2 Milk Recall Shock & Accent Group All-Time Lows",2026-05-04T08:15:01Z,2026-05-04T08:25:18+00:00,2026-05-04T08:25:18+00:00,fanout_0017,41,candidate_expire_duplicate_fanout,status_expire_candidate,explicit target A2M/A2 MILK does not match current entity; duplicate fanout cluster preserves matching target rows elsewhere,high,MEDIUM,no,company_memory.sqlite:memory_entries,DATA_MISSING
766,END,observed_fact,Pettimed's share price is down 35.71%,active,0.82,youtube_transcript:asx-daily-rundown-atlassian-lifts-tech-a2-milk-recall-shock-accent-group-all-time-lows:88e960386e503796,youtube_transcript,"ASX Daily Rundown | Atlassian Lifts Tech, A2 Milk Recall Shock & Accent Group All-Time Lows",2026-05-04T08:15:01Z,2026-05-04T08:25:22+00:00,2026-05-04T08:25:22+00:00,fanout_0012,50,candidate_expire_duplicate_fanout,status_expire_candidate,explicit target PET/PETT/PETTIMED does not match current entity; duplicate fanout cluster preserves matching target rows elsewhere,high,MEDIUM,no,company_memory.sqlite:memory_entries,DATA_MISSING
767,COH,observed_fact,Pettimed's share price is down 35.71%,active,0.82,youtube_transcript:asx-daily-rundown-atlassian-lifts-tech-a2-milk-recall-shock-accent-group-all-time-lows:88e960386e503796,youtube_transcript,"ASX Daily Rundown | Atlassian Lifts Tech, A2 Milk Recall Shock & Accent Group All-Time Lows",2026-05-04T08:15:01Z,2026-05-04T08:25:22+00:00,2026-05-04T08:25:22+00:00,fanout_0012,50,candidate_expire_duplicate_fanout,status_expire_candidate,explicit target PET/PETT/PETTIMED does not match current entity; duplicate fanout cluster preserves matching target rows elsewhere,high,MEDIUM,no,company_memory.sqlite:memory_entries,DATA_MISSING
768,WES,observed_fact,Pettimed's share price is down 35.71%,active,0.82,youtube_transcript:asx-daily-rundown-atlassian-lifts-tech-a2-milk-recall-shock-accent-group-all-time-lows:88e960386e503796,youtube_transcript,"ASX Daily Rundown | Atlassian Lifts Tech, A2 Milk Recall Shock & Accent Group All-Time Lows",2026-05-04T08:15:01Z,2026-05-04T08:25:23+00:00,2026-05-04T08:25:23+00:00,fanout_0012,50,candidate_expire_duplicate_fanout,status_expire_candidate,explicit target PET/PETT/PETTIMED does not match current entity; duplicate fanout cluster preserves matching target rows elsewhere,high,MEDIUM,no,company_memory.sqlite:memory_entries,DATA_MISSING
769,WBC,observed_fact,Pettimed's share price is down 35.71%,active,0.82,youtube_transcript:asx-daily-rundown-atlassian-lifts-tech-a2-milk-recall-shock-accent-group-all-time-lows:88e960386e503796,youtube_transcript,"ASX Daily Rundown | Atlassian Lifts Tech, A2 Milk Recall Shock & Accent Group All-Time Lows",2026-05-04T08:15:01Z,2026-05-04T08:25:23+00:00,2026-05-04T08:25:23+00:00,fanout_0012,50,candidate_expire_duplicate_fanout,status_expire_candidate,explicit target PET/PETT/PETTIMED does not match current entity; duplicate fanout cluster preserves matching target rows elsewhere,high,MEDIUM,no,company_memory.sqlite:memory_entries,DATA_MISSING
770,KEY,observed_fact,Pettimed's share price is down 35.71%,active,0.82,youtube_transcript:asx-daily-rundown-atlassian-lifts-tech-a2-milk-recall-shock-accent-group-all-time-lows:88e960386e503796,youtube_transcript,"ASX Daily Rundown | Atlassian Lifts Tech, A2 Milk Recall Shock & Accent Group All-Time Lows",2026-05-04T08:15:01Z,2026-05-04T08:25:23+00:00,2026-05-04T08:25:23+00:00,fanout_0012,50,candidate_expire_duplicate_fanout,status_expire_candidate,explicit target PET/PETT/PETTIMED does not match current entity; duplicate fanout cluster preserves matching target rows elsewhere,high,MEDIUM,no,company_memory.sqlite:memory_entries,DATA_MISSING
771,GCM,observed_fact,Pettimed's share price is down 35.71%,active,0.82,youtube_transcript:asx-daily-rundown-atlassian-lifts-tech-a2-milk-recall-shock-accent-group-all-time-lows:88e960386e503796,youtube_transcript,"ASX Daily Rundown | Atlassian Lifts Tech, A2 Milk Recall Shock & Accent Group All-Time Lows",2026-05-04T08:15:01Z,2026-05-04T08:25:23+00:00,2026-05-04T08:25:23+00:00,fanout_0012,50,candidate_expire_duplicate_fanout,status_expire_candidate,explicit target PET/PETT/PETTIMED does not match current entity; duplicate fanout cluster preserves matching target rows elsewhere,high,MEDIUM,no,company_memory.sqlite:memory_entries,DATA_MISSING
772,MAR,observed_fact,Pettimed's share price is down 35.71%,active,0.82,youtube_transcript:asx-daily-rundown-atlassian-lifts-tech-a2-milk-recall-shock-accent-group-all-time-lows:88e960386e503796,youtube_transcript,"ASX Daily Rundown | Atlassian Lifts Tech, A2 Milk Recall Shock & Accent Group All-Time Lows",2026-05-04T08:15:01Z,2026-05-04T08:25:23+00:00,2026-05-04T08:25:23+00:00,fanout_0012,50,candidate_expire_duplicate_fanout,status_expire_candidate,explicit target PET/PETT/PETTIMED does not match current entity; duplicate fanout cluster preserves matching target rows elsewhere,high,MEDIUM,no,company_memory.sqlite:memory_entries,DATA_MISSING
773,CLT,observed_fact,Pettimed's share price is down 35.71%,active,0.82,youtube_transcript:asx-daily-rundown-atlassian-lifts-tech-a2-milk-recall-shock-accent-group-all-time-lows:88e960386e503796,youtube_transcript,"ASX Daily Rundown | Atlassian Lifts Tech, A2 Milk Recall Shock & Accent Group All-Time Lows",2026-05-04T08:15:01Z,2026-05-04T08:25:24+00:00,2026-05-04T08:25:24+00:00,fanout_0012,50,candidate_expire_duplicate_fanout,status_expire_candidate,explicit target PET/PETT/PETTIMED does not match current entity; duplicate fanout cluster preserves matching target rows elsewhere,high,MEDIUM,no,company_memory.sqlite:memory_entries,DATA_MISSING
774,WIN,observed_fact,Pettimed's share price is down 35.71%,active,0.82,youtube_transcript:asx-daily-rundown-atlassian-lifts-tech-a2-milk-recall-shock-accent-group-all-time-lows:88e960386e503796,youtube_transcript,"ASX Daily Rundown | Atlassian Lifts Tech, A2 Milk Recall Shock & Accent Group All-Time Lows",2026-05-04T08:15:01Z,2026-05-04T08:25:24+00:00,2026-05-04T08:25:24+00:00,fanout_0012,50,candidate_expire_duplicate_fanout,status_expire_candidate,explicit target PET/PETT/PETTIMED does not match current entity; duplicate fanout cluster preserves matching target rows elsewhere,high,MEDIUM,no,company_memory.sqlite:memory_entries,DATA_MISSING
775,SKT,observed_fact,Pettimed's share price is down 35.71%,active,0.82,youtube_transcript:asx-daily-rundown-atlassian-lifts-tech-a2-milk-recall-shock-accent-group-all-time-lows:88e960386e503796,youtube_transcript,"ASX Daily Rundown | Atlassian Lifts Tech, A2 Milk Recall Shock & Accent Group All-Time Lows",2026-05-04T08:15:01Z,2026-05-04T08:25:24+00:00,2026-05-04T08:25:24+00:00,fanout_0012,50,candidate_expire_duplicate_fanout,status_expire_candidate,explicit target PET/PETT/PETTIMED does not match current entity; duplicate fanout cluster preserves matching target rows elsewhere,high,MEDIUM,no,company_memory.sqlite:memory_entries,DATA_MISSING
776,VCE,observed_fact,Pettimed's share price is down 35.71%,active,0.82,youtube_transcript:asx-daily-rundown-atlassian-lifts-tech-a2-milk-recall-shock-accent-group-all-time-lows:88e960386e503796,youtube_transcript,"ASX Daily Rundown | Atlassian Lifts Tech, A2 Milk Recall Shock & Accent Group All-Time Lows",2026-05-04T08:15:01Z,2026-05-04T08:25:24+00:00,2026-05-04T08:25:24+00:00,fanout_0012,50,candidate_expire_duplicate_fanout,status_expire_candidate,explicit target PET/PETT/PETTIMED does not match current entity; duplicate fanout cluster preserves matching target rows elsewhere,high,MEDIUM,no,company_memory.sqlite:memory_entries,DATA_MISSING
777,SNW,observed_fact,Pettimed's share price is down 35.71%,active,0.82,youtube_transcript:asx-daily-rundown-atlassian-lifts-tech-a2-milk-recall-shock-accent-group-all-time-lows:88e960386e503796,youtube_transcript,"ASX Daily Rundown | Atlassian Lifts Tech, A2 Milk Recall Shock & Accent Group All-Time Lows",2026-05-04T08:15:01Z,2026-05-04T08:25:24+00:00,2026-05-04T08:25:24+00:00,fanout_0012,50,candidate_expire_duplicate_fanout,status_expire_candidate,explicit target PET/PETT/PETTIMED does not match current entity; duplicate fanout cluster preserves matching target rows elsewhere,high,MEDIUM,no,company_memory.sqlite:memory_entries,DATA_MISSING
778,LON,observed_fact,Pettimed's share price is down 35.71%,active,0.82,youtube_transcript:asx-daily-rundown-atlassian-lifts-tech-a2-milk-recall-shock-accent-group-all-time-lows:88e960386e503796,youtube_transcript,"ASX Daily Rundown | Atlassian Lifts Tech, A2 Milk Recall Shock & Accent Group All-Time Lows",2026-05-04T08:15:01Z,2026-05-04T08:25:24+00:00,2026-05-04T08:25:24+00:00,fanout_0012,50,candidate_expire_duplicate_fanout,status_expire_candidate,explicit target PET/PETT/PETTIMED does not match current entity; duplicate fanout cluster preserves matching target rows elsewhere,high,MEDIUM,no,company_memory.sqlite:memory_entries,DATA_MISSING
780,STK,observed_fact,Pettimed's share price is down 35.71%,active,0.82,youtube_transcript:asx-daily-rundown-atlassian-lifts-tech-a2-milk-recall-shock-accent-group-all-time-lows:88e960386e503796,youtube_transcript,"ASX Daily Rundown | Atlassian Lifts Tech, A2 Milk Recall Shock & Accent Group All-Time Lows",2026-05-04T08:15:01Z,2026-05-04T08:25:24+00:00,2026-05-04T08:25:24+00:00,fanout_0012,50,candidate_expire_duplicate_fanout,status_expire_candidate,explicit target PET/PETT/PETTIMED does not match current entity; duplicate fanout cluster preserves matching target rows elsewhere,high,MEDIUM,no,company_memory.sqlite:memory_entries,DATA_MISSING
796,END,observed_fact,Chrysos Corporation's share price fell 6.39% despite a positive trading update,active,0.8,youtube_transcript:asx-daily-rundown-atlassian-lifts-tech-a2-milk-recall-shock-accent-group-all-time-lows:88e960386e503796,youtube_transcript,"ASX Daily Rundown | Atlassian Lifts Tech, A2 Milk Recall Shock & Accent Group All-Time Lows",2026-05-04T08:15:01Z,2026-05-04T08:25:31+00:00,2026-05-04T08:25:31+00:00,fanout_0008,50,candidate_expire_duplicate_fanout,status_expire_candidate,explicit target CHRYSOS/C79/GCM does not match current entity; duplicate fanout cluster preserves matching target rows elsewhere,high,MEDIUM,no,company_memory.sqlite:memory_entries,DATA_MISSING
797,COH,observed_fact,Chrysos Corporation's share price fell 6.39% despite a positive trading update,active,0.8,youtube_transcript:asx-daily-rundown-atlassian-lifts-tech-a2-milk-recall-shock-accent-group-all-time-lows:88e960386e503796,youtube_transcript,"ASX Daily Rundown | Atlassian Lifts Tech, A2 Milk Recall Shock & Accent Group All-Time Lows",2026-05-04T08:15:01Z,2026-05-04T08:25:31+00:00,2026-05-04T08:25:31+00:00,fanout_0008,50,candidate_expire_duplicate_fanout,status_expire_candidate,explicit target CHRYSOS/C79/GCM does not match current entity; duplicate fanout cluster preserves matching target rows elsewhere,high,MEDIUM,no,company_memory.sqlite:memory_entries,DATA_MISSING
798,WES,observed_fact,Chrysos Corporation's share price fell 6.39% despite a positive trading update,active,0.8,youtube_transcript:asx-daily-rundown-atlassian-lifts-tech-a2-milk-recall-shock-accent-group-all-time-lows:88e960386e503796,youtube_transcript,"ASX Daily Rundown | Atlassian Lifts Tech, A2 Milk Recall Shock & Accent Group All-Time Lows",2026-05-04T08:15:01Z,2026-05-04T08:25:31+00:00,2026-05-04T08:25:31+00:00,fanout_0008,50,candidate_expire_duplicate_fanout,status_expire_candidate,explicit target CHRYSOS/C79/GCM does not match current entity; duplicate fanout cluster preserves matching target rows elsewhere,high,MEDIUM,no,company_memory.sqlite:memory_entries,DATA_MISSING
799,WBC,observed_fact,Chrysos Corporation's share price fell 6.39% despite a positive trading update,active,0.8,youtube_transcript:asx-daily-rundown-atlassian-lifts-tech-a2-milk-recall-shock-accent-group-all-time-lows:88e960386e503796,youtube_transcript,"ASX Daily Rundown | Atlassian Lifts Tech, A2 Milk Recall Shock & Accent Group All-Time Lows",2026-05-04T08:15:01Z,2026-05-04T08:25:31+00:00,2026-05-04T08:25:31+00:00,fanout_0008,50,candidate_expire_duplicate_fanout,status_expire_candidate,explicit target CHRYSOS/C79/GCM does not match current entity; duplicate fanout cluster preserves matching target rows elsewhere,high,MEDIUM,no,company_memory.sqlite:memory_entries,DATA_MISSING
800,KEY,observed_fact,Chrysos Corporation's share price fell 6.39% despite a positive trading update,active,0.8,youtube_transcript:asx-daily-rundown-atlassian-lifts-tech-a2-milk-recall-shock-accent-group-all-time-lows:88e960386e503796,youtube_transcript,"ASX Daily Rundown | Atlassian Lifts Tech, A2 Milk Recall Shock & Accent Group All-Time Lows",2026-05-04T08:15:01Z,2026-05-04T08:25:32+00:00,2026-05-04T08:25:32+00:00,fanout_0008,50,candidate_expire_duplicate_fanout,status_expire_candidate,explicit target CHRYSOS/C79/GCM does not match current entity; duplicate fanout cluster preserves matching target rows elsewhere,high,MEDIUM,no,company_memory.sqlite:memory_entries,DATA_MISSING
802,MAR,observed_fact,Chrysos Corporation's share price fell 6.39% despite a positive trading update,active,0.8,youtube_transcript:asx-daily-rundown-atlassian-lifts-tech-a2-milk-recall-shock-accent-group-all-time-lows:88e960386e503796,youtube_transcript,"ASX Daily Rundown | Atlassian Lifts Tech, A2 Milk Recall Shock & Accent Group All-Time Lows",2026-05-04T08:15:01Z,2026-05-04T08:25:32+00:00,2026-05-04T08:25:32+00:00,fanout_0008,50,candidate_expire_duplicate_fanout,status_expire_candidate,explicit target CHRYSOS/C79/GCM does not match current entity; duplicate fanout cluster preserves matching target rows elsewhere,high,MEDIUM,no,company_memory.sqlite:memory_entries,DATA_MISSING
803,CLT,observed_fact,Chrysos Corporation's share price fell 6.39% despite a positive trading update,active,0.8,youtube_transcript:asx-daily-rundown-atlassian-lifts-tech-a2-milk-recall-shock-accent-group-all-time-lows:88e960386e503796,youtube_transcript,"ASX Daily Rundown | Atlassian Lifts Tech, A2 Milk Recall Shock & Accent Group All-Time Lows",2026-05-04T08:15:01Z,2026-05-04T08:25:32+00:00,2026-05-04T08:25:32+00:00,fanout_0008,50,candidate_expire_duplicate_fanout,status_expire_candidate,explicit target CHRYSOS/C79/GCM does not match current entity; duplicate fanout cluster preserves matching target rows elsewhere,high,MEDIUM,no,company_memory.sqlite:memory_entries,DATA_MISSING
804,WIN,observed_fact,Chrysos Corporation's share price fell 6.39% despite a positive trading update,active,0.8,youtube_transcript:asx-daily-rundown-atlassian-lifts-tech-a2-milk-recall-shock-accent-group-all-time-lows:88e960386e503796,youtube_transcript,"ASX Daily Rundown | Atlassian Lifts Tech, A2 Milk Recall Shock & Accent Group All-Time Lows",2026-05-04T08:15:01Z,2026-05-04T08:25:32+00:00,2026-05-04T08:25:32+00:00,fanout_0008,50,candidate_expire_duplicate_fanout,status_expire_candidate,explicit target CHRYSOS/C79/GCM does not match current entity; duplicate fanout cluster preserves matching target rows elsewhere,high,MEDIUM,no,company_memory.sqlite:memory_entries,DATA_MISSING
805,SKT,observed_fact,Chrysos Corporation's share price fell 6.39% despite a positive trading update,active,0.8,youtube_transcript:asx-daily-rundown-atlassian-lifts-tech-a2-milk-recall-shock-accent-group-all-time-lows:88e960386e503796,youtube_transcript,"ASX Daily Rundown | Atlassian Lifts Tech, A2 Milk Recall Shock & Accent Group All-Time Lows",2026-05-04T08:15:01Z,2026-05-04T08:25:33+00:00,2026-05-04T08:25:33+00:00,fanout_0008,50,candidate_expire_duplicate_fanout,status_expire_candidate,explicit target CHRYSOS/C79/GCM does not match current entity; duplicate fanout cluster preserves matching target rows elsewhere,high,MEDIUM,no,company_memory.sqlite:memory_entries,DATA_MISSING
806,VCE,observed_fact,Chrysos Corporation's share price fell 6.39% despite a positive trading update,active,0.8,youtube_transcript:asx-daily-rundown-atlassian-lifts-tech-a2-milk-recall-shock-accent-group-all-time-lows:88e960386e503796,youtube_transcript,"ASX Daily Rundown | Atlassian Lifts Tech, A2 Milk Recall Shock & Accent Group All-Time Lows",2026-05-04T08:15:01Z,2026-05-04T08:25:33+00:00,2026-05-04T08:25:33+00:00,fanout_0008,50,candidate_expire_duplicate_fanout,status_expire_candidate,explicit target CHRYSOS/C79/GCM does not match current entity; duplicate fanout cluster preserves matching target rows elsewhere,high,MEDIUM,no,company_memory.sqlite:memory_entries,DATA_MISSING
807,SNW,observed_fact,Chrysos Corporation's share price fell 6.39% despite a positive trading update,active,0.8,youtube_transcript:asx-daily-rundown-atlassian-lifts-tech-a2-milk-recall-shock-accent-group-all-time-lows:88e960386e503796,youtube_transcript,"ASX Daily Rundown | Atlassian Lifts Tech, A2 Milk Recall Shock & Accent Group All-Time Lows",2026-05-04T08:15:01Z,2026-05-04T08:25:33+00:00,2026-05-04T08:25:33+00:00,fanout_0008,50,candidate_expire_duplicate_fanout,status_expire_candidate,explicit target CHRYSOS/C79/GCM does not match current entity; duplicate fanout cluster preserves matching target rows elsewhere,high,MEDIUM,no,company_memory.sqlite:memory_entries,DATA_MISSING
808,LON,observed_fact,Chrysos Corporation's share price fell 6.39% despite a positive trading update,active,0.8,youtube_transcript:asx-daily-rundown-atlassian-lifts-tech-a2-milk-recall-shock-accent-group-all-time-lows:88e960386e503796,youtube_transcript,"ASX Daily Rundown | Atlassian Lifts Tech, A2 Milk Recall Shock & Accent Group All-Time Lows",2026-05-04T08:15:01Z,2026-05-04T08:25:34+00:00,2026-05-04T08:25:34+00:00,fanout_0008,50,candidate_expire_duplicate_fanout,status_expire_candidate,explicit target CHRYSOS/C79/GCM does not match current entity; duplicate fanout cluster preserves matching target rows elsewhere,high,MEDIUM,no,company_memory.sqlite:memory_entries,DATA_MISSING
809,PET,observed_fact,Chrysos Corporation's share price fell 6.39% despite a positive trading update,active,0.8,youtube_transcript:asx-daily-rundown-atlassian-lifts-tech-a2-milk-recall-shock-accent-group-all-time-lows:88e960386e503796,youtube_transcript,"ASX Daily Rundown | Atlassian Lifts Tech, A2 Milk Recall Shock & Accent Group All-Time Lows",2026-05-04T08:15:01Z,2026-05-04T08:25:34+00:00,2026-05-04T08:25:34+00:00,fanout_0008,50,candidate_expire_duplicate_fanout,status_expire_candidate,explicit target CHRYSOS/C79/GCM does not match current entity; duplicate fanout cluster preserves matching target rows elsewhere,high,MEDIUM,no,company_memory.sqlite:memory_entries,DATA_MISSING
810,STK,observed_fact,Chrysos Corporation's share price fell 6.39% despite a positive trading update,active,0.8,youtube_transcript:asx-daily-rundown-atlassian-lifts-tech-a2-milk-recall-shock-accent-group-all-time-lows:88e960386e503796,youtube_transcript,"ASX Daily Rundown | Atlassian Lifts Tech, A2 Milk Recall Shock & Accent Group All-Time Lows",2026-05-04T08:15:01Z,2026-05-04T08:25:34+00:00,2026-05-04T08:25:34+00:00,fanout_0008,50,candidate_expire_duplicate_fanout,status_expire_candidate,explicit target CHRYSOS/C79/GCM does not match current entity; duplicate fanout cluster preserves matching target rows elsewhere,high,MEDIUM,no,company_memory.sqlite:memory_entries,DATA_MISSING
811,END,observed_fact,A2 MILK's share price dropped 10% due to a product recall,active,0.82,youtube_transcript:asx-daily-rundown-atlassian-lifts-tech-a2-milk-recall-shock-accent-group-all-time-lows:88e960386e503796,youtube_transcript,"ASX Daily Rundown | Atlassian Lifts Tech, A2 Milk Recall Shock & Accent Group All-Time Lows",2026-05-04T08:15:01Z,2026-05-04T08:25:36+00:00,2026-05-04T08:25:36+00:00,fanout_0002,50,candidate_expire_duplicate_fanout,status_expire_candidate,explicit target A2M/A2 MILK does not match current entity; duplicate fanout cluster preserves matching target rows elsewhere,high,MEDIUM,no,company_memory.sqlite:memory_entries,DATA_MISSING
812,COH,observed_fact,A2 MILK's share price dropped 10% due to a product recall,active,0.82,youtube_transcript:asx-daily-rundown-atlassian-lifts-tech-a2-milk-recall-shock-accent-group-all-time-lows:88e960386e503796,youtube_transcript,"ASX Daily Rundown | Atlassian Lifts Tech, A2 Milk Recall Shock & Accent Group All-Time Lows",2026-05-04T08:15:01Z,2026-05-04T08:25:36+00:00,2026-05-04T08:25:36+00:00,fanout_0002,50,candidate_expire_duplicate_fanout,status_expire_candidate,explicit target A2M/A2 MILK does not match current entity; duplicate fanout cluster preserves matching target rows elsewhere,high,MEDIUM,no,company_memory.sqlite:memory_entries,DATA_MISSING
813,WES,observed_fact,A2 MILK's share price dropped 10% due to a product recall,active,0.82,youtube_transcript:asx-daily-rundown-atlassian-lifts-tech-a2-milk-recall-shock-accent-group-all-time-lows:88e960386e503796,youtube_transcript,"ASX Daily Rundown | Atlassian Lifts Tech, A2 Milk Recall Shock & Accent Group All-Time Lows",2026-05-04T08:15:01Z,2026-05-04T08:25:36+00:00,2026-05-04T08:25:36+00:00,fanout_0002,50,candidate_expire_duplicate_fanout,status_expire_candidate,explicit target A2M/A2 MILK does not match current entity; duplicate fanout cluster preserves matching target rows elsewhere,high,MEDIUM,no,company_memory.sqlite:memory_entries,DATA_MISSING
814,WBC,observed_fact,A2 MILK's share price dropped 10% due to a product recall,active,0.82,youtube_transcript:asx-daily-rundown-atlassian-lifts-tech-a2-milk-recall-shock-accent-group-all-time-lows:88e960386e503796,youtube_transcript,"ASX Daily Rundown | Atlassian Lifts Tech, A2 Milk Recall Shock & Accent Group All-Time Lows",2026-05-04T08:15:01Z,2026-05-04T08:25:36+00:00,2026-05-04T08:25:36+00:00,fanout_0002,50,candidate_expire_duplicate_fanout,status_expire_candidate,explicit target A2M/A2 MILK does not match current entity; duplicate fanout cluster preserves matching target rows elsewhere,high,MEDIUM,no,company_memory.sqlite:memory_entries,DATA_MISSING
815,KEY,observed_fact,A2 MILK's share price dropped 10% due to a product recall,active,0.82,youtube_transcript:asx-daily-rundown-atlassian-lifts-tech-a2-milk-recall-shock-accent-group-all-time-lows:88e960386e503796,youtube_transcript,"ASX Daily Rundown | Atlassian Lifts Tech, A2 Milk Recall Shock & Accent Group All-Time Lows",2026-05-04T08:15:01Z,2026-05-04T08:25:36+00:00,2026-05-04T08:25:36+00:00,fanout_0002,50,candidate_expire_duplicate_fanout,status_expire_candidate,explicit target A2M/A2 MILK does not match current entity; duplicate fanout cluster preserves matching target rows elsewhere,high,MEDIUM,no,company_memory.sqlite:memory_entries,DATA_MISSING
816,GCM,observed_fact,A2 MILK's share price dropped 10% due to a product recall,active,0.82,youtube_transcript:asx-daily-rundown-atlassian-lifts-tech-a2-milk-recall-shock-accent-group-all-time-lows:88e960386e503796,youtube_transcript,"ASX Daily Rundown | Atlassian Lifts Tech, A2 Milk Recall Shock & Accent Group All-Time Lows",2026-05-04T08:15:01Z,2026-05-04T08:25:37+00:00,2026-05-04T08:25:37+00:00,fanout_0002,50,candidate_expire_duplicate_fanout,status_expire_candidate,explicit target A2M/A2 MILK does not match current entity; duplicate fanout cluster preserves matching target rows elsewhere,high,MEDIUM,no,company_memory.sqlite:memory_entries,DATA_MISSING
817,MAR,observed_fact,A2 MILK's share price dropped 10% due to a product recall,active,0.82,youtube_transcript:asx-daily-rundown-atlassian-lifts-tech-a2-milk-recall-shock-accent-group-all-time-lows:88e960386e503796,youtube_transcript,"ASX Daily Rundown | Atlassian Lifts Tech, A2 Milk Recall Shock & Accent Group All-Time Lows",2026-05-04T08:15:01Z,2026-05-04T08:25:37+00:00,2026-05-04T08:25:37+00:00,fanout_0002,50,candidate_expire_duplicate_fanout,status_expire_candidate,explicit target A2M/A2 MILK does not match current entity; duplicate fanout cluster preserves matching target rows elsewhere,high,MEDIUM,no,company_memory.sqlite:memory_entries,DATA_MISSING
818,CLT,observed_fact,A2 MILK's share price dropped 10% due to a product recall,active,0.82,youtube_transcript:asx-daily-rundown-atlassian-lifts-tech-a2-milk-recall-shock-accent-group-all-time-lows:88e960386e503796,youtube_transcript,"ASX Daily Rundown | Atlassian Lifts Tech, A2 Milk Recall Shock & Accent Group All-Time Lows",2026-05-04T08:15:01Z,2026-05-04T08:25:37+00:00,2026-05-04T08:25:37+00:00,fanout_0002,50,candidate_expire_duplicate_fanout,status_expire_candidate,explicit target A2M/A2 MILK does not match current entity; duplicate fanout cluster preserves matching target rows elsewhere,high,MEDIUM,no,company_memory.sqlite:memory_entries,DATA_MISSING
819,WIN,observed_fact,A2 MILK's share price dropped 10% due to a product recall,active,0.82,youtube_transcript:asx-daily-rundown-atlassian-lifts-tech-a2-milk-recall-shock-accent-group-all-time-lows:88e960386e503796,youtube_transcript,"ASX Daily Rundown | Atlassian Lifts Tech, A2 Milk Recall Shock & Accent Group All-Time Lows",2026-05-04T08:15:01Z,2026-05-04T08:25:37+00:00,2026-05-04T08:25:37+00:00,fanout_0002,50,candidate_expire_duplicate_fanout,status_expire_candidate,explicit target A2M/A2 MILK does not match current entity; duplicate fanout cluster preserves matching target rows elsewhere,high,MEDIUM,no,company_memory.sqlite:memory_entries,DATA_MISSING
820,SKT,observed_fact,A2 MILK's share price dropped 10% due to a product recall,active,0.82,youtube_transcript:asx-daily-rundown-atlassian-lifts-tech-a2-milk-recall-shock-accent-group-all-time-lows:88e960386e503796,youtube_transcript,"ASX Daily Rundown | Atlassian Lifts Tech, A2 Milk Recall Shock & Accent Group All-Time Lows",2026-05-04T08:15:01Z,2026-05-04T08:25:37+00:00,2026-05-04T08:25:37+00:00,fanout_0002,50,candidate_expire_duplicate_fanout,status_expire_candidate,explicit target A2M/A2 MILK does not match current entity; duplicate fanout cluster preserves matching target rows elsewhere,high,MEDIUM,no,company_memory.sqlite:memory_entries,DATA_MISSING
821,VCE,observed_fact,A2 MILK's share price dropped 10% due to a product recall,active,0.82,youtube_transcript:asx-daily-rundown-atlassian-lifts-tech-a2-milk-recall-shock-accent-group-all-time-lows:88e960386e503796,youtube_transcript,"ASX Daily Rundown | Atlassian Lifts Tech, A2 Milk Recall Shock & Accent Group All-Time Lows",2026-05-04T08:15:01Z,2026-05-04T08:25:37+00:00,2026-05-04T08:25:37+00:00,fanout_0002,50,candidate_expire_duplicate_fanout,status_expire_candidate,explicit target A2M/A2 MILK does not match current entity; duplicate fanout cluster preserves matching target rows elsewhere,high,MEDIUM,no,company_memory.sqlite:memory_entries,DATA_MISSING
822,SNW,observed_fact,A2 MILK's share price dropped 10% due to a product recall,active,0.82,youtube_transcript:asx-daily-rundown-atlassian-lifts-tech-a2-milk-recall-shock-accent-group-all-time-lows:88e960386e503796,youtube_transcript,"ASX Daily Rundown | Atlassian Lifts Tech, A2 Milk Recall Shock & Accent Group All-Time Lows",2026-05-04T08:15:01Z,2026-05-04T08:25:37+00:00,2026-05-04T08:25:37+00:00,fanout_0002,50,candidate_expire_duplicate_fanout,status_expire_candidate,explicit target A2M/A2 MILK does not match current entity; duplicate fanout cluster preserves matching target rows elsewhere,high,MEDIUM,no,company_memory.sqlite:memory_entries,DATA_MISSING
823,LON,observed_fact,A2 MILK's share price dropped 10% due to a product recall,active,0.82,youtube_transcript:asx-daily-rundown-atlassian-lifts-tech-a2-milk-recall-shock-accent-group-all-time-lows:88e960386e503796,youtube_transcript,"ASX Daily Rundown | Atlassian Lifts Tech, A2 Milk Recall Shock & Accent Group All-Time Lows",2026-05-04T08:15:01Z,2026-05-04T08:25:38+00:00,2026-05-04T08:25:38+00:00,fanout_0002,50,candidate_expire_duplicate_fanout,status_expire_candidate,explicit target A2M/A2 MILK does not match current entity; duplicate fanout cluster preserves matching target rows elsewhere,high,MEDIUM,no,company_memory.sqlite:memory_entries,DATA_MISSING
824,PET,observed_fact,A2 MILK's share price dropped 10% due to a product recall,active,0.82,youtube_transcript:asx-daily-rundown-atlassian-lifts-tech-a2-milk-recall-shock-accent-group-all-time-lows:88e960386e503796,youtube_transcript,"ASX Daily Rundown | Atlassian Lifts Tech, A2 Milk Recall Shock & Accent Group All-Time Lows",2026-05-04T08:15:01Z,2026-05-04T08:25:38+00:00,2026-05-04T08:25:38+00:00,fanout_0002,50,candidate_expire_duplicate_fanout,status_expire_candidate,explicit target A2M/A2 MILK does not match current entity; duplicate fanout cluster preserves matching target rows elsewhere,high,MEDIUM,no,company_memory.sqlite:memory_entries,DATA_MISSING
825,STK,observed_fact,A2 MILK's share price dropped 10% due to a product recall,active,0.82,youtube_transcript:asx-daily-rundown-atlassian-lifts-tech-a2-milk-recall-shock-accent-group-all-time-lows:88e960386e503796,youtube_transcript,"ASX Daily Rundown | Atlassian Lifts Tech, A2 Milk Recall Shock & Accent Group All-Time Lows",2026-05-04T08:15:01Z,2026-05-04T08:25:38+00:00,2026-05-04T08:25:38+00:00,fanout_0002,50,candidate_expire_duplicate_fanout,status_expire_candidate,explicit target A2M/A2 MILK does not match current entity; duplicate fanout cluster preserves matching target rows elsewhere,high,MEDIUM,no,company_memory.sqlite:memory_entries,DATA_MISSING
826,END,observed_fact,A2 MILK's share price has dropped from almost $10 back to $6.59 in a few months,active,0.82,youtube_transcript:asx-daily-rundown-atlassian-lifts-tech-a2-milk-recall-shock-accent-group-all-time-lows:88e960386e503796,youtube_transcript,"ASX Daily Rundown | Atlassian Lifts Tech, A2 Milk Recall Shock & Accent Group All-Time Lows",2026-05-04T08:15:01Z,2026-05-04T08:25:39+00:00,2026-05-04T08:25:39+00:00,fanout_0003,50,candidate_expire_duplicate_fanout,status_expire_candidate,explicit target A2M/A2 MILK does not match current entity; duplicate fanout cluster preserves matching target rows elsewhere,high,MEDIUM,no,company_memory.sqlite:memory_entries,DATA_MISSING
827,COH,observed_fact,A2 MILK's share price has dropped from almost $10 back to $6.59 in a few months,active,0.82,youtube_transcript:asx-daily-rundown-atlassian-lifts-tech-a2-milk-recall-shock-accent-group-all-time-lows:88e960386e503796,youtube_transcript,"ASX Daily Rundown | Atlassian Lifts Tech, A2 Milk Recall Shock & Accent Group All-Time Lows",2026-05-04T08:15:01Z,2026-05-04T08:25:40+00:00,2026-05-04T08:25:40+00:00,fanout_0003,50,candidate_expire_duplicate_fanout,status_expire_candidate,explicit target A2M/A2 MILK does not match current entity; duplicate fanout cluster preserves matching target rows elsewhere,high,MEDIUM,no,company_memory.sqlite:memory_entries,DATA_MISSING
828,WES,observed_fact,A2 MILK's share price has dropped from almost $10 back to $6.59 in a few months,active,0.82,youtube_transcript:asx-daily-rundown-atlassian-lifts-tech-a2-milk-recall-shock-accent-group-all-time-lows:88e960386e503796,youtube_transcript,"ASX Daily Rundown | Atlassian Lifts Tech, A2 Milk Recall Shock & Accent Group All-Time Lows",2026-05-04T08:15:01Z,2026-05-04T08:25:41+00:00,2026-05-04T08:25:41+00:00,fanout_0003,50,candidate_expire_duplicate_fanout,status_expire_candidate,explicit target A2M/A2 MILK does not match current entity; duplicate fanout cluster preserves matching target rows elsewhere,high,MEDIUM,no,company_memory.sqlite:memory_entries,DATA_MISSING
829,WBC,observed_fact,A2 MILK's share price has dropped from almost $10 back to $6.59 in a few months,active,0.82,youtube_transcript:asx-daily-rundown-atlassian-lifts-tech-a2-milk-recall-shock-accent-group-all-time-lows:88e960386e503796,youtube_transcript,"ASX Daily Rundown | Atlassian Lifts Tech, A2 Milk Recall Shock & Accent Group All-Time Lows",2026-05-04T08:15:01Z,2026-05-04T08:25:41+00:00,2026-05-04T08:25:41+00:00,fanout_0003,50,candidate_expire_duplicate_fanout,status_expire_candidate,explicit target A2M/A2 MILK does not match current entity; duplicate fanout cluster preserves matching target rows elsewhere,high,MEDIUM,no,company_memory.sqlite:memory_entries,DATA_MISSING
830,KEY,observed_fact,A2 MILK's share price has dropped from almost $10 back to $6.59 in a few months,active,0.82,youtube_transcript:asx-daily-rundown-atlassian-lifts-tech-a2-milk-recall-shock-accent-group-all-time-lows:88e960386e503796,youtube_transcript,"ASX Daily Rundown | Atlassian Lifts Tech, A2 Milk Recall Shock & Accent Group All-Time Lows",2026-05-04T08:15:01Z,2026-05-04T08:25:41+00:00,2026-05-04T08:25:41+00:00,fanout_0003,50,candidate_expire_duplicate_fanout,status_expire_candidate,explicit target A2M/A2 MILK does not match current entity; duplicate fanout cluster preserves matching target rows elsewhere,high,MEDIUM,no,company_memory.sqlite:memory_entries,DATA_MISSING
831,GCM,observed_fact,A2 MILK's share price has dropped from almost $10 back to $6.59 in a few months,active,0.82,youtube_transcript:asx-daily-rundown-atlassian-lifts-tech-a2-milk-recall-shock-accent-group-all-time-lows:88e960386e503796,youtube_transcript,"ASX Daily Rundown | Atlassian Lifts Tech, A2 Milk Recall Shock & Accent Group All-Time Lows",2026-05-04T08:15:01Z,2026-05-04T08:25:41+00:00,2026-05-04T08:25:41+00:00,fanout_0003,50,candidate_expire_duplicate_fanout,status_expire_candidate,explicit target A2M/A2 MILK does not match current entity; duplicate fanout cluster preserves matching target rows elsewhere,high,MEDIUM,no,company_memory.sqlite:memory_entries,DATA_MISSING
832,MAR,observed_fact,A2 MILK's share price has dropped from almost $10 back to $6.59 in a few months,active,0.82,youtube_transcript:asx-daily-rundown-atlassian-lifts-tech-a2-milk-recall-shock-accent-group-all-time-lows:88e960386e503796,youtube_transcript,"ASX Daily Rundown | Atlassian Lifts Tech, A2 Milk Recall Shock & Accent Group All-Time Lows",2026-05-04T08:15:01Z,2026-05-04T08:25:41+00:00,2026-05-04T08:25:41+00:00,fanout_0003,50,candidate_expire_duplicate_fanout,status_expire_candidate,explicit target A2M/A2 MILK does not match current entity; duplicate fanout cluster preserves matching target rows elsewhere,high,MEDIUM,no,company_memory.sqlite:memory_entries,DATA_MISSING
833,CLT,observed_fact,A2 MILK's share price has dropped from almost $10 back to $6.59 in a few months,active,0.82,youtube_transcript:asx-daily-rundown-atlassian-lifts-tech-a2-milk-recall-shock-accent-group-all-time-lows:88e960386e503796,youtube_transcript,"ASX Daily Rundown | Atlassian Lifts Tech, A2 Milk Recall Shock & Accent Group All-Time Lows",2026-05-04T08:15:01Z,2026-05-04T08:25:41+00:00,2026-05-04T08:25:41+00:00,fanout_0003,50,candidate_expire_duplicate_fanout,status_expire_candidate,explicit target A2M/A2 MILK does not match current entity; duplicate fanout cluster preserves matching target rows elsewhere,high,MEDIUM,no,company_memory.sqlite:memory_entries,DATA_MISSING
834,WIN,observed_fact,A2 MILK's share price has dropped from almost $10 back to $6.59 in a few months,active,0.82,youtube_transcript:asx-daily-rundown-atlassian-lifts-tech-a2-milk-recall-shock-accent-group-all-time-lows:88e960386e503796,youtube_transcript,"ASX Daily Rundown | Atlassian Lifts Tech, A2 Milk Recall Shock & Accent Group All-Time Lows",2026-05-04T08:15:01Z,2026-05-04T08:25:42+00:00,2026-05-04T08:25:42+00:00,fanout_0003,50,candidate_expire_duplicate_fanout,status_expire_candidate,explicit target A2M/A2 MILK does not match current entity; duplicate fanout cluster preserves matching target rows elsewhere,high,MEDIUM,no,company_memory.sqlite:memory_entries,DATA_MISSING
835,SKT,observed_fact,A2 MILK's share price has dropped from almost $10 back to $6.59 in a few months,active,0.82,youtube_transcript:asx-daily-rundown-atlassian-lifts-tech-a2-milk-recall-shock-accent-group-all-time-lows:88e960386e503796,youtube_transcript,"ASX Daily Rundown | Atlassian Lifts Tech, A2 Milk Recall Shock & Accent Group All-Time Lows",2026-05-04T08:15:01Z,2026-05-04T08:25:42+00:00,2026-05-04T08:25:42+00:00,fanout_0003,50,candidate_expire_duplicate_fanout,status_expire_candidate,explicit target A2M/A2 MILK does not match current entity; duplicate fanout cluster preserves matching target rows elsewhere,high,MEDIUM,no,company_memory.sqlite:memory_entries,DATA_MISSING
836,VCE,observed_fact,A2 MILK's share price has dropped from almost $10 back to $6.59 in a few months,active,0.82,youtube_transcript:asx-daily-rundown-atlassian-lifts-tech-a2-milk-recall-shock-accent-group-all-time-lows:88e960386e503796,youtube_transcript,"ASX Daily Rundown | Atlassian Lifts Tech, A2 Milk Recall Shock & Accent Group All-Time Lows",2026-05-04T08:15:01Z,2026-05-04T08:25:42+00:00,2026-05-04T08:25:42+00:00,fanout_0003,50,candidate_expire_duplicate_fanout,status_expire_candidate,explicit target A2M/A2 MILK does not match current entity; duplicate fanout cluster preserves matching target rows elsewhere,high,MEDIUM,no,company_memory.sqlite:memory_entries,DATA_MISSING
837,SNW,observed_fact,A2 MILK's share price has dropped from almost $10 back to $6.59 in a few months,active,0.82,youtube_transcript:asx-daily-rundown-atlassian-lifts-tech-a2-milk-recall-shock-accent-group-all-time-lows:88e960386e503796,youtube_transcript,"ASX Daily Rundown | Atlassian Lifts Tech, A2 Milk Recall Shock & Accent Group All-Time Lows",2026-05-04T08:15:01Z,2026-05-04T08:25:42+00:00,2026-05-04T08:25:42+00:00,fanout_0003,50,candidate_expire_duplicate_fanout,status_expire_candidate,explicit target A2M/A2 MILK does not match current entity; duplicate fanout cluster preserves matching target rows elsewhere,high,MEDIUM,no,company_memory.sqlite:memory_entries,DATA_MISSING
838,LON,observed_fact,A2 MILK's share price has dropped from almost $10 back to $6.59 in a few months,active,0.82,youtube_transcript:asx-daily-rundown-atlassian-lifts-tech-a2-milk-recall-shock-accent-group-all-time-lows:88e960386e503796,youtube_transcript,"ASX Daily Rundown | Atlassian Lifts Tech, A2 Milk Recall Shock & Accent Group All-Time Lows",2026-05-04T08:15:01Z,2026-05-04T08:25:42+00:00,2026-05-04T08:25:42+00:00,fanout_0003,50,candidate_expire_duplicate_fanout,status_expire_candidate,explicit target A2M/A2 MILK does not match current entity; duplicate fanout cluster preserves matching target rows elsewhere,high,MEDIUM,no,company_memory.sqlite:memory_entries,DATA_MISSING
839,PET,observed_fact,A2 MILK's share price has dropped from almost $10 back to $6.59 in a few months,active,0.82,youtube_transcript:asx-daily-rundown-atlassian-lifts-tech-a2-milk-recall-shock-accent-group-all-time-lows:88e960386e503796,youtube_transcript,"ASX Daily Rundown | Atlassian Lifts Tech, A2 Milk Recall Shock & Accent Group All-Time Lows",2026-05-04T08:15:01Z,2026-05-04T08:25:43+00:00,2026-05-04T08:25:43+00:00,fanout_0003,50,candidate_expire_duplicate_fanout,status_expire_candidate,explicit target A2M/A2 MILK does not match current entity; duplicate fanout cluster preserves matching target rows elsewhere,high,MEDIUM,no,company_memory.sqlite:memory_entries,DATA_MISSING
840,STK,observed_fact,A2 MILK's share price has dropped from almost $10 back to $6.59 in a few months,active,0.82,youtube_transcript:asx-daily-rundown-atlassian-lifts-tech-a2-milk-recall-shock-accent-group-all-time-lows:88e960386e503796,youtube_transcript,"ASX Daily Rundown | Atlassian Lifts Tech, A2 Milk Recall Shock & Accent Group All-Time Lows",2026-05-04T08:15:01Z,2026-05-04T08:25:43+00:00,2026-05-04T08:25:43+00:00,fanout_0003,50,candidate_expire_duplicate_fanout,status_expire_candidate,explicit target A2M/A2 MILK does not match current entity; duplicate fanout cluster preserves matching target rows elsewhere,high,MEDIUM,no,company_memory.sqlite:memory_entries,DATA_MISSING
856,END,observed_fact,ACCENT GROUP's share price is down 12.9% after a downgrade announcement,active,0.83,youtube_transcript:asx-daily-rundown-atlassian-lifts-tech-a2-milk-recall-shock-accent-group-all-time-lows:88e960386e503796,youtube_transcript,"ASX Daily Rundown | Atlassian Lifts Tech, A2 Milk Recall Shock & Accent Group All-Time Lows",2026-05-04T08:15:01Z,2026-05-04T08:25:51+00:00,2026-05-04T08:25:51+00:00,fanout_0006,50,candidate_expire_duplicate_fanout,status_expire_candidate,explicit target ACC/ACCENT GROUP does not match current entity; duplicate fanout cluster preserves matching target rows elsewhere,high,MEDIUM,no,company_memory.sqlite:memory_entries,DATA_MISSING
857,COH,observed_fact,ACCENT GROUP's share price is down 12.9% after a downgrade announcement,active,0.83,youtube_transcript:asx-daily-rundown-atlassian-lifts-tech-a2-milk-recall-shock-accent-group-all-time-lows:88e960386e503796,youtube_transcript,"ASX Daily Rundown | Atlassian Lifts Tech, A2 Milk Recall Shock & Accent Group All-Time Lows",2026-05-04T08:15:01Z,2026-05-04T08:25:51+00:00,2026-05-04T08:25:51+00:00,fanout_0006,50,candidate_expire_duplicate_fanout,status_expire_candidate,explicit target ACC/ACCENT GROUP does not match current entity; duplicate fanout cluster preserves matching target rows elsewhere,high,MEDIUM,no,company_memory.sqlite:memory_entries,DATA_MISSING
858,WES,observed_fact,ACCENT GROUP's share price is down 12.9% after a downgrade announcement,active,0.83,youtube_transcript:asx-daily-rundown-atlassian-lifts-tech-a2-milk-recall-shock-accent-group-all-time-lows:88e960386e503796,youtube_transcript,"ASX Daily Rundown | Atlassian Lifts Tech, A2 Milk Recall Shock & Accent Group All-Time Lows",2026-05-04T08:15:01Z,2026-05-04T08:25:51+00:00,2026-05-04T08:25:51+00:00,fanout_0006,50,candidate_expire_duplicate_fanout,status_expire_candidate,explicit target ACC/ACCENT GROUP does not match current entity; duplicate fanout cluster preserves matching target rows elsewhere,high,MEDIUM,no,company_memory.sqlite:memory_entries,DATA_MISSING
859,WBC,observed_fact,ACCENT GROUP's share price is down 12.9% after a downgrade announcement,active,0.83,youtube_transcript:asx-daily-rundown-atlassian-lifts-tech-a2-milk-recall-shock-accent-group-all-time-lows:88e960386e503796,youtube_transcript,"ASX Daily Rundown | Atlassian Lifts Tech, A2 Milk Recall Shock & Accent Group All-Time Lows",2026-05-04T08:15:01Z,2026-05-04T08:25:51+00:00,2026-05-04T08:25:51+00:00,fanout_0006,50,candidate_expire_duplicate_fanout,status_expire_candidate,explicit target ACC/ACCENT GROUP does not match current entity; duplicate fanout cluster preserves matching target rows elsewhere,high,MEDIUM,no,company_memory.sqlite:memory_entries,DATA_MISSING
860,KEY,observed_fact,ACCENT GROUP's share price is down 12.9% after a downgrade announcement,active,0.83,youtube_transcript:asx-daily-rundown-atlassian-lifts-tech-a2-milk-recall-shock-accent-group-all-time-lows:88e960386e503796,youtube_transcript,"ASX Daily Rundown | Atlassian Lifts Tech, A2 Milk Recall Shock & Accent Group All-Time Lows",2026-05-04T08:15:01Z,2026-05-04T08:25:52+00:00,2026-05-04T08:25:52+00:00,fanout_0006,50,candidate_expire_duplicate_fanout,status_expire_candidate,explicit target ACC/ACCENT GROUP does not match current entity; duplicate fanout cluster preserves matching target rows elsewhere,high,MEDIUM,no,company_memory.sqlite:memory_entries,DATA_MISSING
861,GCM,observed_fact,ACCENT GROUP's share price is down 12.9% after a downgrade announcement,active,0.83,youtube_transcript:asx-daily-rundown-atlassian-lifts-tech-a2-milk-recall-shock-accent-group-all-time-lows:88e960386e503796,youtube_transcript,"ASX Daily Rundown | Atlassian Lifts Tech, A2 Milk Recall Shock & Accent Group All-Time Lows",2026-05-04T08:15:01Z,2026-05-04T08:25:53+00:00,2026-05-04T08:25:53+00:00,fanout_0006,50,candidate_expire_duplicate_fanout,status_expire_candidate,explicit target ACC/ACCENT GROUP does not match current entity; duplicate fanout cluster preserves matching target rows elsewhere,high,MEDIUM,no,company_memory.sqlite:memory_entries,DATA_MISSING
862,MAR,observed_fact,ACCENT GROUP's share price is down 12.9% after a downgrade announcement,active,0.83,youtube_transcript:asx-daily-rundown-atlassian-lifts-tech-a2-milk-recall-shock-accent-group-all-time-lows:88e960386e503796,youtube_transcript,"ASX Daily Rundown | Atlassian Lifts Tech, A2 Milk Recall Shock & Accent Group All-Time Lows",2026-05-04T08:15:01Z,2026-05-04T08:25:53+00:00,2026-05-04T08:25:53+00:00,fanout_0006,50,candidate_expire_duplicate_fanout,status_expire_candidate,explicit target ACC/ACCENT GROUP does not match current entity; duplicate fanout cluster preserves matching target rows elsewhere,high,MEDIUM,no,company_memory.sqlite:memory_entries,DATA_MISSING
863,CLT,observed_fact,ACCENT GROUP's share price is down 12.9% after a downgrade announcement,active,0.83,youtube_transcript:asx-daily-rundown-atlassian-lifts-tech-a2-milk-recall-shock-accent-group-all-time-lows:88e960386e503796,youtube_transcript,"ASX Daily Rundown | Atlassian Lifts Tech, A2 Milk Recall Shock & Accent Group All-Time Lows",2026-05-04T08:15:01Z,2026-05-04T08:25:53+00:00,2026-05-04T08:25:53+00:00,fanout_0006,50,candidate_expire_duplicate_fanout,status_expire_candidate,explicit target ACC/ACCENT GROUP does not match current entity; duplicate fanout cluster preserves matching target rows elsewhere,high,MEDIUM,no,company_memory.sqlite:memory_entries,DATA_MISSING
864,WIN,observed_fact,ACCENT GROUP's share price is down 12.9% after a downgrade announcement,active,0.83,youtube_transcript:asx-daily-rundown-atlassian-lifts-tech-a2-milk-recall-shock-accent-group-all-time-lows:88e960386e503796,youtube_transcript,"ASX Daily Rundown | Atlassian Lifts Tech, A2 Milk Recall Shock & Accent Group All-Time Lows",2026-05-04T08:15:01Z,2026-05-04T08:25:53+00:00,2026-05-04T08:25:53+00:00,fanout_0006,50,candidate_expire_duplicate_fanout,status_expire_candidate,explicit target ACC/ACCENT GROUP does not match current entity; duplicate fanout cluster preserves matching target rows elsewhere,high,MEDIUM,no,company_memory.sqlite:memory_entries,DATA_MISSING
865,SKT,observed_fact,ACCENT GROUP's share price is down 12.9% after a downgrade announcement,active,0.83,youtube_transcript:asx-daily-rundown-atlassian-lifts-tech-a2-milk-recall-shock-accent-group-all-time-lows:88e960386e503796,youtube_transcript,"ASX Daily Rundown | Atlassian Lifts Tech, A2 Milk Recall Shock & Accent Group All-Time Lows",2026-05-04T08:15:01Z,2026-05-04T08:25:53+00:00,2026-05-04T08:25:53+00:00,fanout_0006,50,candidate_expire_duplicate_fanout,status_expire_candidate,explicit target ACC/ACCENT GROUP does not match current entity; duplicate fanout cluster preserves matching target rows elsewhere,high,MEDIUM,no,company_memory.sqlite:memory_entries,DATA_MISSING
866,VCE,observed_fact,ACCENT GROUP's share price is down 12.9% after a downgrade announcement,active,0.83,youtube_transcript:asx-daily-rundown-atlassian-lifts-tech-a2-milk-recall-shock-accent-group-all-time-lows:88e960386e503796,youtube_transcript,"ASX Daily Rundown | Atlassian Lifts Tech, A2 Milk Recall Shock & Accent Group All-Time Lows",2026-05-04T08:15:01Z,2026-05-04T08:25:53+00:00,2026-05-04T08:25:53+00:00,fanout_0006,50,candidate_expire_duplicate_fanout,status_expire_candidate,explicit target ACC/ACCENT GROUP does not match current entity; duplicate fanout cluster preserves matching target rows elsewhere,high,MEDIUM,no,company_memory.sqlite:memory_entries,DATA_MISSING
867,SNW,observed_fact,ACCENT GROUP's share price is down 12.9% after a downgrade announcement,active,0.83,youtube_transcript:asx-daily-rundown-atlassian-lifts-tech-a2-milk-recall-shock-accent-group-all-time-lows:88e960386e503796,youtube_transcript,"ASX Daily Rundown | Atlassian Lifts Tech, A2 Milk Recall Shock & Accent Group All-Time Lows",2026-05-04T08:15:01Z,2026-05-04T08:25:53+00:00,2026-05-04T08:25:53+00:00,fanout_0006,50,candidate_expire_duplicate_fanout,status_expire_candidate,explicit target ACC/ACCENT GROUP does not match current entity; duplicate fanout cluster preserves matching target rows elsewhere,high,MEDIUM,no,company_memory.sqlite:memory_entries,DATA_MISSING
868,LON,observed_fact,ACCENT GROUP's share price is down 12.9% after a downgrade announcement,active,0.83,youtube_transcript:asx-daily-rundown-atlassian-lifts-tech-a2-milk-recall-shock-accent-group-all-time-lows:88e960386e503796,youtube_transcript,"ASX Daily Rundown | Atlassian Lifts Tech, A2 Milk Recall Shock & Accent Group All-Time Lows",2026-05-04T08:15:01Z,2026-05-04T08:25:53+00:00,2026-05-04T08:25:53+00:00,fanout_0006,50,candidate_expire_duplicate_fanout,status_expire_candidate,explicit target ACC/ACCENT GROUP does not match current entity; duplicate fanout cluster preserves matching target rows elsewhere,high,MEDIUM,no,company_memory.sqlite:memory_entries,DATA_MISSING
869,PET,observed_fact,ACCENT GROUP's share price is down 12.9% after a downgrade announcement,active,0.83,youtube_transcript:asx-daily-rundown-atlassian-lifts-tech-a2-milk-recall-shock-accent-group-all-time-lows:88e960386e503796,youtube_transcript,"ASX Daily Rundown | Atlassian Lifts Tech, A2 Milk Recall Shock & Accent Group All-Time Lows",2026-05-04T08:15:01Z,2026-05-04T08:25:53+00:00,2026-05-04T08:25:53+00:00,fanout_0006,50,candidate_expire_duplicate_fanout,status_expire_candidate,explicit target ACC/ACCENT GROUP does not match current entity; duplicate fanout cluster preserves matching target rows elsewhere,high,MEDIUM,no,company_memory.sqlite:memory_entries,DATA_MISSING
870,STK,observed_fact,ACCENT GROUP's share price is down 12.9% after a downgrade announcement,active,0.83,youtube_transcript:asx-daily-rundown-atlassian-lifts-tech-a2-milk-recall-shock-accent-group-all-time-lows:88e960386e503796,youtube_transcript,"ASX Daily Rundown | Atlassian Lifts Tech, A2 Milk Recall Shock & Accent Group All-Time Lows",2026-05-04T08:15:01Z,2026-05-04T08:25:54+00:00,2026-05-04T08:25:54+00:00,fanout_0006,50,candidate_expire_duplicate_fanout,status_expire_candidate,explicit target ACC/ACCENT GROUP does not match current entity; duplicate fanout cluster preserves matching target rows elsewhere,high,MEDIUM,no,company_memory.sqlite:memory_entries,DATA_MISSING
871,END,observed_fact,ACCENT GROUP's EBIT for the second half has been decreased by $7 million,active,0.82,youtube_transcript:asx-daily-rundown-atlassian-lifts-tech-a2-milk-recall-shock-accent-group-all-time-lows:88e960386e503796,youtube_transcript,"ASX Daily Rundown | Atlassian Lifts Tech, A2 Milk Recall Shock & Accent Group All-Time Lows",2026-05-04T08:15:01Z,2026-05-04T08:25:55+00:00,2026-05-04T08:25:55+00:00,fanout_0005,50,candidate_expire_duplicate_fanout,status_expire_candidate,explicit target ACC/ACCENT GROUP does not match current entity; duplicate fanout cluster preserves matching target rows elsewhere,high,MEDIUM,no,company_memory.sqlite:memory_entries,DATA_MISSING
872,COH,observed_fact,ACCENT GROUP's EBIT for the second half has been decreased by $7 million,active,0.82,youtube_transcript:asx-daily-rundown-atlassian-lifts-tech-a2-milk-recall-shock-accent-group-all-time-lows:88e960386e503796,youtube_transcript,"ASX Daily Rundown | Atlassian Lifts Tech, A2 Milk Recall Shock & Accent Group All-Time Lows",2026-05-04T08:15:01Z,2026-05-04T08:25:56+00:00,2026-05-04T08:25:56+00:00,fanout_0005,50,candidate_expire_duplicate_fanout,status_expire_candidate,explicit target ACC/ACCENT GROUP does not match current entity; duplicate fanout cluster preserves matching target rows elsewhere,high,MEDIUM,no,company_memory.sqlite:memory_entries,DATA_MISSING
873,WES,observed_fact,ACCENT GROUP's EBIT for the second half has been decreased by $7 million,active,0.82,youtube_transcript:asx-daily-rundown-atlassian-lifts-tech-a2-milk-recall-shock-accent-group-all-time-lows:88e960386e503796,youtube_transcript,"ASX Daily Rundown | Atlassian Lifts Tech, A2 Milk Recall Shock & Accent Group All-Time Lows",2026-05-04T08:15:01Z,2026-05-04T08:25:56+00:00,2026-05-04T08:25:56+00:00,fanout_0005,50,candidate_expire_duplicate_fanout,status_expire_candidate,explicit target ACC/ACCENT GROUP does not match current entity; duplicate fanout cluster preserves matching target rows elsewhere,high,MEDIUM,no,company_memory.sqlite:memory_entries,DATA_MISSING
874,WBC,observed_fact,ACCENT GROUP's EBIT for the second half has been decreased by $7 million,active,0.82,youtube_transcript:asx-daily-rundown-atlassian-lifts-tech-a2-milk-recall-shock-accent-group-all-time-lows:88e960386e503796,youtube_transcript,"ASX Daily Rundown | Atlassian Lifts Tech, A2 Milk Recall Shock & Accent Group All-Time Lows",2026-05-04T08:15:01Z,2026-05-04T08:25:56+00:00,2026-05-04T08:25:56+00:00,fanout_0005,50,candidate_expire_duplicate_fanout,status_expire_candidate,explicit target ACC/ACCENT GROUP does not match current entity; duplicate fanout cluster preserves matching target rows elsewhere,high,MEDIUM,no,company_memory.sqlite:memory_entries,DATA_MISSING
875,KEY,observed_fact,ACCENT GROUP's EBIT for the second half has been decreased by $7 million,active,0.82,youtube_transcript:asx-daily-rundown-atlassian-lifts-tech-a2-milk-recall-shock-accent-group-all-time-lows:88e960386e503796,youtube_transcript,"ASX Daily Rundown | Atlassian Lifts Tech, A2 Milk Recall Shock & Accent Group All-Time Lows",2026-05-04T08:15:01Z,2026-05-04T08:25:56+00:00,2026-05-04T08:25:56+00:00,fanout_0005,50,candidate_expire_duplicate_fanout,status_expire_candidate,explicit target ACC/ACCENT GROUP does not match current entity; duplicate fanout cluster preserves matching target rows elsewhere,high,MEDIUM,no,company_memory.sqlite:memory_entries,DATA_MISSING
876,GCM,observed_fact,ACCENT GROUP's EBIT for the second half has been decreased by $7 million,active,0.82,youtube_transcript:asx-daily-rundown-atlassian-lifts-tech-a2-milk-recall-shock-accent-group-all-time-lows:88e960386e503796,youtube_transcript,"ASX Daily Rundown | Atlassian Lifts Tech, A2 Milk Recall Shock & Accent Group All-Time Lows",2026-05-04T08:15:01Z,2026-05-04T08:25:56+00:00,2026-05-04T08:25:56+00:00,fanout_0005,50,candidate_expire_duplicate_fanout,status_expire_candidate,explicit target ACC/ACCENT GROUP does not match current entity; duplicate fanout cluster preserves matching target rows elsewhere,high,MEDIUM,no,company_memory.sqlite:memory_entries,DATA_MISSING
877,MAR,observed_fact,ACCENT GROUP's EBIT for the second half has been decreased by $7 million,active,0.82,youtube_transcript:asx-daily-rundown-atlassian-lifts-tech-a2-milk-recall-shock-accent-group-all-time-lows:88e960386e503796,youtube_transcript,"ASX Daily Rundown | Atlassian Lifts Tech, A2 Milk Recall Shock & Accent Group All-Time Lows",2026-05-04T08:15:01Z,2026-05-04T08:25:56+00:00,2026-05-04T08:25:56+00:00,fanout_0005,50,candidate_expire_duplicate_fanout,status_expire_candidate,explicit target ACC/ACCENT GROUP does not match current entity; duplicate fanout cluster preserves matching target rows elsewhere,high,MEDIUM,no,company_memory.sqlite:memory_entries,DATA_MISSING
878,CLT,observed_fact,ACCENT GROUP's EBIT for the second half has been decreased by $7 million,active,0.82,youtube_transcript:asx-daily-rundown-atlassian-lifts-tech-a2-milk-recall-shock-accent-group-all-time-lows:88e960386e503796,youtube_transcript,"ASX Daily Rundown | Atlassian Lifts Tech, A2 Milk Recall Shock & Accent Group All-Time Lows",2026-05-04T08:15:01Z,2026-05-04T08:25:57+00:00,2026-05-04T08:25:57+00:00,fanout_0005,50,candidate_expire_duplicate_fanout,status_expire_candidate,explicit target ACC/ACCENT GROUP does not match current entity; duplicate fanout cluster preserves matching target rows elsewhere,high,MEDIUM,no,company_memory.sqlite:memory_entries,DATA_MISSING
879,WIN,observed_fact,ACCENT GROUP's EBIT for the second half has been decreased by $7 million,active,0.82,youtube_transcript:asx-daily-rundown-atlassian-lifts-tech-a2-milk-recall-shock-accent-group-all-time-lows:88e960386e503796,youtube_transcript,"ASX Daily Rundown | Atlassian Lifts Tech, A2 Milk Recall Shock & Accent Group All-Time Lows",2026-05-04T08:15:01Z,2026-05-04T08:25:57+00:00,2026-05-04T08:25:57+00:00,fanout_0005,50,candidate_expire_duplicate_fanout,status_expire_candidate,explicit target ACC/ACCENT GROUP does not match current entity; duplicate fanout cluster preserves matching target rows elsewhere,high,MEDIUM,no,company_memory.sqlite:memory_entries,DATA_MISSING
880,SKT,observed_fact,ACCENT GROUP's EBIT for the second half has been decreased by $7 million,active,0.82,youtube_transcript:asx-daily-rundown-atlassian-lifts-tech-a2-milk-recall-shock-accent-group-all-time-lows:88e960386e503796,youtube_transcript,"ASX Daily Rundown | Atlassian Lifts Tech, A2 Milk Recall Shock & Accent Group All-Time Lows",2026-05-04T08:15:01Z,2026-05-04T08:25:57+00:00,2026-05-04T08:25:57+00:00,fanout_0005,50,candidate_expire_duplicate_fanout,status_expire_candidate,explicit target ACC/ACCENT GROUP does not match current entity; duplicate fanout cluster preserves matching target rows elsewhere,high,MEDIUM,no,company_memory.sqlite:memory_entries,DATA_MISSING
881,VCE,observed_fact,ACCENT GROUP's EBIT for the second half has been decreased by $7 million,active,0.82,youtube_transcript:asx-daily-rundown-atlassian-lifts-tech-a2-milk-recall-shock-accent-group-all-time-lows:88e960386e503796,youtube_transcript,"ASX Daily Rundown | Atlassian Lifts Tech, A2 Milk Recall Shock & Accent Group All-Time Lows",2026-05-04T08:15:01Z,2026-05-04T08:25:57+00:00,2026-05-04T08:25:57+00:00,fanout_0005,50,candidate_expire_duplicate_fanout,status_expire_candidate,explicit target ACC/ACCENT GROUP does not match current entity; duplicate fanout cluster preserves matching target rows elsewhere,high,MEDIUM,no,company_memory.sqlite:memory_entries,DATA_MISSING
882,SNW,observed_fact,ACCENT GROUP's EBIT for the second half has been decreased by $7 million,active,0.82,youtube_transcript:asx-daily-rundown-atlassian-lifts-tech-a2-milk-recall-shock-accent-group-all-time-lows:88e960386e503796,youtube_transcript,"ASX Daily Rundown | Atlassian Lifts Tech, A2 Milk Recall Shock & Accent Group All-Time Lows",2026-05-04T08:15:01Z,2026-05-04T08:25:58+00:00,2026-05-04T08:25:58+00:00,fanout_0005,50,candidate_expire_duplicate_fanout,status_expire_candidate,explicit target ACC/ACCENT GROUP does not match current entity; duplicate fanout cluster preserves matching target rows elsewhere,high,MEDIUM,no,company_memory.sqlite:memory_entries,DATA_MISSING
883,LON,observed_fact,ACCENT GROUP's EBIT for the second half has been decreased by $7 million,active,0.82,youtube_transcript:asx-daily-rundown-atlassian-lifts-tech-a2-milk-recall-shock-accent-group-all-time-lows:88e960386e503796,youtube_transcript,"ASX Daily Rundown | Atlassian Lifts Tech, A2 Milk Recall Shock & Accent Group All-Time Lows",2026-05-04T08:15:01Z,2026-05-04T08:25:58+00:00,2026-05-04T08:25:58+00:00,fanout_0005,50,candidate_expire_duplicate_fanout,status_expire_candidate,explicit target ACC/ACCENT GROUP does not match current entity; duplicate fanout cluster preserves matching target rows elsewhere,high,MEDIUM,no,company_memory.sqlite:memory_entries,DATA_MISSING
884,PET,observed_fact,ACCENT GROUP's EBIT for the second half has been decreased by $7 million,active,0.82,youtube_transcript:asx-daily-rundown-atlassian-lifts-tech-a2-milk-recall-shock-accent-group-all-time-lows:88e960386e503796,youtube_transcript,"ASX Daily Rundown | Atlassian Lifts Tech, A2 Milk Recall Shock & Accent Group All-Time Lows",2026-05-04T08:15:01Z,2026-05-04T08:25:58+00:00,2026-05-04T08:25:58+00:00,fanout_0005,50,candidate_expire_duplicate_fanout,status_expire_candidate,explicit target ACC/ACCENT GROUP does not match current entity; duplicate fanout cluster preserves matching target rows elsewhere,high,MEDIUM,no,company_memory.sqlite:memory_entries,DATA_MISSING
885,STK,observed_fact,ACCENT GROUP's EBIT for the second half has been decreased by $7 million,active,0.82,youtube_transcript:asx-daily-rundown-atlassian-lifts-tech-a2-milk-recall-shock-accent-group-all-time-lows:88e960386e503796,youtube_transcript,"ASX Daily Rundown | Atlassian Lifts Tech, A2 Milk Recall Shock & Accent Group All-Time Lows",2026-05-04T08:15:01Z,2026-05-04T08:25:58+00:00,2026-05-04T08:25:58+00:00,fanout_0005,50,candidate_expire_duplicate_fanout,status_expire_candidate,explicit target ACC/ACCENT GROUP does not match current entity; duplicate fanout cluster preserves matching target rows elsewhere,high,MEDIUM,no,company_memory.sqlite:memory_entries,DATA_MISSING
886,ASX,catalyst,Atlassian's strong performance due to better-than-expected results,active,0.72,youtube_transcript:asx-daily-rundown-atlassian-lifts-tech-a2-milk-recall-shock-accent-group-all-time-lows:88e960386e503796,youtube_transcript,"ASX Daily Rundown | Atlassian Lifts Tech, A2 Milk Recall Shock & Accent Group All-Time Lows",2026-05-04T08:15:01Z,2026-05-04T08:25:59+00:00,2026-05-04T08:25:59+00:00,fanout_0031,26,candidate_expire_duplicate_fanout,status_expire_candidate,explicit target ATLASSIAN does not match current entity; duplicate fanout cluster preserves matching target rows elsewhere,high,MEDIUM,no,company_memory.sqlite:memory_entries,DATA_MISSING
887,TXT,catalyst,Atlassian's strong performance due to better-than-expected results,active,0.72,youtube_transcript:asx-daily-rundown-atlassian-lifts-tech-a2-milk-recall-shock-accent-group-all-time-lows:88e960386e503796,youtube_transcript,"ASX Daily Rundown | Atlassian Lifts Tech, A2 Milk Recall Shock & Accent Group All-Time Lows",2026-05-04T08:15:01Z,2026-05-04T08:25:59+00:00,2026-05-04T08:25:59+00:00,fanout_0031,26,candidate_expire_duplicate_fanout,status_expire_candidate,explicit target ATLASSIAN does not match current entity; duplicate fanout cluster preserves matching target rows elsewhere,high,MEDIUM,no,company_memory.sqlite:memory_entries,DATA_MISSING
888,XTX,catalyst,Atlassian's strong performance due to better-than-expected results,active,0.72,youtube_transcript:asx-daily-rundown-atlassian-lifts-tech-a2-milk-recall-shock-accent-group-all-time-lows:88e960386e503796,youtube_transcript,"ASX Daily Rundown | Atlassian Lifts Tech, A2 Milk Recall Shock & Accent Group All-Time Lows",2026-05-04T08:15:01Z,2026-05-04T08:25:59+00:00,2026-05-04T08:25:59+00:00,fanout_0031,26,candidate_expire_duplicate_fanout,status_expire_candidate,explicit target ATLASSIAN does not match current entity; duplicate fanout cluster preserves matching target rows elsewhere,high,MEDIUM,no,company_memory.sqlite:memory_entries,DATA_MISSING
889,A2M,catalyst,Atlassian's strong performance due to better-than-expected results,active,0.72,youtube_transcript:asx-daily-rundown-atlassian-lifts-tech-a2-milk-recall-shock-accent-group-all-time-lows:88e960386e503796,youtube_transcript,"ASX Daily Rundown | Atlassian Lifts Tech, A2 Milk Recall Shock & Accent Group All-Time Lows",2026-05-04T08:15:01Z,2026-05-04T08:25:59+00:00,2026-05-04T08:25:59+00:00,fanout_0031,26,candidate_expire_duplicate_fanout,status_expire_candidate,explicit target ATLASSIAN does not match current entity; duplicate fanout cluster preserves matching target rows elsewhere,high,MEDIUM,no,company_memory.sqlite:memory_entries,DATA_MISSING
890,END,catalyst,Atlassian's strong performance due to better-than-expected results,active,0.72,youtube_transcript:asx-daily-rundown-atlassian-lifts-tech-a2-milk-recall-shock-accent-group-all-time-lows:88e960386e503796,youtube_transcript,"ASX Daily Rundown | Atlassian Lifts Tech, A2 Milk Recall Shock & Accent Group All-Time Lows",2026-05-04T08:15:01Z,2026-05-04T08:26:00+00:00,2026-05-04T08:26:00+00:00,fanout_0031,26,candidate_expire_duplicate_fanout,status_expire_candidate,explicit target ATLASSIAN does not match current entity; duplicate fanout cluster preserves matching target rows elsewhere,high,MEDIUM,no,company_memory.sqlite:memory_entries,DATA_MISSING
891,COH,catalyst,Atlassian's strong performance due to better-than-expected results,active,0.72,youtube_transcript:asx-daily-rundown-atlassian-lifts-tech-a2-milk-recall-shock-accent-group-all-time-lows:88e960386e503796,youtube_transcript,"ASX Daily Rundown | Atlassian Lifts Tech, A2 Milk Recall Shock & Accent Group All-Time Lows",2026-05-04T08:15:01Z,2026-05-04T08:26:00+00:00,2026-05-04T08:26:00+00:00,fanout_0031,26,candidate_expire_duplicate_fanout,status_expire_candidate,explicit target ATLASSIAN does not match current entity; duplicate fanout cluster preserves matching target rows elsewhere,high,MEDIUM,no,company_memory.sqlite:memory_entries,DATA_MISSING
892,WES,catalyst,Atlassian's strong performance due to better-than-expected results,active,0.72,youtube_transcript:asx-daily-rundown-atlassian-lifts-tech-a2-milk-recall-shock-accent-group-all-time-lows:88e960386e503796,youtube_transcript,"ASX Daily Rundown | Atlassian Lifts Tech, A2 Milk Recall Shock & Accent Group All-Time Lows",2026-05-04T08:15:01Z,2026-05-04T08:26:01+00:00,2026-05-04T08:26:01+00:00,fanout_0031,26,candidate_expire_duplicate_fanout,status_expire_candidate,explicit target ATLASSIAN does not match current entity; duplicate fanout cluster preserves matching target rows elsewhere,high,MEDIUM,no,company_memory.sqlite:memory_entries,DATA_MISSING
893,BHP,catalyst,Atlassian's strong performance due to better-than-expected results,active,0.72,youtube_transcript:asx-daily-rundown-atlassian-lifts-tech-a2-milk-recall-shock-accent-group-all-time-lows:88e960386e503796,youtube_transcript,"ASX Daily Rundown | Atlassian Lifts Tech, A2 Milk Recall Shock & Accent Group All-Time Lows",2026-05-04T08:15:01Z,2026-05-04T08:26:01+00:00,2026-05-04T08:26:01+00:00,fanout_0031,26,candidate_expire_duplicate_fanout,status_expire_candidate,explicit target ATLASSIAN does not match current entity; duplicate fanout cluster preserves matching target rows elsewhere,high,MEDIUM,no,company_memory.sqlite:memory_entries,DATA_MISSING
894,NAB,catalyst,Atlassian's strong performance due to better-than-expected results,active,0.72,youtube_transcript:asx-daily-rundown-atlassian-lifts-tech-a2-milk-recall-shock-accent-group-all-time-lows:88e960386e503796,youtube_transcript,"ASX Daily Rundown | Atlassian Lifts Tech, A2 Milk Recall Shock & Accent Group All-Time Lows",2026-05-04T08:15:01Z,2026-05-04T08:26:01+00:00,2026-05-04T08:26:01+00:00,fanout_0031,26,candidate_expire_duplicate_fanout,status_expire_candidate,explicit target ATLASSIAN does not match current entity; duplicate fanout cluster preserves matching target rows elsewhere,high,MEDIUM,no,company_memory.sqlite:memory_entries,DATA_MISSING
895,WBC,catalyst,Atlassian's strong performance due to better-than-expected results,active,0.72,youtube_transcript:asx-daily-rundown-atlassian-lifts-tech-a2-milk-recall-shock-accent-group-all-time-lows:88e960386e503796,youtube_transcript,"ASX Daily Rundown | Atlassian Lifts Tech, A2 Milk Recall Shock & Accent Group All-Time Lows",2026-05-04T08:15:01Z,2026-05-04T08:26:01+00:00,2026-05-04T08:26:01+00:00,fanout_0031,26,candidate_expire_duplicate_fanout,status_expire_candidate,explicit target ATLASSIAN does not match current entity; duplicate fanout cluster preserves matching target rows elsewhere,high,MEDIUM,no,company_memory.sqlite:memory_entries,DATA_MISSING
896,KEY,catalyst,Atlassian's strong performance due to better-than-expected results,active,0.72,youtube_transcript:asx-daily-rundown-atlassian-lifts-tech-a2-milk-recall-shock-accent-group-all-time-lows:88e960386e503796,youtube_transcript,"ASX Daily Rundown | Atlassian Lifts Tech, A2 Milk Recall Shock & Accent Group All-Time Lows",2026-05-04T08:15:01Z,2026-05-04T08:26:01+00:00,2026-05-04T08:26:01+00:00,fanout_0031,26,candidate_expire_duplicate_fanout,status_expire_candidate,explicit target ATLASSIAN does not match current entity; duplicate fanout cluster preserves matching target rows elsewhere,high,MEDIUM,no,company_memory.sqlite:memory_entries,DATA_MISSING
897,GCM,catalyst,Atlassian's strong performance due to better-than-expected results,active,0.72,youtube_transcript:asx-daily-rundown-atlassian-lifts-tech-a2-milk-recall-shock-accent-group-all-time-lows:88e960386e503796,youtube_transcript,"ASX Daily Rundown | Atlassian Lifts Tech, A2 Milk Recall Shock & Accent Group All-Time Lows",2026-05-04T08:15:01Z,2026-05-04T08:26:01+00:00,2026-05-04T08:26:01+00:00,fanout_0031,26,candidate_expire_duplicate_fanout,status_expire_candidate,explicit target ATLASSIAN does not match current entity; duplicate fanout cluster preserves matching target rows elsewhere,high,MEDIUM,no,company_memory.sqlite:memory_entries,DATA_MISSING
898,MAR,catalyst,Atlassian's strong performance due to better-than-expected results,active,0.72,youtube_transcript:asx-daily-rundown-atlassian-lifts-tech-a2-milk-recall-shock-accent-group-all-time-lows:88e960386e503796,youtube_transcript,"ASX Daily Rundown | Atlassian Lifts Tech, A2 Milk Recall Shock & Accent Group All-Time Lows",2026-05-04T08:15:01Z,2026-05-04T08:26:01+00:00,2026-05-04T08:26:01+00:00,fanout_0031,26,candidate_expire_duplicate_fanout,status_expire_candidate,explicit target ATLASSIAN does not match current entity; duplicate fanout cluster preserves matching target rows elsewhere,high,MEDIUM,no,company_memory.sqlite:memory_entries,DATA_MISSING
899,CLT,catalyst,Atlassian's strong performance due to better-than-expected results,active,0.72,youtube_transcript:asx-daily-rundown-atlassian-lifts-tech-a2-milk-recall-shock-accent-group-all-time-lows:88e960386e503796,youtube_transcript,"ASX Daily Rundown | Atlassian Lifts Tech, A2 Milk Recall Shock & Accent Group All-Time Lows",2026-05-04T08:15:01Z,2026-05-04T08:26:02+00:00,2026-05-04T08:26:02+00:00,fanout_0031,26,candidate_expire_duplicate_fanout,status_expire_candidate,explicit target ATLASSIAN does not match current entity; duplicate fanout cluster preserves matching target rows elsewhere,high,MEDIUM,no,company_memory.sqlite:memory_entries,DATA_MISSING
900,WIN,catalyst,Atlassian's strong performance due to better-than-expected results,active,0.72,youtube_transcript:asx-daily-rundown-atlassian-lifts-tech-a2-milk-recall-shock-accent-group-all-time-lows:88e960386e503796,youtube_transcript,"ASX Daily Rundown | Atlassian Lifts Tech, A2 Milk Recall Shock & Accent Group All-Time Lows",2026-05-04T08:15:01Z,2026-05-04T08:26:02+00:00,2026-05-04T08:26:02+00:00,fanout_0031,26,candidate_expire_duplicate_fanout,status_expire_candidate,explicit target ATLASSIAN does not match current entity; duplicate fanout cluster preserves matching target rows elsewhere,high,MEDIUM,no,company_memory.sqlite:memory_entries,DATA_MISSING
901,SKT,catalyst,Atlassian's strong performance due to better-than-expected results,active,0.72,youtube_transcript:asx-daily-rundown-atlassian-lifts-tech-a2-milk-recall-shock-accent-group-all-time-lows:88e960386e503796,youtube_transcript,"ASX Daily Rundown | Atlassian Lifts Tech, A2 Milk Recall Shock & Accent Group All-Time Lows",2026-05-04T08:15:01Z,2026-05-04T08:26:02+00:00,2026-05-04T08:26:02+00:00,fanout_0031,26,candidate_expire_duplicate_fanout,status_expire_candidate,explicit target ATLASSIAN does not match current entity; duplicate fanout cluster preserves matching target rows elsewhere,high,MEDIUM,no,company_memory.sqlite:memory_entries,DATA_MISSING
902,VCE,catalyst,Atlassian's strong performance due to better-than-expected results,active,0.72,youtube_transcript:asx-daily-rundown-atlassian-lifts-tech-a2-milk-recall-shock-accent-group-all-time-lows:88e960386e503796,youtube_transcript,"ASX Daily Rundown | Atlassian Lifts Tech, A2 Milk Recall Shock & Accent Group All-Time Lows",2026-05-04T08:15:01Z,2026-05-04T08:26:02+00:00,2026-05-04T08:26:02+00:00,fanout_0031,26,candidate_expire_duplicate_fanout,status_expire_candidate,explicit target ATLASSIAN does not match current entity; duplicate fanout cluster preserves matching target rows elsewhere,high,MEDIUM,no,company_memory.sqlite:memory_entries,DATA_MISSING
903,SNW,catalyst,Atlassian's strong performance due to better-than-expected results,active,0.72,youtube_transcript:asx-daily-rundown-atlassian-lifts-tech-a2-milk-recall-shock-accent-group-all-time-lows:88e960386e503796,youtube_transcript,"ASX Daily Rundown | Atlassian Lifts Tech, A2 Milk Recall Shock & Accent Group All-Time Lows",2026-05-04T08:15:01Z,2026-05-04T08:26:02+00:00,2026-05-04T08:26:02+00:00,fanout_0031,26,candidate_expire_duplicate_fanout,status_expire_candidate,explicit target ATLASSIAN does not match current entity; duplicate fanout cluster preserves matching target rows elsewhere,high,MEDIUM,no,company_memory.sqlite:memory_entries,DATA_MISSING
904,LON,catalyst,Atlassian's strong performance due to better-than-expected results,active,0.72,youtube_transcript:asx-daily-rundown-atlassian-lifts-tech-a2-milk-recall-shock-accent-group-all-time-lows:88e960386e503796,youtube_transcript,"ASX Daily Rundown | Atlassian Lifts Tech, A2 Milk Recall Shock & Accent Group All-Time Lows",2026-05-04T08:15:01Z,2026-05-04T08:26:03+00:00,2026-05-04T08:26:03+00:00,fanout_0031,26,candidate_expire_duplicate_fanout,status_expire_candidate,explicit target ATLASSIAN does not match current entity; duplicate fanout cluster preserves matching target rows elsewhere,high,MEDIUM,no,company_memory.sqlite:memory_entries,DATA_MISSING
905,PET,catalyst,Atlassian's strong performance due to better-than-expected results,active,0.72,youtube_transcript:asx-daily-rundown-atlassian-lifts-tech-a2-milk-recall-shock-accent-group-all-time-lows:88e960386e503796,youtube_transcript,"ASX Daily Rundown | Atlassian Lifts Tech, A2 Milk Recall Shock & Accent Group All-Time Lows",2026-05-04T08:15:01Z,2026-05-04T08:26:03+00:00,2026-05-04T08:26:03+00:00,fanout_0031,26,candidate_expire_duplicate_fanout,status_expire_candidate,explicit target ATLASSIAN does not match current entity; duplicate fanout cluster preserves matching target rows elsewhere,high,MEDIUM,no,company_memory.sqlite:memory_entries,DATA_MISSING
906,STK,catalyst,Atlassian's strong performance due to better-than-expected results,active,0.72,youtube_transcript:asx-daily-rundown-atlassian-lifts-tech-a2-milk-recall-shock-accent-group-all-time-lows:88e960386e503796,youtube_transcript,"ASX Daily Rundown | Atlassian Lifts Tech, A2 Milk Recall Shock & Accent Group All-Time Lows",2026-05-04T08:15:01Z,2026-05-04T08:26:03+00:00,2026-05-04T08:26:03+00:00,fanout_0031,26,candidate_expire_duplicate_fanout,status_expire_candidate,explicit target ATLASSIAN does not match current entity; duplicate fanout cluster preserves matching target rows elsewhere,high,MEDIUM,no,company_memory.sqlite:memory_entries,DATA_MISSING
907,INDE,catalyst,Atlassian's strong performance due to better-than-expected results,active,0.72,youtube_transcript:asx-daily-rundown-atlassian-lifts-tech-a2-milk-recall-shock-accent-group-all-time-lows:88e960386e503796,youtube_transcript,"ASX Daily Rundown | Atlassian Lifts Tech, A2 Milk Recall Shock & Accent Group All-Time Lows",2026-05-04T08:15:01Z,2026-05-04T08:26:03+00:00,2026-05-04T08:26:03+00:00,fanout_0031,26,candidate_expire_duplicate_fanout,status_expire_candidate,explicit target ATLASSIAN does not match current entity; duplicate fanout cluster preserves matching target rows elsewhere,high,MEDIUM,no,company_memory.sqlite:memory_entries,DATA_MISSING
908,PETT,catalyst,Atlassian's strong performance due to better-than-expected results,active,0.72,youtube_transcript:asx-daily-rundown-atlassian-lifts-tech-a2-milk-recall-shock-accent-group-all-time-lows:88e960386e503796,youtube_transcript,"ASX Daily Rundown | Atlassian Lifts Tech, A2 Milk Recall Shock & Accent Group All-Time Lows",2026-05-04T08:15:01Z,2026-05-04T08:26:04+00:00,2026-05-04T08:26:04+00:00,fanout_0031,26,candidate_expire_duplicate_fanout,status_expire_candidate,explicit target ATLASSIAN does not match current entity; duplicate fanout cluster preserves matching target rows elsewhere,high,MEDIUM,no,company_memory.sqlite:memory_entries,DATA_MISSING
909,C79,catalyst,Atlassian's strong performance due to better-than-expected results,active,0.72,youtube_transcript:asx-daily-rundown-atlassian-lifts-tech-a2-milk-recall-shock-accent-group-all-time-lows:88e960386e503796,youtube_transcript,"ASX Daily Rundown | Atlassian Lifts Tech, A2 Milk Recall Shock & Accent Group All-Time Lows",2026-05-04T08:15:01Z,2026-05-04T08:26:04+00:00,2026-05-04T08:26:04+00:00,fanout_0031,26,candidate_expire_duplicate_fanout,status_expire_candidate,explicit target ATLASSIAN does not match current entity; duplicate fanout cluster preserves matching target rows elsewhere,high,MEDIUM,no,company_memory.sqlite:memory_entries,DATA_MISSING
910,A2 MILK,catalyst,Atlassian's strong performance due to better-than-expected results,active,0.72,youtube_transcript:asx-daily-rundown-atlassian-lifts-tech-a2-milk-recall-shock-accent-group-all-time-lows:88e960386e503796,youtube_transcript,"ASX Daily Rundown | Atlassian Lifts Tech, A2 Milk Recall Shock & Accent Group All-Time Lows",2026-05-04T08:15:01Z,2026-05-04T08:26:04+00:00,2026-05-04T08:26:04+00:00,fanout_0031,26,candidate_expire_duplicate_fanout,status_expire_candidate,explicit target ATLASSIAN does not match current entity; duplicate fanout cluster preserves matching target rows elsewhere,high,MEDIUM,no,company_memory.sqlite:memory_entries,DATA_MISSING
911,ACCENT GROUP,catalyst,Atlassian's strong performance due to better-than-expected results,active,0.72,youtube_transcript:asx-daily-rundown-atlassian-lifts-tech-a2-milk-recall-shock-accent-group-all-time-lows:88e960386e503796,youtube_transcript,"ASX Daily Rundown | Atlassian Lifts Tech, A2 Milk Recall Shock & Accent Group All-Time Lows",2026-05-04T08:15:01Z,2026-05-04T08:26:04+00:00,2026-05-04T08:26:04+00:00,fanout_0031,26,candidate_expire_duplicate_fanout,status_expire_candidate,explicit target ATLASSIAN does not match current entity; duplicate fanout cluster preserves matching target rows elsewhere,high,MEDIUM,no,company_memory.sqlite:memory_entries,DATA_MISSING
938,END,catalyst,Positive trading update for Chrysos Corporation,active,0.72,youtube_transcript:asx-daily-rundown-atlassian-lifts-tech-a2-milk-recall-shock-accent-group-all-time-lows:88e960386e503796,youtube_transcript,"ASX Daily Rundown | Atlassian Lifts Tech, A2 Milk Recall Shock & Accent Group All-Time Lows",2026-05-04T08:15:01Z,2026-05-04T08:26:10+00:00,2026-05-04T08:26:10+00:00,fanout_0016,42,candidate_expire_duplicate_fanout,status_expire_candidate,explicit target CHRYSOS/C79/GCM does not match current entity; duplicate fanout cluster preserves matching target rows elsewhere,high,MEDIUM,no,company_memory.sqlite:memory_entries,DATA_MISSING
939,COH,catalyst,Positive trading update for Chrysos Corporation,active,0.72,youtube_transcript:asx-daily-rundown-atlassian-lifts-tech-a2-milk-recall-shock-accent-group-all-time-lows:88e960386e503796,youtube_transcript,"ASX Daily Rundown | Atlassian Lifts Tech, A2 Milk Recall Shock & Accent Group All-Time Lows",2026-05-04T08:15:01Z,2026-05-04T08:26:10+00:00,2026-05-04T08:26:10+00:00,fanout_0016,42,candidate_expire_duplicate_fanout,status_expire_candidate,explicit target CHRYSOS/C79/GCM does not match current entity; duplicate fanout cluster preserves matching target rows elsewhere,high,MEDIUM,no,company_memory.sqlite:memory_entries,DATA_MISSING
940,WES,catalyst,Positive trading update for Chrysos Corporation,active,0.72,youtube_transcript:asx-daily-rundown-atlassian-lifts-tech-a2-milk-recall-shock-accent-group-all-time-lows:88e960386e503796,youtube_transcript,"ASX Daily Rundown | Atlassian Lifts Tech, A2 Milk Recall Shock & Accent Group All-Time Lows",2026-05-04T08:15:01Z,2026-05-04T08:26:10+00:00,2026-05-04T08:26:10+00:00,fanout_0016,42,candidate_expire_duplicate_fanout,status_expire_candidate,explicit target CHRYSOS/C79/GCM does not match current entity; duplicate fanout cluster preserves matching target rows elsewhere,high,MEDIUM,no,company_memory.sqlite:memory_entries,DATA_MISSING
941,WBC,catalyst,Positive trading update for Chrysos Corporation,active,0.72,youtube_transcript:asx-daily-rundown-atlassian-lifts-tech-a2-milk-recall-shock-accent-group-all-time-lows:88e960386e503796,youtube_transcript,"ASX Daily Rundown | Atlassian Lifts Tech, A2 Milk Recall Shock & Accent Group All-Time Lows",2026-05-04T08:15:01Z,2026-05-04T08:26:11+00:00,2026-05-04T08:26:11+00:00,fanout_0016,42,candidate_expire_duplicate_fanout,status_expire_candidate,explicit target CHRYSOS/C79/GCM does not match current entity; duplicate fanout cluster preserves matching target rows elsewhere,high,MEDIUM,no,company_memory.sqlite:memory_entries,DATA_MISSING
942,KEY,catalyst,Positive trading update for Chrysos Corporation,active,0.72,youtube_transcript:asx-daily-rundown-atlassian-lifts-tech-a2-milk-recall-shock-accent-group-all-time-lows:88e960386e503796,youtube_transcript,"ASX Daily Rundown | Atlassian Lifts Tech, A2 Milk Recall Shock & Accent Group All-Time Lows",2026-05-04T08:15:01Z,2026-05-04T08:26:11+00:00,2026-05-04T08:26:11+00:00,fanout_0016,42,candidate_expire_duplicate_fanout,status_expire_candidate,explicit target CHRYSOS/C79/GCM does not match current entity; duplicate fanout cluster preserves matching target rows elsewhere,high,MEDIUM,no,company_memory.sqlite:memory_entries,DATA_MISSING
944,MAR,catalyst,Positive trading update for Chrysos Corporation,active,0.72,youtube_transcript:asx-daily-rundown-atlassian-lifts-tech-a2-milk-recall-shock-accent-group-all-time-lows:88e960386e503796,youtube_transcript,"ASX Daily Rundown | Atlassian Lifts Tech, A2 Milk Recall Shock & Accent Group All-Time Lows",2026-05-04T08:15:01Z,2026-05-04T08:26:12+00:00,2026-05-04T08:26:12+00:00,fanout_0016,42,candidate_expire_duplicate_fanout,status_expire_candidate,explicit target CHRYSOS/C79/GCM does not match current entity; duplicate fanout cluster preserves matching target rows elsewhere,high,MEDIUM,no,company_memory.sqlite:memory_entries,DATA_MISSING
945,CLT,catalyst,Positive trading update for Chrysos Corporation,active,0.72,youtube_transcript:asx-daily-rundown-atlassian-lifts-tech-a2-milk-recall-shock-accent-group-all-time-lows:88e960386e503796,youtube_transcript,"ASX Daily Rundown | Atlassian Lifts Tech, A2 Milk Recall Shock & Accent Group All-Time Lows",2026-05-04T08:15:01Z,2026-05-04T08:26:12+00:00,2026-05-04T08:26:12+00:00,fanout_0016,42,candidate_expire_duplicate_fanout,status_expire_candidate,explicit target CHRYSOS/C79/GCM does not match current entity; duplicate fanout cluster preserves matching target rows elsewhere,high,MEDIUM,no,company_memory.sqlite:memory_entries,DATA_MISSING
946,WIN,catalyst,Positive trading update for Chrysos Corporation,active,0.72,youtube_transcript:asx-daily-rundown-atlassian-lifts-tech-a2-milk-recall-shock-accent-group-all-time-lows:88e960386e503796,youtube_transcript,"ASX Daily Rundown | Atlassian Lifts Tech, A2 Milk Recall Shock & Accent Group All-Time Lows",2026-05-04T08:15:01Z,2026-05-04T08:26:12+00:00,2026-05-04T08:26:12+00:00,fanout_0016,42,candidate_expire_duplicate_fanout,status_expire_candidate,explicit target CHRYSOS/C79/GCM does not match current entity; duplicate fanout cluster preserves matching target rows elsewhere,high,MEDIUM,no,company_memory.sqlite:memory_entries,DATA_MISSING
947,SKT,catalyst,Positive trading update for Chrysos Corporation,active,0.72,youtube_transcript:asx-daily-rundown-atlassian-lifts-tech-a2-milk-recall-shock-accent-group-all-time-lows:88e960386e503796,youtube_transcript,"ASX Daily Rundown | Atlassian Lifts Tech, A2 Milk Recall Shock & Accent Group All-Time Lows",2026-05-04T08:15:01Z,2026-05-04T08:26:12+00:00,2026-05-04T08:26:12+00:00,fanout_0016,42,candidate_expire_duplicate_fanout,status_expire_candidate,explicit target CHRYSOS/C79/GCM does not match current entity; duplicate fanout cluster preserves matching target rows elsewhere,high,MEDIUM,no,company_memory.sqlite:memory_entries,DATA_MISSING
948,VCE,catalyst,Positive trading update for Chrysos Corporation,active,0.72,youtube_transcript:asx-daily-rundown-atlassian-lifts-tech-a2-milk-recall-shock-accent-group-all-time-lows:88e960386e503796,youtube_transcript,"ASX Daily Rundown | Atlassian Lifts Tech, A2 Milk Recall Shock & Accent Group All-Time Lows",2026-05-04T08:15:01Z,2026-05-04T08:26:13+00:00,2026-05-04T08:26:13+00:00,fanout_0016,42,candidate_expire_duplicate_fanout,status_expire_candidate,explicit target CHRYSOS/C79/GCM does not match current entity; duplicate fanout cluster preserves matching target rows elsewhere,high,MEDIUM,no,company_memory.sqlite:memory_entries,DATA_MISSING
949,SNW,catalyst,Positive trading update for Chrysos Corporation,active,0.72,youtube_transcript:asx-daily-rundown-atlassian-lifts-tech-a2-milk-recall-shock-accent-group-all-time-lows:88e960386e503796,youtube_transcript,"ASX Daily Rundown | Atlassian Lifts Tech, A2 Milk Recall Shock & Accent Group All-Time Lows",2026-05-04T08:15:01Z,2026-05-04T08:26:13+00:00,2026-05-04T08:26:13+00:00,fanout_0016,42,candidate_expire_duplicate_fanout,status_expire_candidate,explicit target CHRYSOS/C79/GCM does not match current entity; duplicate fanout cluster preserves matching target rows elsewhere,high,MEDIUM,no,company_memory.sqlite:memory_entries,DATA_MISSING
950,LON,catalyst,Positive trading update for Chrysos Corporation,active,0.72,youtube_transcript:asx-daily-rundown-atlassian-lifts-tech-a2-milk-recall-shock-accent-group-all-time-lows:88e960386e503796,youtube_transcript,"ASX Daily Rundown | Atlassian Lifts Tech, A2 Milk Recall Shock & Accent Group All-Time Lows",2026-05-04T08:15:01Z,2026-05-04T08:26:13+00:00,2026-05-04T08:26:13+00:00,fanout_0016,42,candidate_expire_duplicate_fanout,status_expire_candidate,explicit target CHRYSOS/C79/GCM does not match current entity; duplicate fanout cluster preserves matching target rows elsewhere,high,MEDIUM,no,company_memory.sqlite:memory_entries,DATA_MISSING
951,PET,catalyst,Positive trading update for Chrysos Corporation,active,0.72,youtube_transcript:asx-daily-rundown-atlassian-lifts-tech-a2-milk-recall-shock-accent-group-all-time-lows:88e960386e503796,youtube_transcript,"ASX Daily Rundown | Atlassian Lifts Tech, A2 Milk Recall Shock & Accent Group All-Time Lows",2026-05-04T08:15:01Z,2026-05-04T08:26:14+00:00,2026-05-04T08:26:14+00:00,fanout_0016,42,candidate_expire_duplicate_fanout,status_expire_candidate,explicit target CHRYSOS/C79/GCM does not match current entity; duplicate fanout cluster preserves matching target rows elsewhere,high,MEDIUM,no,company_memory.sqlite:memory_entries,DATA_MISSING
952,STK,catalyst,Positive trading update for Chrysos Corporation,active,0.72,youtube_transcript:asx-daily-rundown-atlassian-lifts-tech-a2-milk-recall-shock-accent-group-all-time-lows:88e960386e503796,youtube_transcript,"ASX Daily Rundown | Atlassian Lifts Tech, A2 Milk Recall Shock & Accent Group All-Time Lows",2026-05-04T08:15:01Z,2026-05-04T08:26:14+00:00,2026-05-04T08:26:14+00:00,fanout_0016,42,candidate_expire_duplicate_fanout,status_expire_candidate,explicit target CHRYSOS/C79/GCM does not match current entity; duplicate fanout cluster preserves matching target rows elsewhere,high,MEDIUM,no,company_memory.sqlite:memory_entries,DATA_MISSING
953,END,catalyst,A2 MILK's product recall,active,0.7,youtube_transcript:asx-daily-rundown-atlassian-lifts-tech-a2-milk-recall-shock-accent-group-all-time-lows:88e960386e503796,youtube_transcript,"ASX Daily Rundown | Atlassian Lifts Tech, A2 Milk Recall Shock & Accent Group All-Time Lows",2026-05-04T08:15:01Z,2026-05-04T08:26:16+00:00,2026-05-04T08:26:16+00:00,fanout_0014,42,candidate_expire_duplicate_fanout,status_expire_candidate,explicit target A2M/A2 MILK does not match current entity; duplicate fanout cluster preserves matching target rows elsewhere,high,MEDIUM,no,company_memory.sqlite:memory_entries,DATA_MISSING
954,COH,catalyst,A2 MILK's product recall,active,0.7,youtube_transcript:asx-daily-rundown-atlassian-lifts-tech-a2-milk-recall-shock-accent-group-all-time-lows:88e960386e503796,youtube_transcript,"ASX Daily Rundown | Atlassian Lifts Tech, A2 Milk Recall Shock & Accent Group All-Time Lows",2026-05-04T08:15:01Z,2026-05-04T08:26:16+00:00,2026-05-04T08:26:16+00:00,fanout_0014,42,candidate_expire_duplicate_fanout,status_expire_candidate,explicit target A2M/A2 MILK does not match current entity; duplicate fanout cluster preserves matching target rows elsewhere,high,MEDIUM,no,company_memory.sqlite:memory_entries,DATA_MISSING
955,WES,catalyst,A2 MILK's product recall,active,0.7,youtube_transcript:asx-daily-rundown-atlassian-lifts-tech-a2-milk-recall-shock-accent-group-all-time-lows:88e960386e503796,youtube_transcript,"ASX Daily Rundown | Atlassian Lifts Tech, A2 Milk Recall Shock & Accent Group All-Time Lows",2026-05-04T08:15:01Z,2026-05-04T08:26:17+00:00,2026-05-04T08:26:17+00:00,fanout_0014,42,candidate_expire_duplicate_fanout,status_expire_candidate,explicit target A2M/A2 MILK does not match current entity; duplicate fanout cluster preserves matching target rows elsewhere,high,MEDIUM,no,company_memory.sqlite:memory_entries,DATA_MISSING
956,WBC,catalyst,A2 MILK's product recall,active,0.7,youtube_transcript:asx-daily-rundown-atlassian-lifts-tech-a2-milk-recall-shock-accent-group-all-time-lows:88e960386e503796,youtube_transcript,"ASX Daily Rundown | Atlassian Lifts Tech, A2 Milk Recall Shock & Accent Group All-Time Lows",2026-05-04T08:15:01Z,2026-05-04T08:26:17+00:00,2026-05-04T08:26:17+00:00,fanout_0014,42,candidate_expire_duplicate_fanout,status_expire_candidate,explicit target A2M/A2 MILK does not match current entity; duplicate fanout cluster preserves matching target rows elsewhere,high,MEDIUM,no,company_memory.sqlite:memory_entries,DATA_MISSING
957,KEY,catalyst,A2 MILK's product recall,active,0.7,youtube_transcript:asx-daily-rundown-atlassian-lifts-tech-a2-milk-recall-shock-accent-group-all-time-lows:88e960386e503796,youtube_transcript,"ASX Daily Rundown | Atlassian Lifts Tech, A2 Milk Recall Shock & Accent Group All-Time Lows",2026-05-04T08:15:01Z,2026-05-04T08:26:17+00:00,2026-05-04T08:26:17+00:00,fanout_0014,42,candidate_expire_duplicate_fanout,status_expire_candidate,explicit target A2M/A2 MILK does not match current entity; duplicate fanout cluster preserves matching target rows elsewhere,high,MEDIUM,no,company_memory.sqlite:memory_entries,DATA_MISSING
958,GCM,catalyst,A2 MILK's product recall,active,0.7,youtube_transcript:asx-daily-rundown-atlassian-lifts-tech-a2-milk-recall-shock-accent-group-all-time-lows:88e960386e503796,youtube_transcript,"ASX Daily Rundown | Atlassian Lifts Tech, A2 Milk Recall Shock & Accent Group All-Time Lows",2026-05-04T08:15:01Z,2026-05-04T08:26:17+00:00,2026-05-04T08:26:17+00:00,fanout_0014,42,candidate_expire_duplicate_fanout,status_expire_candidate,explicit target A2M/A2 MILK does not match current entity; duplicate fanout cluster preserves matching target rows elsewhere,high,MEDIUM,no,company_memory.sqlite:memory_entries,DATA_MISSING
959,MAR,catalyst,A2 MILK's product recall,active,0.7,youtube_transcript:asx-daily-rundown-atlassian-lifts-tech-a2-milk-recall-shock-accent-group-all-time-lows:88e960386e503796,youtube_transcript,"ASX Daily Rundown | Atlassian Lifts Tech, A2 Milk Recall Shock & Accent Group All-Time Lows",2026-05-04T08:15:01Z,2026-05-04T08:26:18+00:00,2026-05-04T08:26:18+00:00,fanout_0014,42,candidate_expire_duplicate_fanout,status_expire_candidate,explicit target A2M/A2 MILK does not match current entity; duplicate fanout cluster preserves matching target rows elsewhere,high,MEDIUM,no,company_memory.sqlite:memory_entries,DATA_MISSING
960,CLT,catalyst,A2 MILK's product recall,active,0.7,youtube_transcript:asx-daily-rundown-atlassian-lifts-tech-a2-milk-recall-shock-accent-group-all-time-lows:88e960386e503796,youtube_transcript,"ASX Daily Rundown | Atlassian Lifts Tech, A2 Milk Recall Shock & Accent Group All-Time Lows",2026-05-04T08:15:01Z,2026-05-04T08:26:19+00:00,2026-05-04T08:26:19+00:00,fanout_0014,42,candidate_expire_duplicate_fanout,status_expire_candidate,explicit target A2M/A2 MILK does not match current entity; duplicate fanout cluster preserves matching target rows elsewhere,high,MEDIUM,no,company_memory.sqlite:memory_entries,DATA_MISSING
961,WIN,catalyst,A2 MILK's product recall,active,0.7,youtube_transcript:asx-daily-rundown-atlassian-lifts-tech-a2-milk-recall-shock-accent-group-all-time-lows:88e960386e503796,youtube_transcript,"ASX Daily Rundown | Atlassian Lifts Tech, A2 Milk Recall Shock & Accent Group All-Time Lows",2026-05-04T08:15:01Z,2026-05-04T08:26:19+00:00,2026-05-04T08:26:19+00:00,fanout_0014,42,candidate_expire_duplicate_fanout,status_expire_candidate,explicit target A2M/A2 MILK does not match current entity; duplicate fanout cluster preserves matching target rows elsewhere,high,MEDIUM,no,company_memory.sqlite:memory_entries,DATA_MISSING
962,SKT,catalyst,A2 MILK's product recall,active,0.7,youtube_transcript:asx-daily-rundown-atlassian-lifts-tech-a2-milk-recall-shock-accent-group-all-time-lows:88e960386e503796,youtube_transcript,"ASX Daily Rundown | Atlassian Lifts Tech, A2 Milk Recall Shock & Accent Group All-Time Lows",2026-05-04T08:15:01Z,2026-05-04T08:26:19+00:00,2026-05-04T08:26:19+00:00,fanout_0014,42,candidate_expire_duplicate_fanout,status_expire_candidate,explicit target A2M/A2 MILK does not match current entity; duplicate fanout cluster preserves matching target rows elsewhere,high,MEDIUM,no,company_memory.sqlite:memory_entries,DATA_MISSING
963,VCE,catalyst,A2 MILK's product recall,active,0.7,youtube_transcript:asx-daily-rundown-atlassian-lifts-tech-a2-milk-recall-shock-accent-group-all-time-lows:88e960386e503796,youtube_transcript,"ASX Daily Rundown | Atlassian Lifts Tech, A2 Milk Recall Shock & Accent Group All-Time Lows",2026-05-04T08:15:01Z,2026-05-04T08:26:19+00:00,2026-05-04T08:26:19+00:00,fanout_0014,42,candidate_expire_duplicate_fanout,status_expire_candidate,explicit target A2M/A2 MILK does not match current entity; duplicate fanout cluster preserves matching target rows elsewhere,high,MEDIUM,no,company_memory.sqlite:memory_entries,DATA_MISSING
964,SNW,catalyst,A2 MILK's product recall,active,0.7,youtube_transcript:asx-daily-rundown-atlassian-lifts-tech-a2-milk-recall-shock-accent-group-all-time-lows:88e960386e503796,youtube_transcript,"ASX Daily Rundown | Atlassian Lifts Tech, A2 Milk Recall Shock & Accent Group All-Time Lows",2026-05-04T08:15:01Z,2026-05-04T08:26:19+00:00,2026-05-04T08:26:19+00:00,fanout_0014,42,candidate_expire_duplicate_fanout,status_expire_candidate,explicit target A2M/A2 MILK does not match current entity; duplicate fanout cluster preserves matching target rows elsewhere,high,MEDIUM,no,company_memory.sqlite:memory_entries,DATA_MISSING
965,LON,catalyst,A2 MILK's product recall,active,0.7,youtube_transcript:asx-daily-rundown-atlassian-lifts-tech-a2-milk-recall-shock-accent-group-all-time-lows:88e960386e503796,youtube_transcript,"ASX Daily Rundown | Atlassian Lifts Tech, A2 Milk Recall Shock & Accent Group All-Time Lows",2026-05-04T08:15:01Z,2026-05-04T08:26:19+00:00,2026-05-04T08:26:19+00:00,fanout_0014,42,candidate_expire_duplicate_fanout,status_expire_candidate,explicit target A2M/A2 MILK does not match current entity; duplicate fanout cluster preserves matching target rows elsewhere,high,MEDIUM,no,company_memory.sqlite:memory_entries,DATA_MISSING
966,PET,catalyst,A2 MILK's product recall,active,0.7,youtube_transcript:asx-daily-rundown-atlassian-lifts-tech-a2-milk-recall-shock-accent-group-all-time-lows:88e960386e503796,youtube_transcript,"ASX Daily Rundown | Atlassian Lifts Tech, A2 Milk Recall Shock & Accent Group All-Time Lows",2026-05-04T08:15:01Z,2026-05-04T08:26:19+00:00,2026-05-04T08:26:19+00:00,fanout_0014,42,candidate_expire_duplicate_fanout,status_expire_candidate,explicit target A2M/A2 MILK does not match current entity; duplicate fanout cluster preserves matching target rows elsewhere,high,MEDIUM,no,company_memory.sqlite:memory_entries,DATA_MISSING
967,STK,catalyst,A2 MILK's product recall,active,0.7,youtube_transcript:asx-daily-rundown-atlassian-lifts-tech-a2-milk-recall-shock-accent-group-all-time-lows:88e960386e503796,youtube_transcript,"ASX Daily Rundown | Atlassian Lifts Tech, A2 Milk Recall Shock & Accent Group All-Time Lows",2026-05-04T08:15:01Z,2026-05-04T08:26:19+00:00,2026-05-04T08:26:19+00:00,fanout_0014,42,candidate_expire_duplicate_fanout,status_expire_candidate,explicit target A2M/A2 MILK does not match current entity; duplicate fanout cluster preserves matching target rows elsewhere,high,MEDIUM,no,company_memory.sqlite:memory_entries,DATA_MISSING
968,END,catalyst,Voluntary recall of three batches of A2 Platinum USA label infant milk formula manufactured by Liz Sinlay,active,0.72,youtube_transcript:asx-daily-rundown-atlassian-lifts-tech-a2-milk-recall-shock-accent-group-all-time-lows:88e960386e503796,youtube_transcript,"ASX Daily Rundown | Atlassian Lifts Tech, A2 Milk Recall Shock & Accent Group All-Time Lows",2026-05-04T08:15:01Z,2026-05-04T08:26:21+00:00,2026-05-04T08:26:21+00:00,fanout_0013,50,candidate_expire_duplicate_fanout,status_expire_candidate,explicit target A2M/A2 MILK does not match current entity; duplicate fanout cluster preserves matching target rows elsewhere,high,MEDIUM,no,company_memory.sqlite:memory_entries,DATA_MISSING
969,COH,catalyst,Voluntary recall of three batches of A2 Platinum USA label infant milk formula manufactured by Liz Sinlay,active,0.72,youtube_transcript:asx-daily-rundown-atlassian-lifts-tech-a2-milk-recall-shock-accent-group-all-time-lows:88e960386e503796,youtube_transcript,"ASX Daily Rundown | Atlassian Lifts Tech, A2 Milk Recall Shock & Accent Group All-Time Lows",2026-05-04T08:15:01Z,2026-05-04T08:26:21+00:00,2026-05-04T08:26:21+00:00,fanout_0013,50,candidate_expire_duplicate_fanout,status_expire_candidate,explicit target A2M/A2 MILK does not match current entity; duplicate fanout cluster preserves matching target rows elsewhere,high,MEDIUM,no,company_memory.sqlite:memory_entries,DATA_MISSING
970,WES,catalyst,Voluntary recall of three batches of A2 Platinum USA label infant milk formula manufactured by Liz Sinlay,active,0.72,youtube_transcript:asx-daily-rundown-atlassian-lifts-tech-a2-milk-recall-shock-accent-group-all-time-lows:88e960386e503796,youtube_transcript,"ASX Daily Rundown | Atlassian Lifts Tech, A2 Milk Recall Shock & Accent Group All-Time Lows",2026-05-04T08:15:01Z,2026-05-04T08:26:21+00:00,2026-05-04T08:26:21+00:00,fanout_0013,50,candidate_expire_duplicate_fanout,status_expire_candidate,explicit target A2M/A2 MILK does not match current entity; duplicate fanout cluster preserves matching target rows elsewhere,high,MEDIUM,no,company_memory.sqlite:memory_entries,DATA_MISSING
971,WBC,catalyst,Voluntary recall of three batches of A2 Platinum USA label infant milk formula manufactured by Liz Sinlay,active,0.72,youtube_transcript:asx-daily-rundown-atlassian-lifts-tech-a2-milk-recall-shock-accent-group-all-time-lows:88e960386e503796,youtube_transcript,"ASX Daily Rundown | Atlassian Lifts Tech, A2 Milk Recall Shock & Accent Group All-Time Lows",2026-05-04T08:15:01Z,2026-05-04T08:26:21+00:00,2026-05-04T08:26:21+00:00,fanout_0013,50,candidate_expire_duplicate_fanout,status_expire_candidate,explicit target A2M/A2 MILK does not match current entity; duplicate fanout cluster preserves matching target rows elsewhere,high,MEDIUM,no,company_memory.sqlite:memory_entries,DATA_MISSING
972,KEY,catalyst,Voluntary recall of three batches of A2 Platinum USA label infant milk formula manufactured by Liz Sinlay,active,0.72,youtube_transcript:asx-daily-rundown-atlassian-lifts-tech-a2-milk-recall-shock-accent-group-all-time-lows:88e960386e503796,youtube_transcript,"ASX Daily Rundown | Atlassian Lifts Tech, A2 Milk Recall Shock & Accent Group All-Time Lows",2026-05-04T08:15:01Z,2026-05-04T08:26:21+00:00,2026-05-04T08:26:21+00:00,fanout_0013,50,candidate_expire_duplicate_fanout,status_expire_candidate,explicit target A2M/A2 MILK does not match current entity; duplicate fanout cluster preserves matching target rows elsewhere,high,MEDIUM,no,company_memory.sqlite:memory_entries,DATA_MISSING
973,GCM,catalyst,Voluntary recall of three batches of A2 Platinum USA label infant milk formula manufactured by Liz Sinlay,active,0.72,youtube_transcript:asx-daily-rundown-atlassian-lifts-tech-a2-milk-recall-shock-accent-group-all-time-lows:88e960386e503796,youtube_transcript,"ASX Daily Rundown | Atlassian Lifts Tech, A2 Milk Recall Shock & Accent Group All-Time Lows",2026-05-04T08:15:01Z,2026-05-04T08:26:22+00:00,2026-05-04T08:26:22+00:00,fanout_0013,50,candidate_expire_duplicate_fanout,status_expire_candidate,explicit target A2M/A2 MILK does not match current entity; duplicate fanout cluster preserves matching target rows elsewhere,high,MEDIUM,no,company_memory.sqlite:memory_entries,DATA_MISSING
974,MAR,catalyst,Voluntary recall of three batches of A2 Platinum USA label infant milk formula manufactured by Liz Sinlay,active,0.72,youtube_transcript:asx-daily-rundown-atlassian-lifts-tech-a2-milk-recall-shock-accent-group-all-time-lows:88e960386e503796,youtube_transcript,"ASX Daily Rundown | Atlassian Lifts Tech, A2 Milk Recall Shock & Accent Group All-Time Lows",2026-05-04T08:15:01Z,2026-05-04T08:26:22+00:00,2026-05-04T08:26:22+00:00,fanout_0013,50,candidate_expire_duplicate_fanout,status_expire_candidate,explicit target A2M/A2 MILK does not match current entity; duplicate fanout cluster preserves matching target rows elsewhere,high,MEDIUM,no,company_memory.sqlite:memory_entries,DATA_MISSING
975,CLT,catalyst,Voluntary recall of three batches of A2 Platinum USA label infant milk formula manufactured by Liz Sinlay,active,0.72,youtube_transcript:asx-daily-rundown-atlassian-lifts-tech-a2-milk-recall-shock-accent-group-all-time-lows:88e960386e503796,youtube_transcript,"ASX Daily Rundown | Atlassian Lifts Tech, A2 Milk Recall Shock & Accent Group All-Time Lows",2026-05-04T08:15:01Z,2026-05-04T08:26:22+00:00,2026-05-04T08:26:22+00:00,fanout_0013,50,candidate_expire_duplicate_fanout,status_expire_candidate,explicit target A2M/A2 MILK does not match current entity; duplicate fanout cluster preserves matching target rows elsewhere,high,MEDIUM,no,company_memory.sqlite:memory_entries,DATA_MISSING
976,WIN,catalyst,Voluntary recall of three batches of A2 Platinum USA label infant milk formula manufactured by Liz Sinlay,active,0.72,youtube_transcript:asx-daily-rundown-atlassian-lifts-tech-a2-milk-recall-shock-accent-group-all-time-lows:88e960386e503796,youtube_transcript,"ASX Daily Rundown | Atlassian Lifts Tech, A2 Milk Recall Shock & Accent Group All-Time Lows",2026-05-04T08:15:01Z,2026-05-04T08:26:22+00:00,2026-05-04T08:26:22+00:00,fanout_0013,50,candidate_expire_duplicate_fanout,status_expire_candidate,explicit target A2M/A2 MILK does not match current entity; duplicate fanout cluster preserves matching target rows elsewhere,high,MEDIUM,no,company_memory.sqlite:memory_entries,DATA_MISSING
977,SKT,catalyst,Voluntary recall of three batches of A2 Platinum USA label infant milk formula manufactured by Liz Sinlay,active,0.72,youtube_transcript:asx-daily-rundown-atlassian-lifts-tech-a2-milk-recall-shock-accent-group-all-time-lows:88e960386e503796,youtube_transcript,"ASX Daily Rundown | Atlassian Lifts Tech, A2 Milk Recall Shock & Accent Group All-Time Lows",2026-05-04T08:15:01Z,2026-05-04T08:26:22+00:00,2026-05-04T08:26:22+00:00,fanout_0013,50,candidate_expire_duplicate_fanout,status_expire_candidate,explicit target A2M/A2 MILK does not match current entity; duplicate fanout cluster preserves matching target rows elsewhere,high,MEDIUM,no,company_memory.sqlite:memory_entries,DATA_MISSING
978,VCE,catalyst,Voluntary recall of three batches of A2 Platinum USA label infant milk formula manufactured by Liz Sinlay,active,0.72,youtube_transcript:asx-daily-rundown-atlassian-lifts-tech-a2-milk-recall-shock-accent-group-all-time-lows:88e960386e503796,youtube_transcript,"ASX Daily Rundown | Atlassian Lifts Tech, A2 Milk Recall Shock & Accent Group All-Time Lows",2026-05-04T08:15:01Z,2026-05-04T08:26:22+00:00,2026-05-04T08:26:22+00:00,fanout_0013,50,candidate_expire_duplicate_fanout,status_expire_candidate,explicit target A2M/A2 MILK does not match current entity; duplicate fanout cluster preserves matching target rows elsewhere,high,MEDIUM,no,company_memory.sqlite:memory_entries,DATA_MISSING
979,SNW,catalyst,Voluntary recall of three batches of A2 Platinum USA label infant milk formula manufactured by Liz Sinlay,active,0.72,youtube_transcript:asx-daily-rundown-atlassian-lifts-tech-a2-milk-recall-shock-accent-group-all-time-lows:88e960386e503796,youtube_transcript,"ASX Daily Rundown | Atlassian Lifts Tech, A2 Milk Recall Shock & Accent Group All-Time Lows",2026-05-04T08:15:01Z,2026-05-04T08:26:22+00:00,2026-05-04T08:26:22+00:00,fanout_0013,50,candidate_expire_duplicate_fanout,status_expire_candidate,explicit target A2M/A2 MILK does not match current entity; duplicate fanout cluster preserves matching target rows elsewhere,high,MEDIUM,no,company_memory.sqlite:memory_entries,DATA_MISSING
980,LON,catalyst,Voluntary recall of three batches of A2 Platinum USA label infant milk formula manufactured by Liz Sinlay,active,0.72,youtube_transcript:asx-daily-rundown-atlassian-lifts-tech-a2-milk-recall-shock-accent-group-all-time-lows:88e960386e503796,youtube_transcript,"ASX Daily Rundown | Atlassian Lifts Tech, A2 Milk Recall Shock & Accent Group All-Time Lows",2026-05-04T08:15:01Z,2026-05-04T08:26:23+00:00,2026-05-04T08:26:23+00:00,fanout_0013,50,candidate_expire_duplicate_fanout,status_expire_candidate,explicit target A2M/A2 MILK does not match current entity; duplicate fanout cluster preserves matching target rows elsewhere,high,MEDIUM,no,company_memory.sqlite:memory_entries,DATA_MISSING
981,PET,catalyst,Voluntary recall of three batches of A2 Platinum USA label infant milk formula manufactured by Liz Sinlay,active,0.72,youtube_transcript:asx-daily-rundown-atlassian-lifts-tech-a2-milk-recall-shock-accent-group-all-time-lows:88e960386e503796,youtube_transcript,"ASX Daily Rundown | Atlassian Lifts Tech, A2 Milk Recall Shock & Accent Group All-Time Lows",2026-05-04T08:15:01Z,2026-05-04T08:26:24+00:00,2026-05-04T08:26:24+00:00,fanout_0013,50,candidate_expire_duplicate_fanout,status_expire_candidate,explicit target A2M/A2 MILK does not match current entity; duplicate fanout cluster preserves matching target rows elsewhere,high,MEDIUM,no,company_memory.sqlite:memory_entries,DATA_MISSING
982,STK,catalyst,Voluntary recall of three batches of A2 Platinum USA label infant milk formula manufactured by Liz Sinlay,active,0.72,youtube_transcript:asx-daily-rundown-atlassian-lifts-tech-a2-milk-recall-shock-accent-group-all-time-lows:88e960386e503796,youtube_transcript,"ASX Daily Rundown | Atlassian Lifts Tech, A2 Milk Recall Shock & Accent Group All-Time Lows",2026-05-04T08:15:01Z,2026-05-04T08:26:24+00:00,2026-05-04T08:26:24+00:00,fanout_0013,50,candidate_expire_duplicate_fanout,status_expire_candidate,explicit target A2M/A2 MILK does not match current entity; duplicate fanout cluster preserves matching target rows elsewhere,high,MEDIUM,no,company_memory.sqlite:memory_entries,DATA_MISSING
983,END,catalyst,ACCENT GROUP's downgrade announcement,active,0.72,youtube_transcript:asx-daily-rundown-atlassian-lifts-tech-a2-milk-recall-shock-accent-group-all-time-lows:88e960386e503796,youtube_transcript,"ASX Daily Rundown | Atlassian Lifts Tech, A2 Milk Recall Shock & Accent Group All-Time Lows",2026-05-04T08:15:01Z,2026-05-04T08:26:24+00:00,2026-05-04T08:26:24+00:00,fanout_0004,50,candidate_expire_duplicate_fanout,status_expire_candidate,explicit target ACC/ACCENT GROUP does not match current entity; duplicate fanout cluster preserves matching target rows elsewhere,high,MEDIUM,no,company_memory.sqlite:memory_entries,DATA_MISSING
984,COH,catalyst,ACCENT GROUP's downgrade announcement,active,0.72,youtube_transcript:asx-daily-rundown-atlassian-lifts-tech-a2-milk-recall-shock-accent-group-all-time-lows:88e960386e503796,youtube_transcript,"ASX Daily Rundown | Atlassian Lifts Tech, A2 Milk Recall Shock & Accent Group All-Time Lows",2026-05-04T08:15:01Z,2026-05-04T08:26:25+00:00,2026-05-04T08:26:25+00:00,fanout_0004,50,candidate_expire_duplicate_fanout,status_expire_candidate,explicit target ACC/ACCENT GROUP does not match current entity; duplicate fanout cluster preserves matching target rows elsewhere,high,MEDIUM,no,company_memory.sqlite:memory_entries,DATA_MISSING
985,WES,catalyst,ACCENT GROUP's downgrade announcement,active,0.72,youtube_transcript:asx-daily-rundown-atlassian-lifts-tech-a2-milk-recall-shock-accent-group-all-time-lows:88e960386e503796,youtube_transcript,"ASX Daily Rundown | Atlassian Lifts Tech, A2 Milk Recall Shock & Accent Group All-Time Lows",2026-05-04T08:15:01Z,2026-05-04T08:26:25+00:00,2026-05-04T08:26:25+00:00,fanout_0004,50,candidate_expire_duplicate_fanout,status_expire_candidate,explicit target ACC/ACCENT GROUP does not match current entity; duplicate fanout cluster preserves matching target rows elsewhere,high,MEDIUM,no,company_memory.sqlite:memory_entries,DATA_MISSING
986,WBC,catalyst,ACCENT GROUP's downgrade announcement,active,0.72,youtube_transcript:asx-daily-rundown-atlassian-lifts-tech-a2-milk-recall-shock-accent-group-all-time-lows:88e960386e503796,youtube_transcript,"ASX Daily Rundown | Atlassian Lifts Tech, A2 Milk Recall Shock & Accent Group All-Time Lows",2026-05-04T08:15:01Z,2026-05-04T08:26:26+00:00,2026-05-04T08:26:26+00:00,fanout_0004,50,candidate_expire_duplicate_fanout,status_expire_candidate,explicit target ACC/ACCENT GROUP does not match current entity; duplicate fanout cluster preserves matching target rows elsewhere,high,MEDIUM,no,company_memory.sqlite:memory_entries,DATA_MISSING
987,KEY,catalyst,ACCENT GROUP's downgrade announcement,active,0.72,youtube_transcript:asx-daily-rundown-atlassian-lifts-tech-a2-milk-recall-shock-accent-group-all-time-lows:88e960386e503796,youtube_transcript,"ASX Daily Rundown | Atlassian Lifts Tech, A2 Milk Recall Shock & Accent Group All-Time Lows",2026-05-04T08:15:01Z,2026-05-04T08:26:26+00:00,2026-05-04T08:26:26+00:00,fanout_0004,50,candidate_expire_duplicate_fanout,status_expire_candidate,explicit target ACC/ACCENT GROUP does not match current entity; duplicate fanout cluster preserves matching target rows elsewhere,high,MEDIUM,no,company_memory.sqlite:memory_entries,DATA_MISSING
988,GCM,catalyst,ACCENT GROUP's downgrade announcement,active,0.72,youtube_transcript:asx-daily-rundown-atlassian-lifts-tech-a2-milk-recall-shock-accent-group-all-time-lows:88e960386e503796,youtube_transcript,"ASX Daily Rundown | Atlassian Lifts Tech, A2 Milk Recall Shock & Accent Group All-Time Lows",2026-05-04T08:15:01Z,2026-05-04T08:26:26+00:00,2026-05-04T08:26:26+00:00,fanout_0004,50,candidate_expire_duplicate_fanout,status_expire_candidate,explicit target ACC/ACCENT GROUP does not match current entity; duplicate fanout cluster preserves matching target rows elsewhere,high,MEDIUM,no,company_memory.sqlite:memory_entries,DATA_MISSING
989,MAR,catalyst,ACCENT GROUP's downgrade announcement,active,0.72,youtube_transcript:asx-daily-rundown-atlassian-lifts-tech-a2-milk-recall-shock-accent-group-all-time-lows:88e960386e503796,youtube_transcript,"ASX Daily Rundown | Atlassian Lifts Tech, A2 Milk Recall Shock & Accent Group All-Time Lows",2026-05-04T08:15:01Z,2026-05-04T08:26:26+00:00,2026-05-04T08:26:26+00:00,fanout_0004,50,candidate_expire_duplicate_fanout,status_expire_candidate,explicit target ACC/ACCENT GROUP does not match current entity; duplicate fanout cluster preserves matching target rows elsewhere,high,MEDIUM,no,company_memory.sqlite:memory_entries,DATA_MISSING
990,CLT,catalyst,ACCENT GROUP's downgrade announcement,active,0.72,youtube_transcript:asx-daily-rundown-atlassian-lifts-tech-a2-milk-recall-shock-accent-group-all-time-lows:88e960386e503796,youtube_transcript,"ASX Daily Rundown | Atlassian Lifts Tech, A2 Milk Recall Shock & Accent Group All-Time Lows",2026-05-04T08:15:01Z,2026-05-04T08:26:26+00:00,2026-05-04T08:26:26+00:00,fanout_0004,50,candidate_expire_duplicate_fanout,status_expire_candidate,explicit target ACC/ACCENT GROUP does not match current entity; duplicate fanout cluster preserves matching target rows elsewhere,high,MEDIUM,no,company_memory.sqlite:memory_entries,DATA_MISSING
991,WIN,catalyst,ACCENT GROUP's downgrade announcement,active,0.72,youtube_transcript:asx-daily-rundown-atlassian-lifts-tech-a2-milk-recall-shock-accent-group-all-time-lows:88e960386e503796,youtube_transcript,"ASX Daily Rundown | Atlassian Lifts Tech, A2 Milk Recall Shock & Accent Group All-Time Lows",2026-05-04T08:15:01Z,2026-05-04T08:26:26+00:00,2026-05-04T08:26:26+00:00,fanout_0004,50,candidate_expire_duplicate_fanout,status_expire_candidate,explicit target ACC/ACCENT GROUP does not match current entity; duplicate fanout cluster preserves matching target rows elsewhere,high,MEDIUM,no,company_memory.sqlite:memory_entries,DATA_MISSING
992,SKT,catalyst,ACCENT GROUP's downgrade announcement,active,0.72,youtube_transcript:asx-daily-rundown-atlassian-lifts-tech-a2-milk-recall-shock-accent-group-all-time-lows:88e960386e503796,youtube_transcript,"ASX Daily Rundown | Atlassian Lifts Tech, A2 Milk Recall Shock & Accent Group All-Time Lows",2026-05-04T08:15:01Z,2026-05-04T08:26:26+00:00,2026-05-04T08:26:26+00:00,fanout_0004,50,candidate_expire_duplicate_fanout,status_expire_candidate,explicit target ACC/ACCENT GROUP does not match current entity; duplicate fanout cluster preserves matching target rows elsewhere,high,MEDIUM,no,company_memory.sqlite:memory_entries,DATA_MISSING
993,VCE,catalyst,ACCENT GROUP's downgrade announcement,active,0.72,youtube_transcript:asx-daily-rundown-atlassian-lifts-tech-a2-milk-recall-shock-accent-group-all-time-lows:88e960386e503796,youtube_transcript,"ASX Daily Rundown | Atlassian Lifts Tech, A2 Milk Recall Shock & Accent Group All-Time Lows",2026-05-04T08:15:01Z,2026-05-04T08:26:27+00:00,2026-05-04T08:26:27+00:00,fanout_0004,50,candidate_expire_duplicate_fanout,status_expire_candidate,explicit target ACC/ACCENT GROUP does not match current entity; duplicate fanout cluster preserves matching target rows elsewhere,high,MEDIUM,no,company_memory.sqlite:memory_entries,DATA_MISSING
994,SNW,catalyst,ACCENT GROUP's downgrade announcement,active,0.72,youtube_transcript:asx-daily-rundown-atlassian-lifts-tech-a2-milk-recall-shock-accent-group-all-time-lows:88e960386e503796,youtube_transcript,"ASX Daily Rundown | Atlassian Lifts Tech, A2 Milk Recall Shock & Accent Group All-Time Lows",2026-05-04T08:15:01Z,2026-05-04T08:26:27+00:00,2026-05-04T08:26:27+00:00,fanout_0004,50,candidate_expire_duplicate_fanout,status_expire_candidate,explicit target ACC/ACCENT GROUP does not match current entity; duplicate fanout cluster preserves matching target rows elsewhere,high,MEDIUM,no,company_memory.sqlite:memory_entries,DATA_MISSING
995,LON,catalyst,ACCENT GROUP's downgrade announcement,active,0.72,youtube_transcript:asx-daily-rundown-atlassian-lifts-tech-a2-milk-recall-shock-accent-group-all-time-lows:88e960386e503796,youtube_transcript,"ASX Daily Rundown | Atlassian Lifts Tech, A2 Milk Recall Shock & Accent Group All-Time Lows",2026-05-04T08:15:01Z,2026-05-04T08:26:27+00:00,2026-05-04T08:26:27+00:00,fanout_0004,50,candidate_expire_duplicate_fanout,status_expire_candidate,explicit target ACC/ACCENT GROUP does not match current entity; duplicate fanout cluster preserves matching target rows elsewhere,high,MEDIUM,no,company_memory.sqlite:memory_entries,DATA_MISSING
996,PET,catalyst,ACCENT GROUP's downgrade announcement,active,0.72,youtube_transcript:asx-daily-rundown-atlassian-lifts-tech-a2-milk-recall-shock-accent-group-all-time-lows:88e960386e503796,youtube_transcript,"ASX Daily Rundown | Atlassian Lifts Tech, A2 Milk Recall Shock & Accent Group All-Time Lows",2026-05-04T08:15:01Z,2026-05-04T08:26:27+00:00,2026-05-04T08:26:27+00:00,fanout_0004,50,candidate_expire_duplicate_fanout,status_expire_candidate,explicit target ACC/ACCENT GROUP does not match current entity; duplicate fanout cluster preserves matching target rows elsewhere,high,MEDIUM,no,company_memory.sqlite:memory_entries,DATA_MISSING
997,STK,catalyst,ACCENT GROUP's downgrade announcement,active,0.72,youtube_transcript:asx-daily-rundown-atlassian-lifts-tech-a2-milk-recall-shock-accent-group-all-time-lows:88e960386e503796,youtube_transcript,"ASX Daily Rundown | Atlassian Lifts Tech, A2 Milk Recall Shock & Accent Group All-Time Lows",2026-05-04T08:15:01Z,2026-05-04T08:26:27+00:00,2026-05-04T08:26:27+00:00,fanout_0004,50,candidate_expire_duplicate_fanout,status_expire_candidate,explicit target ACC/ACCENT GROUP does not match current entity; duplicate fanout cluster preserves matching target rows elsewhere,high,MEDIUM,no,company_memory.sqlite:memory_entries,DATA_MISSING
998,ASX,risk,AI fears impacting Atlassian's share price,active,0.74,youtube_transcript:asx-daily-rundown-atlassian-lifts-tech-a2-milk-recall-shock-accent-group-all-time-lows:88e960386e503796,youtube_transcript,"ASX Daily Rundown | Atlassian Lifts Tech, A2 Milk Recall Shock & Accent Group All-Time Lows",2026-05-04T08:15:01Z,2026-05-04T08:26:29+00:00,2026-05-04T08:26:29+00:00,fanout_0030,26,candidate_expire_duplicate_fanout,status_expire_candidate,explicit target ATLASSIAN does not match current entity; duplicate fanout cluster preserves matching target rows elsewhere,high,MEDIUM,no,company_memory.sqlite:memory_entries,DATA_MISSING
999,TXT,risk,AI fears impacting Atlassian's share price,active,0.74,youtube_transcript:asx-daily-rundown-atlassian-lifts-tech-a2-milk-recall-shock-accent-group-all-time-lows:88e960386e503796,youtube_transcript,"ASX Daily Rundown | Atlassian Lifts Tech, A2 Milk Recall Shock & Accent Group All-Time Lows",2026-05-04T08:15:01Z,2026-05-04T08:26:29+00:00,2026-05-04T08:26:29+00:00,fanout_0030,26,candidate_expire_duplicate_fanout,status_expire_candidate,explicit target ATLASSIAN does not match current entity; duplicate fanout cluster preserves matching target rows elsewhere,high,MEDIUM,no,company_memory.sqlite:memory_entries,DATA_MISSING
1000,XTX,risk,AI fears impacting Atlassian's share price,active,0.74,youtube_transcript:asx-daily-rundown-atlassian-lifts-tech-a2-milk-recall-shock-accent-group-all-time-lows:88e960386e503796,youtube_transcript,"ASX Daily Rundown | Atlassian Lifts Tech, A2 Milk Recall Shock & Accent Group All-Time Lows",2026-05-04T08:15:01Z,2026-05-04T08:26:29+00:00,2026-05-04T08:26:29+00:00,fanout_0030,26,candidate_expire_duplicate_fanout,status_expire_candidate,explicit target ATLASSIAN does not match current entity; duplicate fanout cluster preserves matching target rows elsewhere,high,MEDIUM,no,company_memory.sqlite:memory_entries,DATA_MISSING
1001,A2M,risk,AI fears impacting Atlassian's share price,active,0.74,youtube_transcript:asx-daily-rundown-atlassian-lifts-tech-a2-milk-recall-shock-accent-group-all-time-lows:88e960386e503796,youtube_transcript,"ASX Daily Rundown | Atlassian Lifts Tech, A2 Milk Recall Shock & Accent Group All-Time Lows",2026-05-04T08:15:01Z,2026-05-04T08:26:29+00:00,2026-05-04T08:26:29+00:00,fanout_0030,26,candidate_expire_duplicate_fanout,status_expire_candidate,explicit target ATLASSIAN does not match current entity; duplicate fanout cluster preserves matching target rows elsewhere,high,MEDIUM,no,company_memory.sqlite:memory_entries,DATA_MISSING
1002,END,risk,AI fears impacting Atlassian's share price,active,0.74,youtube_transcript:asx-daily-rundown-atlassian-lifts-tech-a2-milk-recall-shock-accent-group-all-time-lows:88e960386e503796,youtube_transcript,"ASX Daily Rundown | Atlassian Lifts Tech, A2 Milk Recall Shock & Accent Group All-Time Lows",2026-05-04T08:15:01Z,2026-05-04T08:26:29+00:00,2026-05-04T08:26:29+00:00,fanout_0030,26,candidate_expire_duplicate_fanout,status_expire_candidate,explicit target ATLASSIAN does not match current entity; duplicate fanout cluster preserves matching target rows elsewhere,high,MEDIUM,no,company_memory.sqlite:memory_entries,DATA_MISSING
1003,COH,risk,AI fears impacting Atlassian's share price,active,0.74,youtube_transcript:asx-daily-rundown-atlassian-lifts-tech-a2-milk-recall-shock-accent-group-all-time-lows:88e960386e503796,youtube_transcript,"ASX Daily Rundown | Atlassian Lifts Tech, A2 Milk Recall Shock & Accent Group All-Time Lows",2026-05-04T08:15:01Z,2026-05-04T08:26:29+00:00,2026-05-04T08:26:29+00:00,fanout_0030,26,candidate_expire_duplicate_fanout,status_expire_candidate,explicit target ATLASSIAN does not match current entity; duplicate fanout cluster preserves matching target rows elsewhere,high,MEDIUM,no,company_memory.sqlite:memory_entries,DATA_MISSING
1004,WES,risk,AI fears impacting Atlassian's share price,active,0.74,youtube_transcript:asx-daily-rundown-atlassian-lifts-tech-a2-milk-recall-shock-accent-group-all-time-lows:88e960386e503796,youtube_transcript,"ASX Daily Rundown | Atlassian Lifts Tech, A2 Milk Recall Shock & Accent Group All-Time Lows",2026-05-04T08:15:01Z,2026-05-04T08:26:29+00:00,2026-05-04T08:26:29+00:00,fanout_0030,26,candidate_expire_duplicate_fanout,status_expire_candidate,explicit target ATLASSIAN does not match current entity; duplicate fanout cluster preserves matching target rows elsewhere,high,MEDIUM,no,company_memory.sqlite:memory_entries,DATA_MISSING
1005,BHP,risk,AI fears impacting Atlassian's share price,active,0.74,youtube_transcript:asx-daily-rundown-atlassian-lifts-tech-a2-milk-recall-shock-accent-group-all-time-lows:88e960386e503796,youtube_transcript,"ASX Daily Rundown | Atlassian Lifts Tech, A2 Milk Recall Shock & Accent Group All-Time Lows",2026-05-04T08:15:01Z,2026-05-04T08:26:29+00:00,2026-05-04T08:26:29+00:00,fanout_0030,26,candidate_expire_duplicate_fanout,status_expire_candidate,explicit target ATLASSIAN does not match current entity; duplicate fanout cluster preserves matching target rows elsewhere,high,MEDIUM,no,company_memory.sqlite:memory_entries,DATA_MISSING
1006,NAB,risk,AI fears impacting Atlassian's share price,active,0.74,youtube_transcript:asx-daily-rundown-atlassian-lifts-tech-a2-milk-recall-shock-accent-group-all-time-lows:88e960386e503796,youtube_transcript,"ASX Daily Rundown | Atlassian Lifts Tech, A2 Milk Recall Shock & Accent Group All-Time Lows",2026-05-04T08:15:01Z,2026-05-04T08:26:29+00:00,2026-05-04T08:26:29+00:00,fanout_0030,26,candidate_expire_duplicate_fanout,status_expire_candidate,explicit target ATLASSIAN does not match current entity; duplicate fanout cluster preserves matching target rows elsewhere,high,MEDIUM,no,company_memory.sqlite:memory_entries,DATA_MISSING
1007,WBC,risk,AI fears impacting Atlassian's share price,active,0.74,youtube_transcript:asx-daily-rundown-atlassian-lifts-tech-a2-milk-recall-shock-accent-group-all-time-lows:88e960386e503796,youtube_transcript,"ASX Daily Rundown | Atlassian Lifts Tech, A2 Milk Recall Shock & Accent Group All-Time Lows",2026-05-04T08:15:01Z,2026-05-04T08:26:29+00:00,2026-05-04T08:26:29+00:00,fanout_0030,26,candidate_expire_duplicate_fanout,status_expire_candidate,explicit target ATLASSIAN does not match current entity; duplicate fanout cluster preserves matching target rows elsewhere,high,MEDIUM,no,company_memory.sqlite:memory_entries,DATA_MISSING
1008,KEY,risk,AI fears impacting Atlassian's share price,active,0.74,youtube_transcript:asx-daily-rundown-atlassian-lifts-tech-a2-milk-recall-shock-accent-group-all-time-lows:88e960386e503796,youtube_transcript,"ASX Daily Rundown | Atlassian Lifts Tech, A2 Milk Recall Shock & Accent Group All-Time Lows",2026-05-04T08:15:01Z,2026-05-04T08:26:29+00:00,2026-05-04T08:26:29+00:00,fanout_0030,26,candidate_expire_duplicate_fanout,status_expire_candidate,explicit target ATLASSIAN does not match current entity; duplicate fanout cluster preserves matching target rows elsewhere,high,MEDIUM,no,company_memory.sqlite:memory_entries,DATA_MISSING
1009,GCM,risk,AI fears impacting Atlassian's share price,active,0.74,youtube_transcript:asx-daily-rundown-atlassian-lifts-tech-a2-milk-recall-shock-accent-group-all-time-lows:88e960386e503796,youtube_transcript,"ASX Daily Rundown | Atlassian Lifts Tech, A2 Milk Recall Shock & Accent Group All-Time Lows",2026-05-04T08:15:01Z,2026-05-04T08:26:30+00:00,2026-05-04T08:26:30+00:00,fanout_0030,26,candidate_expire_duplicate_fanout,status_expire_candidate,explicit target ATLASSIAN does not match current entity; duplicate fanout cluster preserves matching target rows elsewhere,high,MEDIUM,no,company_memory.sqlite:memory_entries,DATA_MISSING
1010,MAR,risk,AI fears impacting Atlassian's share price,active,0.74,youtube_transcript:asx-daily-rundown-atlassian-lifts-tech-a2-milk-recall-shock-accent-group-all-time-lows:88e960386e503796,youtube_transcript,"ASX Daily Rundown | Atlassian Lifts Tech, A2 Milk Recall Shock & Accent Group All-Time Lows",2026-05-04T08:15:01Z,2026-05-04T08:26:30+00:00,2026-05-04T08:26:30+00:00,fanout_0030,26,candidate_expire_duplicate_fanout,status_expire_candidate,explicit target ATLASSIAN does not match current entity; duplicate fanout cluster preserves matching target rows elsewhere,high,MEDIUM,no,company_memory.sqlite:memory_entries,DATA_MISSING
1011,CLT,risk,AI fears impacting Atlassian's share price,active,0.74,youtube_transcript:asx-daily-rundown-atlassian-lifts-tech-a2-milk-recall-shock-accent-group-all-time-lows:88e960386e503796,youtube_transcript,"ASX Daily Rundown | Atlassian Lifts Tech, A2 Milk Recall Shock & Accent Group All-Time Lows",2026-05-04T08:15:01Z,2026-05-04T08:26:31+00:00,2026-05-04T08:26:31+00:00,fanout_0030,26,candidate_expire_duplicate_fanout,status_expire_candidate,explicit target ATLASSIAN does not match current entity; duplicate fanout cluster preserves matching target rows elsewhere,high,MEDIUM,no,company_memory.sqlite:memory_entries,DATA_MISSING
1012,WIN,risk,AI fears impacting Atlassian's share price,active,0.74,youtube_transcript:asx-daily-rundown-atlassian-lifts-tech-a2-milk-recall-shock-accent-group-all-time-lows:88e960386e503796,youtube_transcript,"ASX Daily Rundown | Atlassian Lifts Tech, A2 Milk Recall Shock & Accent Group All-Time Lows",2026-05-04T08:15:01Z,2026-05-04T08:26:31+00:00,2026-05-04T08:26:31+00:00,fanout_0030,26,candidate_expire_duplicate_fanout,status_expire_candidate,explicit target ATLASSIAN does not match current entity; duplicate fanout cluster preserves matching target rows elsewhere,high,MEDIUM,no,company_memory.sqlite:memory_entries,DATA_MISSING
1013,SKT,risk,AI fears impacting Atlassian's share price,active,0.74,youtube_transcript:asx-daily-rundown-atlassian-lifts-tech-a2-milk-recall-shock-accent-group-all-time-lows:88e960386e503796,youtube_transcript,"ASX Daily Rundown | Atlassian Lifts Tech, A2 Milk Recall Shock & Accent Group All-Time Lows",2026-05-04T08:15:01Z,2026-05-04T08:26:31+00:00,2026-05-04T08:26:31+00:00,fanout_0030,26,candidate_expire_duplicate_fanout,status_expire_candidate,explicit target ATLASSIAN does not match current entity; duplicate fanout cluster preserves matching target rows elsewhere,high,MEDIUM,no,company_memory.sqlite:memory_entries,DATA_MISSING
1014,VCE,risk,AI fears impacting Atlassian's share price,active,0.74,youtube_transcript:asx-daily-rundown-atlassian-lifts-tech-a2-milk-recall-shock-accent-group-all-time-lows:88e960386e503796,youtube_transcript,"ASX Daily Rundown | Atlassian Lifts Tech, A2 Milk Recall Shock & Accent Group All-Time Lows",2026-05-04T08:15:01Z,2026-05-04T08:26:31+00:00,2026-05-04T08:26:31+00:00,fanout_0030,26,candidate_expire_duplicate_fanout,status_expire_candidate,explicit target ATLASSIAN does not match current entity; duplicate fanout cluster preserves matching target rows elsewhere,high,MEDIUM,no,company_memory.sqlite:memory_entries,DATA_MISSING
1015,SNW,risk,AI fears impacting Atlassian's share price,active,0.74,youtube_transcript:asx-daily-rundown-atlassian-lifts-tech-a2-milk-recall-shock-accent-group-all-time-lows:88e960386e503796,youtube_transcript,"ASX Daily Rundown | Atlassian Lifts Tech, A2 Milk Recall Shock & Accent Group All-Time Lows",2026-05-04T08:15:01Z,2026-05-04T08:26:31+00:00,2026-05-04T08:26:31+00:00,fanout_0030,26,candidate_expire_duplicate_fanout,status_expire_candidate,explicit target ATLASSIAN does not match current entity; duplicate fanout cluster preserves matching target rows elsewhere,high,MEDIUM,no,company_memory.sqlite:memory_entries,DATA_MISSING
1016,LON,risk,AI fears impacting Atlassian's share price,active,0.74,youtube_transcript:asx-daily-rundown-atlassian-lifts-tech-a2-milk-recall-shock-accent-group-all-time-lows:88e960386e503796,youtube_transcript,"ASX Daily Rundown | Atlassian Lifts Tech, A2 Milk Recall Shock & Accent Group All-Time Lows",2026-05-04T08:15:01Z,2026-05-04T08:26:31+00:00,2026-05-04T08:26:31+00:00,fanout_0030,26,candidate_expire_duplicate_fanout,status_expire_candidate,explicit target ATLASSIAN does not match current entity; duplicate fanout cluster preserves matching target rows elsewhere,high,MEDIUM,no,company_memory.sqlite:memory_entries,DATA_MISSING
1017,PET,risk,AI fears impacting Atlassian's share price,active,0.74,youtube_transcript:asx-daily-rundown-atlassian-lifts-tech-a2-milk-recall-shock-accent-group-all-time-lows:88e960386e503796,youtube_transcript,"ASX Daily Rundown | Atlassian Lifts Tech, A2 Milk Recall Shock & Accent Group All-Time Lows",2026-05-04T08:15:01Z,2026-05-04T08:26:31+00:00,2026-05-04T08:26:31+00:00,fanout_0030,26,candidate_expire_duplicate_fanout,status_expire_candidate,explicit target ATLASSIAN does not match current entity; duplicate fanout cluster preserves matching target rows elsewhere,high,MEDIUM,no,company_memory.sqlite:memory_entries,DATA_MISSING
1018,STK,risk,AI fears impacting Atlassian's share price,active,0.74,youtube_transcript:asx-daily-rundown-atlassian-lifts-tech-a2-milk-recall-shock-accent-group-all-time-lows:88e960386e503796,youtube_transcript,"ASX Daily Rundown | Atlassian Lifts Tech, A2 Milk Recall Shock & Accent Group All-Time Lows",2026-05-04T08:15:01Z,2026-05-04T08:26:31+00:00,2026-05-04T08:26:31+00:00,fanout_0030,26,candidate_expire_duplicate_fanout,status_expire_candidate,explicit target ATLASSIAN does not match current entity; duplicate fanout cluster preserves matching target rows elsewhere,high,MEDIUM,no,company_memory.sqlite:memory_entries,DATA_MISSING
1019,INDE,risk,AI fears impacting Atlassian's share price,active,0.74,youtube_transcript:asx-daily-rundown-atlassian-lifts-tech-a2-milk-recall-shock-accent-group-all-time-lows:88e960386e503796,youtube_transcript,"ASX Daily Rundown | Atlassian Lifts Tech, A2 Milk Recall Shock & Accent Group All-Time Lows",2026-05-04T08:15:01Z,2026-05-04T08:26:31+00:00,2026-05-04T08:26:31+00:00,fanout_0030,26,candidate_expire_duplicate_fanout,status_expire_candidate,explicit target ATLASSIAN does not match current entity; duplicate fanout cluster preserves matching target rows elsewhere,high,MEDIUM,no,company_memory.sqlite:memory_entries,DATA_MISSING
1020,PETT,risk,AI fears impacting Atlassian's share price,active,0.74,youtube_transcript:asx-daily-rundown-atlassian-lifts-tech-a2-milk-recall-shock-accent-group-all-time-lows:88e960386e503796,youtube_transcript,"ASX Daily Rundown | Atlassian Lifts Tech, A2 Milk Recall Shock & Accent Group All-Time Lows",2026-05-04T08:15:01Z,2026-05-04T08:26:31+00:00,2026-05-04T08:26:31+00:00,fanout_0030,26,candidate_expire_duplicate_fanout,status_expire_candidate,explicit target ATLASSIAN does not match current entity; duplicate fanout cluster preserves matching target rows elsewhere,high,MEDIUM,no,company_memory.sqlite:memory_entries,DATA_MISSING
1021,C79,risk,AI fears impacting Atlassian's share price,active,0.74,youtube_transcript:asx-daily-rundown-atlassian-lifts-tech-a2-milk-recall-shock-accent-group-all-time-lows:88e960386e503796,youtube_transcript,"ASX Daily Rundown | Atlassian Lifts Tech, A2 Milk Recall Shock & Accent Group All-Time Lows",2026-05-04T08:15:01Z,2026-05-04T08:26:32+00:00,2026-05-04T08:26:32+00:00,fanout_0030,26,candidate_expire_duplicate_fanout,status_expire_candidate,explicit target ATLASSIAN does not match current entity; duplicate fanout cluster preserves matching target rows elsewhere,high,MEDIUM,no,company_memory.sqlite:memory_entries,DATA_MISSING
1022,A2 MILK,risk,AI fears impacting Atlassian's share price,active,0.74,youtube_transcript:asx-daily-rundown-atlassian-lifts-tech-a2-milk-recall-shock-accent-group-all-time-lows:88e960386e503796,youtube_transcript,"ASX Daily Rundown | Atlassian Lifts Tech, A2 Milk Recall Shock & Accent Group All-Time Lows",2026-05-04T08:15:01Z,2026-05-04T08:26:32+00:00,2026-05-04T08:26:32+00:00,fanout_0030,26,candidate_expire_duplicate_fanout,status_expire_candidate,explicit target ATLASSIAN does not match current entity; duplicate fanout cluster preserves matching target rows elsewhere,high,MEDIUM,no,company_memory.sqlite:memory_entries,DATA_MISSING
1023,ACCENT GROUP,risk,AI fears impacting Atlassian's share price,active,0.74,youtube_transcript:asx-daily-rundown-atlassian-lifts-tech-a2-milk-recall-shock-accent-group-all-time-lows:88e960386e503796,youtube_transcript,"ASX Daily Rundown | Atlassian Lifts Tech, A2 Milk Recall Shock & Accent Group All-Time Lows",2026-05-04T08:15:01Z,2026-05-04T08:26:32+00:00,2026-05-04T08:26:32+00:00,fanout_0030,26,candidate_expire_duplicate_fanout,status_expire_candidate,explicit target ATLASSIAN does not match current entity; duplicate fanout cluster preserves matching target rows elsewhere,high,MEDIUM,no,company_memory.sqlite:memory_entries,DATA_MISSING
1025,COH,risk,Negative trading updates from A2 MILK and Endeavor Group,active,0.74,youtube_transcript:asx-daily-rundown-atlassian-lifts-tech-a2-milk-recall-shock-accent-group-all-time-lows:88e960386e503796,youtube_transcript,"ASX Daily Rundown | Atlassian Lifts Tech, A2 Milk Recall Shock & Accent Group All-Time Lows",2026-05-04T08:15:01Z,2026-05-04T08:26:33+00:00,2026-05-04T08:26:33+00:00,fanout_0011,50,candidate_expire_duplicate_fanout,status_expire_candidate,"explicit target A2M/A2 MILK, END/EDV/ENDV/ENDEAVOR GROUP does not match current entity; duplicate fanout cluster preserves matching target rows elsewhere",high,MEDIUM,no,company_memory.sqlite:memory_entries,DATA_MISSING
1026,WES,risk,Negative trading updates from A2 MILK and Endeavor Group,active,0.74,youtube_transcript:asx-daily-rundown-atlassian-lifts-tech-a2-milk-recall-shock-accent-group-all-time-lows:88e960386e503796,youtube_transcript,"ASX Daily Rundown | Atlassian Lifts Tech, A2 Milk Recall Shock & Accent Group All-Time Lows",2026-05-04T08:15:01Z,2026-05-04T08:26:33+00:00,2026-05-04T08:26:33+00:00,fanout_0011,50,candidate_expire_duplicate_fanout,status_expire_candidate,"explicit target A2M/A2 MILK, END/EDV/ENDV/ENDEAVOR GROUP does not match current entity; duplicate fanout cluster preserves matching target rows elsewhere",high,MEDIUM,no,company_memory.sqlite:memory_entries,DATA_MISSING
1027,WBC,risk,Negative trading updates from A2 MILK and Endeavor Group,active,0.74,youtube_transcript:asx-daily-rundown-atlassian-lifts-tech-a2-milk-recall-shock-accent-group-all-time-lows:88e960386e503796,youtube_transcript,"ASX Daily Rundown | Atlassian Lifts Tech, A2 Milk Recall Shock & Accent Group All-Time Lows",2026-05-04T08:15:01Z,2026-05-04T08:26:34+00:00,2026-05-04T08:26:34+00:00,fanout_0011,50,candidate_expire_duplicate_fanout,status_expire_candidate,"explicit target A2M/A2 MILK, END/EDV/ENDV/ENDEAVOR GROUP does not match current entity; duplicate fanout cluster preserves matching target rows elsewhere",high,MEDIUM,no,company_memory.sqlite:memory_entries,DATA_MISSING
1028,KEY,risk,Negative trading updates from A2 MILK and Endeavor Group,active,0.74,youtube_transcript:asx-daily-rundown-atlassian-lifts-tech-a2-milk-recall-shock-accent-group-all-time-lows:88e960386e503796,youtube_transcript,"ASX Daily Rundown | Atlassian Lifts Tech, A2 Milk Recall Shock & Accent Group All-Time Lows",2026-05-04T08:15:01Z,2026-05-04T08:26:34+00:00,2026-05-04T08:26:34+00:00,fanout_0011,50,candidate_expire_duplicate_fanout,status_expire_candidate,"explicit target A2M/A2 MILK, END/EDV/ENDV/ENDEAVOR GROUP does not match current entity; duplicate fanout cluster preserves matching target rows elsewhere",high,MEDIUM,no,company_memory.sqlite:memory_entries,DATA_MISSING
1029,GCM,risk,Negative trading updates from A2 MILK and Endeavor Group,active,0.74,youtube_transcript:asx-daily-rundown-atlassian-lifts-tech-a2-milk-recall-shock-accent-group-all-time-lows:88e960386e503796,youtube_transcript,"ASX Daily Rundown | Atlassian Lifts Tech, A2 Milk Recall Shock & Accent Group All-Time Lows",2026-05-04T08:15:01Z,2026-05-04T08:26:34+00:00,2026-05-04T08:26:34+00:00,fanout_0011,50,candidate_expire_duplicate_fanout,status_expire_candidate,"explicit target A2M/A2 MILK, END/EDV/ENDV/ENDEAVOR GROUP does not match current entity; duplicate fanout cluster preserves matching target rows elsewhere",high,MEDIUM,no,company_memory.sqlite:memory_entries,DATA_MISSING
1030,MAR,risk,Negative trading updates from A2 MILK and Endeavor Group,active,0.74,youtube_transcript:asx-daily-rundown-atlassian-lifts-tech-a2-milk-recall-shock-accent-group-all-time-lows:88e960386e503796,youtube_transcript,"ASX Daily Rundown | Atlassian Lifts Tech, A2 Milk Recall Shock & Accent Group All-Time Lows",2026-05-04T08:15:01Z,2026-05-04T08:26:34+00:00,2026-05-04T08:26:34+00:00,fanout_0011,50,candidate_expire_duplicate_fanout,status_expire_candidate,"explicit target A2M/A2 MILK, END/EDV/ENDV/ENDEAVOR GROUP does not match current entity; duplicate fanout cluster preserves matching target rows elsewhere",high,MEDIUM,no,company_memory.sqlite:memory_entries,DATA_MISSING
1031,CLT,risk,Negative trading updates from A2 MILK and Endeavor Group,active,0.74,youtube_transcript:asx-daily-rundown-atlassian-lifts-tech-a2-milk-recall-shock-accent-group-all-time-lows:88e960386e503796,youtube_transcript,"ASX Daily Rundown | Atlassian Lifts Tech, A2 Milk Recall Shock & Accent Group All-Time Lows",2026-05-04T08:15:01Z,2026-05-04T08:26:34+00:00,2026-05-04T08:26:34+00:00,fanout_0011,50,candidate_expire_duplicate_fanout,status_expire_candidate,"explicit target A2M/A2 MILK, END/EDV/ENDV/ENDEAVOR GROUP does not match current entity; duplicate fanout cluster preserves matching target rows elsewhere",high,MEDIUM,no,company_memory.sqlite:memory_entries,DATA_MISSING
1032,WIN,risk,Negative trading updates from A2 MILK and Endeavor Group,active,0.74,youtube_transcript:asx-daily-rundown-atlassian-lifts-tech-a2-milk-recall-shock-accent-group-all-time-lows:88e960386e503796,youtube_transcript,"ASX Daily Rundown | Atlassian Lifts Tech, A2 Milk Recall Shock & Accent Group All-Time Lows",2026-05-04T08:15:01Z,2026-05-04T08:26:34+00:00,2026-05-04T08:26:34+00:00,fanout_0011,50,candidate_expire_duplicate_fanout,status_expire_candidate,"explicit target A2M/A2 MILK, END/EDV/ENDV/ENDEAVOR GROUP does not match current entity; duplicate fanout cluster preserves matching target rows elsewhere",high,MEDIUM,no,company_memory.sqlite:memory_entries,DATA_MISSING
1033,SKT,risk,Negative trading updates from A2 MILK and Endeavor Group,active,0.74,youtube_transcript:asx-daily-rundown-atlassian-lifts-tech-a2-milk-recall-shock-accent-group-all-time-lows:88e960386e503796,youtube_transcript,"ASX Daily Rundown | Atlassian Lifts Tech, A2 Milk Recall Shock & Accent Group All-Time Lows",2026-05-04T08:15:01Z,2026-05-04T08:26:34+00:00,2026-05-04T08:26:34+00:00,fanout_0011,50,candidate_expire_duplicate_fanout,status_expire_candidate,"explicit target A2M/A2 MILK, END/EDV/ENDV/ENDEAVOR GROUP does not match current entity; duplicate fanout cluster preserves matching target rows elsewhere",high,MEDIUM,no,company_memory.sqlite:memory_entries,DATA_MISSING
1034,VCE,risk,Negative trading updates from A2 MILK and Endeavor Group,active,0.74,youtube_transcript:asx-daily-rundown-atlassian-lifts-tech-a2-milk-recall-shock-accent-group-all-time-lows:88e960386e503796,youtube_transcript,"ASX Daily Rundown | Atlassian Lifts Tech, A2 Milk Recall Shock & Accent Group All-Time Lows",2026-05-04T08:15:01Z,2026-05-04T08:26:34+00:00,2026-05-04T08:26:34+00:00,fanout_0011,50,candidate_expire_duplicate_fanout,status_expire_candidate,"explicit target A2M/A2 MILK, END/EDV/ENDV/ENDEAVOR GROUP does not match current entity; duplicate fanout cluster preserves matching target rows elsewhere",high,MEDIUM,no,company_memory.sqlite:memory_entries,DATA_MISSING
1035,SNW,risk,Negative trading updates from A2 MILK and Endeavor Group,active,0.74,youtube_transcript:asx-daily-rundown-atlassian-lifts-tech-a2-milk-recall-shock-accent-group-all-time-lows:88e960386e503796,youtube_transcript,"ASX Daily Rundown | Atlassian Lifts Tech, A2 Milk Recall Shock & Accent Group All-Time Lows",2026-05-04T08:15:01Z,2026-05-04T08:26:34+00:00,2026-05-04T08:26:34+00:00,fanout_0011,50,candidate_expire_duplicate_fanout,status_expire_candidate,"explicit target A2M/A2 MILK, END/EDV/ENDV/ENDEAVOR GROUP does not match current entity; duplicate fanout cluster preserves matching target rows elsewhere",high,MEDIUM,no,company_memory.sqlite:memory_entries,DATA_MISSING
1036,LON,risk,Negative trading updates from A2 MILK and Endeavor Group,active,0.74,youtube_transcript:asx-daily-rundown-atlassian-lifts-tech-a2-milk-recall-shock-accent-group-all-time-lows:88e960386e503796,youtube_transcript,"ASX Daily Rundown | Atlassian Lifts Tech, A2 Milk Recall Shock & Accent Group All-Time Lows",2026-05-04T08:15:01Z,2026-05-04T08:26:34+00:00,2026-05-04T08:26:34+00:00,fanout_0011,50,candidate_expire_duplicate_fanout,status_expire_candidate,"explicit target A2M/A2 MILK, END/EDV/ENDV/ENDEAVOR GROUP does not match current entity; duplicate fanout cluster preserves matching target rows elsewhere",high,MEDIUM,no,company_memory.sqlite:memory_entries,DATA_MISSING
1037,PET,risk,Negative trading updates from A2 MILK and Endeavor Group,active,0.74,youtube_transcript:asx-daily-rundown-atlassian-lifts-tech-a2-milk-recall-shock-accent-group-all-time-lows:88e960386e503796,youtube_transcript,"ASX Daily Rundown | Atlassian Lifts Tech, A2 Milk Recall Shock & Accent Group All-Time Lows",2026-05-04T08:15:01Z,2026-05-04T08:26:35+00:00,2026-05-04T08:26:35+00:00,fanout_0011,50,candidate_expire_duplicate_fanout,status_expire_candidate,"explicit target A2M/A2 MILK, END/EDV/ENDV/ENDEAVOR GROUP does not match current entity; duplicate fanout cluster preserves matching target rows elsewhere",high,MEDIUM,no,company_memory.sqlite:memory_entries,DATA_MISSING
1038,STK,risk,Negative trading updates from A2 MILK and Endeavor Group,active,0.74,youtube_transcript:asx-daily-rundown-atlassian-lifts-tech-a2-milk-recall-shock-accent-group-all-time-lows:88e960386e503796,youtube_transcript,"ASX Daily Rundown | Atlassian Lifts Tech, A2 Milk Recall Shock & Accent Group All-Time Lows",2026-05-04T08:15:01Z,2026-05-04T08:26:35+00:00,2026-05-04T08:26:35+00:00,fanout_0011,50,candidate_expire_duplicate_fanout,status_expire_candidate,"explicit target A2M/A2 MILK, END/EDV/ENDV/ENDEAVOR GROUP does not match current entity; duplicate fanout cluster preserves matching target rows elsewhere",high,MEDIUM,no,company_memory.sqlite:memory_entries,DATA_MISSING
1039,ASX,risk,Over issuance of shares by Pettimed leading to a significant drop in share price,active,0.76,youtube_transcript:asx-daily-rundown-atlassian-lifts-tech-a2-milk-recall-shock-accent-group-all-time-lows:88e960386e503796,youtube_transcript,"ASX Daily Rundown | Atlassian Lifts Tech, A2 Milk Recall Shock & Accent Group All-Time Lows",2026-05-04T08:15:01Z,2026-05-04T08:26:36+00:00,2026-05-04T08:26:36+00:00,fanout_0021,34,candidate_expire_duplicate_fanout,status_expire_candidate,explicit target PET/PETT/PETTIMED does not match current entity; duplicate fanout cluster preserves matching target rows elsewhere,high,MEDIUM,no,company_memory.sqlite:memory_entries,DATA_MISSING
1040,TXT,risk,Over issuance of shares by Pettimed leading to a significant drop in share price,active,0.76,youtube_transcript:asx-daily-rundown-atlassian-lifts-tech-a2-milk-recall-shock-accent-group-all-time-lows:88e960386e503796,youtube_transcript,"ASX Daily Rundown | Atlassian Lifts Tech, A2 Milk Recall Shock & Accent Group All-Time Lows",2026-05-04T08:15:01Z,2026-05-04T08:26:36+00:00,2026-05-04T08:26:36+00:00,fanout_0021,34,candidate_expire_duplicate_fanout,status_expire_candidate,explicit target PET/PETT/PETTIMED does not match current entity; duplicate fanout cluster preserves matching target rows elsewhere,high,MEDIUM,no,company_memory.sqlite:memory_entries,DATA_MISSING
1041,XTX,risk,Over issuance of shares by Pettimed leading to a significant drop in share price,active,0.76,youtube_transcript:asx-daily-rundown-atlassian-lifts-tech-a2-milk-recall-shock-accent-group-all-time-lows:88e960386e503796,youtube_transcript,"ASX Daily Rundown | Atlassian Lifts Tech, A2 Milk Recall Shock & Accent Group All-Time Lows",2026-05-04T08:15:01Z,2026-05-04T08:26:36+00:00,2026-05-04T08:26:36+00:00,fanout_0021,34,candidate_expire_duplicate_fanout,status_expire_candidate,explicit target PET/PETT/PETTIMED does not match current entity; duplicate fanout cluster preserves matching target rows elsewhere,high,MEDIUM,no,company_memory.sqlite:memory_entries,DATA_MISSING
1042,A2M,risk,Over issuance of shares by Pettimed leading to a significant drop in share price,active,0.76,youtube_transcript:asx-daily-rundown-atlassian-lifts-tech-a2-milk-recall-shock-accent-group-all-time-lows:88e960386e503796,youtube_transcript,"ASX Daily Rundown | Atlassian Lifts Tech, A2 Milk Recall Shock & Accent Group All-Time Lows",2026-05-04T08:15:01Z,2026-05-04T08:26:36+00:00,2026-05-04T08:26:36+00:00,fanout_0021,34,candidate_expire_duplicate_fanout,status_expire_candidate,explicit target PET/PETT/PETTIMED does not match current entity; duplicate fanout cluster preserves matching target rows elsewhere,high,MEDIUM,no,company_memory.sqlite:memory_entries,DATA_MISSING
1043,END,risk,Over issuance of shares by Pettimed leading to a significant drop in share price,active,0.76,youtube_transcript:asx-daily-rundown-atlassian-lifts-tech-a2-milk-recall-shock-accent-group-all-time-lows:88e960386e503796,youtube_transcript,"ASX Daily Rundown | Atlassian Lifts Tech, A2 Milk Recall Shock & Accent Group All-Time Lows",2026-05-04T08:15:01Z,2026-05-04T08:26:36+00:00,2026-05-04T08:26:36+00:00,fanout_0021,34,candidate_expire_duplicate_fanout,status_expire_candidate,explicit target PET/PETT/PETTIMED does not match current entity; duplicate fanout cluster preserves matching target rows elsewhere,high,MEDIUM,no,company_memory.sqlite:memory_entries,DATA_MISSING
1044,COH,risk,Over issuance of shares by Pettimed leading to a significant drop in share price,active,0.76,youtube_transcript:asx-daily-rundown-atlassian-lifts-tech-a2-milk-recall-shock-accent-group-all-time-lows:88e960386e503796,youtube_transcript,"ASX Daily Rundown | Atlassian Lifts Tech, A2 Milk Recall Shock & Accent Group All-Time Lows",2026-05-04T08:15:01Z,2026-05-04T08:26:36+00:00,2026-05-04T08:26:36+00:00,fanout_0021,34,candidate_expire_duplicate_fanout,status_expire_candidate,explicit target PET/PETT/PETTIMED does not match current entity; duplicate fanout cluster preserves matching target rows elsewhere,high,MEDIUM,no,company_memory.sqlite:memory_entries,DATA_MISSING
1045,WES,risk,Over issuance of shares by Pettimed leading to a significant drop in share price,active,0.76,youtube_transcript:asx-daily-rundown-atlassian-lifts-tech-a2-milk-recall-shock-accent-group-all-time-lows:88e960386e503796,youtube_transcript,"ASX Daily Rundown | Atlassian Lifts Tech, A2 Milk Recall Shock & Accent Group All-Time Lows",2026-05-04T08:15:01Z,2026-05-04T08:26:37+00:00,2026-05-04T08:26:37+00:00,fanout_0021,34,candidate_expire_duplicate_fanout,status_expire_candidate,explicit target PET/PETT/PETTIMED does not match current entity; duplicate fanout cluster preserves matching target rows elsewhere,high,MEDIUM,no,company_memory.sqlite:memory_entries,DATA_MISSING
1046,BHP,risk,Over issuance of shares by Pettimed leading to a significant drop in share price,active,0.76,youtube_transcript:asx-daily-rundown-atlassian-lifts-tech-a2-milk-recall-shock-accent-group-all-time-lows:88e960386e503796,youtube_transcript,"ASX Daily Rundown | Atlassian Lifts Tech, A2 Milk Recall Shock & Accent Group All-Time Lows",2026-05-04T08:15:01Z,2026-05-04T08:26:38+00:00,2026-05-04T08:26:38+00:00,fanout_0021,34,candidate_expire_duplicate_fanout,status_expire_candidate,explicit target PET/PETT/PETTIMED does not match current entity; duplicate fanout cluster preserves matching target rows elsewhere,high,MEDIUM,no,company_memory.sqlite:memory_entries,DATA_MISSING
1047,NAB,risk,Over issuance of shares by Pettimed leading to a significant drop in share price,active,0.76,youtube_transcript:asx-daily-rundown-atlassian-lifts-tech-a2-milk-recall-shock-accent-group-all-time-lows:88e960386e503796,youtube_transcript,"ASX Daily Rundown | Atlassian Lifts Tech, A2 Milk Recall Shock & Accent Group All-Time Lows",2026-05-04T08:15:01Z,2026-05-04T08:26:38+00:00,2026-05-04T08:26:38+00:00,fanout_0021,34,candidate_expire_duplicate_fanout,status_expire_candidate,explicit target PET/PETT/PETTIMED does not match current entity; duplicate fanout cluster preserves matching target rows elsewhere,high,MEDIUM,no,company_memory.sqlite:memory_entries,DATA_MISSING
1048,WBC,risk,Over issuance of shares by Pettimed leading to a significant drop in share price,active,0.76,youtube_transcript:asx-daily-rundown-atlassian-lifts-tech-a2-milk-recall-shock-accent-group-all-time-lows:88e960386e503796,youtube_transcript,"ASX Daily Rundown | Atlassian Lifts Tech, A2 Milk Recall Shock & Accent Group All-Time Lows",2026-05-04T08:15:01Z,2026-05-04T08:26:38+00:00,2026-05-04T08:26:38+00:00,fanout_0021,34,candidate_expire_duplicate_fanout,status_expire_candidate,explicit target PET/PETT/PETTIMED does not match current entity; duplicate fanout cluster preserves matching target rows elsewhere,high,MEDIUM,no,company_memory.sqlite:memory_entries,DATA_MISSING
1049,KEY,risk,Over issuance of shares by Pettimed leading to a significant drop in share price,active,0.76,youtube_transcript:asx-daily-rundown-atlassian-lifts-tech-a2-milk-recall-shock-accent-group-all-time-lows:88e960386e503796,youtube_transcript,"ASX Daily Rundown | Atlassian Lifts Tech, A2 Milk Recall Shock & Accent Group All-Time Lows",2026-05-04T08:15:01Z,2026-05-04T08:26:38+00:00,2026-05-04T08:26:38+00:00,fanout_0021,34,candidate_expire_duplicate_fanout,status_expire_candidate,explicit target PET/PETT/PETTIMED does not match current entity; duplicate fanout cluster preserves matching target rows elsewhere,high,MEDIUM,no,company_memory.sqlite:memory_entries,DATA_MISSING
1050,GCM,risk,Over issuance of shares by Pettimed leading to a significant drop in share price,active,0.76,youtube_transcript:asx-daily-rundown-atlassian-lifts-tech-a2-milk-recall-shock-accent-group-all-time-lows:88e960386e503796,youtube_transcript,"ASX Daily Rundown | Atlassian Lifts Tech, A2 Milk Recall Shock & Accent Group All-Time Lows",2026-05-04T08:15:01Z,2026-05-04T08:26:38+00:00,2026-05-04T08:26:38+00:00,fanout_0021,34,candidate_expire_duplicate_fanout,status_expire_candidate,explicit target PET/PETT/PETTIMED does not match current entity; duplicate fanout cluster preserves matching target rows elsewhere,high,MEDIUM,no,company_memory.sqlite:memory_entries,DATA_MISSING
1051,MAR,risk,Over issuance of shares by Pettimed leading to a significant drop in share price,active,0.76,youtube_transcript:asx-daily-rundown-atlassian-lifts-tech-a2-milk-recall-shock-accent-group-all-time-lows:88e960386e503796,youtube_transcript,"ASX Daily Rundown | Atlassian Lifts Tech, A2 Milk Recall Shock & Accent Group All-Time Lows",2026-05-04T08:15:01Z,2026-05-04T08:26:38+00:00,2026-05-04T08:26:38+00:00,fanout_0021,34,candidate_expire_duplicate_fanout,status_expire_candidate,explicit target PET/PETT/PETTIMED does not match current entity; duplicate fanout cluster preserves matching target rows elsewhere,high,MEDIUM,no,company_memory.sqlite:memory_entries,DATA_MISSING
1052,CLT,risk,Over issuance of shares by Pettimed leading to a significant drop in share price,active,0.76,youtube_transcript:asx-daily-rundown-atlassian-lifts-tech-a2-milk-recall-shock-accent-group-all-time-lows:88e960386e503796,youtube_transcript,"ASX Daily Rundown | Atlassian Lifts Tech, A2 Milk Recall Shock & Accent Group All-Time Lows",2026-05-04T08:15:01Z,2026-05-04T08:26:38+00:00,2026-05-04T08:26:38+00:00,fanout_0021,34,candidate_expire_duplicate_fanout,status_expire_candidate,explicit target PET/PETT/PETTIMED does not match current entity; duplicate fanout cluster preserves matching target rows elsewhere,high,MEDIUM,no,company_memory.sqlite:memory_entries,DATA_MISSING
1053,WIN,risk,Over issuance of shares by Pettimed leading to a significant drop in share price,active,0.76,youtube_transcript:asx-daily-rundown-atlassian-lifts-tech-a2-milk-recall-shock-accent-group-all-time-lows:88e960386e503796,youtube_transcript,"ASX Daily Rundown | Atlassian Lifts Tech, A2 Milk Recall Shock & Accent Group All-Time Lows",2026-05-04T08:15:01Z,2026-05-04T08:26:39+00:00,2026-05-04T08:26:39+00:00,fanout_0021,34,candidate_expire_duplicate_fanout,status_expire_candidate,explicit target PET/PETT/PETTIMED does not match current entity; duplicate fanout cluster preserves matching target rows elsewhere,high,MEDIUM,no,company_memory.sqlite:memory_entries,DATA_MISSING
1054,SKT,risk,Over issuance of shares by Pettimed leading to a significant drop in share price,active,0.76,youtube_transcript:asx-daily-rundown-atlassian-lifts-tech-a2-milk-recall-shock-accent-group-all-time-lows:88e960386e503796,youtube_transcript,"ASX Daily Rundown | Atlassian Lifts Tech, A2 Milk Recall Shock & Accent Group All-Time Lows",2026-05-04T08:15:01Z,2026-05-04T08:26:39+00:00,2026-05-04T08:26:39+00:00,fanout_0021,34,candidate_expire_duplicate_fanout,status_expire_candidate,explicit target PET/PETT/PETTIMED does not match current entity; duplicate fanout cluster preserves matching target rows elsewhere,high,MEDIUM,no,company_memory.sqlite:memory_entries,DATA_MISSING
1055,VCE,risk,Over issuance of shares by Pettimed leading to a significant drop in share price,active,0.76,youtube_transcript:asx-daily-rundown-atlassian-lifts-tech-a2-milk-recall-shock-accent-group-all-time-lows:88e960386e503796,youtube_transcript,"ASX Daily Rundown | Atlassian Lifts Tech, A2 Milk Recall Shock & Accent Group All-Time Lows",2026-05-04T08:15:01Z,2026-05-04T08:26:40+00:00,2026-05-04T08:26:40+00:00,fanout_0021,34,candidate_expire_duplicate_fanout,status_expire_candidate,explicit target PET/PETT/PETTIMED does not match current entity; duplicate fanout cluster preserves matching target rows elsewhere,high,MEDIUM,no,company_memory.sqlite:memory_entries,DATA_MISSING
1056,SNW,risk,Over issuance of shares by Pettimed leading to a significant drop in share price,active,0.76,youtube_transcript:asx-daily-rundown-atlassian-lifts-tech-a2-milk-recall-shock-accent-group-all-time-lows:88e960386e503796,youtube_transcript,"ASX Daily Rundown | Atlassian Lifts Tech, A2 Milk Recall Shock & Accent Group All-Time Lows",2026-05-04T08:15:01Z,2026-05-04T08:26:40+00:00,2026-05-04T08:26:40+00:00,fanout_0021,34,candidate_expire_duplicate_fanout,status_expire_candidate,explicit target PET/PETT/PETTIMED does not match current entity; duplicate fanout cluster preserves matching target rows elsewhere,high,MEDIUM,no,company_memory.sqlite:memory_entries,DATA_MISSING
1057,LON,risk,Over issuance of shares by Pettimed leading to a significant drop in share price,active,0.76,youtube_transcript:asx-daily-rundown-atlassian-lifts-tech-a2-milk-recall-shock-accent-group-all-time-lows:88e960386e503796,youtube_transcript,"ASX Daily Rundown | Atlassian Lifts Tech, A2 Milk Recall Shock & Accent Group All-Time Lows",2026-05-04T08:15:01Z,2026-05-04T08:26:40+00:00,2026-05-04T08:26:40+00:00,fanout_0021,34,candidate_expire_duplicate_fanout,status_expire_candidate,explicit target PET/PETT/PETTIMED does not match current entity; duplicate fanout cluster preserves matching target rows elsewhere,high,MEDIUM,no,company_memory.sqlite:memory_entries,DATA_MISSING
1059,STK,risk,Over issuance of shares by Pettimed leading to a significant drop in share price,active,0.76,youtube_transcript:asx-daily-rundown-atlassian-lifts-tech-a2-milk-recall-shock-accent-group-all-time-lows:88e960386e503796,youtube_transcript,"ASX Daily Rundown | Atlassian Lifts Tech, A2 Milk Recall Shock & Accent Group All-Time Lows",2026-05-04T08:15:01Z,2026-05-04T08:26:41+00:00,2026-05-04T08:26:41+00:00,fanout_0021,34,candidate_expire_duplicate_fanout,status_expire_candidate,explicit target PET/PETT/PETTIMED does not match current entity; duplicate fanout cluster preserves matching target rows elsewhere,high,MEDIUM,no,company_memory.sqlite:memory_entries,DATA_MISSING
1060,INDE,risk,Over issuance of shares by Pettimed leading to a significant drop in share price,active,0.76,youtube_transcript:asx-daily-rundown-atlassian-lifts-tech-a2-milk-recall-shock-accent-group-all-time-lows:88e960386e503796,youtube_transcript,"ASX Daily Rundown | Atlassian Lifts Tech, A2 Milk Recall Shock & Accent Group All-Time Lows",2026-05-04T08:15:01Z,2026-05-04T08:26:41+00:00,2026-05-04T08:26:41+00:00,fanout_0021,34,candidate_expire_duplicate_fanout,status_expire_candidate,explicit target PET/PETT/PETTIMED does not match current entity; duplicate fanout cluster preserves matching target rows elsewhere,high,MEDIUM,no,company_memory.sqlite:memory_entries,DATA_MISSING
1062,C79,risk,Over issuance of shares by Pettimed leading to a significant drop in share price,active,0.76,youtube_transcript:asx-daily-rundown-atlassian-lifts-tech-a2-milk-recall-shock-accent-group-all-time-lows:88e960386e503796,youtube_transcript,"ASX Daily Rundown | Atlassian Lifts Tech, A2 Milk Recall Shock & Accent Group All-Time Lows",2026-05-04T08:15:01Z,2026-05-04T08:26:42+00:00,2026-05-04T08:26:42+00:00,fanout_0021,34,candidate_expire_duplicate_fanout,status_expire_candidate,explicit target PET/PETT/PETTIMED does not match current entity; duplicate fanout cluster preserves matching target rows elsewhere,high,MEDIUM,no,company_memory.sqlite:memory_entries,DATA_MISSING
1063,A2 MILK,risk,Over issuance of shares by Pettimed leading to a significant drop in share price,active,0.76,youtube_transcript:asx-daily-rundown-atlassian-lifts-tech-a2-milk-recall-shock-accent-group-all-time-lows:88e960386e503796,youtube_transcript,"ASX Daily Rundown | Atlassian Lifts Tech, A2 Milk Recall Shock & Accent Group All-Time Lows",2026-05-04T08:15:01Z,2026-05-04T08:26:42+00:00,2026-05-04T08:26:42+00:00,fanout_0021,34,candidate_expire_duplicate_fanout,status_expire_candidate,explicit target PET/PETT/PETTIMED does not match current entity; duplicate fanout cluster preserves matching target rows elsewhere,high,MEDIUM,no,company_memory.sqlite:memory_entries,DATA_MISSING
1064,ACCENT GROUP,risk,Over issuance of shares by Pettimed leading to a significant drop in share price,active,0.76,youtube_transcript:asx-daily-rundown-atlassian-lifts-tech-a2-milk-recall-shock-accent-group-all-time-lows:88e960386e503796,youtube_transcript,"ASX Daily Rundown | Atlassian Lifts Tech, A2 Milk Recall Shock & Accent Group All-Time Lows",2026-05-04T08:15:01Z,2026-05-04T08:26:42+00:00,2026-05-04T08:26:42+00:00,fanout_0021,34,candidate_expire_duplicate_fanout,status_expire_candidate,explicit target PET/PETT/PETTIMED does not match current entity; duplicate fanout cluster preserves matching target rows elsewhere,high,MEDIUM,no,company_memory.sqlite:memory_entries,DATA_MISSING
1065,END,risk,Pettimed's capital raising at 1 cent per share,active,0.79,youtube_transcript:asx-daily-rundown-atlassian-lifts-tech-a2-milk-recall-shock-accent-group-all-time-lows:88e960386e503796,youtube_transcript,"ASX Daily Rundown | Atlassian Lifts Tech, A2 Milk Recall Shock & Accent Group All-Time Lows",2026-05-04T08:15:01Z,2026-05-04T08:26:42+00:00,2026-05-04T08:26:42+00:00,fanout_0001,67,candidate_expire_duplicate_fanout,status_expire_candidate,explicit target PET/PETT/PETTIMED does not match current entity; duplicate fanout cluster preserves matching target rows elsewhere,high,MEDIUM,no,company_memory.sqlite:memory_entries,DATA_MISSING
1066,COH,risk,Pettimed's capital raising at 1 cent per share,active,0.79,youtube_transcript:asx-daily-rundown-atlassian-lifts-tech-a2-milk-recall-shock-accent-group-all-time-lows:88e960386e503796,youtube_transcript,"ASX Daily Rundown | Atlassian Lifts Tech, A2 Milk Recall Shock & Accent Group All-Time Lows",2026-05-04T08:15:01Z,2026-05-04T08:26:42+00:00,2026-05-04T08:26:42+00:00,fanout_0001,67,candidate_expire_duplicate_fanout,status_expire_candidate,explicit target PET/PETT/PETTIMED does not match current entity; duplicate fanout cluster preserves matching target rows elsewhere,high,MEDIUM,no,company_memory.sqlite:memory_entries,DATA_MISSING
1067,WES,risk,Pettimed's capital raising at 1 cent per share,active,0.79,youtube_transcript:asx-daily-rundown-atlassian-lifts-tech-a2-milk-recall-shock-accent-group-all-time-lows:88e960386e503796,youtube_transcript,"ASX Daily Rundown | Atlassian Lifts Tech, A2 Milk Recall Shock & Accent Group All-Time Lows",2026-05-04T08:15:01Z,2026-05-04T08:26:43+00:00,2026-05-04T08:26:43+00:00,fanout_0001,67,candidate_expire_duplicate_fanout,status_expire_candidate,explicit target PET/PETT/PETTIMED does not match current entity; duplicate fanout cluster preserves matching target rows elsewhere,high,MEDIUM,no,company_memory.sqlite:memory_entries,DATA_MISSING
1068,WBC,risk,Pettimed's capital raising at 1 cent per share,active,0.79,youtube_transcript:asx-daily-rundown-atlassian-lifts-tech-a2-milk-recall-shock-accent-group-all-time-lows:88e960386e503796,youtube_transcript,"ASX Daily Rundown | Atlassian Lifts Tech, A2 Milk Recall Shock & Accent Group All-Time Lows",2026-05-04T08:15:01Z,2026-05-04T08:26:44+00:00,2026-05-04T08:26:44+00:00,fanout_0001,67,candidate_expire_duplicate_fanout,status_expire_candidate,explicit target PET/PETT/PETTIMED does not match current entity; duplicate fanout cluster preserves matching target rows elsewhere,high,MEDIUM,no,company_memory.sqlite:memory_entries,DATA_MISSING
1069,KEY,risk,Pettimed's capital raising at 1 cent per share,active,0.79,youtube_transcript:asx-daily-rundown-atlassian-lifts-tech-a2-milk-recall-shock-accent-group-all-time-lows:88e960386e503796,youtube_transcript,"ASX Daily Rundown | Atlassian Lifts Tech, A2 Milk Recall Shock & Accent Group All-Time Lows",2026-05-04T08:15:01Z,2026-05-04T08:26:44+00:00,2026-05-04T08:26:44+00:00,fanout_0001,67,candidate_expire_duplicate_fanout,status_expire_candidate,explicit target PET/PETT/PETTIMED does not match current entity; duplicate fanout cluster preserves matching target rows elsewhere,high,MEDIUM,no,company_memory.sqlite:memory_entries,DATA_MISSING
1070,GCM,risk,Pettimed's capital raising at 1 cent per share,active,0.79,youtube_transcript:asx-daily-rundown-atlassian-lifts-tech-a2-milk-recall-shock-accent-group-all-time-lows:88e960386e503796,youtube_transcript,"ASX Daily Rundown | Atlassian Lifts Tech, A2 Milk Recall Shock & Accent Group All-Time Lows",2026-05-04T08:15:01Z,2026-05-04T08:26:44+00:00,2026-05-04T08:26:44+00:00,fanout_0001,67,candidate_expire_duplicate_fanout,status_expire_candidate,explicit target PET/PETT/PETTIMED does not match current entity; duplicate fanout cluster preserves matching target rows elsewhere,high,MEDIUM,no,company_memory.sqlite:memory_entries,DATA_MISSING
1071,MAR,risk,Pettimed's capital raising at 1 cent per share,active,0.79,youtube_transcript:asx-daily-rundown-atlassian-lifts-tech-a2-milk-recall-shock-accent-group-all-time-lows:88e960386e503796,youtube_transcript,"ASX Daily Rundown | Atlassian Lifts Tech, A2 Milk Recall Shock & Accent Group All-Time Lows",2026-05-04T08:15:01Z,2026-05-04T08:26:44+00:00,2026-05-04T08:26:44+00:00,fanout_0001,67,candidate_expire_duplicate_fanout,status_expire_candidate,explicit target PET/PETT/PETTIMED does not match current entity; duplicate fanout cluster preserves matching target rows elsewhere,high,MEDIUM,no,company_memory.sqlite:memory_entries,DATA_MISSING
1072,CLT,risk,Pettimed's capital raising at 1 cent per share,active,0.79,youtube_transcript:asx-daily-rundown-atlassian-lifts-tech-a2-milk-recall-shock-accent-group-all-time-lows:88e960386e503796,youtube_transcript,"ASX Daily Rundown | Atlassian Lifts Tech, A2 Milk Recall Shock & Accent Group All-Time Lows",2026-05-04T08:15:01Z,2026-05-04T08:26:44+00:00,2026-05-04T08:26:44+00:00,fanout_0001,67,candidate_expire_duplicate_fanout,status_expire_candidate,explicit target PET/PETT/PETTIMED does not match current entity; duplicate fanout cluster preserves matching target rows elsewhere,high,MEDIUM,no,company_memory.sqlite:memory_entries,DATA_MISSING
1073,WIN,risk,Pettimed's capital raising at 1 cent per share,active,0.79,youtube_transcript:asx-daily-rundown-atlassian-lifts-tech-a2-milk-recall-shock-accent-group-all-time-lows:88e960386e503796,youtube_transcript,"ASX Daily Rundown | Atlassian Lifts Tech, A2 Milk Recall Shock & Accent Group All-Time Lows",2026-05-04T08:15:01Z,2026-05-04T08:26:44+00:00,2026-05-04T08:26:44+00:00,fanout_0001,67,candidate_expire_duplicate_fanout,status_expire_candidate,explicit target PET/PETT/PETTIMED does not match current entity; duplicate fanout cluster preserves matching target rows elsewhere,high,MEDIUM,no,company_memory.sqlite:memory_entries,DATA_MISSING
1074,SKT,risk,Pettimed's capital raising at 1 cent per share,active,0.79,youtube_transcript:asx-daily-rundown-atlassian-lifts-tech-a2-milk-recall-shock-accent-group-all-time-lows:88e960386e503796,youtube_transcript,"ASX Daily Rundown | Atlassian Lifts Tech, A2 Milk Recall Shock & Accent Group All-Time Lows",2026-05-04T08:15:01Z,2026-05-04T08:26:45+00:00,2026-05-04T08:26:45+00:00,fanout_0001,67,candidate_expire_duplicate_fanout,status_expire_candidate,explicit target PET/PETT/PETTIMED does not match current entity; duplicate fanout cluster preserves matching target rows elsewhere,high,MEDIUM,no,company_memory.sqlite:memory_entries,DATA_MISSING
1075,VCE,risk,Pettimed's capital raising at 1 cent per share,active,0.79,youtube_transcript:asx-daily-rundown-atlassian-lifts-tech-a2-milk-recall-shock-accent-group-all-time-lows:88e960386e503796,youtube_transcript,"ASX Daily Rundown | Atlassian Lifts Tech, A2 Milk Recall Shock & Accent Group All-Time Lows",2026-05-04T08:15:01Z,2026-05-04T08:26:45+00:00,2026-05-04T08:26:45+00:00,fanout_0001,67,candidate_expire_duplicate_fanout,status_expire_candidate,explicit target PET/PETT/PETTIMED does not match current entity; duplicate fanout cluster preserves matching target rows elsewhere,high,MEDIUM,no,company_memory.sqlite:memory_entries,DATA_MISSING
1076,SNW,risk,Pettimed's capital raising at 1 cent per share,active,0.79,youtube_transcript:asx-daily-rundown-atlassian-lifts-tech-a2-milk-recall-shock-accent-group-all-time-lows:88e960386e503796,youtube_transcript,"ASX Daily Rundown | Atlassian Lifts Tech, A2 Milk Recall Shock & Accent Group All-Time Lows",2026-05-04T08:15:01Z,2026-05-04T08:26:46+00:00,2026-05-04T08:26:46+00:00,fanout_0001,67,candidate_expire_duplicate_fanout,status_expire_candidate,explicit target PET/PETT/PETTIMED does not match current entity; duplicate fanout cluster preserves matching target rows elsewhere,high,MEDIUM,no,company_memory.sqlite:memory_entries,DATA_MISSING
1077,LON,risk,Pettimed's capital raising at 1 cent per share,active,0.79,youtube_transcript:asx-daily-rundown-atlassian-lifts-tech-a2-milk-recall-shock-accent-group-all-time-lows:88e960386e503796,youtube_transcript,"ASX Daily Rundown | Atlassian Lifts Tech, A2 Milk Recall Shock & Accent Group All-Time Lows",2026-05-04T08:15:01Z,2026-05-04T08:26:46+00:00,2026-05-04T08:26:46+00:00,fanout_0001,67,candidate_expire_duplicate_fanout,status_expire_candidate,explicit target PET/PETT/PETTIMED does not match current entity; duplicate fanout cluster preserves matching target rows elsewhere,high,MEDIUM,no,company_memory.sqlite:memory_entries,DATA_MISSING
1079,STK,risk,Pettimed's capital raising at 1 cent per share,active,0.79,youtube_transcript:asx-daily-rundown-atlassian-lifts-tech-a2-milk-recall-shock-accent-group-all-time-lows:88e960386e503796,youtube_transcript,"ASX Daily Rundown | Atlassian Lifts Tech, A2 Milk Recall Shock & Accent Group All-Time Lows",2026-05-04T08:15:01Z,2026-05-04T08:26:46+00:00,2026-05-04T08:26:46+00:00,fanout_0001,67,candidate_expire_duplicate_fanout,status_expire_candidate,explicit target PET/PETT/PETTIMED does not match current entity; duplicate fanout cluster preserves matching target rows elsewhere,high,MEDIUM,no,company_memory.sqlite:memory_entries,DATA_MISSING
1081,END,risk,A2 MILK's product recall and negative market reaction,active,0.74,youtube_transcript:asx-daily-rundown-atlassian-lifts-tech-a2-milk-recall-shock-accent-group-all-time-lows:88e960386e503796,youtube_transcript,"ASX Daily Rundown | Atlassian Lifts Tech, A2 Milk Recall Shock & Accent Group All-Time Lows",2026-05-04T08:15:01Z,2026-05-04T08:26:48+00:00,2026-05-04T08:26:48+00:00,fanout_0017,41,candidate_expire_duplicate_fanout,status_expire_candidate,explicit target A2M/A2 MILK does not match current entity; duplicate fanout cluster preserves matching target rows elsewhere,high,MEDIUM,no,company_memory.sqlite:memory_entries,DATA_MISSING
1082,COH,risk,A2 MILK's product recall and negative market reaction,active,0.74,youtube_transcript:asx-daily-rundown-atlassian-lifts-tech-a2-milk-recall-shock-accent-group-all-time-lows:88e960386e503796,youtube_transcript,"ASX Daily Rundown | Atlassian Lifts Tech, A2 Milk Recall Shock & Accent Group All-Time Lows",2026-05-04T08:15:01Z,2026-05-04T08:26:48+00:00,2026-05-04T08:26:48+00:00,fanout_0017,41,candidate_expire_duplicate_fanout,status_expire_candidate,explicit target A2M/A2 MILK does not match current entity; duplicate fanout cluster preserves matching target rows elsewhere,high,MEDIUM,no,company_memory.sqlite:memory_entries,DATA_MISSING
1083,WES,risk,A2 MILK's product recall and negative market reaction,active,0.74,youtube_transcript:asx-daily-rundown-atlassian-lifts-tech-a2-milk-recall-shock-accent-group-all-time-lows:88e960386e503796,youtube_transcript,"ASX Daily Rundown | Atlassian Lifts Tech, A2 Milk Recall Shock & Accent Group All-Time Lows",2026-05-04T08:15:01Z,2026-05-04T08:26:49+00:00,2026-05-04T08:26:49+00:00,fanout_0017,41,candidate_expire_duplicate_fanout,status_expire_candidate,explicit target A2M/A2 MILK does not match current entity; duplicate fanout cluster preserves matching target rows elsewhere,high,MEDIUM,no,company_memory.sqlite:memory_entries,DATA_MISSING
1084,WBC,risk,A2 MILK's product recall and negative market reaction,active,0.74,youtube_transcript:asx-daily-rundown-atlassian-lifts-tech-a2-milk-recall-shock-accent-group-all-time-lows:88e960386e503796,youtube_transcript,"ASX Daily Rundown | Atlassian Lifts Tech, A2 Milk Recall Shock & Accent Group All-Time Lows",2026-05-04T08:15:01Z,2026-05-04T08:26:49+00:00,2026-05-04T08:26:49+00:00,fanout_0017,41,candidate_expire_duplicate_fanout,status_expire_candidate,explicit target A2M/A2 MILK does not match current entity; duplicate fanout cluster preserves matching target rows elsewhere,high,MEDIUM,no,company_memory.sqlite:memory_entries,DATA_MISSING
1085,KEY,risk,A2 MILK's product recall and negative market reaction,active,0.74,youtube_transcript:asx-daily-rundown-atlassian-lifts-tech-a2-milk-recall-shock-accent-group-all-time-lows:88e960386e503796,youtube_transcript,"ASX Daily Rundown | Atlassian Lifts Tech, A2 Milk Recall Shock & Accent Group All-Time Lows",2026-05-04T08:15:01Z,2026-05-04T08:26:49+00:00,2026-05-04T08:26:49+00:00,fanout_0017,41,candidate_expire_duplicate_fanout,status_expire_candidate,explicit target A2M/A2 MILK does not match current entity; duplicate fanout cluster preserves matching target rows elsewhere,high,MEDIUM,no,company_memory.sqlite:memory_entries,DATA_MISSING
1086,GCM,risk,A2 MILK's product recall and negative market reaction,active,0.74,youtube_transcript:asx-daily-rundown-atlassian-lifts-tech-a2-milk-recall-shock-accent-group-all-time-lows:88e960386e503796,youtube_transcript,"ASX Daily Rundown | Atlassian Lifts Tech, A2 Milk Recall Shock & Accent Group All-Time Lows",2026-05-04T08:15:01Z,2026-05-04T08:26:49+00:00,2026-05-04T08:26:49+00:00,fanout_0017,41,candidate_expire_duplicate_fanout,status_expire_candidate,explicit target A2M/A2 MILK does not match current entity; duplicate fanout cluster preserves matching target rows elsewhere,high,MEDIUM,no,company_memory.sqlite:memory_entries,DATA_MISSING
1087,MAR,risk,A2 MILK's product recall and negative market reaction,active,0.74,youtube_transcript:asx-daily-rundown-atlassian-lifts-tech-a2-milk-recall-shock-accent-group-all-time-lows:88e960386e503796,youtube_transcript,"ASX Daily Rundown | Atlassian Lifts Tech, A2 Milk Recall Shock & Accent Group All-Time Lows",2026-05-04T08:15:01Z,2026-05-04T08:26:49+00:00,2026-05-04T08:26:49+00:00,fanout_0017,41,candidate_expire_duplicate_fanout,status_expire_candidate,explicit target A2M/A2 MILK does not match current entity; duplicate fanout cluster preserves matching target rows elsewhere,high,MEDIUM,no,company_memory.sqlite:memory_entries,DATA_MISSING
1088,CLT,risk,A2 MILK's product recall and negative market reaction,active,0.74,youtube_transcript:asx-daily-rundown-atlassian-lifts-tech-a2-milk-recall-shock-accent-group-all-time-lows:88e960386e503796,youtube_transcript,"ASX Daily Rundown | Atlassian Lifts Tech, A2 Milk Recall Shock & Accent Group All-Time Lows",2026-05-04T08:15:01Z,2026-05-04T08:26:50+00:00,2026-05-04T08:26:50+00:00,fanout_0017,41,candidate_expire_duplicate_fanout,status_expire_candidate,explicit target A2M/A2 MILK does not match current entity; duplicate fanout cluster preserves matching target rows elsewhere,high,MEDIUM,no,company_memory.sqlite:memory_entries,DATA_MISSING
1089,WIN,risk,A2 MILK's product recall and negative market reaction,active,0.74,youtube_transcript:asx-daily-rundown-atlassian-lifts-tech-a2-milk-recall-shock-accent-group-all-time-lows:88e960386e503796,youtube_transcript,"ASX Daily Rundown | Atlassian Lifts Tech, A2 Milk Recall Shock & Accent Group All-Time Lows",2026-05-04T08:15:01Z,2026-05-04T08:26:51+00:00,2026-05-04T08:26:51+00:00,fanout_0017,41,candidate_expire_duplicate_fanout,status_expire_candidate,explicit target A2M/A2 MILK does not match current entity; duplicate fanout cluster preserves matching target rows elsewhere,high,MEDIUM,no,company_memory.sqlite:memory_entries,DATA_MISSING
1090,SKT,risk,A2 MILK's product recall and negative market reaction,active,0.74,youtube_transcript:asx-daily-rundown-atlassian-lifts-tech-a2-milk-recall-shock-accent-group-all-time-lows:88e960386e503796,youtube_transcript,"ASX Daily Rundown | Atlassian Lifts Tech, A2 Milk Recall Shock & Accent Group All-Time Lows",2026-05-04T08:15:01Z,2026-05-04T08:26:51+00:00,2026-05-04T08:26:51+00:00,fanout_0017,41,candidate_expire_duplicate_fanout,status_expire_candidate,explicit target A2M/A2 MILK does not match current entity; duplicate fanout cluster preserves matching target rows elsewhere,high,MEDIUM,no,company_memory.sqlite:memory_entries,DATA_MISSING
1091,VCE,risk,A2 MILK's product recall and negative market reaction,active,0.74,youtube_transcript:asx-daily-rundown-atlassian-lifts-tech-a2-milk-recall-shock-accent-group-all-time-lows:88e960386e503796,youtube_transcript,"ASX Daily Rundown | Atlassian Lifts Tech, A2 Milk Recall Shock & Accent Group All-Time Lows",2026-05-04T08:15:01Z,2026-05-04T08:26:51+00:00,2026-05-04T08:26:51+00:00,fanout_0017,41,candidate_expire_duplicate_fanout,status_expire_candidate,explicit target A2M/A2 MILK does not match current entity; duplicate fanout cluster preserves matching target rows elsewhere,high,MEDIUM,no,company_memory.sqlite:memory_entries,DATA_MISSING
1092,SNW,risk,A2 MILK's product recall and negative market reaction,active,0.74,youtube_transcript:asx-daily-rundown-atlassian-lifts-tech-a2-milk-recall-shock-accent-group-all-time-lows:88e960386e503796,youtube_transcript,"ASX Daily Rundown | Atlassian Lifts Tech, A2 Milk Recall Shock & Accent Group All-Time Lows",2026-05-04T08:15:01Z,2026-05-04T08:26:51+00:00,2026-05-04T08:26:51+00:00,fanout_0017,41,candidate_expire_duplicate_fanout,status_expire_candidate,explicit target A2M/A2 MILK does not match current entity; duplicate fanout cluster preserves matching target rows elsewhere,high,MEDIUM,no,company_memory.sqlite:memory_entries,DATA_MISSING
1093,LON,risk,A2 MILK's product recall and negative market reaction,active,0.74,youtube_transcript:asx-daily-rundown-atlassian-lifts-tech-a2-milk-recall-shock-accent-group-all-time-lows:88e960386e503796,youtube_transcript,"ASX Daily Rundown | Atlassian Lifts Tech, A2 Milk Recall Shock & Accent Group All-Time Lows",2026-05-04T08:15:01Z,2026-05-04T08:26:51+00:00,2026-05-04T08:26:51+00:00,fanout_0017,41,candidate_expire_duplicate_fanout,status_expire_candidate,explicit target A2M/A2 MILK does not match current entity; duplicate fanout cluster preserves matching target rows elsewhere,high,MEDIUM,no,company_memory.sqlite:memory_entries,DATA_MISSING
1094,PET,risk,A2 MILK's product recall and negative market reaction,active,0.74,youtube_transcript:asx-daily-rundown-atlassian-lifts-tech-a2-milk-recall-shock-accent-group-all-time-lows:88e960386e503796,youtube_transcript,"ASX Daily Rundown | Atlassian Lifts Tech, A2 Milk Recall Shock & Accent Group All-Time Lows",2026-05-04T08:15:01Z,2026-05-04T08:26:51+00:00,2026-05-04T08:26:51+00:00,fanout_0017,41,candidate_expire_duplicate_fanout,status_expire_candidate,explicit target A2M/A2 MILK does not match current entity; duplicate fanout cluster preserves matching target rows elsewhere,high,MEDIUM,no,company_memory.sqlite:memory_entries,DATA_MISSING
1095,STK,risk,A2 MILK's product recall and negative market reaction,active,0.74,youtube_transcript:asx-daily-rundown-atlassian-lifts-tech-a2-milk-recall-shock-accent-group-all-time-lows:88e960386e503796,youtube_transcript,"ASX Daily Rundown | Atlassian Lifts Tech, A2 Milk Recall Shock & Accent Group All-Time Lows",2026-05-04T08:15:01Z,2026-05-04T08:26:51+00:00,2026-05-04T08:26:51+00:00,fanout_0017,41,candidate_expire_duplicate_fanout,status_expire_candidate,explicit target A2M/A2 MILK does not match current entity; duplicate fanout cluster preserves matching target rows elsewhere,high,MEDIUM,no,company_memory.sqlite:memory_entries,DATA_MISSING
1096,INDE,risk,A2 MILK's product recall and negative market reaction,active,0.74,youtube_transcript:asx-daily-rundown-atlassian-lifts-tech-a2-milk-recall-shock-accent-group-all-time-lows:88e960386e503796,youtube_transcript,"ASX Daily Rundown | Atlassian Lifts Tech, A2 Milk Recall Shock & Accent Group All-Time Lows",2026-05-04T08:15:01Z,2026-05-04T08:26:51+00:00,2026-05-04T08:26:51+00:00,fanout_0017,41,candidate_expire_duplicate_fanout,status_expire_candidate,explicit target A2M/A2 MILK does not match current entity; duplicate fanout cluster preserves matching target rows elsewhere,high,MEDIUM,no,company_memory.sqlite:memory_entries,DATA_MISSING
1097,PETT,risk,A2 MILK's product recall and negative market reaction,active,0.74,youtube_transcript:asx-daily-rundown-atlassian-lifts-tech-a2-milk-recall-shock-accent-group-all-time-lows:88e960386e503796,youtube_transcript,"ASX Daily Rundown | Atlassian Lifts Tech, A2 Milk Recall Shock & Accent Group All-Time Lows",2026-05-04T08:15:01Z,2026-05-04T08:26:51+00:00,2026-05-04T08:26:51+00:00,fanout_0017,41,candidate_expire_duplicate_fanout,status_expire_candidate,explicit target A2M/A2 MILK does not match current entity; duplicate fanout cluster preserves matching target rows elsewhere,high,MEDIUM,no,company_memory.sqlite:memory_entries,DATA_MISSING
1098,C79,risk,A2 MILK's product recall and negative market reaction,active,0.74,youtube_transcript:asx-daily-rundown-atlassian-lifts-tech-a2-milk-recall-shock-accent-group-all-time-lows:88e960386e503796,youtube_transcript,"ASX Daily Rundown | Atlassian Lifts Tech, A2 Milk Recall Shock & Accent Group All-Time Lows",2026-05-04T08:15:01Z,2026-05-04T08:26:51+00:00,2026-05-04T08:26:51+00:00,fanout_0017,41,candidate_expire_duplicate_fanout,status_expire_candidate,explicit target A2M/A2 MILK does not match current entity; duplicate fanout cluster preserves matching target rows elsewhere,high,MEDIUM,no,company_memory.sqlite:memory_entries,DATA_MISSING
1099,ACCENT GROUP,risk,A2 MILK's product recall and negative market reaction,active,0.74,youtube_transcript:asx-daily-rundown-atlassian-lifts-tech-a2-milk-recall-shock-accent-group-all-time-lows:88e960386e503796,youtube_transcript,"ASX Daily Rundown | Atlassian Lifts Tech, A2 Milk Recall Shock & Accent Group All-Time Lows",2026-05-04T08:15:01Z,2026-05-04T08:26:52+00:00,2026-05-04T08:26:52+00:00,fanout_0017,41,candidate_expire_duplicate_fanout,status_expire_candidate,explicit target A2M/A2 MILK does not match current entity; duplicate fanout cluster preserves matching target rows elsewhere,high,MEDIUM,no,company_memory.sqlite:memory_entries,DATA_MISSING
1100,ASX,risk,Chrysos Corporation's unexpected negative market reaction to a positive update,active,0.74,youtube_transcript:asx-daily-rundown-atlassian-lifts-tech-a2-milk-recall-shock-accent-group-all-time-lows:88e960386e503796,youtube_transcript,"ASX Daily Rundown | Atlassian Lifts Tech, A2 Milk Recall Shock & Accent Group All-Time Lows",2026-05-04T08:15:01Z,2026-05-04T08:26:52+00:00,2026-05-04T08:26:52+00:00,fanout_0032,26,candidate_expire_duplicate_fanout,status_expire_candidate,explicit target CHRYSOS/C79/GCM does not match current entity; duplicate fanout cluster preserves matching target rows elsewhere,high,MEDIUM,no,company_memory.sqlite:memory_entries,DATA_MISSING
1101,TXT,risk,Chrysos Corporation's unexpected negative market reaction to a positive update,active,0.74,youtube_transcript:asx-daily-rundown-atlassian-lifts-tech-a2-milk-recall-shock-accent-group-all-time-lows:88e960386e503796,youtube_transcript,"ASX Daily Rundown | Atlassian Lifts Tech, A2 Milk Recall Shock & Accent Group All-Time Lows",2026-05-04T08:15:01Z,2026-05-04T08:26:53+00:00,2026-05-04T08:26:53+00:00,fanout_0032,26,candidate_expire_duplicate_fanout,status_expire_candidate,explicit target CHRYSOS/C79/GCM does not match current entity; duplicate fanout cluster preserves matching target rows elsewhere,high,MEDIUM,no,company_memory.sqlite:memory_entries,DATA_MISSING
1102,XTX,risk,Chrysos Corporation's unexpected negative market reaction to a positive update,active,0.74,youtube_transcript:asx-daily-rundown-atlassian-lifts-tech-a2-milk-recall-shock-accent-group-all-time-lows:88e960386e503796,youtube_transcript,"ASX Daily Rundown | Atlassian Lifts Tech, A2 Milk Recall Shock & Accent Group All-Time Lows",2026-05-04T08:15:01Z,2026-05-04T08:26:53+00:00,2026-05-04T08:26:53+00:00,fanout_0032,26,candidate_expire_duplicate_fanout,status_expire_candidate,explicit target CHRYSOS/C79/GCM does not match current entity; duplicate fanout cluster preserves matching target rows elsewhere,high,MEDIUM,no,company_memory.sqlite:memory_entries,DATA_MISSING
1103,A2M,risk,Chrysos Corporation's unexpected negative market reaction to a positive update,active,0.74,youtube_transcript:asx-daily-rundown-atlassian-lifts-tech-a2-milk-recall-shock-accent-group-all-time-lows:88e960386e503796,youtube_transcript,"ASX Daily Rundown | Atlassian Lifts Tech, A2 Milk Recall Shock & Accent Group All-Time Lows",2026-05-04T08:15:01Z,2026-05-04T08:26:53+00:00,2026-05-04T08:26:53+00:00,fanout_0032,26,candidate_expire_duplicate_fanout,status_expire_candidate,explicit target CHRYSOS/C79/GCM does not match current entity; duplicate fanout cluster preserves matching target rows elsewhere,high,MEDIUM,no,company_memory.sqlite:memory_entries,DATA_MISSING
1104,END,risk,Chrysos Corporation's unexpected negative market reaction to a positive update,active,0.74,youtube_transcript:asx-daily-rundown-atlassian-lifts-tech-a2-milk-recall-shock-accent-group-all-time-lows:88e960386e503796,youtube_transcript,"ASX Daily Rundown | Atlassian Lifts Tech, A2 Milk Recall Shock & Accent Group All-Time Lows",2026-05-04T08:15:01Z,2026-05-04T08:26:53+00:00,2026-05-04T08:26:53+00:00,fanout_0032,26,candidate_expire_duplicate_fanout,status_expire_candidate,explicit target CHRYSOS/C79/GCM does not match current entity; duplicate fanout cluster preserves matching target rows elsewhere,high,MEDIUM,no,company_memory.sqlite:memory_entries,DATA_MISSING
1105,COH,risk,Chrysos Corporation's unexpected negative market reaction to a positive update,active,0.74,youtube_transcript:asx-daily-rundown-atlassian-lifts-tech-a2-milk-recall-shock-accent-group-all-time-lows:88e960386e503796,youtube_transcript,"ASX Daily Rundown | Atlassian Lifts Tech, A2 Milk Recall Shock & Accent Group All-Time Lows",2026-05-04T08:15:01Z,2026-05-04T08:26:53+00:00,2026-05-04T08:26:53+00:00,fanout_0032,26,candidate_expire_duplicate_fanout,status_expire_candidate,explicit target CHRYSOS/C79/GCM does not match current entity; duplicate fanout cluster preserves matching target rows elsewhere,high,MEDIUM,no,company_memory.sqlite:memory_entries,DATA_MISSING
1106,WES,risk,Chrysos Corporation's unexpected negative market reaction to a positive update,active,0.74,youtube_transcript:asx-daily-rundown-atlassian-lifts-tech-a2-milk-recall-shock-accent-group-all-time-lows:88e960386e503796,youtube_transcript,"ASX Daily Rundown | Atlassian Lifts Tech, A2 Milk Recall Shock & Accent Group All-Time Lows",2026-05-04T08:15:01Z,2026-05-04T08:26:53+00:00,2026-05-04T08:26:53+00:00,fanout_0032,26,candidate_expire_duplicate_fanout,status_expire_candidate,explicit target CHRYSOS/C79/GCM does not match current entity; duplicate fanout cluster preserves matching target rows elsewhere,high,MEDIUM,no,company_memory.sqlite:memory_entries,DATA_MISSING
1107,BHP,risk,Chrysos Corporation's unexpected negative market reaction to a positive update,active,0.74,youtube_transcript:asx-daily-rundown-atlassian-lifts-tech-a2-milk-recall-shock-accent-group-all-time-lows:88e960386e503796,youtube_transcript,"ASX Daily Rundown | Atlassian Lifts Tech, A2 Milk Recall Shock & Accent Group All-Time Lows",2026-05-04T08:15:01Z,2026-05-04T08:26:53+00:00,2026-05-04T08:26:53+00:00,fanout_0032,26,candidate_expire_duplicate_fanout,status_expire_candidate,explicit target CHRYSOS/C79/GCM does not match current entity; duplicate fanout cluster preserves matching target rows elsewhere,high,MEDIUM,no,company_memory.sqlite:memory_entries,DATA_MISSING
1108,NAB,risk,Chrysos Corporation's unexpected negative market reaction to a positive update,active,0.74,youtube_transcript:asx-daily-rundown-atlassian-lifts-tech-a2-milk-recall-shock-accent-group-all-time-lows:88e960386e503796,youtube_transcript,"ASX Daily Rundown | Atlassian Lifts Tech, A2 Milk Recall Shock & Accent Group All-Time Lows",2026-05-04T08:15:01Z,2026-05-04T08:26:53+00:00,2026-05-04T08:26:53+00:00,fanout_0032,26,candidate_expire_duplicate_fanout,status_expire_candidate,explicit target CHRYSOS/C79/GCM does not match current entity; duplicate fanout cluster preserves matching target rows elsewhere,high,MEDIUM,no,company_memory.sqlite:memory_entries,DATA_MISSING
1109,WBC,risk,Chrysos Corporation's unexpected negative market reaction to a positive update,active,0.74,youtube_transcript:asx-daily-rundown-atlassian-lifts-tech-a2-milk-recall-shock-accent-group-all-time-lows:88e960386e503796,youtube_transcript,"ASX Daily Rundown | Atlassian Lifts Tech, A2 Milk Recall Shock & Accent Group All-Time Lows",2026-05-04T08:15:01Z,2026-05-04T08:26:53+00:00,2026-05-04T08:26:53+00:00,fanout_0032,26,candidate_expire_duplicate_fanout,status_expire_candidate,explicit target CHRYSOS/C79/GCM does not match current entity; duplicate fanout cluster preserves matching target rows elsewhere,high,MEDIUM,no,company_memory.sqlite:memory_entries,DATA_MISSING
1110,KEY,risk,Chrysos Corporation's unexpected negative market reaction to a positive update,active,0.74,youtube_transcript:asx-daily-rundown-atlassian-lifts-tech-a2-milk-recall-shock-accent-group-all-time-lows:88e960386e503796,youtube_transcript,"ASX Daily Rundown | Atlassian Lifts Tech, A2 Milk Recall Shock & Accent Group All-Time Lows",2026-05-04T08:15:01Z,2026-05-04T08:26:53+00:00,2026-05-04T08:26:53+00:00,fanout_0032,26,candidate_expire_duplicate_fanout,status_expire_candidate,explicit target CHRYSOS/C79/GCM does not match current entity; duplicate fanout cluster preserves matching target rows elsewhere,high,MEDIUM,no,company_memory.sqlite:memory_entries,DATA_MISSING
1112,MAR,risk,Chrysos Corporation's unexpected negative market reaction to a positive update,active,0.74,youtube_transcript:asx-daily-rundown-atlassian-lifts-tech-a2-milk-recall-shock-accent-group-all-time-lows:88e960386e503796,youtube_transcript,"ASX Daily Rundown | Atlassian Lifts Tech, A2 Milk Recall Shock & Accent Group All-Time Lows",2026-05-04T08:15:01Z,2026-05-04T08:26:53+00:00,2026-05-04T08:26:53+00:00,fanout_0032,26,candidate_expire_duplicate_fanout,status_expire_candidate,explicit target CHRYSOS/C79/GCM does not match current entity; duplicate fanout cluster preserves matching target rows elsewhere,high,MEDIUM,no,company_memory.sqlite:memory_entries,DATA_MISSING
1113,CLT,risk,Chrysos Corporation's unexpected negative market reaction to a positive update,active,0.74,youtube_transcript:asx-daily-rundown-atlassian-lifts-tech-a2-milk-recall-shock-accent-group-all-time-lows:88e960386e503796,youtube_transcript,"ASX Daily Rundown | Atlassian Lifts Tech, A2 Milk Recall Shock & Accent Group All-Time Lows",2026-05-04T08:15:01Z,2026-05-04T08:26:54+00:00,2026-05-04T08:26:54+00:00,fanout_0032,26,candidate_expire_duplicate_fanout,status_expire_candidate,explicit target CHRYSOS/C79/GCM does not match current entity; duplicate fanout cluster preserves matching target rows elsewhere,high,MEDIUM,no,company_memory.sqlite:memory_entries,DATA_MISSING
1114,WIN,risk,Chrysos Corporation's unexpected negative market reaction to a positive update,active,0.74,youtube_transcript:asx-daily-rundown-atlassian-lifts-tech-a2-milk-recall-shock-accent-group-all-time-lows:88e960386e503796,youtube_transcript,"ASX Daily Rundown | Atlassian Lifts Tech, A2 Milk Recall Shock & Accent Group All-Time Lows",2026-05-04T08:15:01Z,2026-05-04T08:26:54+00:00,2026-05-04T08:26:54+00:00,fanout_0032,26,candidate_expire_duplicate_fanout,status_expire_candidate,explicit target CHRYSOS/C79/GCM does not match current entity; duplicate fanout cluster preserves matching target rows elsewhere,high,MEDIUM,no,company_memory.sqlite:memory_entries,DATA_MISSING
1115,SKT,risk,Chrysos Corporation's unexpected negative market reaction to a positive update,active,0.74,youtube_transcript:asx-daily-rundown-atlassian-lifts-tech-a2-milk-recall-shock-accent-group-all-time-lows:88e960386e503796,youtube_transcript,"ASX Daily Rundown | Atlassian Lifts Tech, A2 Milk Recall Shock & Accent Group All-Time Lows",2026-05-04T08:15:01Z,2026-05-04T08:26:54+00:00,2026-05-04T08:26:54+00:00,fanout_0032,26,candidate_expire_duplicate_fanout,status_expire_candidate,explicit target CHRYSOS/C79/GCM does not match current entity; duplicate fanout cluster preserves matching target rows elsewhere,high,MEDIUM,no,company_memory.sqlite:memory_entries,DATA_MISSING
1116,VCE,risk,Chrysos Corporation's unexpected negative market reaction to a positive update,active,0.74,youtube_transcript:asx-daily-rundown-atlassian-lifts-tech-a2-milk-recall-shock-accent-group-all-time-lows:88e960386e503796,youtube_transcript,"ASX Daily Rundown | Atlassian Lifts Tech, A2 Milk Recall Shock & Accent Group All-Time Lows",2026-05-04T08:15:01Z,2026-05-04T08:26:54+00:00,2026-05-04T08:26:54+00:00,fanout_0032,26,candidate_expire_duplicate_fanout,status_expire_candidate,explicit target CHRYSOS/C79/GCM does not match current entity; duplicate fanout cluster preserves matching target rows elsewhere,high,MEDIUM,no,company_memory.sqlite:memory_entries,DATA_MISSING
1117,SNW,risk,Chrysos Corporation's unexpected negative market reaction to a positive update,active,0.74,youtube_transcript:asx-daily-rundown-atlassian-lifts-tech-a2-milk-recall-shock-accent-group-all-time-lows:88e960386e503796,youtube_transcript,"ASX Daily Rundown | Atlassian Lifts Tech, A2 Milk Recall Shock & Accent Group All-Time Lows",2026-05-04T08:15:01Z,2026-05-04T08:26:54+00:00,2026-05-04T08:26:54+00:00,fanout_0032,26,candidate_expire_duplicate_fanout,status_expire_candidate,explicit target CHRYSOS/C79/GCM does not match current entity; duplicate fanout cluster preserves matching target rows elsewhere,high,MEDIUM,no,company_memory.sqlite:memory_entries,DATA_MISSING
1118,LON,risk,Chrysos Corporation's unexpected negative market reaction to a positive update,active,0.74,youtube_transcript:asx-daily-rundown-atlassian-lifts-tech-a2-milk-recall-shock-accent-group-all-time-lows:88e960386e503796,youtube_transcript,"ASX Daily Rundown | Atlassian Lifts Tech, A2 Milk Recall Shock & Accent Group All-Time Lows",2026-05-04T08:15:01Z,2026-05-04T08:26:55+00:00,2026-05-04T08:26:55+00:00,fanout_0032,26,candidate_expire_duplicate_fanout,status_expire_candidate,explicit target CHRYSOS/C79/GCM does not match current entity; duplicate fanout cluster preserves matching target rows elsewhere,high,MEDIUM,no,company_memory.sqlite:memory_entries,DATA_MISSING
1119,PET,risk,Chrysos Corporation's unexpected negative market reaction to a positive update,active,0.74,youtube_transcript:asx-daily-rundown-atlassian-lifts-tech-a2-milk-recall-shock-accent-group-all-time-lows:88e960386e503796,youtube_transcript,"ASX Daily Rundown | Atlassian Lifts Tech, A2 Milk Recall Shock & Accent Group All-Time Lows",2026-05-04T08:15:01Z,2026-05-04T08:26:55+00:00,2026-05-04T08:26:55+00:00,fanout_0032,26,candidate_expire_duplicate_fanout,status_expire_candidate,explicit target CHRYSOS/C79/GCM does not match current entity; duplicate fanout cluster preserves matching target rows elsewhere,high,MEDIUM,no,company_memory.sqlite:memory_entries,DATA_MISSING
1120,STK,risk,Chrysos Corporation's unexpected negative market reaction to a positive update,active,0.74,youtube_transcript:asx-daily-rundown-atlassian-lifts-tech-a2-milk-recall-shock-accent-group-all-time-lows:88e960386e503796,youtube_transcript,"ASX Daily Rundown | Atlassian Lifts Tech, A2 Milk Recall Shock & Accent Group All-Time Lows",2026-05-04T08:15:01Z,2026-05-04T08:26:55+00:00,2026-05-04T08:26:55+00:00,fanout_0032,26,candidate_expire_duplicate_fanout,status_expire_candidate,explicit target CHRYSOS/C79/GCM does not match current entity; duplicate fanout cluster preserves matching target rows elsewhere,high,MEDIUM,no,company_memory.sqlite:memory_entries,DATA_MISSING
1121,INDE,risk,Chrysos Corporation's unexpected negative market reaction to a positive update,active,0.74,youtube_transcript:asx-daily-rundown-atlassian-lifts-tech-a2-milk-recall-shock-accent-group-all-time-lows:88e960386e503796,youtube_transcript,"ASX Daily Rundown | Atlassian Lifts Tech, A2 Milk Recall Shock & Accent Group All-Time Lows",2026-05-04T08:15:01Z,2026-05-04T08:26:55+00:00,2026-05-04T08:26:55+00:00,fanout_0032,26,candidate_expire_duplicate_fanout,status_expire_candidate,explicit target CHRYSOS/C79/GCM does not match current entity; duplicate fanout cluster preserves matching target rows elsewhere,high,MEDIUM,no,company_memory.sqlite:memory_entries,DATA_MISSING
1122,PETT,risk,Chrysos Corporation's unexpected negative market reaction to a positive update,active,0.74,youtube_transcript:asx-daily-rundown-atlassian-lifts-tech-a2-milk-recall-shock-accent-group-all-time-lows:88e960386e503796,youtube_transcript,"ASX Daily Rundown | Atlassian Lifts Tech, A2 Milk Recall Shock & Accent Group All-Time Lows",2026-05-04T08:15:01Z,2026-05-04T08:26:55+00:00,2026-05-04T08:26:55+00:00,fanout_0032,26,candidate_expire_duplicate_fanout,status_expire_candidate,explicit target CHRYSOS/C79/GCM does not match current entity; duplicate fanout cluster preserves matching target rows elsewhere,high,MEDIUM,no,company_memory.sqlite:memory_entries,DATA_MISSING
1124,A2 MILK,risk,Chrysos Corporation's unexpected negative market reaction to a positive update,active,0.74,youtube_transcript:asx-daily-rundown-atlassian-lifts-tech-a2-milk-recall-shock-accent-group-all-time-lows:88e960386e503796,youtube_transcript,"ASX Daily Rundown | Atlassian Lifts Tech, A2 Milk Recall Shock & Accent Group All-Time Lows",2026-05-04T08:15:01Z,2026-05-04T08:26:55+00:00,2026-05-04T08:26:55+00:00,fanout_0032,26,candidate_expire_duplicate_fanout,status_expire_candidate,explicit target CHRYSOS/C79/GCM does not match current entity; duplicate fanout cluster preserves matching target rows elsewhere,high,MEDIUM,no,company_memory.sqlite:memory_entries,DATA_MISSING
1125,ACCENT GROUP,risk,Chrysos Corporation's unexpected negative market reaction to a positive update,active,0.74,youtube_transcript:asx-daily-rundown-atlassian-lifts-tech-a2-milk-recall-shock-accent-group-all-time-lows:88e960386e503796,youtube_transcript,"ASX Daily Rundown | Atlassian Lifts Tech, A2 Milk Recall Shock & Accent Group All-Time Lows",2026-05-04T08:15:01Z,2026-05-04T08:26:56+00:00,2026-05-04T08:26:56+00:00,fanout_0032,26,candidate_expire_duplicate_fanout,status_expire_candidate,explicit target CHRYSOS/C79/GCM does not match current entity; duplicate fanout cluster preserves matching target rows elsewhere,high,MEDIUM,no,company_memory.sqlite:memory_entries,DATA_MISSING
1126,ASX,risk,Potential overreaction by the market to the recall announcement for A2 MILK,active,0.74,youtube_transcript:asx-daily-rundown-atlassian-lifts-tech-a2-milk-recall-shock-accent-group-all-time-lows:88e960386e503796,youtube_transcript,"ASX Daily Rundown | Atlassian Lifts Tech, A2 Milk Recall Shock & Accent Group All-Time Lows",2026-05-04T08:15:01Z,2026-05-04T08:26:56+00:00,2026-05-04T08:26:56+00:00,fanout_0022,34,candidate_expire_duplicate_fanout,status_expire_candidate,explicit target A2M/A2 MILK does not match current entity; duplicate fanout cluster preserves matching target rows elsewhere,high,MEDIUM,no,company_memory.sqlite:memory_entries,DATA_MISSING
1127,TXT,risk,Potential overreaction by the market to the recall announcement for A2 MILK,active,0.74,youtube_transcript:asx-daily-rundown-atlassian-lifts-tech-a2-milk-recall-shock-accent-group-all-time-lows:88e960386e503796,youtube_transcript,"ASX Daily Rundown | Atlassian Lifts Tech, A2 Milk Recall Shock & Accent Group All-Time Lows",2026-05-04T08:15:01Z,2026-05-04T08:26:56+00:00,2026-05-04T08:26:56+00:00,fanout_0022,34,candidate_expire_duplicate_fanout,status_expire_candidate,explicit target A2M/A2 MILK does not match current entity; duplicate fanout cluster preserves matching target rows elsewhere,high,MEDIUM,no,company_memory.sqlite:memory_entries,DATA_MISSING
1128,XTX,risk,Potential overreaction by the market to the recall announcement for A2 MILK,active,0.74,youtube_transcript:asx-daily-rundown-atlassian-lifts-tech-a2-milk-recall-shock-accent-group-all-time-lows:88e960386e503796,youtube_transcript,"ASX Daily Rundown | Atlassian Lifts Tech, A2 Milk Recall Shock & Accent Group All-Time Lows",2026-05-04T08:15:01Z,2026-05-04T08:26:56+00:00,2026-05-04T08:26:56+00:00,fanout_0022,34,candidate_expire_duplicate_fanout,status_expire_candidate,explicit target A2M/A2 MILK does not match current entity; duplicate fanout cluster preserves matching target rows elsewhere,high,MEDIUM,no,company_memory.sqlite:memory_entries,DATA_MISSING
1130,END,risk,Potential overreaction by the market to the recall announcement for A2 MILK,active,0.74,youtube_transcript:asx-daily-rundown-atlassian-lifts-tech-a2-milk-recall-shock-accent-group-all-time-lows:88e960386e503796,youtube_transcript,"ASX Daily Rundown | Atlassian Lifts Tech, A2 Milk Recall Shock & Accent Group All-Time Lows",2026-05-04T08:15:01Z,2026-05-04T08:26:56+00:00,2026-05-04T08:26:56+00:00,fanout_0022,34,candidate_expire_duplicate_fanout,status_expire_candidate,explicit target A2M/A2 MILK does not match current entity; duplicate fanout cluster preserves matching target rows elsewhere,high,MEDIUM,no,company_memory.sqlite:memory_entries,DATA_MISSING
1131,COH,risk,Potential overreaction by the market to the recall announcement for A2 MILK,active,0.74,youtube_transcript:asx-daily-rundown-atlassian-lifts-tech-a2-milk-recall-shock-accent-group-all-time-lows:88e960386e503796,youtube_transcript,"ASX Daily Rundown | Atlassian Lifts Tech, A2 Milk Recall Shock & Accent Group All-Time Lows",2026-05-04T08:15:01Z,2026-05-04T08:26:56+00:00,2026-05-04T08:26:56+00:00,fanout_0022,34,candidate_expire_duplicate_fanout,status_expire_candidate,explicit target A2M/A2 MILK does not match current entity; duplicate fanout cluster preserves matching target rows elsewhere,high,MEDIUM,no,company_memory.sqlite:memory_entries,DATA_MISSING
1132,WES,risk,Potential overreaction by the market to the recall announcement for A2 MILK,active,0.74,youtube_transcript:asx-daily-rundown-atlassian-lifts-tech-a2-milk-recall-shock-accent-group-all-time-lows:88e960386e503796,youtube_transcript,"ASX Daily Rundown | Atlassian Lifts Tech, A2 Milk Recall Shock & Accent Group All-Time Lows",2026-05-04T08:15:01Z,2026-05-04T08:26:56+00:00,2026-05-04T08:26:56+00:00,fanout_0022,34,candidate_expire_duplicate_fanout,status_expire_candidate,explicit target A2M/A2 MILK does not match current entity; duplicate fanout cluster preserves matching target rows elsewhere,high,MEDIUM,no,company_memory.sqlite:memory_entries,DATA_MISSING
1133,BHP,risk,Potential overreaction by the market to the recall announcement for A2 MILK,active,0.74,youtube_transcript:asx-daily-rundown-atlassian-lifts-tech-a2-milk-recall-shock-accent-group-all-time-lows:88e960386e503796,youtube_transcript,"ASX Daily Rundown | Atlassian Lifts Tech, A2 Milk Recall Shock & Accent Group All-Time Lows",2026-05-04T08:15:01Z,2026-05-04T08:26:56+00:00,2026-05-04T08:26:56+00:00,fanout_0022,34,candidate_expire_duplicate_fanout,status_expire_candidate,explicit target A2M/A2 MILK does not match current entity; duplicate fanout cluster preserves matching target rows elsewhere,high,MEDIUM,no,company_memory.sqlite:memory_entries,DATA_MISSING
1134,NAB,risk,Potential overreaction by the market to the recall announcement for A2 MILK,active,0.74,youtube_transcript:asx-daily-rundown-atlassian-lifts-tech-a2-milk-recall-shock-accent-group-all-time-lows:88e960386e503796,youtube_transcript,"ASX Daily Rundown | Atlassian Lifts Tech, A2 Milk Recall Shock & Accent Group All-Time Lows",2026-05-04T08:15:01Z,2026-05-04T08:26:57+00:00,2026-05-04T08:26:57+00:00,fanout_0022,34,candidate_expire_duplicate_fanout,status_expire_candidate,explicit target A2M/A2 MILK does not match current entity; duplicate fanout cluster preserves matching target rows elsewhere,high,MEDIUM,no,company_memory.sqlite:memory_entries,DATA_MISSING
1135,WBC,risk,Potential overreaction by the market to the recall announcement for A2 MILK,active,0.74,youtube_transcript:asx-daily-rundown-atlassian-lifts-tech-a2-milk-recall-shock-accent-group-all-time-lows:88e960386e503796,youtube_transcript,"ASX Daily Rundown | Atlassian Lifts Tech, A2 Milk Recall Shock & Accent Group All-Time Lows",2026-05-04T08:15:01Z,2026-05-04T08:26:57+00:00,2026-05-04T08:26:57+00:00,fanout_0022,34,candidate_expire_duplicate_fanout,status_expire_candidate,explicit target A2M/A2 MILK does not match current entity; duplicate fanout cluster preserves matching target rows elsewhere,high,MEDIUM,no,company_memory.sqlite:memory_entries,DATA_MISSING
1136,KEY,risk,Potential overreaction by the market to the recall announcement for A2 MILK,active,0.74,youtube_transcript:asx-daily-rundown-atlassian-lifts-tech-a2-milk-recall-shock-accent-group-all-time-lows:88e960386e503796,youtube_transcript,"ASX Daily Rundown | Atlassian Lifts Tech, A2 Milk Recall Shock & Accent Group All-Time Lows",2026-05-04T08:15:01Z,2026-05-04T08:26:57+00:00,2026-05-04T08:26:57+00:00,fanout_0022,34,candidate_expire_duplicate_fanout,status_expire_candidate,explicit target A2M/A2 MILK does not match current entity; duplicate fanout cluster preserves matching target rows elsewhere,high,MEDIUM,no,company_memory.sqlite:memory_entries,DATA_MISSING
1137,GCM,risk,Potential overreaction by the market to the recall announcement for A2 MILK,active,0.74,youtube_transcript:asx-daily-rundown-atlassian-lifts-tech-a2-milk-recall-shock-accent-group-all-time-lows:88e960386e503796,youtube_transcript,"ASX Daily Rundown | Atlassian Lifts Tech, A2 Milk Recall Shock & Accent Group All-Time Lows",2026-05-04T08:15:01Z,2026-05-04T08:26:58+00:00,2026-05-04T08:26:58+00:00,fanout_0022,34,candidate_expire_duplicate_fanout,status_expire_candidate,explicit target A2M/A2 MILK does not match current entity; duplicate fanout cluster preserves matching target rows elsewhere,high,MEDIUM,no,company_memory.sqlite:memory_entries,DATA_MISSING
1138,MAR,risk,Potential overreaction by the market to the recall announcement for A2 MILK,active,0.74,youtube_transcript:asx-daily-rundown-atlassian-lifts-tech-a2-milk-recall-shock-accent-group-all-time-lows:88e960386e503796,youtube_transcript,"ASX Daily Rundown | Atlassian Lifts Tech, A2 Milk Recall Shock & Accent Group All-Time Lows",2026-05-04T08:15:01Z,2026-05-04T08:26:58+00:00,2026-05-04T08:26:58+00:00,fanout_0022,34,candidate_expire_duplicate_fanout,status_expire_candidate,explicit target A2M/A2 MILK does not match current entity; duplicate fanout cluster preserves matching target rows elsewhere,high,MEDIUM,no,company_memory.sqlite:memory_entries,DATA_MISSING
1139,CLT,risk,Potential overreaction by the market to the recall announcement for A2 MILK,active,0.74,youtube_transcript:asx-daily-rundown-atlassian-lifts-tech-a2-milk-recall-shock-accent-group-all-time-lows:88e960386e503796,youtube_transcript,"ASX Daily Rundown | Atlassian Lifts Tech, A2 Milk Recall Shock & Accent Group All-Time Lows",2026-05-04T08:15:01Z,2026-05-04T08:26:58+00:00,2026-05-04T08:26:58+00:00,fanout_0022,34,candidate_expire_duplicate_fanout,status_expire_candidate,explicit target A2M/A2 MILK does not match current entity; duplicate fanout cluster preserves matching target rows elsewhere,high,MEDIUM,no,company_memory.sqlite:memory_entries,DATA_MISSING
1140,WIN,risk,Potential overreaction by the market to the recall announcement for A2 MILK,active,0.74,youtube_transcript:asx-daily-rundown-atlassian-lifts-tech-a2-milk-recall-shock-accent-group-all-time-lows:88e960386e503796,youtube_transcript,"ASX Daily Rundown | Atlassian Lifts Tech, A2 Milk Recall Shock & Accent Group All-Time Lows",2026-05-04T08:15:01Z,2026-05-04T08:26:58+00:00,2026-05-04T08:26:58+00:00,fanout_0022,34,candidate_expire_duplicate_fanout,status_expire_candidate,explicit target A2M/A2 MILK does not match current entity; duplicate fanout cluster preserves matching target rows elsewhere,high,MEDIUM,no,company_memory.sqlite:memory_entries,DATA_MISSING
1141,SKT,risk,Potential overreaction by the market to the recall announcement for A2 MILK,active,0.74,youtube_transcript:asx-daily-rundown-atlassian-lifts-tech-a2-milk-recall-shock-accent-group-all-time-lows:88e960386e503796,youtube_transcript,"ASX Daily Rundown | Atlassian Lifts Tech, A2 Milk Recall Shock & Accent Group All-Time Lows",2026-05-04T08:15:01Z,2026-05-04T08:26:58+00:00,2026-05-04T08:26:58+00:00,fanout_0022,34,candidate_expire_duplicate_fanout,status_expire_candidate,explicit target A2M/A2 MILK does not match current entity; duplicate fanout cluster preserves matching target rows elsewhere,high,MEDIUM,no,company_memory.sqlite:memory_entries,DATA_MISSING
1142,VCE,risk,Potential overreaction by the market to the recall announcement for A2 MILK,active,0.74,youtube_transcript:asx-daily-rundown-atlassian-lifts-tech-a2-milk-recall-shock-accent-group-all-time-lows:88e960386e503796,youtube_transcript,"ASX Daily Rundown | Atlassian Lifts Tech, A2 Milk Recall Shock & Accent Group All-Time Lows",2026-05-04T08:15:01Z,2026-05-04T08:26:58+00:00,2026-05-04T08:26:58+00:00,fanout_0022,34,candidate_expire_duplicate_fanout,status_expire_candidate,explicit target A2M/A2 MILK does not match current entity; duplicate fanout cluster preserves matching target rows elsewhere,high,MEDIUM,no,company_memory.sqlite:memory_entries,DATA_MISSING
1143,SNW,risk,Potential overreaction by the market to the recall announcement for A2 MILK,active,0.74,youtube_transcript:asx-daily-rundown-atlassian-lifts-tech-a2-milk-recall-shock-accent-group-all-time-lows:88e960386e503796,youtube_transcript,"ASX Daily Rundown | Atlassian Lifts Tech, A2 Milk Recall Shock & Accent Group All-Time Lows",2026-05-04T08:15:01Z,2026-05-04T08:26:58+00:00,2026-05-04T08:26:58+00:00,fanout_0022,34,candidate_expire_duplicate_fanout,status_expire_candidate,explicit target A2M/A2 MILK does not match current entity; duplicate fanout cluster preserves matching target rows elsewhere,high,MEDIUM,no,company_memory.sqlite:memory_entries,DATA_MISSING
1144,LON,risk,Potential overreaction by the market to the recall announcement for A2 MILK,active,0.74,youtube_transcript:asx-daily-rundown-atlassian-lifts-tech-a2-milk-recall-shock-accent-group-all-time-lows:88e960386e503796,youtube_transcript,"ASX Daily Rundown | Atlassian Lifts Tech, A2 Milk Recall Shock & Accent Group All-Time Lows",2026-05-04T08:15:01Z,2026-05-04T08:26:58+00:00,2026-05-04T08:26:58+00:00,fanout_0022,34,candidate_expire_duplicate_fanout,status_expire_candidate,explicit target A2M/A2 MILK does not match current entity; duplicate fanout cluster preserves matching target rows elsewhere,high,MEDIUM,no,company_memory.sqlite:memory_entries,DATA_MISSING
1145,PET,risk,Potential overreaction by the market to the recall announcement for A2 MILK,active,0.74,youtube_transcript:asx-daily-rundown-atlassian-lifts-tech-a2-milk-recall-shock-accent-group-all-time-lows:88e960386e503796,youtube_transcript,"ASX Daily Rundown | Atlassian Lifts Tech, A2 Milk Recall Shock & Accent Group All-Time Lows",2026-05-04T08:15:01Z,2026-05-04T08:26:58+00:00,2026-05-04T08:26:58+00:00,fanout_0022,34,candidate_expire_duplicate_fanout,status_expire_candidate,explicit target A2M/A2 MILK does not match current entity; duplicate fanout cluster preserves matching target rows elsewhere,high,MEDIUM,no,company_memory.sqlite:memory_entries,DATA_MISSING
1146,STK,risk,Potential overreaction by the market to the recall announcement for A2 MILK,active,0.74,youtube_transcript:asx-daily-rundown-atlassian-lifts-tech-a2-milk-recall-shock-accent-group-all-time-lows:88e960386e503796,youtube_transcript,"ASX Daily Rundown | Atlassian Lifts Tech, A2 Milk Recall Shock & Accent Group All-Time Lows",2026-05-04T08:15:01Z,2026-05-04T08:26:59+00:00,2026-05-04T08:26:59+00:00,fanout_0022,34,candidate_expire_duplicate_fanout,status_expire_candidate,explicit target A2M/A2 MILK does not match current entity; duplicate fanout cluster preserves matching target rows elsewhere,high,MEDIUM,no,company_memory.sqlite:memory_entries,DATA_MISSING
1147,INDE,risk,Potential overreaction by the market to the recall announcement for A2 MILK,active,0.74,youtube_transcript:asx-daily-rundown-atlassian-lifts-tech-a2-milk-recall-shock-accent-group-all-time-lows:88e960386e503796,youtube_transcript,"ASX Daily Rundown | Atlassian Lifts Tech, A2 Milk Recall Shock & Accent Group All-Time Lows",2026-05-04T08:15:01Z,2026-05-04T08:26:59+00:00,2026-05-04T08:26:59+00:00,fanout_0022,34,candidate_expire_duplicate_fanout,status_expire_candidate,explicit target A2M/A2 MILK does not match current entity; duplicate fanout cluster preserves matching target rows elsewhere,high,MEDIUM,no,company_memory.sqlite:memory_entries,DATA_MISSING
1148,PETT,risk,Potential overreaction by the market to the recall announcement for A2 MILK,active,0.74,youtube_transcript:asx-daily-rundown-atlassian-lifts-tech-a2-milk-recall-shock-accent-group-all-time-lows:88e960386e503796,youtube_transcript,"ASX Daily Rundown | Atlassian Lifts Tech, A2 Milk Recall Shock & Accent Group All-Time Lows",2026-05-04T08:15:01Z,2026-05-04T08:27:00+00:00,2026-05-04T08:27:00+00:00,fanout_0022,34,candidate_expire_duplicate_fanout,status_expire_candidate,explicit target A2M/A2 MILK does not match current entity; duplicate fanout cluster preserves matching target rows elsewhere,high,MEDIUM,no,company_memory.sqlite:memory_entries,DATA_MISSING
1149,C79,risk,Potential overreaction by the market to the recall announcement for A2 MILK,active,0.74,youtube_transcript:asx-daily-rundown-atlassian-lifts-tech-a2-milk-recall-shock-accent-group-all-time-lows:88e960386e503796,youtube_transcript,"ASX Daily Rundown | Atlassian Lifts Tech, A2 Milk Recall Shock & Accent Group All-Time Lows",2026-05-04T08:15:01Z,2026-05-04T08:27:00+00:00,2026-05-04T08:27:00+00:00,fanout_0022,34,candidate_expire_duplicate_fanout,status_expire_candidate,explicit target A2M/A2 MILK does not match current entity; duplicate fanout cluster preserves matching target rows elsewhere,high,MEDIUM,no,company_memory.sqlite:memory_entries,DATA_MISSING
1151,ACCENT GROUP,risk,Potential overreaction by the market to the recall announcement for A2 MILK,active,0.74,youtube_transcript:asx-daily-rundown-atlassian-lifts-tech-a2-milk-recall-shock-accent-group-all-time-lows:88e960386e503796,youtube_transcript,"ASX Daily Rundown | Atlassian Lifts Tech, A2 Milk Recall Shock & Accent Group All-Time Lows",2026-05-04T08:15:01Z,2026-05-04T08:27:00+00:00,2026-05-04T08:27:00+00:00,fanout_0022,34,candidate_expire_duplicate_fanout,status_expire_candidate,explicit target A2M/A2 MILK does not match current entity; duplicate fanout cluster preserves matching target rows elsewhere,high,MEDIUM,no,company_memory.sqlite:memory_entries,DATA_MISSING
1152,ASX,risk,"ACCENT GROUP's share price approaching 50 cents, which is an all-time low for the company",active,0.79,youtube_transcript:asx-daily-rundown-atlassian-lifts-tech-a2-milk-recall-shock-accent-group-all-time-lows:88e960386e503796,youtube_transcript,"ASX Daily Rundown | Atlassian Lifts Tech, A2 Milk Recall Shock & Accent Group All-Time Lows",2026-05-04T08:15:01Z,2026-05-04T08:27:00+00:00,2026-05-04T08:27:00+00:00,fanout_0019,34,candidate_expire_duplicate_fanout,status_expire_candidate,explicit target ACC/ACCENT GROUP does not match current entity; duplicate fanout cluster preserves matching target rows elsewhere,high,MEDIUM,no,company_memory.sqlite:memory_entries,DATA_MISSING
1153,TXT,risk,"ACCENT GROUP's share price approaching 50 cents, which is an all-time low for the company",active,0.79,youtube_transcript:asx-daily-rundown-atlassian-lifts-tech-a2-milk-recall-shock-accent-group-all-time-lows:88e960386e503796,youtube_transcript,"ASX Daily Rundown | Atlassian Lifts Tech, A2 Milk Recall Shock & Accent Group All-Time Lows",2026-05-04T08:15:01Z,2026-05-04T08:27:00+00:00,2026-05-04T08:27:00+00:00,fanout_0019,34,candidate_expire_duplicate_fanout,status_expire_candidate,explicit target ACC/ACCENT GROUP does not match current entity; duplicate fanout cluster preserves matching target rows elsewhere,high,MEDIUM,no,company_memory.sqlite:memory_entries,DATA_MISSING
1154,XTX,risk,"ACCENT GROUP's share price approaching 50 cents, which is an all-time low for the company",active,0.79,youtube_transcript:asx-daily-rundown-atlassian-lifts-tech-a2-milk-recall-shock-accent-group-all-time-lows:88e960386e503796,youtube_transcript,"ASX Daily Rundown | Atlassian Lifts Tech, A2 Milk Recall Shock & Accent Group All-Time Lows",2026-05-04T08:15:01Z,2026-05-04T08:27:00+00:00,2026-05-04T08:27:00+00:00,fanout_0019,34,candidate_expire_duplicate_fanout,status_expire_candidate,explicit target ACC/ACCENT GROUP does not match current entity; duplicate fanout cluster preserves matching target rows elsewhere,high,MEDIUM,no,company_memory.sqlite:memory_entries,DATA_MISSING
1155,A2M,risk,"ACCENT GROUP's share price approaching 50 cents, which is an all-time low for the company",active,0.79,youtube_transcript:asx-daily-rundown-atlassian-lifts-tech-a2-milk-recall-shock-accent-group-all-time-lows:88e960386e503796,youtube_transcript,"ASX Daily Rundown | Atlassian Lifts Tech, A2 Milk Recall Shock & Accent Group All-Time Lows",2026-05-04T08:15:01Z,2026-05-04T08:27:00+00:00,2026-05-04T08:27:00+00:00,fanout_0019,34,candidate_expire_duplicate_fanout,status_expire_candidate,explicit target ACC/ACCENT GROUP does not match current entity; duplicate fanout cluster preserves matching target rows elsewhere,high,MEDIUM,no,company_memory.sqlite:memory_entries,DATA_MISSING
1156,END,risk,"ACCENT GROUP's share price approaching 50 cents, which is an all-time low for the company",active,0.79,youtube_transcript:asx-daily-rundown-atlassian-lifts-tech-a2-milk-recall-shock-accent-group-all-time-lows:88e960386e503796,youtube_transcript,"ASX Daily Rundown | Atlassian Lifts Tech, A2 Milk Recall Shock & Accent Group All-Time Lows",2026-05-04T08:15:01Z,2026-05-04T08:27:00+00:00,2026-05-04T08:27:00+00:00,fanout_0019,34,candidate_expire_duplicate_fanout,status_expire_candidate,explicit target ACC/ACCENT GROUP does not match current entity; duplicate fanout cluster preserves matching target rows elsewhere,high,MEDIUM,no,company_memory.sqlite:memory_entries,DATA_MISSING
1157,COH,risk,"ACCENT GROUP's share price approaching 50 cents, which is an all-time low for the company",active,0.79,youtube_transcript:asx-daily-rundown-atlassian-lifts-tech-a2-milk-recall-shock-accent-group-all-time-lows:88e960386e503796,youtube_transcript,"ASX Daily Rundown | Atlassian Lifts Tech, A2 Milk Recall Shock & Accent Group All-Time Lows",2026-05-04T08:15:01Z,2026-05-04T08:27:00+00:00,2026-05-04T08:27:00+00:00,fanout_0019,34,candidate_expire_duplicate_fanout,status_expire_candidate,explicit target ACC/ACCENT GROUP does not match current entity; duplicate fanout cluster preserves matching target rows elsewhere,high,MEDIUM,no,company_memory.sqlite:memory_entries,DATA_MISSING
1158,WES,risk,"ACCENT GROUP's share price approaching 50 cents, which is an all-time low for the company",active,0.79,youtube_transcript:asx-daily-rundown-atlassian-lifts-tech-a2-milk-recall-shock-accent-group-all-time-lows:88e960386e503796,youtube_transcript,"ASX Daily Rundown | Atlassian Lifts Tech, A2 Milk Recall Shock & Accent Group All-Time Lows",2026-05-04T08:15:01Z,2026-05-04T08:27:01+00:00,2026-05-04T08:27:01+00:00,fanout_0019,34,candidate_expire_duplicate_fanout,status_expire_candidate,explicit target ACC/ACCENT GROUP does not match current entity; duplicate fanout cluster preserves matching target rows elsewhere,high,MEDIUM,no,company_memory.sqlite:memory_entries,DATA_MISSING
1159,BHP,risk,"ACCENT GROUP's share price approaching 50 cents, which is an all-time low for the company",active,0.79,youtube_transcript:asx-daily-rundown-atlassian-lifts-tech-a2-milk-recall-shock-accent-group-all-time-lows:88e960386e503796,youtube_transcript,"ASX Daily Rundown | Atlassian Lifts Tech, A2 Milk Recall Shock & Accent Group All-Time Lows",2026-05-04T08:15:01Z,2026-05-04T08:27:02+00:00,2026-05-04T08:27:02+00:00,fanout_0019,34,candidate_expire_duplicate_fanout,status_expire_candidate,explicit target ACC/ACCENT GROUP does not match current entity; duplicate fanout cluster preserves matching target rows elsewhere,high,MEDIUM,no,company_memory.sqlite:memory_entries,DATA_MISSING
1160,NAB,risk,"ACCENT GROUP's share price approaching 50 cents, which is an all-time low for the company",active,0.79,youtube_transcript:asx-daily-rundown-atlassian-lifts-tech-a2-milk-recall-shock-accent-group-all-time-lows:88e960386e503796,youtube_transcript,"ASX Daily Rundown | Atlassian Lifts Tech, A2 Milk Recall Shock & Accent Group All-Time Lows",2026-05-04T08:15:01Z,2026-05-04T08:27:02+00:00,2026-05-04T08:27:02+00:00,fanout_0019,34,candidate_expire_duplicate_fanout,status_expire_candidate,explicit target ACC/ACCENT GROUP does not match current entity; duplicate fanout cluster preserves matching target rows elsewhere,high,MEDIUM,no,company_memory.sqlite:memory_entries,DATA_MISSING
1161,WBC,risk,"ACCENT GROUP's share price approaching 50 cents, which is an all-time low for the company",active,0.79,youtube_transcript:asx-daily-rundown-atlassian-lifts-tech-a2-milk-recall-shock-accent-group-all-time-lows:88e960386e503796,youtube_transcript,"ASX Daily Rundown | Atlassian Lifts Tech, A2 Milk Recall Shock & Accent Group All-Time Lows",2026-05-04T08:15:01Z,2026-05-04T08:27:02+00:00,2026-05-04T08:27:02+00:00,fanout_0019,34,candidate_expire_duplicate_fanout,status_expire_candidate,explicit target ACC/ACCENT GROUP does not match current entity; duplicate fanout cluster preserves matching target rows elsewhere,high,MEDIUM,no,company_memory.sqlite:memory_entries,DATA_MISSING
1162,KEY,risk,"ACCENT GROUP's share price approaching 50 cents, which is an all-time low for the company",active,0.79,youtube_transcript:asx-daily-rundown-atlassian-lifts-tech-a2-milk-recall-shock-accent-group-all-time-lows:88e960386e503796,youtube_transcript,"ASX Daily Rundown | Atlassian Lifts Tech, A2 Milk Recall Shock & Accent Group All-Time Lows",2026-05-04T08:15:01Z,2026-05-04T08:27:02+00:00,2026-05-04T08:27:02+00:00,fanout_0019,34,candidate_expire_duplicate_fanout,status_expire_candidate,explicit target ACC/ACCENT GROUP does not match current entity; duplicate fanout cluster preserves matching target rows elsewhere,high,MEDIUM,no,company_memory.sqlite:memory_entries,DATA_MISSING
1163,GCM,risk,"ACCENT GROUP's share price approaching 50 cents, which is an all-time low for the company",active,0.79,youtube_transcript:asx-daily-rundown-atlassian-lifts-tech-a2-milk-recall-shock-accent-group-all-time-lows:88e960386e503796,youtube_transcript,"ASX Daily Rundown | Atlassian Lifts Tech, A2 Milk Recall Shock & Accent Group All-Time Lows",2026-05-04T08:15:01Z,2026-05-04T08:27:02+00:00,2026-05-04T08:27:02+00:00,fanout_0019,34,candidate_expire_duplicate_fanout,status_expire_candidate,explicit target ACC/ACCENT GROUP does not match current entity; duplicate fanout cluster preserves matching target rows elsewhere,high,MEDIUM,no,company_memory.sqlite:memory_entries,DATA_MISSING
1164,MAR,risk,"ACCENT GROUP's share price approaching 50 cents, which is an all-time low for the company",active,0.79,youtube_transcript:asx-daily-rundown-atlassian-lifts-tech-a2-milk-recall-shock-accent-group-all-time-lows:88e960386e503796,youtube_transcript,"ASX Daily Rundown | Atlassian Lifts Tech, A2 Milk Recall Shock & Accent Group All-Time Lows",2026-05-04T08:15:01Z,2026-05-04T08:27:03+00:00,2026-05-04T08:27:03+00:00,fanout_0019,34,candidate_expire_duplicate_fanout,status_expire_candidate,explicit target ACC/ACCENT GROUP does not match current entity; duplicate fanout cluster preserves matching target rows elsewhere,high,MEDIUM,no,company_memory.sqlite:memory_entries,DATA_MISSING
1165,CLT,risk,"ACCENT GROUP's share price approaching 50 cents, which is an all-time low for the company",active,0.79,youtube_transcript:asx-daily-rundown-atlassian-lifts-tech-a2-milk-recall-shock-accent-group-all-time-lows:88e960386e503796,youtube_transcript,"ASX Daily Rundown | Atlassian Lifts Tech, A2 Milk Recall Shock & Accent Group All-Time Lows",2026-05-04T08:15:01Z,2026-05-04T08:27:03+00:00,2026-05-04T08:27:03+00:00,fanout_0019,34,candidate_expire_duplicate_fanout,status_expire_candidate,explicit target ACC/ACCENT GROUP does not match current entity; duplicate fanout cluster preserves matching target rows elsewhere,high,MEDIUM,no,company_memory.sqlite:memory_entries,DATA_MISSING
1166,WIN,risk,"ACCENT GROUP's share price approaching 50 cents, which is an all-time low for the company",active,0.79,youtube_transcript:asx-daily-rundown-atlassian-lifts-tech-a2-milk-recall-shock-accent-group-all-time-lows:88e960386e503796,youtube_transcript,"ASX Daily Rundown | Atlassian Lifts Tech, A2 Milk Recall Shock & Accent Group All-Time Lows",2026-05-04T08:15:01Z,2026-05-04T08:27:04+00:00,2026-05-04T08:27:04+00:00,fanout_0019,34,candidate_expire_duplicate_fanout,status_expire_candidate,explicit target ACC/ACCENT GROUP does not match current entity; duplicate fanout cluster preserves matching target rows elsewhere,high,MEDIUM,no,company_memory.sqlite:memory_entries,DATA_MISSING
1167,SKT,risk,"ACCENT GROUP's share price approaching 50 cents, which is an all-time low for the company",active,0.79,youtube_transcript:asx-daily-rundown-atlassian-lifts-tech-a2-milk-recall-shock-accent-group-all-time-lows:88e960386e503796,youtube_transcript,"ASX Daily Rundown | Atlassian Lifts Tech, A2 Milk Recall Shock & Accent Group All-Time Lows",2026-05-04T08:15:01Z,2026-05-04T08:27:04+00:00,2026-05-04T08:27:04+00:00,fanout_0019,34,candidate_expire_duplicate_fanout,status_expire_candidate,explicit target ACC/ACCENT GROUP does not match current entity; duplicate fanout cluster preserves matching target rows elsewhere,high,MEDIUM,no,company_memory.sqlite:memory_entries,DATA_MISSING
1168,VCE,risk,"ACCENT GROUP's share price approaching 50 cents, which is an all-time low for the company",active,0.79,youtube_transcript:asx-daily-rundown-atlassian-lifts-tech-a2-milk-recall-shock-accent-group-all-time-lows:88e960386e503796,youtube_transcript,"ASX Daily Rundown | Atlassian Lifts Tech, A2 Milk Recall Shock & Accent Group All-Time Lows",2026-05-04T08:15:01Z,2026-05-04T08:27:04+00:00,2026-05-04T08:27:04+00:00,fanout_0019,34,candidate_expire_duplicate_fanout,status_expire_candidate,explicit target ACC/ACCENT GROUP does not match current entity; duplicate fanout cluster preserves matching target rows elsewhere,high,MEDIUM,no,company_memory.sqlite:memory_entries,DATA_MISSING
1169,SNW,risk,"ACCENT GROUP's share price approaching 50 cents, which is an all-time low for the company",active,0.79,youtube_transcript:asx-daily-rundown-atlassian-lifts-tech-a2-milk-recall-shock-accent-group-all-time-lows:88e960386e503796,youtube_transcript,"ASX Daily Rundown | Atlassian Lifts Tech, A2 Milk Recall Shock & Accent Group All-Time Lows",2026-05-04T08:15:01Z,2026-05-04T08:27:04+00:00,2026-05-04T08:27:04+00:00,fanout_0019,34,candidate_expire_duplicate_fanout,status_expire_candidate,explicit target ACC/ACCENT GROUP does not match current entity; duplicate fanout cluster preserves matching target rows elsewhere,high,MEDIUM,no,company_memory.sqlite:memory_entries,DATA_MISSING
1170,LON,risk,"ACCENT GROUP's share price approaching 50 cents, which is an all-time low for the company",active,0.79,youtube_transcript:asx-daily-rundown-atlassian-lifts-tech-a2-milk-recall-shock-accent-group-all-time-lows:88e960386e503796,youtube_transcript,"ASX Daily Rundown | Atlassian Lifts Tech, A2 Milk Recall Shock & Accent Group All-Time Lows",2026-05-04T08:15:01Z,2026-05-04T08:27:04+00:00,2026-05-04T08:27:04+00:00,fanout_0019,34,candidate_expire_duplicate_fanout,status_expire_candidate,explicit target ACC/ACCENT GROUP does not match current entity; duplicate fanout cluster preserves matching target rows elsewhere,high,MEDIUM,no,company_memory.sqlite:memory_entries,DATA_MISSING
1171,PET,risk,"ACCENT GROUP's share price approaching 50 cents, which is an all-time low for the company",active,0.79,youtube_transcript:asx-daily-rundown-atlassian-lifts-tech-a2-milk-recall-shock-accent-group-all-time-lows:88e960386e503796,youtube_transcript,"ASX Daily Rundown | Atlassian Lifts Tech, A2 Milk Recall Shock & Accent Group All-Time Lows",2026-05-04T08:15:01Z,2026-05-04T08:27:04+00:00,2026-05-04T08:27:04+00:00,fanout_0019,34,candidate_expire_duplicate_fanout,status_expire_candidate,explicit target ACC/ACCENT GROUP does not match current entity; duplicate fanout cluster preserves matching target rows elsewhere,high,MEDIUM,no,company_memory.sqlite:memory_entries,DATA_MISSING
1172,STK,risk,"ACCENT GROUP's share price approaching 50 cents, which is an all-time low for the company",active,0.79,youtube_transcript:asx-daily-rundown-atlassian-lifts-tech-a2-milk-recall-shock-accent-group-all-time-lows:88e960386e503796,youtube_transcript,"ASX Daily Rundown | Atlassian Lifts Tech, A2 Milk Recall Shock & Accent Group All-Time Lows",2026-05-04T08:15:01Z,2026-05-04T08:27:05+00:00,2026-05-04T08:27:05+00:00,fanout_0019,34,candidate_expire_duplicate_fanout,status_expire_candidate,explicit target ACC/ACCENT GROUP does not match current entity; duplicate fanout cluster preserves matching target rows elsewhere,high,MEDIUM,no,company_memory.sqlite:memory_entries,DATA_MISSING
1173,INDE,risk,"ACCENT GROUP's share price approaching 50 cents, which is an all-time low for the company",active,0.79,youtube_transcript:asx-daily-rundown-atlassian-lifts-tech-a2-milk-recall-shock-accent-group-all-time-lows:88e960386e503796,youtube_transcript,"ASX Daily Rundown | Atlassian Lifts Tech, A2 Milk Recall Shock & Accent Group All-Time Lows",2026-05-04T08:15:01Z,2026-05-04T08:27:05+00:00,2026-05-04T08:27:05+00:00,fanout_0019,34,candidate_expire_duplicate_fanout,status_expire_candidate,explicit target ACC/ACCENT GROUP does not match current entity; duplicate fanout cluster preserves matching target rows elsewhere,high,MEDIUM,no,company_memory.sqlite:memory_entries,DATA_MISSING
1174,PETT,risk,"ACCENT GROUP's share price approaching 50 cents, which is an all-time low for the company",active,0.79,youtube_transcript:asx-daily-rundown-atlassian-lifts-tech-a2-milk-recall-shock-accent-group-all-time-lows:88e960386e503796,youtube_transcript,"ASX Daily Rundown | Atlassian Lifts Tech, A2 Milk Recall Shock & Accent Group All-Time Lows",2026-05-04T08:15:01Z,2026-05-04T08:27:05+00:00,2026-05-04T08:27:05+00:00,fanout_0019,34,candidate_expire_duplicate_fanout,status_expire_candidate,explicit target ACC/ACCENT GROUP does not match current entity; duplicate fanout cluster preserves matching target rows elsewhere,high,MEDIUM,no,company_memory.sqlite:memory_entries,DATA_MISSING
1175,C79,risk,"ACCENT GROUP's share price approaching 50 cents, which is an all-time low for the company",active,0.79,youtube_transcript:asx-daily-rundown-atlassian-lifts-tech-a2-milk-recall-shock-accent-group-all-time-lows:88e960386e503796,youtube_transcript,"ASX Daily Rundown | Atlassian Lifts Tech, A2 Milk Recall Shock & Accent Group All-Time Lows",2026-05-04T08:15:01Z,2026-05-04T08:27:05+00:00,2026-05-04T08:27:05+00:00,fanout_0019,34,candidate_expire_duplicate_fanout,status_expire_candidate,explicit target ACC/ACCENT GROUP does not match current entity; duplicate fanout cluster preserves matching target rows elsewhere,high,MEDIUM,no,company_memory.sqlite:memory_entries,DATA_MISSING
1176,A2 MILK,risk,"ACCENT GROUP's share price approaching 50 cents, which is an all-time low for the company",active,0.79,youtube_transcript:asx-daily-rundown-atlassian-lifts-tech-a2-milk-recall-shock-accent-group-all-time-lows:88e960386e503796,youtube_transcript,"ASX Daily Rundown | Atlassian Lifts Tech, A2 Milk Recall Shock & Accent Group All-Time Lows",2026-05-04T08:15:01Z,2026-05-04T08:27:06+00:00,2026-05-04T08:27:06+00:00,fanout_0019,34,candidate_expire_duplicate_fanout,status_expire_candidate,explicit target ACC/ACCENT GROUP does not match current entity; duplicate fanout cluster preserves matching target rows elsewhere,high,MEDIUM,no,company_memory.sqlite:memory_entries,DATA_MISSING
1264,COH,observed_fact,AROVELLA undergoes major board changes and strategic review,active,0.83,news:art_e4faef3c4644fe5bb3b66e32,newspaper4k,DATA_MISSING,2026-05-04T16:07:24Z,2026-05-04T16:12:05+00:00,2026-05-04T16:12:05+00:00,fanout_0045,8,candidate_expire_duplicate_fanout,status_expire_candidate,explicit target AROVELLA does not match current entity; duplicate fanout cluster preserves matching target rows elsewhere,high,MEDIUM,no,company_memory.sqlite:memory_entries,DATA_MISSING
1265,EZZ,observed_fact,AROVELLA undergoes major board changes and strategic review,active,0.83,news:art_e4faef3c4644fe5bb3b66e32,newspaper4k,DATA_MISSING,2026-05-04T16:07:24Z,2026-05-04T16:12:05+00:00,2026-05-04T16:12:05+00:00,fanout_0045,8,candidate_expire_duplicate_fanout,status_expire_candidate,explicit target AROVELLA does not match current entity; duplicate fanout cluster preserves matching target rows elsewhere,high,MEDIUM,no,company_memory.sqlite:memory_entries,DATA_MISSING
1267,4DMEDICAL,observed_fact,AROVELLA undergoes major board changes and strategic review,active,0.83,news:art_e4faef3c4644fe5bb3b66e32,newspaper4k,DATA_MISSING,2026-05-04T16:07:24Z,2026-05-04T16:12:05+00:00,2026-05-04T16:12:05+00:00,fanout_0045,8,candidate_expire_duplicate_fanout,status_expire_candidate,explicit target AROVELLA does not match current entity; duplicate fanout cluster preserves matching target rows elsewhere,high,MEDIUM,no,company_memory.sqlite:memory_entries,DATA_MISSING
1268,LTR PHARMA,observed_fact,AROVELLA undergoes major board changes and strategic review,active,0.83,news:art_e4faef3c4644fe5bb3b66e32,newspaper4k,DATA_MISSING,2026-05-04T16:07:24Z,2026-05-04T16:12:05+00:00,2026-05-04T16:12:05+00:00,fanout_0045,8,candidate_expire_duplicate_fanout,status_expire_candidate,explicit target AROVELLA does not match current entity; duplicate fanout cluster preserves matching target rows elsewhere,high,MEDIUM,no,company_memory.sqlite:memory_entries,DATA_MISSING
1269,CSL,observed_fact,AROVELLA undergoes major board changes and strategic review,active,0.83,news:art_e4faef3c4644fe5bb3b66e32,newspaper4k,DATA_MISSING,2026-05-04T16:07:24Z,2026-05-04T16:12:05+00:00,2026-05-04T16:12:05+00:00,fanout_0045,8,candidate_expire_duplicate_fanout,status_expire_candidate,explicit target AROVELLA does not match current entity; duplicate fanout cluster preserves matching target rows elsewhere,high,MEDIUM,no,company_memory.sqlite:memory_entries,DATA_MISSING
1270,RESMED,observed_fact,AROVELLA undergoes major board changes and strategic review,active,0.83,news:art_e4faef3c4644fe5bb3b66e32,newspaper4k,DATA_MISSING,2026-05-04T16:07:24Z,2026-05-04T16:12:06+00:00,2026-05-04T16:12:06+00:00,fanout_0045,8,candidate_expire_duplicate_fanout,status_expire_candidate,explicit target AROVELLA does not match current entity; duplicate fanout cluster preserves matching target rows elsewhere,high,MEDIUM,no,company_memory.sqlite:memory_entries,DATA_MISSING
1271,PARADIGM BIOPHARMACEUTICALS,observed_fact,AROVELLA undergoes major board changes and strategic review,active,0.83,news:art_e4faef3c4644fe5bb3b66e32,newspaper4k,DATA_MISSING,2026-05-04T16:07:24Z,2026-05-04T16:12:06+00:00,2026-05-04T16:12:06+00:00,fanout_0045,8,candidate_expire_duplicate_fanout,status_expire_candidate,explicit target AROVELLA does not match current entity; duplicate fanout cluster preserves matching target rows elsewhere,high,MEDIUM,no,company_memory.sqlite:memory_entries,DATA_MISSING
1272,COH,observed_fact,EZZ enters the wellness market with its MeTime range,active,0.83,news:art_e4faef3c4644fe5bb3b66e32,newspaper4k,DATA_MISSING,2026-05-04T16:07:24Z,2026-05-04T16:12:06+00:00,2026-05-04T16:12:06+00:00,fanout_0049,8,candidate_expire_duplicate_fanout,status_expire_candidate,explicit target EZZ does not match current entity; duplicate fanout cluster preserves matching target rows elsewhere,high,MEDIUM,no,company_memory.sqlite:memory_entries,DATA_MISSING
1274,AROVELLA,observed_fact,EZZ enters the wellness market with its MeTime range,active,0.83,news:art_e4faef3c4644fe5bb3b66e32,newspaper4k,DATA_MISSING,2026-05-04T16:07:24Z,2026-05-04T16:12:06+00:00,2026-05-04T16:12:06+00:00,fanout_0049,8,candidate_expire_duplicate_fanout,status_expire_candidate,explicit target EZZ does not match current entity; duplicate fanout cluster preserves matching target rows elsewhere,high,MEDIUM,no,company_memory.sqlite:memory_entries,DATA_MISSING
1275,4DMEDICAL,observed_fact,EZZ enters the wellness market with its MeTime range,active,0.83,news:art_e4faef3c4644fe5bb3b66e32,newspaper4k,DATA_MISSING,2026-05-04T16:07:24Z,2026-05-04T16:12:06+00:00,2026-05-04T16:12:06+00:00,fanout_0049,8,candidate_expire_duplicate_fanout,status_expire_candidate,explicit target EZZ does not match current entity; duplicate fanout cluster preserves matching target rows elsewhere,high,MEDIUM,no,company_memory.sqlite:memory_entries,DATA_MISSING
1276,LTR PHARMA,observed_fact,EZZ enters the wellness market with its MeTime range,active,0.83,news:art_e4faef3c4644fe5bb3b66e32,newspaper4k,DATA_MISSING,2026-05-04T16:07:24Z,2026-05-04T16:12:07+00:00,2026-05-04T16:12:07+00:00,fanout_0049,8,candidate_expire_duplicate_fanout,status_expire_candidate,explicit target EZZ does not match current entity; duplicate fanout cluster preserves matching target rows elsewhere,high,MEDIUM,no,company_memory.sqlite:memory_entries,DATA_MISSING
1277,CSL,observed_fact,EZZ enters the wellness market with its MeTime range,active,0.83,news:art_e4faef3c4644fe5bb3b66e32,newspaper4k,DATA_MISSING,2026-05-04T16:07:24Z,2026-05-04T16:12:07+00:00,2026-05-04T16:12:07+00:00,fanout_0049,8,candidate_expire_duplicate_fanout,status_expire_candidate,explicit target EZZ does not match current entity; duplicate fanout cluster preserves matching target rows elsewhere,high,MEDIUM,no,company_memory.sqlite:memory_entries,DATA_MISSING
1278,RESMED,observed_fact,EZZ enters the wellness market with its MeTime range,active,0.83,news:art_e4faef3c4644fe5bb3b66e32,newspaper4k,DATA_MISSING,2026-05-04T16:07:24Z,2026-05-04T16:12:07+00:00,2026-05-04T16:12:07+00:00,fanout_0049,8,candidate_expire_duplicate_fanout,status_expire_candidate,explicit target EZZ does not match current entity; duplicate fanout cluster preserves matching target rows elsewhere,high,MEDIUM,no,company_memory.sqlite:memory_entries,DATA_MISSING
1279,PARADIGM BIOPHARMACEUTICALS,observed_fact,EZZ enters the wellness market with its MeTime range,active,0.83,news:art_e4faef3c4644fe5bb3b66e32,newspaper4k,DATA_MISSING,2026-05-04T16:07:24Z,2026-05-04T16:12:07+00:00,2026-05-04T16:12:07+00:00,fanout_0049,8,candidate_expire_duplicate_fanout,status_expire_candidate,explicit target EZZ does not match current entity; duplicate fanout cluster preserves matching target rows elsewhere,high,MEDIUM,no,company_memory.sqlite:memory_entries,DATA_MISSING
1280,COH,operating_context,4DMEDICAL collaborates with GSK on respiratory research,active,0.78,news:art_e4faef3c4644fe5bb3b66e32,newspaper4k,DATA_MISSING,2026-05-04T16:07:24Z,2026-05-04T16:12:07+00:00,2026-05-04T16:12:07+00:00,fanout_0044,8,candidate_expire_duplicate_fanout,status_expire_candidate,explicit target 4DMEDICAL does not match current entity; duplicate fanout cluster preserves matching target rows elsewhere,high,MEDIUM,no,company_memory.sqlite:memory_entries,DATA_MISSING
1281,EZZ,operating_context,4DMEDICAL collaborates with GSK on respiratory research,active,0.78,news:art_e4faef3c4644fe5bb3b66e32,newspaper4k,DATA_MISSING,2026-05-04T16:07:24Z,2026-05-04T16:12:08+00:00,2026-05-04T16:12:08+00:00,fanout_0044,8,candidate_expire_duplicate_fanout,status_expire_candidate,explicit target 4DMEDICAL does not match current entity; duplicate fanout cluster preserves matching target rows elsewhere,high,MEDIUM,no,company_memory.sqlite:memory_entries,DATA_MISSING
1282,AROVELLA,operating_context,4DMEDICAL collaborates with GSK on respiratory research,active,0.78,news:art_e4faef3c4644fe5bb3b66e32,newspaper4k,DATA_MISSING,2026-05-04T16:07:24Z,2026-05-04T16:12:08+00:00,2026-05-04T16:12:08+00:00,fanout_0044,8,candidate_expire_duplicate_fanout,status_expire_candidate,explicit target 4DMEDICAL does not match current entity; duplicate fanout cluster preserves matching target rows elsewhere,high,MEDIUM,no,company_memory.sqlite:memory_entries,DATA_MISSING
1284,LTR PHARMA,operating_context,4DMEDICAL collaborates with GSK on respiratory research,active,0.78,news:art_e4faef3c4644fe5bb3b66e32,newspaper4k,DATA_MISSING,2026-05-04T16:07:24Z,2026-05-04T16:12:08+00:00,2026-05-04T16:12:08+00:00,fanout_0044,8,candidate_expire_duplicate_fanout,status_expire_candidate,explicit target 4DMEDICAL does not match current entity; duplicate fanout cluster preserves matching target rows elsewhere,high,MEDIUM,no,company_memory.sqlite:memory_entries,DATA_MISSING
1285,CSL,operating_context,4DMEDICAL collaborates with GSK on respiratory research,active,0.78,news:art_e4faef3c4644fe5bb3b66e32,newspaper4k,DATA_MISSING,2026-05-04T16:07:24Z,2026-05-04T16:12:09+00:00,2026-05-04T16:12:09+00:00,fanout_0044,8,candidate_expire_duplicate_fanout,status_expire_candidate,explicit target 4DMEDICAL does not match current entity; duplicate fanout cluster preserves matching target rows elsewhere,high,MEDIUM,no,company_memory.sqlite:memory_entries,DATA_MISSING
1286,RESMED,operating_context,4DMEDICAL collaborates with GSK on respiratory research,active,0.78,news:art_e4faef3c4644fe5bb3b66e32,newspaper4k,DATA_MISSING,2026-05-04T16:07:24Z,2026-05-04T16:12:09+00:00,2026-05-04T16:12:09+00:00,fanout_0044,8,candidate_expire_duplicate_fanout,status_expire_candidate,explicit target 4DMEDICAL does not match current entity; duplicate fanout cluster preserves matching target rows elsewhere,high,MEDIUM,no,company_memory.sqlite:memory_entries,DATA_MISSING
1287,PARADIGM BIOPHARMACEUTICALS,operating_context,4DMEDICAL collaborates with GSK on respiratory research,active,0.78,news:art_e4faef3c4644fe5bb3b66e32,newspaper4k,DATA_MISSING,2026-05-04T16:07:24Z,2026-05-04T16:12:09+00:00,2026-05-04T16:12:09+00:00,fanout_0044,8,candidate_expire_duplicate_fanout,status_expire_candidate,explicit target 4DMEDICAL does not match current entity; duplicate fanout cluster preserves matching target rows elsewhere,high,MEDIUM,no,company_memory.sqlite:memory_entries,DATA_MISSING
1288,COH,strategic_initiative,LTR PHARMA advances with clinical progress and US expansion,active,0.81,news:art_e4faef3c4644fe5bb3b66e32,newspaper4k,DATA_MISSING,2026-05-04T16:07:24Z,2026-05-04T16:12:09+00:00,2026-05-04T16:12:09+00:00,fanout_0050,8,candidate_expire_duplicate_fanout,status_expire_candidate,explicit target LTR PHARMA does not match current entity; duplicate fanout cluster preserves matching target rows elsewhere,high,MEDIUM,no,company_memory.sqlite:memory_entries,DATA_MISSING
1289,EZZ,strategic_initiative,LTR PHARMA advances with clinical progress and US expansion,active,0.81,news:art_e4faef3c4644fe5bb3b66e32,newspaper4k,DATA_MISSING,2026-05-04T16:07:24Z,2026-05-04T16:12:10+00:00,2026-05-04T16:12:10+00:00,fanout_0050,8,candidate_expire_duplicate_fanout,status_expire_candidate,explicit target LTR PHARMA does not match current entity; duplicate fanout cluster preserves matching target rows elsewhere,high,MEDIUM,no,company_memory.sqlite:memory_entries,DATA_MISSING
1290,AROVELLA,strategic_initiative,LTR PHARMA advances with clinical progress and US expansion,active,0.81,news:art_e4faef3c4644fe5bb3b66e32,newspaper4k,DATA_MISSING,2026-05-04T16:07:24Z,2026-05-04T16:12:10+00:00,2026-05-04T16:12:10+00:00,fanout_0050,8,candidate_expire_duplicate_fanout,status_expire_candidate,explicit target LTR PHARMA does not match current entity; duplicate fanout cluster preserves matching target rows elsewhere,high,MEDIUM,no,company_memory.sqlite:memory_entries,DATA_MISSING
1291,4DMEDICAL,strategic_initiative,LTR PHARMA advances with clinical progress and US expansion,active,0.81,news:art_e4faef3c4644fe5bb3b66e32,newspaper4k,DATA_MISSING,2026-05-04T16:07:24Z,2026-05-04T16:12:10+00:00,2026-05-04T16:12:10+00:00,fanout_0050,8,candidate_expire_duplicate_fanout,status_expire_candidate,explicit target LTR PHARMA does not match current entity; duplicate fanout cluster preserves matching target rows elsewhere,high,MEDIUM,no,company_memory.sqlite:memory_entries,DATA_MISSING
1293,CSL,strategic_initiative,LTR PHARMA advances with clinical progress and US expansion,active,0.81,news:art_e4faef3c4644fe5bb3b66e32,newspaper4k,DATA_MISSING,2026-05-04T16:07:24Z,2026-05-04T16:12:11+00:00,2026-05-04T16:12:11+00:00,fanout_0050,8,candidate_expire_duplicate_fanout,status_expire_candidate,explicit target LTR PHARMA does not match current entity; duplicate fanout cluster preserves matching target rows elsewhere,high,MEDIUM,no,company_memory.sqlite:memory_entries,DATA_MISSING
1294,RESMED,strategic_initiative,LTR PHARMA advances with clinical progress and US expansion,active,0.81,news:art_e4faef3c4644fe5bb3b66e32,newspaper4k,DATA_MISSING,2026-05-04T16:07:24Z,2026-05-04T16:12:11+00:00,2026-05-04T16:12:11+00:00,fanout_0050,8,candidate_expire_duplicate_fanout,status_expire_candidate,explicit target LTR PHARMA does not match current entity; duplicate fanout cluster preserves matching target rows elsewhere,high,MEDIUM,no,company_memory.sqlite:memory_entries,DATA_MISSING
1295,PARADIGM BIOPHARMACEUTICALS,strategic_initiative,LTR PHARMA advances with clinical progress and US expansion,active,0.81,news:art_e4faef3c4644fe5bb3b66e32,newspaper4k,DATA_MISSING,2026-05-04T16:07:24Z,2026-05-04T16:12:11+00:00,2026-05-04T16:12:11+00:00,fanout_0050,8,candidate_expire_duplicate_fanout,status_expire_candidate,explicit target LTR PHARMA does not match current entity; duplicate fanout cluster preserves matching target rows elsewhere,high,MEDIUM,no,company_memory.sqlite:memory_entries,DATA_MISSING
1296,COH,observed_fact,CSL faces renewed scrutiny over valuation gaps and growth expectations,active,0.85,news:art_e4faef3c4644fe5bb3b66e32,newspaper4k,DATA_MISSING,2026-05-04T16:07:24Z,2026-05-04T16:12:11+00:00,2026-05-04T16:12:11+00:00,fanout_0047,8,candidate_expire_duplicate_fanout,status_expire_candidate,explicit target CSL does not match current entity; duplicate fanout cluster preserves matching target rows elsewhere,high,MEDIUM,no,company_memory.sqlite:memory_entries,DATA_MISSING
1297,EZZ,observed_fact,CSL faces renewed scrutiny over valuation gaps and growth expectations,active,0.85,news:art_e4faef3c4644fe5bb3b66e32,newspaper4k,DATA_MISSING,2026-05-04T16:07:24Z,2026-05-04T16:12:11+00:00,2026-05-04T16:12:11+00:00,fanout_0047,8,candidate_expire_duplicate_fanout,status_expire_candidate,explicit target CSL does not match current entity; duplicate fanout cluster preserves matching target rows elsewhere,high,MEDIUM,no,company_memory.sqlite:memory_entries,DATA_MISSING
1298,AROVELLA,observed_fact,CSL faces renewed scrutiny over valuation gaps and growth expectations,active,0.85,news:art_e4faef3c4644fe5bb3b66e32,newspaper4k,DATA_MISSING,2026-05-04T16:07:24Z,2026-05-04T16:12:11+00:00,2026-05-04T16:12:11+00:00,fanout_0047,8,candidate_expire_duplicate_fanout,status_expire_candidate,explicit target CSL does not match current entity; duplicate fanout cluster preserves matching target rows elsewhere,high,MEDIUM,no,company_memory.sqlite:memory_entries,DATA_MISSING
1299,4DMEDICAL,observed_fact,CSL faces renewed scrutiny over valuation gaps and growth expectations,active,0.85,news:art_e4faef3c4644fe5bb3b66e32,newspaper4k,DATA_MISSING,2026-05-04T16:07:24Z,2026-05-04T16:12:11+00:00,2026-05-04T16:12:11+00:00,fanout_0047,8,candidate_expire_duplicate_fanout,status_expire_candidate,explicit target CSL does not match current entity; duplicate fanout cluster preserves matching target rows elsewhere,high,MEDIUM,no,company_memory.sqlite:memory_entries,DATA_MISSING
1300,LTR PHARMA,observed_fact,CSL faces renewed scrutiny over valuation gaps and growth expectations,active,0.85,news:art_e4faef3c4644fe5bb3b66e32,newspaper4k,DATA_MISSING,2026-05-04T16:07:24Z,2026-05-04T16:12:11+00:00,2026-05-04T16:12:11+00:00,fanout_0047,8,candidate_expire_duplicate_fanout,status_expire_candidate,explicit target CSL does not match current entity; duplicate fanout cluster preserves matching target rows elsewhere,high,MEDIUM,no,company_memory.sqlite:memory_entries,DATA_MISSING
1302,RESMED,observed_fact,CSL faces renewed scrutiny over valuation gaps and growth expectations,active,0.85,news:art_e4faef3c4644fe5bb3b66e32,newspaper4k,DATA_MISSING,2026-05-04T16:07:24Z,2026-05-04T16:12:12+00:00,2026-05-04T16:12:12+00:00,fanout_0047,8,candidate_expire_duplicate_fanout,status_expire_candidate,explicit target CSL does not match current entity; duplicate fanout cluster preserves matching target rows elsewhere,high,MEDIUM,no,company_memory.sqlite:memory_entries,DATA_MISSING
1303,PARADIGM BIOPHARMACEUTICALS,observed_fact,CSL faces renewed scrutiny over valuation gaps and growth expectations,active,0.85,news:art_e4faef3c4644fe5bb3b66e32,newspaper4k,DATA_MISSING,2026-05-04T16:07:24Z,2026-05-04T16:12:12+00:00,2026-05-04T16:12:12+00:00,fanout_0047,8,candidate_expire_duplicate_fanout,status_expire_candidate,explicit target CSL does not match current entity; duplicate fanout cluster preserves matching target rows elsewhere,high,MEDIUM,no,company_memory.sqlite:memory_entries,DATA_MISSING
1304,COH,observed_fact,RESMED delivers strong quarterly growth,active,0.77,news:art_e4faef3c4644fe5bb3b66e32,newspaper4k,DATA_MISSING,2026-05-04T16:07:24Z,2026-05-04T16:12:12+00:00,2026-05-04T16:12:12+00:00,fanout_0052,8,candidate_expire_duplicate_fanout,status_expire_candidate,explicit target RESMED does not match current entity; duplicate fanout cluster preserves matching target rows elsewhere,high,MEDIUM,no,company_memory.sqlite:memory_entries,DATA_MISSING
1305,EZZ,observed_fact,RESMED delivers strong quarterly growth,active,0.77,news:art_e4faef3c4644fe5bb3b66e32,newspaper4k,DATA_MISSING,2026-05-04T16:07:24Z,2026-05-04T16:12:12+00:00,2026-05-04T16:12:12+00:00,fanout_0052,8,candidate_expire_duplicate_fanout,status_expire_candidate,explicit target RESMED does not match current entity; duplicate fanout cluster preserves matching target rows elsewhere,high,MEDIUM,no,company_memory.sqlite:memory_entries,DATA_MISSING
1306,AROVELLA,observed_fact,RESMED delivers strong quarterly growth,active,0.77,news:art_e4faef3c4644fe5bb3b66e32,newspaper4k,DATA_MISSING,2026-05-04T16:07:24Z,2026-05-04T16:12:12+00:00,2026-05-04T16:12:12+00:00,fanout_0052,8,candidate_expire_duplicate_fanout,status_expire_candidate,explicit target RESMED does not match current entity; duplicate fanout cluster preserves matching target rows elsewhere,high,MEDIUM,no,company_memory.sqlite:memory_entries,DATA_MISSING
1307,4DMEDICAL,observed_fact,RESMED delivers strong quarterly growth,active,0.77,news:art_e4faef3c4644fe5bb3b66e32,newspaper4k,DATA_MISSING,2026-05-04T16:07:24Z,2026-05-04T16:12:12+00:00,2026-05-04T16:12:12+00:00,fanout_0052,8,candidate_expire_duplicate_fanout,status_expire_candidate,explicit target RESMED does not match current entity; duplicate fanout cluster preserves matching target rows elsewhere,high,MEDIUM,no,company_memory.sqlite:memory_entries,DATA_MISSING
1308,LTR PHARMA,observed_fact,RESMED delivers strong quarterly growth,active,0.77,news:art_e4faef3c4644fe5bb3b66e32,newspaper4k,DATA_MISSING,2026-05-04T16:07:24Z,2026-05-04T16:12:12+00:00,2026-05-04T16:12:12+00:00,fanout_0052,8,candidate_expire_duplicate_fanout,status_expire_candidate,explicit target RESMED does not match current entity; duplicate fanout cluster preserves matching target rows elsewhere,high,MEDIUM,no,company_memory.sqlite:memory_entries,DATA_MISSING
1309,CSL,observed_fact,RESMED delivers strong quarterly growth,active,0.77,news:art_e4faef3c4644fe5bb3b66e32,newspaper4k,DATA_MISSING,2026-05-04T16:07:24Z,2026-05-04T16:12:13+00:00,2026-05-04T16:12:13+00:00,fanout_0052,8,candidate_expire_duplicate_fanout,status_expire_candidate,explicit target RESMED does not match current entity; duplicate fanout cluster preserves matching target rows elsewhere,high,MEDIUM,no,company_memory.sqlite:memory_entries,DATA_MISSING
1311,PARADIGM BIOPHARMACEUTICALS,observed_fact,RESMED delivers strong quarterly growth,active,0.77,news:art_e4faef3c4644fe5bb3b66e32,newspaper4k,DATA_MISSING,2026-05-04T16:07:24Z,2026-05-04T16:12:13+00:00,2026-05-04T16:12:13+00:00,fanout_0052,8,candidate_expire_duplicate_fanout,status_expire_candidate,explicit target RESMED does not match current entity; duplicate fanout cluster preserves matching target rows elsewhere,high,MEDIUM,no,company_memory.sqlite:memory_entries,DATA_MISSING
1312,COH,observed_fact,PARADIGM BIOPHARMACEUTICALS expands share base for growth,active,0.85,news:art_e4faef3c4644fe5bb3b66e32,newspaper4k,DATA_MISSING,2026-05-04T16:07:24Z,2026-05-04T16:12:13+00:00,2026-05-04T16:12:13+00:00,fanout_0051,8,candidate_expire_duplicate_fanout,status_expire_candidate,explicit target PARADIGM BIOPHARMACEUTICALS does not match current entity; duplicate fanout cluster preserves matching target rows elsewhere,high,MEDIUM,no,company_memory.sqlite:memory_entries,DATA_MISSING
1313,EZZ,observed_fact,PARADIGM BIOPHARMACEUTICALS expands share base for growth,active,0.85,news:art_e4faef3c4644fe5bb3b66e32,newspaper4k,DATA_MISSING,2026-05-04T16:07:24Z,2026-05-04T16:12:13+00:00,2026-05-04T16:12:13+00:00,fanout_0051,8,candidate_expire_duplicate_fanout,status_expire_candidate,explicit target PARADIGM BIOPHARMACEUTICALS does not match current entity; duplicate fanout cluster preserves matching target rows elsewhere,high,MEDIUM,no,company_memory.sqlite:memory_entries,DATA_MISSING
1314,AROVELLA,observed_fact,PARADIGM BIOPHARMACEUTICALS expands share base for growth,active,0.85,news:art_e4faef3c4644fe5bb3b66e32,newspaper4k,DATA_MISSING,2026-05-04T16:07:24Z,2026-05-04T16:12:14+00:00,2026-05-04T16:12:14+00:00,fanout_0051,8,candidate_expire_duplicate_fanout,status_expire_candidate,explicit target PARADIGM BIOPHARMACEUTICALS does not match current entity; duplicate fanout cluster preserves matching target rows elsewhere,high,MEDIUM,no,company_memory.sqlite:memory_entries,DATA_MISSING
1315,4DMEDICAL,observed_fact,PARADIGM BIOPHARMACEUTICALS expands share base for growth,active,0.85,news:art_e4faef3c4644fe5bb3b66e32,newspaper4k,DATA_MISSING,2026-05-04T16:07:24Z,2026-05-04T16:12:14+00:00,2026-05-04T16:12:14+00:00,fanout_0051,8,candidate_expire_duplicate_fanout,status_expire_candidate,explicit target PARADIGM BIOPHARMACEUTICALS does not match current entity; duplicate fanout cluster preserves matching target rows elsewhere,high,MEDIUM,no,company_memory.sqlite:memory_entries,DATA_MISSING
1316,LTR PHARMA,observed_fact,PARADIGM BIOPHARMACEUTICALS expands share base for growth,active,0.85,news:art_e4faef3c4644fe5bb3b66e32,newspaper4k,DATA_MISSING,2026-05-04T16:07:24Z,2026-05-04T16:12:14+00:00,2026-05-04T16:12:14+00:00,fanout_0051,8,candidate_expire_duplicate_fanout,status_expire_candidate,explicit target PARADIGM BIOPHARMACEUTICALS does not match current entity; duplicate fanout cluster preserves matching target rows elsewhere,high,MEDIUM,no,company_memory.sqlite:memory_entries,DATA_MISSING
1317,CSL,observed_fact,PARADIGM BIOPHARMACEUTICALS expands share base for growth,active,0.85,news:art_e4faef3c4644fe5bb3b66e32,newspaper4k,DATA_MISSING,2026-05-04T16:07:24Z,2026-05-04T16:12:14+00:00,2026-05-04T16:12:14+00:00,fanout_0051,8,candidate_expire_duplicate_fanout,status_expire_candidate,explicit target PARADIGM BIOPHARMACEUTICALS does not match current entity; duplicate fanout cluster preserves matching target rows elsewhere,high,MEDIUM,no,company_memory.sqlite:memory_entries,DATA_MISSING
1318,RESMED,observed_fact,PARADIGM BIOPHARMACEUTICALS expands share base for growth,active,0.85,news:art_e4faef3c4644fe5bb3b66e32,newspaper4k,DATA_MISSING,2026-05-04T16:07:24Z,2026-05-04T16:12:14+00:00,2026-05-04T16:12:14+00:00,fanout_0051,8,candidate_expire_duplicate_fanout,status_expire_candidate,explicit target PARADIGM BIOPHARMACEUTICALS does not match current entity; duplicate fanout cluster preserves matching target rows elsewhere,high,MEDIUM,no,company_memory.sqlite:memory_entries,DATA_MISSING
1328,COH,risk,AROVELLA's major board changes and strategic review,active,0.8,news:art_e4faef3c4644fe5bb3b66e32,newspaper4k,DATA_MISSING,2026-05-04T16:07:24Z,2026-05-04T16:12:16+00:00,2026-05-04T16:12:16+00:00,fanout_0046,8,candidate_expire_duplicate_fanout,status_expire_candidate,explicit target AROVELLA does not match current entity; duplicate fanout cluster preserves matching target rows elsewhere,high,MEDIUM,no,company_memory.sqlite:memory_entries,DATA_MISSING
1329,EZZ,risk,AROVELLA's major board changes and strategic review,active,0.8,news:art_e4faef3c4644fe5bb3b66e32,newspaper4k,DATA_MISSING,2026-05-04T16:07:24Z,2026-05-04T16:12:16+00:00,2026-05-04T16:12:16+00:00,fanout_0046,8,candidate_expire_duplicate_fanout,status_expire_candidate,explicit target AROVELLA does not match current entity; duplicate fanout cluster preserves matching target rows elsewhere,high,MEDIUM,no,company_memory.sqlite:memory_entries,DATA_MISSING
1331,4DMEDICAL,risk,AROVELLA's major board changes and strategic review,active,0.8,news:art_e4faef3c4644fe5bb3b66e32,newspaper4k,DATA_MISSING,2026-05-04T16:07:24Z,2026-05-04T16:12:16+00:00,2026-05-04T16:12:16+00:00,fanout_0046,8,candidate_expire_duplicate_fanout,status_expire_candidate,explicit target AROVELLA does not match current entity; duplicate fanout cluster preserves matching target rows elsewhere,high,MEDIUM,no,company_memory.sqlite:memory_entries,DATA_MISSING
1332,LTR PHARMA,risk,AROVELLA's major board changes and strategic review,active,0.8,news:art_e4faef3c4644fe5bb3b66e32,newspaper4k,DATA_MISSING,2026-05-04T16:07:24Z,2026-05-04T16:12:16+00:00,2026-05-04T16:12:16+00:00,fanout_0046,8,candidate_expire_duplicate_fanout,status_expire_candidate,explicit target AROVELLA does not match current entity; duplicate fanout cluster preserves matching target rows elsewhere,high,MEDIUM,no,company_memory.sqlite:memory_entries,DATA_MISSING
1333,CSL,risk,AROVELLA's major board changes and strategic review,active,0.8,news:art_e4faef3c4644fe5bb3b66e32,newspaper4k,DATA_MISSING,2026-05-04T16:07:24Z,2026-05-04T16:12:16+00:00,2026-05-04T16:12:16+00:00,fanout_0046,8,candidate_expire_duplicate_fanout,status_expire_candidate,explicit target AROVELLA does not match current entity; duplicate fanout cluster preserves matching target rows elsewhere,high,MEDIUM,no,company_memory.sqlite:memory_entries,DATA_MISSING
1334,RESMED,risk,AROVELLA's major board changes and strategic review,active,0.8,news:art_e4faef3c4644fe5bb3b66e32,newspaper4k,DATA_MISSING,2026-05-04T16:07:24Z,2026-05-04T16:12:16+00:00,2026-05-04T16:12:16+00:00,fanout_0046,8,candidate_expire_duplicate_fanout,status_expire_candidate,explicit target AROVELLA does not match current entity; duplicate fanout cluster preserves matching target rows elsewhere,high,MEDIUM,no,company_memory.sqlite:memory_entries,DATA_MISSING
1335,PARADIGM BIOPHARMACEUTICALS,risk,AROVELLA's major board changes and strategic review,active,0.8,news:art_e4faef3c4644fe5bb3b66e32,newspaper4k,DATA_MISSING,2026-05-04T16:07:24Z,2026-05-04T16:12:16+00:00,2026-05-04T16:12:16+00:00,fanout_0046,8,candidate_expire_duplicate_fanout,status_expire_candidate,explicit target AROVELLA does not match current entity; duplicate fanout cluster preserves matching target rows elsewhere,high,MEDIUM,no,company_memory.sqlite:memory_entries,DATA_MISSING
1336,COH,risk,CSL's renewed scrutiny over valuation gaps and growth expectations,active,0.82,news:art_e4faef3c4644fe5bb3b66e32,newspaper4k,DATA_MISSING,2026-05-04T16:07:24Z,2026-05-04T16:12:17+00:00,2026-05-04T16:12:17+00:00,fanout_0048,8,candidate_expire_duplicate_fanout,status_expire_candidate,explicit target CSL does not match current entity; duplicate fanout cluster preserves matching target rows elsewhere,high,MEDIUM,no,company_memory.sqlite:memory_entries,DATA_MISSING
1337,EZZ,risk,CSL's renewed scrutiny over valuation gaps and growth expectations,active,0.82,news:art_e4faef3c4644fe5bb3b66e32,newspaper4k,DATA_MISSING,2026-05-04T16:07:24Z,2026-05-04T16:12:18+00:00,2026-05-04T16:12:18+00:00,fanout_0048,8,candidate_expire_duplicate_fanout,status_expire_candidate,explicit target CSL does not match current entity; duplicate fanout cluster preserves matching target rows elsewhere,high,MEDIUM,no,company_memory.sqlite:memory_entries,DATA_MISSING
1338,AROVELLA,risk,CSL's renewed scrutiny over valuation gaps and growth expectations,active,0.82,news:art_e4faef3c4644fe5bb3b66e32,newspaper4k,DATA_MISSING,2026-05-04T16:07:24Z,2026-05-04T16:12:18+00:00,2026-05-04T16:12:18+00:00,fanout_0048,8,candidate_expire_duplicate_fanout,status_expire_candidate,explicit target CSL does not match current entity; duplicate fanout cluster preserves matching target rows elsewhere,high,MEDIUM,no,company_memory.sqlite:memory_entries,DATA_MISSING
1339,4DMEDICAL,risk,CSL's renewed scrutiny over valuation gaps and growth expectations,active,0.82,news:art_e4faef3c4644fe5bb3b66e32,newspaper4k,DATA_MISSING,2026-05-04T16:07:24Z,2026-05-04T16:12:18+00:00,2026-05-04T16:12:18+00:00,fanout_0048,8,candidate_expire_duplicate_fanout,status_expire_candidate,explicit target CSL does not match current entity; duplicate fanout cluster preserves matching target rows elsewhere,high,MEDIUM,no,company_memory.sqlite:memory_entries,DATA_MISSING
1340,LTR PHARMA,risk,CSL's renewed scrutiny over valuation gaps and growth expectations,active,0.82,news:art_e4faef3c4644fe5bb3b66e32,newspaper4k,DATA_MISSING,2026-05-04T16:07:24Z,2026-05-04T16:12:18+00:00,2026-05-04T16:12:18+00:00,fanout_0048,8,candidate_expire_duplicate_fanout,status_expire_candidate,explicit target CSL does not match current entity; duplicate fanout cluster preserves matching target rows elsewhere,high,MEDIUM,no,company_memory.sqlite:memory_entries,DATA_MISSING
1342,RESMED,risk,CSL's renewed scrutiny over valuation gaps and growth expectations,active,0.82,news:art_e4faef3c4644fe5bb3b66e32,newspaper4k,DATA_MISSING,2026-05-04T16:07:24Z,2026-05-04T16:12:18+00:00,2026-05-04T16:12:18+00:00,fanout_0048,8,candidate_expire_duplicate_fanout,status_expire_candidate,explicit target CSL does not match current entity; duplicate fanout cluster preserves matching target rows elsewhere,high,MEDIUM,no,company_memory.sqlite:memory_entries,DATA_MISSING
1343,PARADIGM BIOPHARMACEUTICALS,risk,CSL's renewed scrutiny over valuation gaps and growth expectations,active,0.82,news:art_e4faef3c4644fe5bb3b66e32,newspaper4k,DATA_MISSING,2026-05-04T16:07:24Z,2026-05-04T16:12:18+00:00,2026-05-04T16:12:18+00:00,fanout_0048,8,candidate_expire_duplicate_fanout,status_expire_candidate,explicit target CSL does not match current entity; duplicate fanout cluster preserves matching target rows elsewhere,high,MEDIUM,no,company_memory.sqlite:memory_entries,DATA_MISSING
1607,ENDV,observed_fact,Atlassian's share price is up about 30% due to better-than-expected results,active,0.8,youtube_transcript:asx-daily-rundown-atlassian-lifts-tech-a2-milk-recall-shock-accent-group-all-time-lows:88e960386e503796,youtube_transcript,"ASX Daily Rundown | Atlassian Lifts Tech, A2 Milk Recall Shock & Accent Group All-Time Lows",2026-05-04T08:15:01Z,2026-05-05T04:19:04+00:00,2026-05-05T04:19:04+00:00,fanout_0007,50,candidate_expire_duplicate_fanout,status_expire_candidate,explicit target ATLASSIAN does not match current entity; duplicate fanout cluster preserves matching target rows elsewhere,high,MEDIUM,no,company_memory.sqlite:memory_entries,DATA_MISSING
1608,KEYP,observed_fact,Atlassian's share price is up about 30% due to better-than-expected results,active,0.8,youtube_transcript:asx-daily-rundown-atlassian-lifts-tech-a2-milk-recall-shock-accent-group-all-time-lows:88e960386e503796,youtube_transcript,"ASX Daily Rundown | Atlassian Lifts Tech, A2 Milk Recall Shock & Accent Group All-Time Lows",2026-05-04T08:15:01Z,2026-05-05T04:19:05+00:00,2026-05-05T04:19:05+00:00,fanout_0007,50,candidate_expire_duplicate_fanout,status_expire_candidate,explicit target ATLASSIAN does not match current entity; duplicate fanout cluster preserves matching target rows elsewhere,high,MEDIUM,no,company_memory.sqlite:memory_entries,DATA_MISSING
1609,GCMC,observed_fact,Atlassian's share price is up about 30% due to better-than-expected results,active,0.8,youtube_transcript:asx-daily-rundown-atlassian-lifts-tech-a2-milk-recall-shock-accent-group-all-time-lows:88e960386e503796,youtube_transcript,"ASX Daily Rundown | Atlassian Lifts Tech, A2 Milk Recall Shock & Accent Group All-Time Lows",2026-05-04T08:15:01Z,2026-05-05T04:19:05+00:00,2026-05-05T04:19:05+00:00,fanout_0007,50,candidate_expire_duplicate_fanout,status_expire_candidate,explicit target ATLASSIAN does not match current entity; duplicate fanout cluster preserves matching target rows elsewhere,high,MEDIUM,no,company_memory.sqlite:memory_entries,DATA_MISSING
1610,MARINO,observed_fact,Atlassian's share price is up about 30% due to better-than-expected results,active,0.8,youtube_transcript:asx-daily-rundown-atlassian-lifts-tech-a2-milk-recall-shock-accent-group-all-time-lows:88e960386e503796,youtube_transcript,"ASX Daily Rundown | Atlassian Lifts Tech, A2 Milk Recall Shock & Accent Group All-Time Lows",2026-05-04T08:15:01Z,2026-05-05T04:19:05+00:00,2026-05-05T04:19:05+00:00,fanout_0007,50,candidate_expire_duplicate_fanout,status_expire_candidate,explicit target ATLASSIAN does not match current entity; duplicate fanout cluster preserves matching target rows elsewhere,high,MEDIUM,no,company_memory.sqlite:memory_entries,DATA_MISSING
1611,CLAR,observed_fact,Atlassian's share price is up about 30% due to better-than-expected results,active,0.8,youtube_transcript:asx-daily-rundown-atlassian-lifts-tech-a2-milk-recall-shock-accent-group-all-time-lows:88e960386e503796,youtube_transcript,"ASX Daily Rundown | Atlassian Lifts Tech, A2 Milk Recall Shock & Accent Group All-Time Lows",2026-05-04T08:15:01Z,2026-05-05T04:19:05+00:00,2026-05-05T04:19:05+00:00,fanout_0007,50,candidate_expire_duplicate_fanout,status_expire_candidate,explicit target ATLASSIAN does not match current entity; duplicate fanout cluster preserves matching target rows elsewhere,high,MEDIUM,no,company_memory.sqlite:memory_entries,DATA_MISSING
1612,LIVN,observed_fact,Atlassian's share price is up about 30% due to better-than-expected results,active,0.8,youtube_transcript:asx-daily-rundown-atlassian-lifts-tech-a2-milk-recall-shock-accent-group-all-time-lows:88e960386e503796,youtube_transcript,"ASX Daily Rundown | Atlassian Lifts Tech, A2 Milk Recall Shock & Accent Group All-Time Lows",2026-05-04T08:15:01Z,2026-05-05T04:19:05+00:00,2026-05-05T04:19:05+00:00,fanout_0007,50,candidate_expire_duplicate_fanout,status_expire_candidate,explicit target ATLASSIAN does not match current entity; duplicate fanout cluster preserves matching target rows elsewhere,high,MEDIUM,no,company_memory.sqlite:memory_entries,DATA_MISSING
1613,SN,observed_fact,Atlassian's share price is up about 30% due to better-than-expected results,active,0.8,youtube_transcript:asx-daily-rundown-atlassian-lifts-tech-a2-milk-recall-shock-accent-group-all-time-lows:88e960386e503796,youtube_transcript,"ASX Daily Rundown | Atlassian Lifts Tech, A2 Milk Recall Shock & Accent Group All-Time Lows",2026-05-04T08:15:01Z,2026-05-05T04:19:05+00:00,2026-05-05T04:19:05+00:00,fanout_0007,50,candidate_expire_duplicate_fanout,status_expire_candidate,explicit target ATLASSIAN does not match current entity; duplicate fanout cluster preserves matching target rows elsewhere,high,MEDIUM,no,company_memory.sqlite:memory_entries,DATA_MISSING
1614,LION,observed_fact,Atlassian's share price is up about 30% due to better-than-expected results,active,0.8,youtube_transcript:asx-daily-rundown-atlassian-lifts-tech-a2-milk-recall-shock-accent-group-all-time-lows:88e960386e503796,youtube_transcript,"ASX Daily Rundown | Atlassian Lifts Tech, A2 Milk Recall Shock & Accent Group All-Time Lows",2026-05-04T08:15:01Z,2026-05-05T04:19:05+00:00,2026-05-05T04:19:05+00:00,fanout_0007,50,candidate_expire_duplicate_fanout,status_expire_candidate,explicit target ATLASSIAN does not match current entity; duplicate fanout cluster preserves matching target rows elsewhere,high,MEDIUM,no,company_memory.sqlite:memory_entries,DATA_MISSING
1615,ASX,observed_fact,Tech stocks are performing well due to strength in Atlassian,active,0.74,youtube_transcript:asx-daily-rundown-atlassian-lifts-tech-a2-milk-recall-shock-accent-group-all-time-lows:88e960386e503796,youtube_transcript,"ASX Daily Rundown | Atlassian Lifts Tech, A2 Milk Recall Shock & Accent Group All-Time Lows",2026-05-04T08:15:01Z,2026-05-05T04:19:06+00:00,2026-05-05T04:19:06+00:00,fanout_0042,25,candidate_expire_duplicate_fanout,status_expire_candidate,explicit target ATLASSIAN does not match current entity; duplicate fanout cluster preserves matching target rows elsewhere,high,MEDIUM,no,company_memory.sqlite:memory_entries,DATA_MISSING
1616,TXT,observed_fact,Tech stocks are performing well due to strength in Atlassian,active,0.74,youtube_transcript:asx-daily-rundown-atlassian-lifts-tech-a2-milk-recall-shock-accent-group-all-time-lows:88e960386e503796,youtube_transcript,"ASX Daily Rundown | Atlassian Lifts Tech, A2 Milk Recall Shock & Accent Group All-Time Lows",2026-05-04T08:15:01Z,2026-05-05T04:19:06+00:00,2026-05-05T04:19:06+00:00,fanout_0042,25,candidate_expire_duplicate_fanout,status_expire_candidate,explicit target ATLASSIAN does not match current entity; duplicate fanout cluster preserves matching target rows elsewhere,high,MEDIUM,no,company_memory.sqlite:memory_entries,DATA_MISSING
1617,XTX,observed_fact,Tech stocks are performing well due to strength in Atlassian,active,0.74,youtube_transcript:asx-daily-rundown-atlassian-lifts-tech-a2-milk-recall-shock-accent-group-all-time-lows:88e960386e503796,youtube_transcript,"ASX Daily Rundown | Atlassian Lifts Tech, A2 Milk Recall Shock & Accent Group All-Time Lows",2026-05-04T08:15:01Z,2026-05-05T04:19:06+00:00,2026-05-05T04:19:06+00:00,fanout_0042,25,candidate_expire_duplicate_fanout,status_expire_candidate,explicit target ATLASSIAN does not match current entity; duplicate fanout cluster preserves matching target rows elsewhere,high,MEDIUM,no,company_memory.sqlite:memory_entries,DATA_MISSING
1618,A2M,observed_fact,Tech stocks are performing well due to strength in Atlassian,active,0.74,youtube_transcript:asx-daily-rundown-atlassian-lifts-tech-a2-milk-recall-shock-accent-group-all-time-lows:88e960386e503796,youtube_transcript,"ASX Daily Rundown | Atlassian Lifts Tech, A2 Milk Recall Shock & Accent Group All-Time Lows",2026-05-04T08:15:01Z,2026-05-05T04:19:06+00:00,2026-05-05T04:19:06+00:00,fanout_0042,25,candidate_expire_duplicate_fanout,status_expire_candidate,explicit target ATLASSIAN does not match current entity; duplicate fanout cluster preserves matching target rows elsewhere,high,MEDIUM,no,company_memory.sqlite:memory_entries,DATA_MISSING
1619,ENDV,observed_fact,Tech stocks are performing well due to strength in Atlassian,active,0.74,youtube_transcript:asx-daily-rundown-atlassian-lifts-tech-a2-milk-recall-shock-accent-group-all-time-lows:88e960386e503796,youtube_transcript,"ASX Daily Rundown | Atlassian Lifts Tech, A2 Milk Recall Shock & Accent Group All-Time Lows",2026-05-04T08:15:01Z,2026-05-05T04:19:07+00:00,2026-05-05T04:19:07+00:00,fanout_0042,25,candidate_expire_duplicate_fanout,status_expire_candidate,explicit target ATLASSIAN does not match current entity; duplicate fanout cluster preserves matching target rows elsewhere,high,MEDIUM,no,company_memory.sqlite:memory_entries,DATA_MISSING
1620,COH,observed_fact,Tech stocks are performing well due to strength in Atlassian,active,0.74,youtube_transcript:asx-daily-rundown-atlassian-lifts-tech-a2-milk-recall-shock-accent-group-all-time-lows:88e960386e503796,youtube_transcript,"ASX Daily Rundown | Atlassian Lifts Tech, A2 Milk Recall Shock & Accent Group All-Time Lows",2026-05-04T08:15:01Z,2026-05-05T04:19:07+00:00,2026-05-05T04:19:07+00:00,fanout_0042,25,candidate_expire_duplicate_fanout,status_expire_candidate,explicit target ATLASSIAN does not match current entity; duplicate fanout cluster preserves matching target rows elsewhere,high,MEDIUM,no,company_memory.sqlite:memory_entries,DATA_MISSING
1621,BHP,observed_fact,Tech stocks are performing well due to strength in Atlassian,active,0.74,youtube_transcript:asx-daily-rundown-atlassian-lifts-tech-a2-milk-recall-shock-accent-group-all-time-lows:88e960386e503796,youtube_transcript,"ASX Daily Rundown | Atlassian Lifts Tech, A2 Milk Recall Shock & Accent Group All-Time Lows",2026-05-04T08:15:01Z,2026-05-05T04:19:07+00:00,2026-05-05T04:19:07+00:00,fanout_0042,25,candidate_expire_duplicate_fanout,status_expire_candidate,explicit target ATLASSIAN does not match current entity; duplicate fanout cluster preserves matching target rows elsewhere,high,MEDIUM,no,company_memory.sqlite:memory_entries,DATA_MISSING
1622,WES,observed_fact,Tech stocks are performing well due to strength in Atlassian,active,0.74,youtube_transcript:asx-daily-rundown-atlassian-lifts-tech-a2-milk-recall-shock-accent-group-all-time-lows:88e960386e503796,youtube_transcript,"ASX Daily Rundown | Atlassian Lifts Tech, A2 Milk Recall Shock & Accent Group All-Time Lows",2026-05-04T08:15:01Z,2026-05-05T04:19:07+00:00,2026-05-05T04:19:07+00:00,fanout_0042,25,candidate_expire_duplicate_fanout,status_expire_candidate,explicit target ATLASSIAN does not match current entity; duplicate fanout cluster preserves matching target rows elsewhere,high,MEDIUM,no,company_memory.sqlite:memory_entries,DATA_MISSING
1623,NAB,observed_fact,Tech stocks are performing well due to strength in Atlassian,active,0.74,youtube_transcript:asx-daily-rundown-atlassian-lifts-tech-a2-milk-recall-shock-accent-group-all-time-lows:88e960386e503796,youtube_transcript,"ASX Daily Rundown | Atlassian Lifts Tech, A2 Milk Recall Shock & Accent Group All-Time Lows",2026-05-04T08:15:01Z,2026-05-05T04:19:07+00:00,2026-05-05T04:19:07+00:00,fanout_0042,25,candidate_expire_duplicate_fanout,status_expire_candidate,explicit target ATLASSIAN does not match current entity; duplicate fanout cluster preserves matching target rows elsewhere,high,MEDIUM,no,company_memory.sqlite:memory_entries,DATA_MISSING
1624,WBC,observed_fact,Tech stocks are performing well due to strength in Atlassian,active,0.74,youtube_transcript:asx-daily-rundown-atlassian-lifts-tech-a2-milk-recall-shock-accent-group-all-time-lows:88e960386e503796,youtube_transcript,"ASX Daily Rundown | Atlassian Lifts Tech, A2 Milk Recall Shock & Accent Group All-Time Lows",2026-05-04T08:15:01Z,2026-05-05T04:19:07+00:00,2026-05-05T04:19:07+00:00,fanout_0042,25,candidate_expire_duplicate_fanout,status_expire_candidate,explicit target ATLASSIAN does not match current entity; duplicate fanout cluster preserves matching target rows elsewhere,high,MEDIUM,no,company_memory.sqlite:memory_entries,DATA_MISSING
1625,KEYP,observed_fact,Tech stocks are performing well due to strength in Atlassian,active,0.74,youtube_transcript:asx-daily-rundown-atlassian-lifts-tech-a2-milk-recall-shock-accent-group-all-time-lows:88e960386e503796,youtube_transcript,"ASX Daily Rundown | Atlassian Lifts Tech, A2 Milk Recall Shock & Accent Group All-Time Lows",2026-05-04T08:15:01Z,2026-05-05T04:19:07+00:00,2026-05-05T04:19:07+00:00,fanout_0042,25,candidate_expire_duplicate_fanout,status_expire_candidate,explicit target ATLASSIAN does not match current entity; duplicate fanout cluster preserves matching target rows elsewhere,high,MEDIUM,no,company_memory.sqlite:memory_entries,DATA_MISSING
1626,GCMC,observed_fact,Tech stocks are performing well due to strength in Atlassian,active,0.74,youtube_transcript:asx-daily-rundown-atlassian-lifts-tech-a2-milk-recall-shock-accent-group-all-time-lows:88e960386e503796,youtube_transcript,"ASX Daily Rundown | Atlassian Lifts Tech, A2 Milk Recall Shock & Accent Group All-Time Lows",2026-05-04T08:15:01Z,2026-05-05T04:19:07+00:00,2026-05-05T04:19:07+00:00,fanout_0042,25,candidate_expire_duplicate_fanout,status_expire_candidate,explicit target ATLASSIAN does not match current entity; duplicate fanout cluster preserves matching target rows elsewhere,high,MEDIUM,no,company_memory.sqlite:memory_entries,DATA_MISSING
1627,MARINO,observed_fact,Tech stocks are performing well due to strength in Atlassian,active,0.74,youtube_transcript:asx-daily-rundown-atlassian-lifts-tech-a2-milk-recall-shock-accent-group-all-time-lows:88e960386e503796,youtube_transcript,"ASX Daily Rundown | Atlassian Lifts Tech, A2 Milk Recall Shock & Accent Group All-Time Lows",2026-05-04T08:15:01Z,2026-05-05T04:19:07+00:00,2026-05-05T04:19:07+00:00,fanout_0042,25,candidate_expire_duplicate_fanout,status_expire_candidate,explicit target ATLASSIAN does not match current entity; duplicate fanout cluster preserves matching target rows elsewhere,high,MEDIUM,no,company_memory.sqlite:memory_entries,DATA_MISSING
1628,CLAR,observed_fact,Tech stocks are performing well due to strength in Atlassian,active,0.74,youtube_transcript:asx-daily-rundown-atlassian-lifts-tech-a2-milk-recall-shock-accent-group-all-time-lows:88e960386e503796,youtube_transcript,"ASX Daily Rundown | Atlassian Lifts Tech, A2 Milk Recall Shock & Accent Group All-Time Lows",2026-05-04T08:15:01Z,2026-05-05T04:19:08+00:00,2026-05-05T04:19:08+00:00,fanout_0042,25,candidate_expire_duplicate_fanout,status_expire_candidate,explicit target ATLASSIAN does not match current entity; duplicate fanout cluster preserves matching target rows elsewhere,high,MEDIUM,no,company_memory.sqlite:memory_entries,DATA_MISSING
1629,WIN,observed_fact,Tech stocks are performing well due to strength in Atlassian,active,0.74,youtube_transcript:asx-daily-rundown-atlassian-lifts-tech-a2-milk-recall-shock-accent-group-all-time-lows:88e960386e503796,youtube_transcript,"ASX Daily Rundown | Atlassian Lifts Tech, A2 Milk Recall Shock & Accent Group All-Time Lows",2026-05-04T08:15:01Z,2026-05-05T04:19:08+00:00,2026-05-05T04:19:08+00:00,fanout_0042,25,candidate_expire_duplicate_fanout,status_expire_candidate,explicit target ATLASSIAN does not match current entity; duplicate fanout cluster preserves matching target rows elsewhere,high,MEDIUM,no,company_memory.sqlite:memory_entries,DATA_MISSING
1630,LIVN,observed_fact,Tech stocks are performing well due to strength in Atlassian,active,0.74,youtube_transcript:asx-daily-rundown-atlassian-lifts-tech-a2-milk-recall-shock-accent-group-all-time-lows:88e960386e503796,youtube_transcript,"ASX Daily Rundown | Atlassian Lifts Tech, A2 Milk Recall Shock & Accent Group All-Time Lows",2026-05-04T08:15:01Z,2026-05-05T04:19:09+00:00,2026-05-05T04:19:09+00:00,fanout_0042,25,candidate_expire_duplicate_fanout,status_expire_candidate,explicit target ATLASSIAN does not match current entity; duplicate fanout cluster preserves matching target rows elsewhere,high,MEDIUM,no,company_memory.sqlite:memory_entries,DATA_MISSING
1631,SKT,observed_fact,Tech stocks are performing well due to strength in Atlassian,active,0.74,youtube_transcript:asx-daily-rundown-atlassian-lifts-tech-a2-milk-recall-shock-accent-group-all-time-lows:88e960386e503796,youtube_transcript,"ASX Daily Rundown | Atlassian Lifts Tech, A2 Milk Recall Shock & Accent Group All-Time Lows",2026-05-04T08:15:01Z,2026-05-05T04:19:10+00:00,2026-05-05T04:19:10+00:00,fanout_0042,25,candidate_expire_duplicate_fanout,status_expire_candidate,explicit target ATLASSIAN does not match current entity; duplicate fanout cluster preserves matching target rows elsewhere,high,MEDIUM,no,company_memory.sqlite:memory_entries,DATA_MISSING
1632,VCE,observed_fact,Tech stocks are performing well due to strength in Atlassian,active,0.74,youtube_transcript:asx-daily-rundown-atlassian-lifts-tech-a2-milk-recall-shock-accent-group-all-time-lows:88e960386e503796,youtube_transcript,"ASX Daily Rundown | Atlassian Lifts Tech, A2 Milk Recall Shock & Accent Group All-Time Lows",2026-05-04T08:15:01Z,2026-05-05T04:19:10+00:00,2026-05-05T04:19:10+00:00,fanout_0042,25,candidate_expire_duplicate_fanout,status_expire_candidate,explicit target ATLASSIAN does not match current entity; duplicate fanout cluster preserves matching target rows elsewhere,high,MEDIUM,no,company_memory.sqlite:memory_entries,DATA_MISSING
1633,SN,observed_fact,Tech stocks are performing well due to strength in Atlassian,active,0.74,youtube_transcript:asx-daily-rundown-atlassian-lifts-tech-a2-milk-recall-shock-accent-group-all-time-lows:88e960386e503796,youtube_transcript,"ASX Daily Rundown | Atlassian Lifts Tech, A2 Milk Recall Shock & Accent Group All-Time Lows",2026-05-04T08:15:01Z,2026-05-05T04:19:10+00:00,2026-05-05T04:19:10+00:00,fanout_0042,25,candidate_expire_duplicate_fanout,status_expire_candidate,explicit target ATLASSIAN does not match current entity; duplicate fanout cluster preserves matching target rows elsewhere,high,MEDIUM,no,company_memory.sqlite:memory_entries,DATA_MISSING
1634,LION,observed_fact,Tech stocks are performing well due to strength in Atlassian,active,0.74,youtube_transcript:asx-daily-rundown-atlassian-lifts-tech-a2-milk-recall-shock-accent-group-all-time-lows:88e960386e503796,youtube_transcript,"ASX Daily Rundown | Atlassian Lifts Tech, A2 Milk Recall Shock & Accent Group All-Time Lows",2026-05-04T08:15:01Z,2026-05-05T04:19:10+00:00,2026-05-05T04:19:10+00:00,fanout_0042,25,candidate_expire_duplicate_fanout,status_expire_candidate,explicit target ATLASSIAN does not match current entity; duplicate fanout cluster preserves matching target rows elsewhere,high,MEDIUM,no,company_memory.sqlite:memory_entries,DATA_MISSING
1635,PETT,observed_fact,Tech stocks are performing well due to strength in Atlassian,active,0.74,youtube_transcript:asx-daily-rundown-atlassian-lifts-tech-a2-milk-recall-shock-accent-group-all-time-lows:88e960386e503796,youtube_transcript,"ASX Daily Rundown | Atlassian Lifts Tech, A2 Milk Recall Shock & Accent Group All-Time Lows",2026-05-04T08:15:01Z,2026-05-05T04:19:10+00:00,2026-05-05T04:19:10+00:00,fanout_0042,25,candidate_expire_duplicate_fanout,status_expire_candidate,explicit target ATLASSIAN does not match current entity; duplicate fanout cluster preserves matching target rows elsewhere,high,MEDIUM,no,company_memory.sqlite:memory_entries,DATA_MISSING
1636,INDE,observed_fact,Tech stocks are performing well due to strength in Atlassian,active,0.74,youtube_transcript:asx-daily-rundown-atlassian-lifts-tech-a2-milk-recall-shock-accent-group-all-time-lows:88e960386e503796,youtube_transcript,"ASX Daily Rundown | Atlassian Lifts Tech, A2 Milk Recall Shock & Accent Group All-Time Lows",2026-05-04T08:15:01Z,2026-05-05T04:19:10+00:00,2026-05-05T04:19:10+00:00,fanout_0042,25,candidate_expire_duplicate_fanout,status_expire_candidate,explicit target ATLASSIAN does not match current entity; duplicate fanout cluster preserves matching target rows elsewhere,high,MEDIUM,no,company_memory.sqlite:memory_entries,DATA_MISSING
1637,C79,observed_fact,Tech stocks are performing well due to strength in Atlassian,active,0.74,youtube_transcript:asx-daily-rundown-atlassian-lifts-tech-a2-milk-recall-shock-accent-group-all-time-lows:88e960386e503796,youtube_transcript,"ASX Daily Rundown | Atlassian Lifts Tech, A2 Milk Recall Shock & Accent Group All-Time Lows",2026-05-04T08:15:01Z,2026-05-05T04:19:10+00:00,2026-05-05T04:19:10+00:00,fanout_0042,25,candidate_expire_duplicate_fanout,status_expire_candidate,explicit target ATLASSIAN does not match current entity; duplicate fanout cluster preserves matching target rows elsewhere,high,MEDIUM,no,company_memory.sqlite:memory_entries,DATA_MISSING
1638,A2 MILK,observed_fact,Tech stocks are performing well due to strength in Atlassian,active,0.74,youtube_transcript:asx-daily-rundown-atlassian-lifts-tech-a2-milk-recall-shock-accent-group-all-time-lows:88e960386e503796,youtube_transcript,"ASX Daily Rundown | Atlassian Lifts Tech, A2 Milk Recall Shock & Accent Group All-Time Lows",2026-05-04T08:15:01Z,2026-05-05T04:19:11+00:00,2026-05-05T04:19:11+00:00,fanout_0042,25,candidate_expire_duplicate_fanout,status_expire_candidate,explicit target ATLASSIAN does not match current entity; duplicate fanout cluster preserves matching target rows elsewhere,high,MEDIUM,no,company_memory.sqlite:memory_entries,DATA_MISSING
1639,ACCENT GROUP,observed_fact,Tech stocks are performing well due to strength in Atlassian,active,0.74,youtube_transcript:asx-daily-rundown-atlassian-lifts-tech-a2-milk-recall-shock-accent-group-all-time-lows:88e960386e503796,youtube_transcript,"ASX Daily Rundown | Atlassian Lifts Tech, A2 Milk Recall Shock & Accent Group All-Time Lows",2026-05-04T08:15:01Z,2026-05-05T04:19:11+00:00,2026-05-05T04:19:11+00:00,fanout_0042,25,candidate_expire_duplicate_fanout,status_expire_candidate,explicit target ATLASSIAN does not match current entity; duplicate fanout cluster preserves matching target rows elsewhere,high,MEDIUM,no,company_memory.sqlite:memory_entries,DATA_MISSING
1640,ENDV,observed_fact,"NAB's half-year results were not good, showing very little growth",active,0.79,youtube_transcript:asx-daily-rundown-atlassian-lifts-tech-a2-milk-recall-shock-accent-group-all-time-lows:88e960386e503796,youtube_transcript,"ASX Daily Rundown | Atlassian Lifts Tech, A2 Milk Recall Shock & Accent Group All-Time Lows",2026-05-04T08:15:01Z,2026-05-05T04:19:12+00:00,2026-05-05T04:19:12+00:00,fanout_0020,34,candidate_expire_duplicate_fanout,status_expire_candidate,explicit target NAB does not match current entity; duplicate fanout cluster preserves matching target rows elsewhere,high,MEDIUM,no,company_memory.sqlite:memory_entries,DATA_MISSING
1641,KEYP,observed_fact,"NAB's half-year results were not good, showing very little growth",active,0.79,youtube_transcript:asx-daily-rundown-atlassian-lifts-tech-a2-milk-recall-shock-accent-group-all-time-lows:88e960386e503796,youtube_transcript,"ASX Daily Rundown | Atlassian Lifts Tech, A2 Milk Recall Shock & Accent Group All-Time Lows",2026-05-04T08:15:01Z,2026-05-05T04:19:13+00:00,2026-05-05T04:19:13+00:00,fanout_0020,34,candidate_expire_duplicate_fanout,status_expire_candidate,explicit target NAB does not match current entity; duplicate fanout cluster preserves matching target rows elsewhere,high,MEDIUM,no,company_memory.sqlite:memory_entries,DATA_MISSING
1642,GCMC,observed_fact,"NAB's half-year results were not good, showing very little growth",active,0.79,youtube_transcript:asx-daily-rundown-atlassian-lifts-tech-a2-milk-recall-shock-accent-group-all-time-lows:88e960386e503796,youtube_transcript,"ASX Daily Rundown | Atlassian Lifts Tech, A2 Milk Recall Shock & Accent Group All-Time Lows",2026-05-04T08:15:01Z,2026-05-05T04:19:14+00:00,2026-05-05T04:19:14+00:00,fanout_0020,34,candidate_expire_duplicate_fanout,status_expire_candidate,explicit target NAB does not match current entity; duplicate fanout cluster preserves matching target rows elsewhere,high,MEDIUM,no,company_memory.sqlite:memory_entries,DATA_MISSING
1643,MARINO,observed_fact,"NAB's half-year results were not good, showing very little growth",active,0.79,youtube_transcript:asx-daily-rundown-atlassian-lifts-tech-a2-milk-recall-shock-accent-group-all-time-lows:88e960386e503796,youtube_transcript,"ASX Daily Rundown | Atlassian Lifts Tech, A2 Milk Recall Shock & Accent Group All-Time Lows",2026-05-04T08:15:01Z,2026-05-05T04:19:14+00:00,2026-05-05T04:19:14+00:00,fanout_0020,34,candidate_expire_duplicate_fanout,status_expire_candidate,explicit target NAB does not match current entity; duplicate fanout cluster preserves matching target rows elsewhere,high,MEDIUM,no,company_memory.sqlite:memory_entries,DATA_MISSING
1644,CLAR,observed_fact,"NAB's half-year results were not good, showing very little growth",active,0.79,youtube_transcript:asx-daily-rundown-atlassian-lifts-tech-a2-milk-recall-shock-accent-group-all-time-lows:88e960386e503796,youtube_transcript,"ASX Daily Rundown | Atlassian Lifts Tech, A2 Milk Recall Shock & Accent Group All-Time Lows",2026-05-04T08:15:01Z,2026-05-05T04:19:14+00:00,2026-05-05T04:19:14+00:00,fanout_0020,34,candidate_expire_duplicate_fanout,status_expire_candidate,explicit target NAB does not match current entity; duplicate fanout cluster preserves matching target rows elsewhere,high,MEDIUM,no,company_memory.sqlite:memory_entries,DATA_MISSING
1645,LIVN,observed_fact,"NAB's half-year results were not good, showing very little growth",active,0.79,youtube_transcript:asx-daily-rundown-atlassian-lifts-tech-a2-milk-recall-shock-accent-group-all-time-lows:88e960386e503796,youtube_transcript,"ASX Daily Rundown | Atlassian Lifts Tech, A2 Milk Recall Shock & Accent Group All-Time Lows",2026-05-04T08:15:01Z,2026-05-05T04:19:14+00:00,2026-05-05T04:19:14+00:00,fanout_0020,34,candidate_expire_duplicate_fanout,status_expire_candidate,explicit target NAB does not match current entity; duplicate fanout cluster preserves matching target rows elsewhere,high,MEDIUM,no,company_memory.sqlite:memory_entries,DATA_MISSING
1646,SN,observed_fact,"NAB's half-year results were not good, showing very little growth",active,0.79,youtube_transcript:asx-daily-rundown-atlassian-lifts-tech-a2-milk-recall-shock-accent-group-all-time-lows:88e960386e503796,youtube_transcript,"ASX Daily Rundown | Atlassian Lifts Tech, A2 Milk Recall Shock & Accent Group All-Time Lows",2026-05-04T08:15:01Z,2026-05-05T04:19:15+00:00,2026-05-05T04:19:15+00:00,fanout_0020,34,candidate_expire_duplicate_fanout,status_expire_candidate,explicit target NAB does not match current entity; duplicate fanout cluster preserves matching target rows elsewhere,high,MEDIUM,no,company_memory.sqlite:memory_entries,DATA_MISSING
1647,LION,observed_fact,"NAB's half-year results were not good, showing very little growth",active,0.79,youtube_transcript:asx-daily-rundown-atlassian-lifts-tech-a2-milk-recall-shock-accent-group-all-time-lows:88e960386e503796,youtube_transcript,"ASX Daily Rundown | Atlassian Lifts Tech, A2 Milk Recall Shock & Accent Group All-Time Lows",2026-05-04T08:15:01Z,2026-05-05T04:19:15+00:00,2026-05-05T04:19:15+00:00,fanout_0020,34,candidate_expire_duplicate_fanout,status_expire_candidate,explicit target NAB does not match current entity; duplicate fanout cluster preserves matching target rows elsewhere,high,MEDIUM,no,company_memory.sqlite:memory_entries,DATA_MISSING
1673,ENDV,observed_fact,Pettimed's share price is down 35.71%,active,0.82,youtube_transcript:asx-daily-rundown-atlassian-lifts-tech-a2-milk-recall-shock-accent-group-all-time-lows:88e960386e503796,youtube_transcript,"ASX Daily Rundown | Atlassian Lifts Tech, A2 Milk Recall Shock & Accent Group All-Time Lows",2026-05-04T08:15:01Z,2026-05-05T04:19:25+00:00,2026-05-05T04:19:25+00:00,fanout_0012,50,candidate_expire_duplicate_fanout,status_expire_candidate,explicit target PET/PETT/PETTIMED does not match current entity; duplicate fanout cluster preserves matching target rows elsewhere,high,MEDIUM,no,company_memory.sqlite:memory_entries,DATA_MISSING
1674,KEYP,observed_fact,Pettimed's share price is down 35.71%,active,0.82,youtube_transcript:asx-daily-rundown-atlassian-lifts-tech-a2-milk-recall-shock-accent-group-all-time-lows:88e960386e503796,youtube_transcript,"ASX Daily Rundown | Atlassian Lifts Tech, A2 Milk Recall Shock & Accent Group All-Time Lows",2026-05-04T08:15:01Z,2026-05-05T04:19:26+00:00,2026-05-05T04:19:26+00:00,fanout_0012,50,candidate_expire_duplicate_fanout,status_expire_candidate,explicit target PET/PETT/PETTIMED does not match current entity; duplicate fanout cluster preserves matching target rows elsewhere,high,MEDIUM,no,company_memory.sqlite:memory_entries,DATA_MISSING
1675,GCMC,observed_fact,Pettimed's share price is down 35.71%,active,0.82,youtube_transcript:asx-daily-rundown-atlassian-lifts-tech-a2-milk-recall-shock-accent-group-all-time-lows:88e960386e503796,youtube_transcript,"ASX Daily Rundown | Atlassian Lifts Tech, A2 Milk Recall Shock & Accent Group All-Time Lows",2026-05-04T08:15:01Z,2026-05-05T04:19:26+00:00,2026-05-05T04:19:26+00:00,fanout_0012,50,candidate_expire_duplicate_fanout,status_expire_candidate,explicit target PET/PETT/PETTIMED does not match current entity; duplicate fanout cluster preserves matching target rows elsewhere,high,MEDIUM,no,company_memory.sqlite:memory_entries,DATA_MISSING
1676,MARINO,observed_fact,Pettimed's share price is down 35.71%,active,0.82,youtube_transcript:asx-daily-rundown-atlassian-lifts-tech-a2-milk-recall-shock-accent-group-all-time-lows:88e960386e503796,youtube_transcript,"ASX Daily Rundown | Atlassian Lifts Tech, A2 Milk Recall Shock & Accent Group All-Time Lows",2026-05-04T08:15:01Z,2026-05-05T04:19:26+00:00,2026-05-05T04:19:26+00:00,fanout_0012,50,candidate_expire_duplicate_fanout,status_expire_candidate,explicit target PET/PETT/PETTIMED does not match current entity; duplicate fanout cluster preserves matching target rows elsewhere,high,MEDIUM,no,company_memory.sqlite:memory_entries,DATA_MISSING
1677,CLAR,observed_fact,Pettimed's share price is down 35.71%,active,0.82,youtube_transcript:asx-daily-rundown-atlassian-lifts-tech-a2-milk-recall-shock-accent-group-all-time-lows:88e960386e503796,youtube_transcript,"ASX Daily Rundown | Atlassian Lifts Tech, A2 Milk Recall Shock & Accent Group All-Time Lows",2026-05-04T08:15:01Z,2026-05-05T04:19:26+00:00,2026-05-05T04:19:26+00:00,fanout_0012,50,candidate_expire_duplicate_fanout,status_expire_candidate,explicit target PET/PETT/PETTIMED does not match current entity; duplicate fanout cluster preserves matching target rows elsewhere,high,MEDIUM,no,company_memory.sqlite:memory_entries,DATA_MISSING
1678,LIVN,observed_fact,Pettimed's share price is down 35.71%,active,0.82,youtube_transcript:asx-daily-rundown-atlassian-lifts-tech-a2-milk-recall-shock-accent-group-all-time-lows:88e960386e503796,youtube_transcript,"ASX Daily Rundown | Atlassian Lifts Tech, A2 Milk Recall Shock & Accent Group All-Time Lows",2026-05-04T08:15:01Z,2026-05-05T04:19:26+00:00,2026-05-05T04:19:26+00:00,fanout_0012,50,candidate_expire_duplicate_fanout,status_expire_candidate,explicit target PET/PETT/PETTIMED does not match current entity; duplicate fanout cluster preserves matching target rows elsewhere,high,MEDIUM,no,company_memory.sqlite:memory_entries,DATA_MISSING
1679,SN,observed_fact,Pettimed's share price is down 35.71%,active,0.82,youtube_transcript:asx-daily-rundown-atlassian-lifts-tech-a2-milk-recall-shock-accent-group-all-time-lows:88e960386e503796,youtube_transcript,"ASX Daily Rundown | Atlassian Lifts Tech, A2 Milk Recall Shock & Accent Group All-Time Lows",2026-05-04T08:15:01Z,2026-05-05T04:19:27+00:00,2026-05-05T04:19:27+00:00,fanout_0012,50,candidate_expire_duplicate_fanout,status_expire_candidate,explicit target PET/PETT/PETTIMED does not match current entity; duplicate fanout cluster preserves matching target rows elsewhere,high,MEDIUM,no,company_memory.sqlite:memory_entries,DATA_MISSING
1680,LION,observed_fact,Pettimed's share price is down 35.71%,active,0.82,youtube_transcript:asx-daily-rundown-atlassian-lifts-tech-a2-milk-recall-shock-accent-group-all-time-lows:88e960386e503796,youtube_transcript,"ASX Daily Rundown | Atlassian Lifts Tech, A2 Milk Recall Shock & Accent Group All-Time Lows",2026-05-04T08:15:01Z,2026-05-05T04:19:28+00:00,2026-05-05T04:19:28+00:00,fanout_0012,50,candidate_expire_duplicate_fanout,status_expire_candidate,explicit target PET/PETT/PETTIMED does not match current entity; duplicate fanout cluster preserves matching target rows elsewhere,high,MEDIUM,no,company_memory.sqlite:memory_entries,DATA_MISSING
1689,ENDV,observed_fact,Chrysos Corporation's share price fell 6.39% despite a positive trading update,active,0.8,youtube_transcript:asx-daily-rundown-atlassian-lifts-tech-a2-milk-recall-shock-accent-group-all-time-lows:88e960386e503796,youtube_transcript,"ASX Daily Rundown | Atlassian Lifts Tech, A2 Milk Recall Shock & Accent Group All-Time Lows",2026-05-04T08:15:01Z,2026-05-05T04:19:37+00:00,2026-05-05T04:19:37+00:00,fanout_0008,50,candidate_expire_duplicate_fanout,status_expire_candidate,explicit target CHRYSOS/C79/GCM does not match current entity; duplicate fanout cluster preserves matching target rows elsewhere,high,MEDIUM,no,company_memory.sqlite:memory_entries,DATA_MISSING
1690,KEYP,observed_fact,Chrysos Corporation's share price fell 6.39% despite a positive trading update,active,0.8,youtube_transcript:asx-daily-rundown-atlassian-lifts-tech-a2-milk-recall-shock-accent-group-all-time-lows:88e960386e503796,youtube_transcript,"ASX Daily Rundown | Atlassian Lifts Tech, A2 Milk Recall Shock & Accent Group All-Time Lows",2026-05-04T08:15:01Z,2026-05-05T04:19:40+00:00,2026-05-05T04:19:40+00:00,fanout_0008,50,candidate_expire_duplicate_fanout,status_expire_candidate,explicit target CHRYSOS/C79/GCM does not match current entity; duplicate fanout cluster preserves matching target rows elsewhere,high,MEDIUM,no,company_memory.sqlite:memory_entries,DATA_MISSING
1692,MARINO,observed_fact,Chrysos Corporation's share price fell 6.39% despite a positive trading update,active,0.8,youtube_transcript:asx-daily-rundown-atlassian-lifts-tech-a2-milk-recall-shock-accent-group-all-time-lows:88e960386e503796,youtube_transcript,"ASX Daily Rundown | Atlassian Lifts Tech, A2 Milk Recall Shock & Accent Group All-Time Lows",2026-05-04T08:15:01Z,2026-05-05T04:19:40+00:00,2026-05-05T04:19:40+00:00,fanout_0008,50,candidate_expire_duplicate_fanout,status_expire_candidate,explicit target CHRYSOS/C79/GCM does not match current entity; duplicate fanout cluster preserves matching target rows elsewhere,high,MEDIUM,no,company_memory.sqlite:memory_entries,DATA_MISSING
1693,CLAR,observed_fact,Chrysos Corporation's share price fell 6.39% despite a positive trading update,active,0.8,youtube_transcript:asx-daily-rundown-atlassian-lifts-tech-a2-milk-recall-shock-accent-group-all-time-lows:88e960386e503796,youtube_transcript,"ASX Daily Rundown | Atlassian Lifts Tech, A2 Milk Recall Shock & Accent Group All-Time Lows",2026-05-04T08:15:01Z,2026-05-05T04:19:40+00:00,2026-05-05T04:19:40+00:00,fanout_0008,50,candidate_expire_duplicate_fanout,status_expire_candidate,explicit target CHRYSOS/C79/GCM does not match current entity; duplicate fanout cluster preserves matching target rows elsewhere,high,MEDIUM,no,company_memory.sqlite:memory_entries,DATA_MISSING
1694,LIVN,observed_fact,Chrysos Corporation's share price fell 6.39% despite a positive trading update,active,0.8,youtube_transcript:asx-daily-rundown-atlassian-lifts-tech-a2-milk-recall-shock-accent-group-all-time-lows:88e960386e503796,youtube_transcript,"ASX Daily Rundown | Atlassian Lifts Tech, A2 Milk Recall Shock & Accent Group All-Time Lows",2026-05-04T08:15:01Z,2026-05-05T04:19:41+00:00,2026-05-05T04:19:41+00:00,fanout_0008,50,candidate_expire_duplicate_fanout,status_expire_candidate,explicit target CHRYSOS/C79/GCM does not match current entity; duplicate fanout cluster preserves matching target rows elsewhere,high,MEDIUM,no,company_memory.sqlite:memory_entries,DATA_MISSING
1695,SN,observed_fact,Chrysos Corporation's share price fell 6.39% despite a positive trading update,active,0.8,youtube_transcript:asx-daily-rundown-atlassian-lifts-tech-a2-milk-recall-shock-accent-group-all-time-lows:88e960386e503796,youtube_transcript,"ASX Daily Rundown | Atlassian Lifts Tech, A2 Milk Recall Shock & Accent Group All-Time Lows",2026-05-04T08:15:01Z,2026-05-05T04:19:42+00:00,2026-05-05T04:19:42+00:00,fanout_0008,50,candidate_expire_duplicate_fanout,status_expire_candidate,explicit target CHRYSOS/C79/GCM does not match current entity; duplicate fanout cluster preserves matching target rows elsewhere,high,MEDIUM,no,company_memory.sqlite:memory_entries,DATA_MISSING
1696,LION,observed_fact,Chrysos Corporation's share price fell 6.39% despite a positive trading update,active,0.8,youtube_transcript:asx-daily-rundown-atlassian-lifts-tech-a2-milk-recall-shock-accent-group-all-time-lows:88e960386e503796,youtube_transcript,"ASX Daily Rundown | Atlassian Lifts Tech, A2 Milk Recall Shock & Accent Group All-Time Lows",2026-05-04T08:15:01Z,2026-05-05T04:19:43+00:00,2026-05-05T04:19:43+00:00,fanout_0008,50,candidate_expire_duplicate_fanout,status_expire_candidate,explicit target CHRYSOS/C79/GCM does not match current entity; duplicate fanout cluster preserves matching target rows elsewhere,high,MEDIUM,no,company_memory.sqlite:memory_entries,DATA_MISSING
1697,ENDV,observed_fact,A2 MILK's share price dropped 10% due to a product recall,active,0.82,youtube_transcript:asx-daily-rundown-atlassian-lifts-tech-a2-milk-recall-shock-accent-group-all-time-lows:88e960386e503796,youtube_transcript,"ASX Daily Rundown | Atlassian Lifts Tech, A2 Milk Recall Shock & Accent Group All-Time Lows",2026-05-04T08:15:01Z,2026-05-05T04:19:46+00:00,2026-05-05T04:19:46+00:00,fanout_0002,50,candidate_expire_duplicate_fanout,status_expire_candidate,explicit target A2M/A2 MILK does not match current entity; duplicate fanout cluster preserves matching target rows elsewhere,high,MEDIUM,no,company_memory.sqlite:memory_entries,DATA_MISSING
1698,KEYP,observed_fact,A2 MILK's share price dropped 10% due to a product recall,active,0.82,youtube_transcript:asx-daily-rundown-atlassian-lifts-tech-a2-milk-recall-shock-accent-group-all-time-lows:88e960386e503796,youtube_transcript,"ASX Daily Rundown | Atlassian Lifts Tech, A2 Milk Recall Shock & Accent Group All-Time Lows",2026-05-04T08:15:01Z,2026-05-05T04:19:48+00:00,2026-05-05T04:19:48+00:00,fanout_0002,50,candidate_expire_duplicate_fanout,status_expire_candidate,explicit target A2M/A2 MILK does not match current entity; duplicate fanout cluster preserves matching target rows elsewhere,high,MEDIUM,no,company_memory.sqlite:memory_entries,DATA_MISSING
1699,GCMC,observed_fact,A2 MILK's share price dropped 10% due to a product recall,active,0.82,youtube_transcript:asx-daily-rundown-atlassian-lifts-tech-a2-milk-recall-shock-accent-group-all-time-lows:88e960386e503796,youtube_transcript,"ASX Daily Rundown | Atlassian Lifts Tech, A2 Milk Recall Shock & Accent Group All-Time Lows",2026-05-04T08:15:01Z,2026-05-05T04:19:48+00:00,2026-05-05T04:19:48+00:00,fanout_0002,50,candidate_expire_duplicate_fanout,status_expire_candidate,explicit target A2M/A2 MILK does not match current entity; duplicate fanout cluster preserves matching target rows elsewhere,high,MEDIUM,no,company_memory.sqlite:memory_entries,DATA_MISSING
1700,MARINO,observed_fact,A2 MILK's share price dropped 10% due to a product recall,active,0.82,youtube_transcript:asx-daily-rundown-atlassian-lifts-tech-a2-milk-recall-shock-accent-group-all-time-lows:88e960386e503796,youtube_transcript,"ASX Daily Rundown | Atlassian Lifts Tech, A2 Milk Recall Shock & Accent Group All-Time Lows",2026-05-04T08:15:01Z,2026-05-05T04:19:48+00:00,2026-05-05T04:19:48+00:00,fanout_0002,50,candidate_expire_duplicate_fanout,status_expire_candidate,explicit target A2M/A2 MILK does not match current entity; duplicate fanout cluster preserves matching target rows elsewhere,high,MEDIUM,no,company_memory.sqlite:memory_entries,DATA_MISSING
1701,CLAR,observed_fact,A2 MILK's share price dropped 10% due to a product recall,active,0.82,youtube_transcript:asx-daily-rundown-atlassian-lifts-tech-a2-milk-recall-shock-accent-group-all-time-lows:88e960386e503796,youtube_transcript,"ASX Daily Rundown | Atlassian Lifts Tech, A2 Milk Recall Shock & Accent Group All-Time Lows",2026-05-04T08:15:01Z,2026-05-05T04:19:48+00:00,2026-05-05T04:19:48+00:00,fanout_0002,50,candidate_expire_duplicate_fanout,status_expire_candidate,explicit target A2M/A2 MILK does not match current entity; duplicate fanout cluster preserves matching target rows elsewhere,high,MEDIUM,no,company_memory.sqlite:memory_entries,DATA_MISSING
1702,LIVN,observed_fact,A2 MILK's share price dropped 10% due to a product recall,active,0.82,youtube_transcript:asx-daily-rundown-atlassian-lifts-tech-a2-milk-recall-shock-accent-group-all-time-lows:88e960386e503796,youtube_transcript,"ASX Daily Rundown | Atlassian Lifts Tech, A2 Milk Recall Shock & Accent Group All-Time Lows",2026-05-04T08:15:01Z,2026-05-05T04:19:49+00:00,2026-05-05T04:19:49+00:00,fanout_0002,50,candidate_expire_duplicate_fanout,status_expire_candidate,explicit target A2M/A2 MILK does not match current entity; duplicate fanout cluster preserves matching target rows elsewhere,high,MEDIUM,no,company_memory.sqlite:memory_entries,DATA_MISSING
1703,SN,observed_fact,A2 MILK's share price dropped 10% due to a product recall,active,0.82,youtube_transcript:asx-daily-rundown-atlassian-lifts-tech-a2-milk-recall-shock-accent-group-all-time-lows:88e960386e503796,youtube_transcript,"ASX Daily Rundown | Atlassian Lifts Tech, A2 Milk Recall Shock & Accent Group All-Time Lows",2026-05-04T08:15:01Z,2026-05-05T04:19:50+00:00,2026-05-05T04:19:50+00:00,fanout_0002,50,candidate_expire_duplicate_fanout,status_expire_candidate,explicit target A2M/A2 MILK does not match current entity; duplicate fanout cluster preserves matching target rows elsewhere,high,MEDIUM,no,company_memory.sqlite:memory_entries,DATA_MISSING
1704,LION,observed_fact,A2 MILK's share price dropped 10% due to a product recall,active,0.82,youtube_transcript:asx-daily-rundown-atlassian-lifts-tech-a2-milk-recall-shock-accent-group-all-time-lows:88e960386e503796,youtube_transcript,"ASX Daily Rundown | Atlassian Lifts Tech, A2 Milk Recall Shock & Accent Group All-Time Lows",2026-05-04T08:15:01Z,2026-05-05T04:19:50+00:00,2026-05-05T04:19:50+00:00,fanout_0002,50,candidate_expire_duplicate_fanout,status_expire_candidate,explicit target A2M/A2 MILK does not match current entity; duplicate fanout cluster preserves matching target rows elsewhere,high,MEDIUM,no,company_memory.sqlite:memory_entries,DATA_MISSING
1705,ENDV,observed_fact,A2 MILK's share price has dropped from almost $10 back to $6.59 in a few months,active,0.82,youtube_transcript:asx-daily-rundown-atlassian-lifts-tech-a2-milk-recall-shock-accent-group-all-time-lows:88e960386e503796,youtube_transcript,"ASX Daily Rundown | Atlassian Lifts Tech, A2 Milk Recall Shock & Accent Group All-Time Lows",2026-05-04T08:15:01Z,2026-05-05T04:19:53+00:00,2026-05-05T04:19:53+00:00,fanout_0003,50,candidate_expire_duplicate_fanout,status_expire_candidate,explicit target A2M/A2 MILK does not match current entity; duplicate fanout cluster preserves matching target rows elsewhere,high,MEDIUM,no,company_memory.sqlite:memory_entries,DATA_MISSING
1706,KEYP,observed_fact,A2 MILK's share price has dropped from almost $10 back to $6.59 in a few months,active,0.82,youtube_transcript:asx-daily-rundown-atlassian-lifts-tech-a2-milk-recall-shock-accent-group-all-time-lows:88e960386e503796,youtube_transcript,"ASX Daily Rundown | Atlassian Lifts Tech, A2 Milk Recall Shock & Accent Group All-Time Lows",2026-05-04T08:15:01Z,2026-05-05T04:19:55+00:00,2026-05-05T04:19:55+00:00,fanout_0003,50,candidate_expire_duplicate_fanout,status_expire_candidate,explicit target A2M/A2 MILK does not match current entity; duplicate fanout cluster preserves matching target rows elsewhere,high,MEDIUM,no,company_memory.sqlite:memory_entries,DATA_MISSING
1707,GCMC,observed_fact,A2 MILK's share price has dropped from almost $10 back to $6.59 in a few months,active,0.82,youtube_transcript:asx-daily-rundown-atlassian-lifts-tech-a2-milk-recall-shock-accent-group-all-time-lows:88e960386e503796,youtube_transcript,"ASX Daily Rundown | Atlassian Lifts Tech, A2 Milk Recall Shock & Accent Group All-Time Lows",2026-05-04T08:15:01Z,2026-05-05T04:19:55+00:00,2026-05-05T04:19:55+00:00,fanout_0003,50,candidate_expire_duplicate_fanout,status_expire_candidate,explicit target A2M/A2 MILK does not match current entity; duplicate fanout cluster preserves matching target rows elsewhere,high,MEDIUM,no,company_memory.sqlite:memory_entries,DATA_MISSING
1708,MARINO,observed_fact,A2 MILK's share price has dropped from almost $10 back to $6.59 in a few months,active,0.82,youtube_transcript:asx-daily-rundown-atlassian-lifts-tech-a2-milk-recall-shock-accent-group-all-time-lows:88e960386e503796,youtube_transcript,"ASX Daily Rundown | Atlassian Lifts Tech, A2 Milk Recall Shock & Accent Group All-Time Lows",2026-05-04T08:15:01Z,2026-05-05T04:19:55+00:00,2026-05-05T04:19:55+00:00,fanout_0003,50,candidate_expire_duplicate_fanout,status_expire_candidate,explicit target A2M/A2 MILK does not match current entity; duplicate fanout cluster preserves matching target rows elsewhere,high,MEDIUM,no,company_memory.sqlite:memory_entries,DATA_MISSING
1709,CLAR,observed_fact,A2 MILK's share price has dropped from almost $10 back to $6.59 in a few months,active,0.82,youtube_transcript:asx-daily-rundown-atlassian-lifts-tech-a2-milk-recall-shock-accent-group-all-time-lows:88e960386e503796,youtube_transcript,"ASX Daily Rundown | Atlassian Lifts Tech, A2 Milk Recall Shock & Accent Group All-Time Lows",2026-05-04T08:15:01Z,2026-05-05T04:19:56+00:00,2026-05-05T04:19:56+00:00,fanout_0003,50,candidate_expire_duplicate_fanout,status_expire_candidate,explicit target A2M/A2 MILK does not match current entity; duplicate fanout cluster preserves matching target rows elsewhere,high,MEDIUM,no,company_memory.sqlite:memory_entries,DATA_MISSING
1710,LIVN,observed_fact,A2 MILK's share price has dropped from almost $10 back to $6.59 in a few months,active,0.82,youtube_transcript:asx-daily-rundown-atlassian-lifts-tech-a2-milk-recall-shock-accent-group-all-time-lows:88e960386e503796,youtube_transcript,"ASX Daily Rundown | Atlassian Lifts Tech, A2 Milk Recall Shock & Accent Group All-Time Lows",2026-05-04T08:15:01Z,2026-05-05T04:19:56+00:00,2026-05-05T04:19:56+00:00,fanout_0003,50,candidate_expire_duplicate_fanout,status_expire_candidate,explicit target A2M/A2 MILK does not match current entity; duplicate fanout cluster preserves matching target rows elsewhere,high,MEDIUM,no,company_memory.sqlite:memory_entries,DATA_MISSING
1711,SN,observed_fact,A2 MILK's share price has dropped from almost $10 back to $6.59 in a few months,active,0.82,youtube_transcript:asx-daily-rundown-atlassian-lifts-tech-a2-milk-recall-shock-accent-group-all-time-lows:88e960386e503796,youtube_transcript,"ASX Daily Rundown | Atlassian Lifts Tech, A2 Milk Recall Shock & Accent Group All-Time Lows",2026-05-04T08:15:01Z,2026-05-05T04:19:57+00:00,2026-05-05T04:19:57+00:00,fanout_0003,50,candidate_expire_duplicate_fanout,status_expire_candidate,explicit target A2M/A2 MILK does not match current entity; duplicate fanout cluster preserves matching target rows elsewhere,high,MEDIUM,no,company_memory.sqlite:memory_entries,DATA_MISSING
1712,LION,observed_fact,A2 MILK's share price has dropped from almost $10 back to $6.59 in a few months,active,0.82,youtube_transcript:asx-daily-rundown-atlassian-lifts-tech-a2-milk-recall-shock-accent-group-all-time-lows:88e960386e503796,youtube_transcript,"ASX Daily Rundown | Atlassian Lifts Tech, A2 Milk Recall Shock & Accent Group All-Time Lows",2026-05-04T08:15:01Z,2026-05-05T04:19:57+00:00,2026-05-05T04:19:57+00:00,fanout_0003,50,candidate_expire_duplicate_fanout,status_expire_candidate,explicit target A2M/A2 MILK does not match current entity; duplicate fanout cluster preserves matching target rows elsewhere,high,MEDIUM,no,company_memory.sqlite:memory_entries,DATA_MISSING
1721,ENDV,observed_fact,ACCENT GROUP's share price is down 12.9% after a downgrade announcement,active,0.83,youtube_transcript:asx-daily-rundown-atlassian-lifts-tech-a2-milk-recall-shock-accent-group-all-time-lows:88e960386e503796,youtube_transcript,"ASX Daily Rundown | Atlassian Lifts Tech, A2 Milk Recall Shock & Accent Group All-Time Lows",2026-05-04T08:15:01Z,2026-05-05T04:20:07+00:00,2026-05-05T04:20:07+00:00,fanout_0006,50,candidate_expire_duplicate_fanout,status_expire_candidate,explicit target ACC/ACCENT GROUP does not match current entity; duplicate fanout cluster preserves matching target rows elsewhere,high,MEDIUM,no,company_memory.sqlite:memory_entries,DATA_MISSING
1722,KEYP,observed_fact,ACCENT GROUP's share price is down 12.9% after a downgrade announcement,active,0.83,youtube_transcript:asx-daily-rundown-atlassian-lifts-tech-a2-milk-recall-shock-accent-group-all-time-lows:88e960386e503796,youtube_transcript,"ASX Daily Rundown | Atlassian Lifts Tech, A2 Milk Recall Shock & Accent Group All-Time Lows",2026-05-04T08:15:01Z,2026-05-05T04:20:11+00:00,2026-05-05T04:20:11+00:00,fanout_0006,50,candidate_expire_duplicate_fanout,status_expire_candidate,explicit target ACC/ACCENT GROUP does not match current entity; duplicate fanout cluster preserves matching target rows elsewhere,high,MEDIUM,no,company_memory.sqlite:memory_entries,DATA_MISSING
1723,GCMC,observed_fact,ACCENT GROUP's share price is down 12.9% after a downgrade announcement,active,0.83,youtube_transcript:asx-daily-rundown-atlassian-lifts-tech-a2-milk-recall-shock-accent-group-all-time-lows:88e960386e503796,youtube_transcript,"ASX Daily Rundown | Atlassian Lifts Tech, A2 Milk Recall Shock & Accent Group All-Time Lows",2026-05-04T08:15:01Z,2026-05-05T04:20:12+00:00,2026-05-05T04:20:12+00:00,fanout_0006,50,candidate_expire_duplicate_fanout,status_expire_candidate,explicit target ACC/ACCENT GROUP does not match current entity; duplicate fanout cluster preserves matching target rows elsewhere,high,MEDIUM,no,company_memory.sqlite:memory_entries,DATA_MISSING
1724,MARINO,observed_fact,ACCENT GROUP's share price is down 12.9% after a downgrade announcement,active,0.83,youtube_transcript:asx-daily-rundown-atlassian-lifts-tech-a2-milk-recall-shock-accent-group-all-time-lows:88e960386e503796,youtube_transcript,"ASX Daily Rundown | Atlassian Lifts Tech, A2 Milk Recall Shock & Accent Group All-Time Lows",2026-05-04T08:15:01Z,2026-05-05T04:20:13+00:00,2026-05-05T04:20:13+00:00,fanout_0006,50,candidate_expire_duplicate_fanout,status_expire_candidate,explicit target ACC/ACCENT GROUP does not match current entity; duplicate fanout cluster preserves matching target rows elsewhere,high,MEDIUM,no,company_memory.sqlite:memory_entries,DATA_MISSING
1725,CLAR,observed_fact,ACCENT GROUP's share price is down 12.9% after a downgrade announcement,active,0.83,youtube_transcript:asx-daily-rundown-atlassian-lifts-tech-a2-milk-recall-shock-accent-group-all-time-lows:88e960386e503796,youtube_transcript,"ASX Daily Rundown | Atlassian Lifts Tech, A2 Milk Recall Shock & Accent Group All-Time Lows",2026-05-04T08:15:01Z,2026-05-05T04:20:15+00:00,2026-05-05T04:20:15+00:00,fanout_0006,50,candidate_expire_duplicate_fanout,status_expire_candidate,explicit target ACC/ACCENT GROUP does not match current entity; duplicate fanout cluster preserves matching target rows elsewhere,high,MEDIUM,no,company_memory.sqlite:memory_entries,DATA_MISSING
1726,LIVN,observed_fact,ACCENT GROUP's share price is down 12.9% after a downgrade announcement,active,0.83,youtube_transcript:asx-daily-rundown-atlassian-lifts-tech-a2-milk-recall-shock-accent-group-all-time-lows:88e960386e503796,youtube_transcript,"ASX Daily Rundown | Atlassian Lifts Tech, A2 Milk Recall Shock & Accent Group All-Time Lows",2026-05-04T08:15:01Z,2026-05-05T04:20:15+00:00,2026-05-05T04:20:15+00:00,fanout_0006,50,candidate_expire_duplicate_fanout,status_expire_candidate,explicit target ACC/ACCENT GROUP does not match current entity; duplicate fanout cluster preserves matching target rows elsewhere,high,MEDIUM,no,company_memory.sqlite:memory_entries,DATA_MISSING
1727,SN,observed_fact,ACCENT GROUP's share price is down 12.9% after a downgrade announcement,active,0.83,youtube_transcript:asx-daily-rundown-atlassian-lifts-tech-a2-milk-recall-shock-accent-group-all-time-lows:88e960386e503796,youtube_transcript,"ASX Daily Rundown | Atlassian Lifts Tech, A2 Milk Recall Shock & Accent Group All-Time Lows",2026-05-04T08:15:01Z,2026-05-05T04:20:16+00:00,2026-05-05T04:20:16+00:00,fanout_0006,50,candidate_expire_duplicate_fanout,status_expire_candidate,explicit target ACC/ACCENT GROUP does not match current entity; duplicate fanout cluster preserves matching target rows elsewhere,high,MEDIUM,no,company_memory.sqlite:memory_entries,DATA_MISSING
1728,LION,observed_fact,ACCENT GROUP's share price is down 12.9% after a downgrade announcement,active,0.83,youtube_transcript:asx-daily-rundown-atlassian-lifts-tech-a2-milk-recall-shock-accent-group-all-time-lows:88e960386e503796,youtube_transcript,"ASX Daily Rundown | Atlassian Lifts Tech, A2 Milk Recall Shock & Accent Group All-Time Lows",2026-05-04T08:15:01Z,2026-05-05T04:20:16+00:00,2026-05-05T04:20:16+00:00,fanout_0006,50,candidate_expire_duplicate_fanout,status_expire_candidate,explicit target ACC/ACCENT GROUP does not match current entity; duplicate fanout cluster preserves matching target rows elsewhere,high,MEDIUM,no,company_memory.sqlite:memory_entries,DATA_MISSING
1729,ENDV,observed_fact,ACCENT GROUP's EBIT for the second half has been decreased by $7 million,active,0.82,youtube_transcript:asx-daily-rundown-atlassian-lifts-tech-a2-milk-recall-shock-accent-group-all-time-lows:88e960386e503796,youtube_transcript,"ASX Daily Rundown | Atlassian Lifts Tech, A2 Milk Recall Shock & Accent Group All-Time Lows",2026-05-04T08:15:01Z,2026-05-05T04:20:20+00:00,2026-05-05T04:20:20+00:00,fanout_0005,50,candidate_expire_duplicate_fanout,status_expire_candidate,explicit target ACC/ACCENT GROUP does not match current entity; duplicate fanout cluster preserves matching target rows elsewhere,high,MEDIUM,no,company_memory.sqlite:memory_entries,DATA_MISSING
1730,KEYP,observed_fact,ACCENT GROUP's EBIT for the second half has been decreased by $7 million,active,0.82,youtube_transcript:asx-daily-rundown-atlassian-lifts-tech-a2-milk-recall-shock-accent-group-all-time-lows:88e960386e503796,youtube_transcript,"ASX Daily Rundown | Atlassian Lifts Tech, A2 Milk Recall Shock & Accent Group All-Time Lows",2026-05-04T08:15:01Z,2026-05-05T04:20:23+00:00,2026-05-05T04:20:23+00:00,fanout_0005,50,candidate_expire_duplicate_fanout,status_expire_candidate,explicit target ACC/ACCENT GROUP does not match current entity; duplicate fanout cluster preserves matching target rows elsewhere,high,MEDIUM,no,company_memory.sqlite:memory_entries,DATA_MISSING
1731,GCMC,observed_fact,ACCENT GROUP's EBIT for the second half has been decreased by $7 million,active,0.82,youtube_transcript:asx-daily-rundown-atlassian-lifts-tech-a2-milk-recall-shock-accent-group-all-time-lows:88e960386e503796,youtube_transcript,"ASX Daily Rundown | Atlassian Lifts Tech, A2 Milk Recall Shock & Accent Group All-Time Lows",2026-05-04T08:15:01Z,2026-05-05T04:20:23+00:00,2026-05-05T04:20:23+00:00,fanout_0005,50,candidate_expire_duplicate_fanout,status_expire_candidate,explicit target ACC/ACCENT GROUP does not match current entity; duplicate fanout cluster preserves matching target rows elsewhere,high,MEDIUM,no,company_memory.sqlite:memory_entries,DATA_MISSING
1732,MARINO,observed_fact,ACCENT GROUP's EBIT for the second half has been decreased by $7 million,active,0.82,youtube_transcript:asx-daily-rundown-atlassian-lifts-tech-a2-milk-recall-shock-accent-group-all-time-lows:88e960386e503796,youtube_transcript,"ASX Daily Rundown | Atlassian Lifts Tech, A2 Milk Recall Shock & Accent Group All-Time Lows",2026-05-04T08:15:01Z,2026-05-05T04:20:23+00:00,2026-05-05T04:20:23+00:00,fanout_0005,50,candidate_expire_duplicate_fanout,status_expire_candidate,explicit target ACC/ACCENT GROUP does not match current entity; duplicate fanout cluster preserves matching target rows elsewhere,high,MEDIUM,no,company_memory.sqlite:memory_entries,DATA_MISSING
1733,CLAR,observed_fact,ACCENT GROUP's EBIT for the second half has been decreased by $7 million,active,0.82,youtube_transcript:asx-daily-rundown-atlassian-lifts-tech-a2-milk-recall-shock-accent-group-all-time-lows:88e960386e503796,youtube_transcript,"ASX Daily Rundown | Atlassian Lifts Tech, A2 Milk Recall Shock & Accent Group All-Time Lows",2026-05-04T08:15:01Z,2026-05-05T04:20:24+00:00,2026-05-05T04:20:24+00:00,fanout_0005,50,candidate_expire_duplicate_fanout,status_expire_candidate,explicit target ACC/ACCENT GROUP does not match current entity; duplicate fanout cluster preserves matching target rows elsewhere,high,MEDIUM,no,company_memory.sqlite:memory_entries,DATA_MISSING
1734,LIVN,observed_fact,ACCENT GROUP's EBIT for the second half has been decreased by $7 million,active,0.82,youtube_transcript:asx-daily-rundown-atlassian-lifts-tech-a2-milk-recall-shock-accent-group-all-time-lows:88e960386e503796,youtube_transcript,"ASX Daily Rundown | Atlassian Lifts Tech, A2 Milk Recall Shock & Accent Group All-Time Lows",2026-05-04T08:15:01Z,2026-05-05T04:20:24+00:00,2026-05-05T04:20:24+00:00,fanout_0005,50,candidate_expire_duplicate_fanout,status_expire_candidate,explicit target ACC/ACCENT GROUP does not match current entity; duplicate fanout cluster preserves matching target rows elsewhere,high,MEDIUM,no,company_memory.sqlite:memory_entries,DATA_MISSING
1735,SN,observed_fact,ACCENT GROUP's EBIT for the second half has been decreased by $7 million,active,0.82,youtube_transcript:asx-daily-rundown-atlassian-lifts-tech-a2-milk-recall-shock-accent-group-all-time-lows:88e960386e503796,youtube_transcript,"ASX Daily Rundown | Atlassian Lifts Tech, A2 Milk Recall Shock & Accent Group All-Time Lows",2026-05-04T08:15:01Z,2026-05-05T04:20:26+00:00,2026-05-05T04:20:26+00:00,fanout_0005,50,candidate_expire_duplicate_fanout,status_expire_candidate,explicit target ACC/ACCENT GROUP does not match current entity; duplicate fanout cluster preserves matching target rows elsewhere,high,MEDIUM,no,company_memory.sqlite:memory_entries,DATA_MISSING
1736,LION,observed_fact,ACCENT GROUP's EBIT for the second half has been decreased by $7 million,active,0.82,youtube_transcript:asx-daily-rundown-atlassian-lifts-tech-a2-milk-recall-shock-accent-group-all-time-lows:88e960386e503796,youtube_transcript,"ASX Daily Rundown | Atlassian Lifts Tech, A2 Milk Recall Shock & Accent Group All-Time Lows",2026-05-04T08:15:01Z,2026-05-05T04:20:26+00:00,2026-05-05T04:20:26+00:00,fanout_0005,50,candidate_expire_duplicate_fanout,status_expire_candidate,explicit target ACC/ACCENT GROUP does not match current entity; duplicate fanout cluster preserves matching target rows elsewhere,high,MEDIUM,no,company_memory.sqlite:memory_entries,DATA_MISSING
1737,ENDV,catalyst,Atlassian's better-than-expected results,active,0.72,youtube_transcript:asx-daily-rundown-atlassian-lifts-tech-a2-milk-recall-shock-accent-group-all-time-lows:88e960386e503796,youtube_transcript,"ASX Daily Rundown | Atlassian Lifts Tech, A2 Milk Recall Shock & Accent Group All-Time Lows",2026-05-04T08:15:01Z,2026-05-05T04:20:30+00:00,2026-05-05T04:20:30+00:00,fanout_0018,41,candidate_expire_duplicate_fanout,status_expire_candidate,explicit target ATLASSIAN does not match current entity; duplicate fanout cluster preserves matching target rows elsewhere,high,MEDIUM,no,company_memory.sqlite:memory_entries,DATA_MISSING
1738,COH,catalyst,Atlassian's better-than-expected results,active,0.72,youtube_transcript:asx-daily-rundown-atlassian-lifts-tech-a2-milk-recall-shock-accent-group-all-time-lows:88e960386e503796,youtube_transcript,"ASX Daily Rundown | Atlassian Lifts Tech, A2 Milk Recall Shock & Accent Group All-Time Lows",2026-05-04T08:15:01Z,2026-05-05T04:20:30+00:00,2026-05-05T04:20:30+00:00,fanout_0018,41,candidate_expire_duplicate_fanout,status_expire_candidate,explicit target ATLASSIAN does not match current entity; duplicate fanout cluster preserves matching target rows elsewhere,high,MEDIUM,no,company_memory.sqlite:memory_entries,DATA_MISSING
1739,WES,catalyst,Atlassian's better-than-expected results,active,0.72,youtube_transcript:asx-daily-rundown-atlassian-lifts-tech-a2-milk-recall-shock-accent-group-all-time-lows:88e960386e503796,youtube_transcript,"ASX Daily Rundown | Atlassian Lifts Tech, A2 Milk Recall Shock & Accent Group All-Time Lows",2026-05-04T08:15:01Z,2026-05-05T04:20:31+00:00,2026-05-05T04:20:31+00:00,fanout_0018,41,candidate_expire_duplicate_fanout,status_expire_candidate,explicit target ATLASSIAN does not match current entity; duplicate fanout cluster preserves matching target rows elsewhere,high,MEDIUM,no,company_memory.sqlite:memory_entries,DATA_MISSING
1740,WBC,catalyst,Atlassian's better-than-expected results,active,0.72,youtube_transcript:asx-daily-rundown-atlassian-lifts-tech-a2-milk-recall-shock-accent-group-all-time-lows:88e960386e503796,youtube_transcript,"ASX Daily Rundown | Atlassian Lifts Tech, A2 Milk Recall Shock & Accent Group All-Time Lows",2026-05-04T08:15:01Z,2026-05-05T04:20:32+00:00,2026-05-05T04:20:32+00:00,fanout_0018,41,candidate_expire_duplicate_fanout,status_expire_candidate,explicit target ATLASSIAN does not match current entity; duplicate fanout cluster preserves matching target rows elsewhere,high,MEDIUM,no,company_memory.sqlite:memory_entries,DATA_MISSING
1741,KEYP,catalyst,Atlassian's better-than-expected results,active,0.72,youtube_transcript:asx-daily-rundown-atlassian-lifts-tech-a2-milk-recall-shock-accent-group-all-time-lows:88e960386e503796,youtube_transcript,"ASX Daily Rundown | Atlassian Lifts Tech, A2 Milk Recall Shock & Accent Group All-Time Lows",2026-05-04T08:15:01Z,2026-05-05T04:20:32+00:00,2026-05-05T04:20:32+00:00,fanout_0018,41,candidate_expire_duplicate_fanout,status_expire_candidate,explicit target ATLASSIAN does not match current entity; duplicate fanout cluster preserves matching target rows elsewhere,high,MEDIUM,no,company_memory.sqlite:memory_entries,DATA_MISSING
1742,GCMC,catalyst,Atlassian's better-than-expected results,active,0.72,youtube_transcript:asx-daily-rundown-atlassian-lifts-tech-a2-milk-recall-shock-accent-group-all-time-lows:88e960386e503796,youtube_transcript,"ASX Daily Rundown | Atlassian Lifts Tech, A2 Milk Recall Shock & Accent Group All-Time Lows",2026-05-04T08:15:01Z,2026-05-05T04:20:32+00:00,2026-05-05T04:20:32+00:00,fanout_0018,41,candidate_expire_duplicate_fanout,status_expire_candidate,explicit target ATLASSIAN does not match current entity; duplicate fanout cluster preserves matching target rows elsewhere,high,MEDIUM,no,company_memory.sqlite:memory_entries,DATA_MISSING
1743,MARINO,catalyst,Atlassian's better-than-expected results,active,0.72,youtube_transcript:asx-daily-rundown-atlassian-lifts-tech-a2-milk-recall-shock-accent-group-all-time-lows:88e960386e503796,youtube_transcript,"ASX Daily Rundown | Atlassian Lifts Tech, A2 Milk Recall Shock & Accent Group All-Time Lows",2026-05-04T08:15:01Z,2026-05-05T04:20:33+00:00,2026-05-05T04:20:33+00:00,fanout_0018,41,candidate_expire_duplicate_fanout,status_expire_candidate,explicit target ATLASSIAN does not match current entity; duplicate fanout cluster preserves matching target rows elsewhere,high,MEDIUM,no,company_memory.sqlite:memory_entries,DATA_MISSING
1744,CLAR,catalyst,Atlassian's better-than-expected results,active,0.72,youtube_transcript:asx-daily-rundown-atlassian-lifts-tech-a2-milk-recall-shock-accent-group-all-time-lows:88e960386e503796,youtube_transcript,"ASX Daily Rundown | Atlassian Lifts Tech, A2 Milk Recall Shock & Accent Group All-Time Lows",2026-05-04T08:15:01Z,2026-05-05T04:20:33+00:00,2026-05-05T04:20:33+00:00,fanout_0018,41,candidate_expire_duplicate_fanout,status_expire_candidate,explicit target ATLASSIAN does not match current entity; duplicate fanout cluster preserves matching target rows elsewhere,high,MEDIUM,no,company_memory.sqlite:memory_entries,DATA_MISSING
1745,WIN,catalyst,Atlassian's better-than-expected results,active,0.72,youtube_transcript:asx-daily-rundown-atlassian-lifts-tech-a2-milk-recall-shock-accent-group-all-time-lows:88e960386e503796,youtube_transcript,"ASX Daily Rundown | Atlassian Lifts Tech, A2 Milk Recall Shock & Accent Group All-Time Lows",2026-05-04T08:15:01Z,2026-05-05T04:20:33+00:00,2026-05-05T04:20:33+00:00,fanout_0018,41,candidate_expire_duplicate_fanout,status_expire_candidate,explicit target ATLASSIAN does not match current entity; duplicate fanout cluster preserves matching target rows elsewhere,high,MEDIUM,no,company_memory.sqlite:memory_entries,DATA_MISSING
1746,LIVN,catalyst,Atlassian's better-than-expected results,active,0.72,youtube_transcript:asx-daily-rundown-atlassian-lifts-tech-a2-milk-recall-shock-accent-group-all-time-lows:88e960386e503796,youtube_transcript,"ASX Daily Rundown | Atlassian Lifts Tech, A2 Milk Recall Shock & Accent Group All-Time Lows",2026-05-04T08:15:01Z,2026-05-05T04:20:33+00:00,2026-05-05T04:20:33+00:00,fanout_0018,41,candidate_expire_duplicate_fanout,status_expire_candidate,explicit target ATLASSIAN does not match current entity; duplicate fanout cluster preserves matching target rows elsewhere,high,MEDIUM,no,company_memory.sqlite:memory_entries,DATA_MISSING
1747,SKT,catalyst,Atlassian's better-than-expected results,active,0.72,youtube_transcript:asx-daily-rundown-atlassian-lifts-tech-a2-milk-recall-shock-accent-group-all-time-lows:88e960386e503796,youtube_transcript,"ASX Daily Rundown | Atlassian Lifts Tech, A2 Milk Recall Shock & Accent Group All-Time Lows",2026-05-04T08:15:01Z,2026-05-05T04:20:33+00:00,2026-05-05T04:20:33+00:00,fanout_0018,41,candidate_expire_duplicate_fanout,status_expire_candidate,explicit target ATLASSIAN does not match current entity; duplicate fanout cluster preserves matching target rows elsewhere,high,MEDIUM,no,company_memory.sqlite:memory_entries,DATA_MISSING
1748,VCE,catalyst,Atlassian's better-than-expected results,active,0.72,youtube_transcript:asx-daily-rundown-atlassian-lifts-tech-a2-milk-recall-shock-accent-group-all-time-lows:88e960386e503796,youtube_transcript,"ASX Daily Rundown | Atlassian Lifts Tech, A2 Milk Recall Shock & Accent Group All-Time Lows",2026-05-04T08:15:01Z,2026-05-05T04:20:34+00:00,2026-05-05T04:20:34+00:00,fanout_0018,41,candidate_expire_duplicate_fanout,status_expire_candidate,explicit target ATLASSIAN does not match current entity; duplicate fanout cluster preserves matching target rows elsewhere,high,MEDIUM,no,company_memory.sqlite:memory_entries,DATA_MISSING
1749,SN,catalyst,Atlassian's better-than-expected results,active,0.72,youtube_transcript:asx-daily-rundown-atlassian-lifts-tech-a2-milk-recall-shock-accent-group-all-time-lows:88e960386e503796,youtube_transcript,"ASX Daily Rundown | Atlassian Lifts Tech, A2 Milk Recall Shock & Accent Group All-Time Lows",2026-05-04T08:15:01Z,2026-05-05T04:20:34+00:00,2026-05-05T04:20:34+00:00,fanout_0018,41,candidate_expire_duplicate_fanout,status_expire_candidate,explicit target ATLASSIAN does not match current entity; duplicate fanout cluster preserves matching target rows elsewhere,high,MEDIUM,no,company_memory.sqlite:memory_entries,DATA_MISSING
1750,LION,catalyst,Atlassian's better-than-expected results,active,0.72,youtube_transcript:asx-daily-rundown-atlassian-lifts-tech-a2-milk-recall-shock-accent-group-all-time-lows:88e960386e503796,youtube_transcript,"ASX Daily Rundown | Atlassian Lifts Tech, A2 Milk Recall Shock & Accent Group All-Time Lows",2026-05-04T08:15:01Z,2026-05-05T04:20:34+00:00,2026-05-05T04:20:34+00:00,fanout_0018,41,candidate_expire_duplicate_fanout,status_expire_candidate,explicit target ATLASSIAN does not match current entity; duplicate fanout cluster preserves matching target rows elsewhere,high,MEDIUM,no,company_memory.sqlite:memory_entries,DATA_MISSING
1776,ASX,catalyst,Pettimed's capital raising at 1 cent per share,active,0.79,youtube_transcript:asx-daily-rundown-atlassian-lifts-tech-a2-milk-recall-shock-accent-group-all-time-lows:88e960386e503796,youtube_transcript,"ASX Daily Rundown | Atlassian Lifts Tech, A2 Milk Recall Shock & Accent Group All-Time Lows",2026-05-04T08:15:01Z,2026-05-05T04:20:50+00:00,2026-05-05T04:20:50+00:00,fanout_0001,67,candidate_expire_duplicate_fanout,status_expire_candidate,explicit target PET/PETT/PETTIMED does not match current entity; duplicate fanout cluster preserves matching target rows elsewhere,high,MEDIUM,no,company_memory.sqlite:memory_entries,DATA_MISSING
1777,TXT,catalyst,Pettimed's capital raising at 1 cent per share,active,0.79,youtube_transcript:asx-daily-rundown-atlassian-lifts-tech-a2-milk-recall-shock-accent-group-all-time-lows:88e960386e503796,youtube_transcript,"ASX Daily Rundown | Atlassian Lifts Tech, A2 Milk Recall Shock & Accent Group All-Time Lows",2026-05-04T08:15:01Z,2026-05-05T04:20:50+00:00,2026-05-05T04:20:50+00:00,fanout_0001,67,candidate_expire_duplicate_fanout,status_expire_candidate,explicit target PET/PETT/PETTIMED does not match current entity; duplicate fanout cluster preserves matching target rows elsewhere,high,MEDIUM,no,company_memory.sqlite:memory_entries,DATA_MISSING
1778,XTX,catalyst,Pettimed's capital raising at 1 cent per share,active,0.79,youtube_transcript:asx-daily-rundown-atlassian-lifts-tech-a2-milk-recall-shock-accent-group-all-time-lows:88e960386e503796,youtube_transcript,"ASX Daily Rundown | Atlassian Lifts Tech, A2 Milk Recall Shock & Accent Group All-Time Lows",2026-05-04T08:15:01Z,2026-05-05T04:20:50+00:00,2026-05-05T04:20:50+00:00,fanout_0001,67,candidate_expire_duplicate_fanout,status_expire_candidate,explicit target PET/PETT/PETTIMED does not match current entity; duplicate fanout cluster preserves matching target rows elsewhere,high,MEDIUM,no,company_memory.sqlite:memory_entries,DATA_MISSING
1779,A2M,catalyst,Pettimed's capital raising at 1 cent per share,active,0.79,youtube_transcript:asx-daily-rundown-atlassian-lifts-tech-a2-milk-recall-shock-accent-group-all-time-lows:88e960386e503796,youtube_transcript,"ASX Daily Rundown | Atlassian Lifts Tech, A2 Milk Recall Shock & Accent Group All-Time Lows",2026-05-04T08:15:01Z,2026-05-05T04:20:50+00:00,2026-05-05T04:20:50+00:00,fanout_0001,67,candidate_expire_duplicate_fanout,status_expire_candidate,explicit target PET/PETT/PETTIMED does not match current entity; duplicate fanout cluster preserves matching target rows elsewhere,high,MEDIUM,no,company_memory.sqlite:memory_entries,DATA_MISSING
1780,ENDV,catalyst,Pettimed's capital raising at 1 cent per share,active,0.79,youtube_transcript:asx-daily-rundown-atlassian-lifts-tech-a2-milk-recall-shock-accent-group-all-time-lows:88e960386e503796,youtube_transcript,"ASX Daily Rundown | Atlassian Lifts Tech, A2 Milk Recall Shock & Accent Group All-Time Lows",2026-05-04T08:15:01Z,2026-05-05T04:20:50+00:00,2026-05-05T04:20:50+00:00,fanout_0001,67,candidate_expire_duplicate_fanout,status_expire_candidate,explicit target PET/PETT/PETTIMED does not match current entity; duplicate fanout cluster preserves matching target rows elsewhere,high,MEDIUM,no,company_memory.sqlite:memory_entries,DATA_MISSING
1781,COH,catalyst,Pettimed's capital raising at 1 cent per share,active,0.79,youtube_transcript:asx-daily-rundown-atlassian-lifts-tech-a2-milk-recall-shock-accent-group-all-time-lows:88e960386e503796,youtube_transcript,"ASX Daily Rundown | Atlassian Lifts Tech, A2 Milk Recall Shock & Accent Group All-Time Lows",2026-05-04T08:15:01Z,2026-05-05T04:20:51+00:00,2026-05-05T04:20:51+00:00,fanout_0001,67,candidate_expire_duplicate_fanout,status_expire_candidate,explicit target PET/PETT/PETTIMED does not match current entity; duplicate fanout cluster preserves matching target rows elsewhere,high,MEDIUM,no,company_memory.sqlite:memory_entries,DATA_MISSING
1782,BHP,catalyst,Pettimed's capital raising at 1 cent per share,active,0.79,youtube_transcript:asx-daily-rundown-atlassian-lifts-tech-a2-milk-recall-shock-accent-group-all-time-lows:88e960386e503796,youtube_transcript,"ASX Daily Rundown | Atlassian Lifts Tech, A2 Milk Recall Shock & Accent Group All-Time Lows",2026-05-04T08:15:01Z,2026-05-05T04:20:51+00:00,2026-05-05T04:20:51+00:00,fanout_0001,67,candidate_expire_duplicate_fanout,status_expire_candidate,explicit target PET/PETT/PETTIMED does not match current entity; duplicate fanout cluster preserves matching target rows elsewhere,high,MEDIUM,no,company_memory.sqlite:memory_entries,DATA_MISSING
1783,WES,catalyst,Pettimed's capital raising at 1 cent per share,active,0.79,youtube_transcript:asx-daily-rundown-atlassian-lifts-tech-a2-milk-recall-shock-accent-group-all-time-lows:88e960386e503796,youtube_transcript,"ASX Daily Rundown | Atlassian Lifts Tech, A2 Milk Recall Shock & Accent Group All-Time Lows",2026-05-04T08:15:01Z,2026-05-05T04:20:51+00:00,2026-05-05T04:20:51+00:00,fanout_0001,67,candidate_expire_duplicate_fanout,status_expire_candidate,explicit target PET/PETT/PETTIMED does not match current entity; duplicate fanout cluster preserves matching target rows elsewhere,high,MEDIUM,no,company_memory.sqlite:memory_entries,DATA_MISSING
1784,NAB,catalyst,Pettimed's capital raising at 1 cent per share,active,0.79,youtube_transcript:asx-daily-rundown-atlassian-lifts-tech-a2-milk-recall-shock-accent-group-all-time-lows:88e960386e503796,youtube_transcript,"ASX Daily Rundown | Atlassian Lifts Tech, A2 Milk Recall Shock & Accent Group All-Time Lows",2026-05-04T08:15:01Z,2026-05-05T04:20:52+00:00,2026-05-05T04:20:52+00:00,fanout_0001,67,candidate_expire_duplicate_fanout,status_expire_candidate,explicit target PET/PETT/PETTIMED does not match current entity; duplicate fanout cluster preserves matching target rows elsewhere,high,MEDIUM,no,company_memory.sqlite:memory_entries,DATA_MISSING
1785,WBC,catalyst,Pettimed's capital raising at 1 cent per share,active,0.79,youtube_transcript:asx-daily-rundown-atlassian-lifts-tech-a2-milk-recall-shock-accent-group-all-time-lows:88e960386e503796,youtube_transcript,"ASX Daily Rundown | Atlassian Lifts Tech, A2 Milk Recall Shock & Accent Group All-Time Lows",2026-05-04T08:15:01Z,2026-05-05T04:20:53+00:00,2026-05-05T04:20:53+00:00,fanout_0001,67,candidate_expire_duplicate_fanout,status_expire_candidate,explicit target PET/PETT/PETTIMED does not match current entity; duplicate fanout cluster preserves matching target rows elsewhere,high,MEDIUM,no,company_memory.sqlite:memory_entries,DATA_MISSING
1786,KEYP,catalyst,Pettimed's capital raising at 1 cent per share,active,0.79,youtube_transcript:asx-daily-rundown-atlassian-lifts-tech-a2-milk-recall-shock-accent-group-all-time-lows:88e960386e503796,youtube_transcript,"ASX Daily Rundown | Atlassian Lifts Tech, A2 Milk Recall Shock & Accent Group All-Time Lows",2026-05-04T08:15:01Z,2026-05-05T04:20:53+00:00,2026-05-05T04:20:53+00:00,fanout_0001,67,candidate_expire_duplicate_fanout,status_expire_candidate,explicit target PET/PETT/PETTIMED does not match current entity; duplicate fanout cluster preserves matching target rows elsewhere,high,MEDIUM,no,company_memory.sqlite:memory_entries,DATA_MISSING
1787,GCMC,catalyst,Pettimed's capital raising at 1 cent per share,active,0.79,youtube_transcript:asx-daily-rundown-atlassian-lifts-tech-a2-milk-recall-shock-accent-group-all-time-lows:88e960386e503796,youtube_transcript,"ASX Daily Rundown | Atlassian Lifts Tech, A2 Milk Recall Shock & Accent Group All-Time Lows",2026-05-04T08:15:01Z,2026-05-05T04:20:53+00:00,2026-05-05T04:20:53+00:00,fanout_0001,67,candidate_expire_duplicate_fanout,status_expire_candidate,explicit target PET/PETT/PETTIMED does not match current entity; duplicate fanout cluster preserves matching target rows elsewhere,high,MEDIUM,no,company_memory.sqlite:memory_entries,DATA_MISSING
1788,MARINO,catalyst,Pettimed's capital raising at 1 cent per share,active,0.79,youtube_transcript:asx-daily-rundown-atlassian-lifts-tech-a2-milk-recall-shock-accent-group-all-time-lows:88e960386e503796,youtube_transcript,"ASX Daily Rundown | Atlassian Lifts Tech, A2 Milk Recall Shock & Accent Group All-Time Lows",2026-05-04T08:15:01Z,2026-05-05T04:20:53+00:00,2026-05-05T04:20:53+00:00,fanout_0001,67,candidate_expire_duplicate_fanout,status_expire_candidate,explicit target PET/PETT/PETTIMED does not match current entity; duplicate fanout cluster preserves matching target rows elsewhere,high,MEDIUM,no,company_memory.sqlite:memory_entries,DATA_MISSING
1789,CLAR,catalyst,Pettimed's capital raising at 1 cent per share,active,0.79,youtube_transcript:asx-daily-rundown-atlassian-lifts-tech-a2-milk-recall-shock-accent-group-all-time-lows:88e960386e503796,youtube_transcript,"ASX Daily Rundown | Atlassian Lifts Tech, A2 Milk Recall Shock & Accent Group All-Time Lows",2026-05-04T08:15:01Z,2026-05-05T04:20:53+00:00,2026-05-05T04:20:53+00:00,fanout_0001,67,candidate_expire_duplicate_fanout,status_expire_candidate,explicit target PET/PETT/PETTIMED does not match current entity; duplicate fanout cluster preserves matching target rows elsewhere,high,MEDIUM,no,company_memory.sqlite:memory_entries,DATA_MISSING
1790,WIN,catalyst,Pettimed's capital raising at 1 cent per share,active,0.79,youtube_transcript:asx-daily-rundown-atlassian-lifts-tech-a2-milk-recall-shock-accent-group-all-time-lows:88e960386e503796,youtube_transcript,"ASX Daily Rundown | Atlassian Lifts Tech, A2 Milk Recall Shock & Accent Group All-Time Lows",2026-05-04T08:15:01Z,2026-05-05T04:20:54+00:00,2026-05-05T04:20:54+00:00,fanout_0001,67,candidate_expire_duplicate_fanout,status_expire_candidate,explicit target PET/PETT/PETTIMED does not match current entity; duplicate fanout cluster preserves matching target rows elsewhere,high,MEDIUM,no,company_memory.sqlite:memory_entries,DATA_MISSING
1791,LIVN,catalyst,Pettimed's capital raising at 1 cent per share,active,0.79,youtube_transcript:asx-daily-rundown-atlassian-lifts-tech-a2-milk-recall-shock-accent-group-all-time-lows:88e960386e503796,youtube_transcript,"ASX Daily Rundown | Atlassian Lifts Tech, A2 Milk Recall Shock & Accent Group All-Time Lows",2026-05-04T08:15:01Z,2026-05-05T04:20:54+00:00,2026-05-05T04:20:54+00:00,fanout_0001,67,candidate_expire_duplicate_fanout,status_expire_candidate,explicit target PET/PETT/PETTIMED does not match current entity; duplicate fanout cluster preserves matching target rows elsewhere,high,MEDIUM,no,company_memory.sqlite:memory_entries,DATA_MISSING
1792,SKT,catalyst,Pettimed's capital raising at 1 cent per share,active,0.79,youtube_transcript:asx-daily-rundown-atlassian-lifts-tech-a2-milk-recall-shock-accent-group-all-time-lows:88e960386e503796,youtube_transcript,"ASX Daily Rundown | Atlassian Lifts Tech, A2 Milk Recall Shock & Accent Group All-Time Lows",2026-05-04T08:15:01Z,2026-05-05T04:20:54+00:00,2026-05-05T04:20:54+00:00,fanout_0001,67,candidate_expire_duplicate_fanout,status_expire_candidate,explicit target PET/PETT/PETTIMED does not match current entity; duplicate fanout cluster preserves matching target rows elsewhere,high,MEDIUM,no,company_memory.sqlite:memory_entries,DATA_MISSING
1793,VCE,catalyst,Pettimed's capital raising at 1 cent per share,active,0.79,youtube_transcript:asx-daily-rundown-atlassian-lifts-tech-a2-milk-recall-shock-accent-group-all-time-lows:88e960386e503796,youtube_transcript,"ASX Daily Rundown | Atlassian Lifts Tech, A2 Milk Recall Shock & Accent Group All-Time Lows",2026-05-04T08:15:01Z,2026-05-05T04:20:54+00:00,2026-05-05T04:20:54+00:00,fanout_0001,67,candidate_expire_duplicate_fanout,status_expire_candidate,explicit target PET/PETT/PETTIMED does not match current entity; duplicate fanout cluster preserves matching target rows elsewhere,high,MEDIUM,no,company_memory.sqlite:memory_entries,DATA_MISSING
1794,SN,catalyst,Pettimed's capital raising at 1 cent per share,active,0.79,youtube_transcript:asx-daily-rundown-atlassian-lifts-tech-a2-milk-recall-shock-accent-group-all-time-lows:88e960386e503796,youtube_transcript,"ASX Daily Rundown | Atlassian Lifts Tech, A2 Milk Recall Shock & Accent Group All-Time Lows",2026-05-04T08:15:01Z,2026-05-05T04:20:55+00:00,2026-05-05T04:20:55+00:00,fanout_0001,67,candidate_expire_duplicate_fanout,status_expire_candidate,explicit target PET/PETT/PETTIMED does not match current entity; duplicate fanout cluster preserves matching target rows elsewhere,high,MEDIUM,no,company_memory.sqlite:memory_entries,DATA_MISSING
1795,LION,catalyst,Pettimed's capital raising at 1 cent per share,active,0.79,youtube_transcript:asx-daily-rundown-atlassian-lifts-tech-a2-milk-recall-shock-accent-group-all-time-lows:88e960386e503796,youtube_transcript,"ASX Daily Rundown | Atlassian Lifts Tech, A2 Milk Recall Shock & Accent Group All-Time Lows",2026-05-04T08:15:01Z,2026-05-05T04:20:55+00:00,2026-05-05T04:20:55+00:00,fanout_0001,67,candidate_expire_duplicate_fanout,status_expire_candidate,explicit target PET/PETT/PETTIMED does not match current entity; duplicate fanout cluster preserves matching target rows elsewhere,high,MEDIUM,no,company_memory.sqlite:memory_entries,DATA_MISSING
1797,INDE,catalyst,Pettimed's capital raising at 1 cent per share,active,0.79,youtube_transcript:asx-daily-rundown-atlassian-lifts-tech-a2-milk-recall-shock-accent-group-all-time-lows:88e960386e503796,youtube_transcript,"ASX Daily Rundown | Atlassian Lifts Tech, A2 Milk Recall Shock & Accent Group All-Time Lows",2026-05-04T08:15:01Z,2026-05-05T04:20:56+00:00,2026-05-05T04:20:56+00:00,fanout_0001,67,candidate_expire_duplicate_fanout,status_expire_candidate,explicit target PET/PETT/PETTIMED does not match current entity; duplicate fanout cluster preserves matching target rows elsewhere,high,MEDIUM,no,company_memory.sqlite:memory_entries,DATA_MISSING
1798,C79,catalyst,Pettimed's capital raising at 1 cent per share,active,0.79,youtube_transcript:asx-daily-rundown-atlassian-lifts-tech-a2-milk-recall-shock-accent-group-all-time-lows:88e960386e503796,youtube_transcript,"ASX Daily Rundown | Atlassian Lifts Tech, A2 Milk Recall Shock & Accent Group All-Time Lows",2026-05-04T08:15:01Z,2026-05-05T04:20:56+00:00,2026-05-05T04:20:56+00:00,fanout_0001,67,candidate_expire_duplicate_fanout,status_expire_candidate,explicit target PET/PETT/PETTIMED does not match current entity; duplicate fanout cluster preserves matching target rows elsewhere,high,MEDIUM,no,company_memory.sqlite:memory_entries,DATA_MISSING
1799,A2 MILK,catalyst,Pettimed's capital raising at 1 cent per share,active,0.79,youtube_transcript:asx-daily-rundown-atlassian-lifts-tech-a2-milk-recall-shock-accent-group-all-time-lows:88e960386e503796,youtube_transcript,"ASX Daily Rundown | Atlassian Lifts Tech, A2 Milk Recall Shock & Accent Group All-Time Lows",2026-05-04T08:15:01Z,2026-05-05T04:20:56+00:00,2026-05-05T04:20:56+00:00,fanout_0001,67,candidate_expire_duplicate_fanout,status_expire_candidate,explicit target PET/PETT/PETTIMED does not match current entity; duplicate fanout cluster preserves matching target rows elsewhere,high,MEDIUM,no,company_memory.sqlite:memory_entries,DATA_MISSING
1800,ACCENT GROUP,catalyst,Pettimed's capital raising at 1 cent per share,active,0.79,youtube_transcript:asx-daily-rundown-atlassian-lifts-tech-a2-milk-recall-shock-accent-group-all-time-lows:88e960386e503796,youtube_transcript,"ASX Daily Rundown | Atlassian Lifts Tech, A2 Milk Recall Shock & Accent Group All-Time Lows",2026-05-04T08:15:01Z,2026-05-05T04:20:56+00:00,2026-05-05T04:20:56+00:00,fanout_0001,67,candidate_expire_duplicate_fanout,status_expire_candidate,explicit target PET/PETT/PETTIMED does not match current entity; duplicate fanout cluster preserves matching target rows elsewhere,high,MEDIUM,no,company_memory.sqlite:memory_entries,DATA_MISSING
1801,ASX,catalyst,Chrysos Corporation's guidance towards the upper end of their range,active,0.74,youtube_transcript:asx-daily-rundown-atlassian-lifts-tech-a2-milk-recall-shock-accent-group-all-time-lows:88e960386e503796,youtube_transcript,"ASX Daily Rundown | Atlassian Lifts Tech, A2 Milk Recall Shock & Accent Group All-Time Lows",2026-05-04T08:15:01Z,2026-05-05T04:20:56+00:00,2026-05-05T04:20:56+00:00,fanout_0038,25,candidate_expire_duplicate_fanout,status_expire_candidate,explicit target CHRYSOS/C79/GCM does not match current entity; duplicate fanout cluster preserves matching target rows elsewhere,high,MEDIUM,no,company_memory.sqlite:memory_entries,DATA_MISSING
1802,TXT,catalyst,Chrysos Corporation's guidance towards the upper end of their range,active,0.74,youtube_transcript:asx-daily-rundown-atlassian-lifts-tech-a2-milk-recall-shock-accent-group-all-time-lows:88e960386e503796,youtube_transcript,"ASX Daily Rundown | Atlassian Lifts Tech, A2 Milk Recall Shock & Accent Group All-Time Lows",2026-05-04T08:15:01Z,2026-05-05T04:20:56+00:00,2026-05-05T04:20:56+00:00,fanout_0038,25,candidate_expire_duplicate_fanout,status_expire_candidate,explicit target CHRYSOS/C79/GCM does not match current entity; duplicate fanout cluster preserves matching target rows elsewhere,high,MEDIUM,no,company_memory.sqlite:memory_entries,DATA_MISSING
1803,XTX,catalyst,Chrysos Corporation's guidance towards the upper end of their range,active,0.74,youtube_transcript:asx-daily-rundown-atlassian-lifts-tech-a2-milk-recall-shock-accent-group-all-time-lows:88e960386e503796,youtube_transcript,"ASX Daily Rundown | Atlassian Lifts Tech, A2 Milk Recall Shock & Accent Group All-Time Lows",2026-05-04T08:15:01Z,2026-05-05T04:20:58+00:00,2026-05-05T04:20:58+00:00,fanout_0038,25,candidate_expire_duplicate_fanout,status_expire_candidate,explicit target CHRYSOS/C79/GCM does not match current entity; duplicate fanout cluster preserves matching target rows elsewhere,high,MEDIUM,no,company_memory.sqlite:memory_entries,DATA_MISSING
1804,A2M,catalyst,Chrysos Corporation's guidance towards the upper end of their range,active,0.74,youtube_transcript:asx-daily-rundown-atlassian-lifts-tech-a2-milk-recall-shock-accent-group-all-time-lows:88e960386e503796,youtube_transcript,"ASX Daily Rundown | Atlassian Lifts Tech, A2 Milk Recall Shock & Accent Group All-Time Lows",2026-05-04T08:15:01Z,2026-05-05T04:20:58+00:00,2026-05-05T04:20:58+00:00,fanout_0038,25,candidate_expire_duplicate_fanout,status_expire_candidate,explicit target CHRYSOS/C79/GCM does not match current entity; duplicate fanout cluster preserves matching target rows elsewhere,high,MEDIUM,no,company_memory.sqlite:memory_entries,DATA_MISSING
1805,ENDV,catalyst,Chrysos Corporation's guidance towards the upper end of their range,active,0.74,youtube_transcript:asx-daily-rundown-atlassian-lifts-tech-a2-milk-recall-shock-accent-group-all-time-lows:88e960386e503796,youtube_transcript,"ASX Daily Rundown | Atlassian Lifts Tech, A2 Milk Recall Shock & Accent Group All-Time Lows",2026-05-04T08:15:01Z,2026-05-05T04:20:58+00:00,2026-05-05T04:20:58+00:00,fanout_0038,25,candidate_expire_duplicate_fanout,status_expire_candidate,explicit target CHRYSOS/C79/GCM does not match current entity; duplicate fanout cluster preserves matching target rows elsewhere,high,MEDIUM,no,company_memory.sqlite:memory_entries,DATA_MISSING
1806,COH,catalyst,Chrysos Corporation's guidance towards the upper end of their range,active,0.74,youtube_transcript:asx-daily-rundown-atlassian-lifts-tech-a2-milk-recall-shock-accent-group-all-time-lows:88e960386e503796,youtube_transcript,"ASX Daily Rundown | Atlassian Lifts Tech, A2 Milk Recall Shock & Accent Group All-Time Lows",2026-05-04T08:15:01Z,2026-05-05T04:20:58+00:00,2026-05-05T04:20:58+00:00,fanout_0038,25,candidate_expire_duplicate_fanout,status_expire_candidate,explicit target CHRYSOS/C79/GCM does not match current entity; duplicate fanout cluster preserves matching target rows elsewhere,high,MEDIUM,no,company_memory.sqlite:memory_entries,DATA_MISSING
1807,BHP,catalyst,Chrysos Corporation's guidance towards the upper end of their range,active,0.74,youtube_transcript:asx-daily-rundown-atlassian-lifts-tech-a2-milk-recall-shock-accent-group-all-time-lows:88e960386e503796,youtube_transcript,"ASX Daily Rundown | Atlassian Lifts Tech, A2 Milk Recall Shock & Accent Group All-Time Lows",2026-05-04T08:15:01Z,2026-05-05T04:20:59+00:00,2026-05-05T04:20:59+00:00,fanout_0038,25,candidate_expire_duplicate_fanout,status_expire_candidate,explicit target CHRYSOS/C79/GCM does not match current entity; duplicate fanout cluster preserves matching target rows elsewhere,high,MEDIUM,no,company_memory.sqlite:memory_entries,DATA_MISSING
1808,WES,catalyst,Chrysos Corporation's guidance towards the upper end of their range,active,0.74,youtube_transcript:asx-daily-rundown-atlassian-lifts-tech-a2-milk-recall-shock-accent-group-all-time-lows:88e960386e503796,youtube_transcript,"ASX Daily Rundown | Atlassian Lifts Tech, A2 Milk Recall Shock & Accent Group All-Time Lows",2026-05-04T08:15:01Z,2026-05-05T04:20:59+00:00,2026-05-05T04:20:59+00:00,fanout_0038,25,candidate_expire_duplicate_fanout,status_expire_candidate,explicit target CHRYSOS/C79/GCM does not match current entity; duplicate fanout cluster preserves matching target rows elsewhere,high,MEDIUM,no,company_memory.sqlite:memory_entries,DATA_MISSING
1809,NAB,catalyst,Chrysos Corporation's guidance towards the upper end of their range,active,0.74,youtube_transcript:asx-daily-rundown-atlassian-lifts-tech-a2-milk-recall-shock-accent-group-all-time-lows:88e960386e503796,youtube_transcript,"ASX Daily Rundown | Atlassian Lifts Tech, A2 Milk Recall Shock & Accent Group All-Time Lows",2026-05-04T08:15:01Z,2026-05-05T04:20:59+00:00,2026-05-05T04:20:59+00:00,fanout_0038,25,candidate_expire_duplicate_fanout,status_expire_candidate,explicit target CHRYSOS/C79/GCM does not match current entity; duplicate fanout cluster preserves matching target rows elsewhere,high,MEDIUM,no,company_memory.sqlite:memory_entries,DATA_MISSING
1810,WBC,catalyst,Chrysos Corporation's guidance towards the upper end of their range,active,0.74,youtube_transcript:asx-daily-rundown-atlassian-lifts-tech-a2-milk-recall-shock-accent-group-all-time-lows:88e960386e503796,youtube_transcript,"ASX Daily Rundown | Atlassian Lifts Tech, A2 Milk Recall Shock & Accent Group All-Time Lows",2026-05-04T08:15:01Z,2026-05-05T04:20:59+00:00,2026-05-05T04:20:59+00:00,fanout_0038,25,candidate_expire_duplicate_fanout,status_expire_candidate,explicit target CHRYSOS/C79/GCM does not match current entity; duplicate fanout cluster preserves matching target rows elsewhere,high,MEDIUM,no,company_memory.sqlite:memory_entries,DATA_MISSING
1811,KEYP,catalyst,Chrysos Corporation's guidance towards the upper end of their range,active,0.74,youtube_transcript:asx-daily-rundown-atlassian-lifts-tech-a2-milk-recall-shock-accent-group-all-time-lows:88e960386e503796,youtube_transcript,"ASX Daily Rundown | Atlassian Lifts Tech, A2 Milk Recall Shock & Accent Group All-Time Lows",2026-05-04T08:15:01Z,2026-05-05T04:21:00+00:00,2026-05-05T04:21:00+00:00,fanout_0038,25,candidate_expire_duplicate_fanout,status_expire_candidate,explicit target CHRYSOS/C79/GCM does not match current entity; duplicate fanout cluster preserves matching target rows elsewhere,high,MEDIUM,no,company_memory.sqlite:memory_entries,DATA_MISSING
1813,MARINO,catalyst,Chrysos Corporation's guidance towards the upper end of their range,active,0.74,youtube_transcript:asx-daily-rundown-atlassian-lifts-tech-a2-milk-recall-shock-accent-group-all-time-lows:88e960386e503796,youtube_transcript,"ASX Daily Rundown | Atlassian Lifts Tech, A2 Milk Recall Shock & Accent Group All-Time Lows",2026-05-04T08:15:01Z,2026-05-05T04:21:01+00:00,2026-05-05T04:21:01+00:00,fanout_0038,25,candidate_expire_duplicate_fanout,status_expire_candidate,explicit target CHRYSOS/C79/GCM does not match current entity; duplicate fanout cluster preserves matching target rows elsewhere,high,MEDIUM,no,company_memory.sqlite:memory_entries,DATA_MISSING
1814,CLAR,catalyst,Chrysos Corporation's guidance towards the upper end of their range,active,0.74,youtube_transcript:asx-daily-rundown-atlassian-lifts-tech-a2-milk-recall-shock-accent-group-all-time-lows:88e960386e503796,youtube_transcript,"ASX Daily Rundown | Atlassian Lifts Tech, A2 Milk Recall Shock & Accent Group All-Time Lows",2026-05-04T08:15:01Z,2026-05-05T04:21:01+00:00,2026-05-05T04:21:01+00:00,fanout_0038,25,candidate_expire_duplicate_fanout,status_expire_candidate,explicit target CHRYSOS/C79/GCM does not match current entity; duplicate fanout cluster preserves matching target rows elsewhere,high,MEDIUM,no,company_memory.sqlite:memory_entries,DATA_MISSING
1815,WIN,catalyst,Chrysos Corporation's guidance towards the upper end of their range,active,0.74,youtube_transcript:asx-daily-rundown-atlassian-lifts-tech-a2-milk-recall-shock-accent-group-all-time-lows:88e960386e503796,youtube_transcript,"ASX Daily Rundown | Atlassian Lifts Tech, A2 Milk Recall Shock & Accent Group All-Time Lows",2026-05-04T08:15:01Z,2026-05-05T04:21:01+00:00,2026-05-05T04:21:01+00:00,fanout_0038,25,candidate_expire_duplicate_fanout,status_expire_candidate,explicit target CHRYSOS/C79/GCM does not match current entity; duplicate fanout cluster preserves matching target rows elsewhere,high,MEDIUM,no,company_memory.sqlite:memory_entries,DATA_MISSING
1816,LIVN,catalyst,Chrysos Corporation's guidance towards the upper end of their range,active,0.74,youtube_transcript:asx-daily-rundown-atlassian-lifts-tech-a2-milk-recall-shock-accent-group-all-time-lows:88e960386e503796,youtube_transcript,"ASX Daily Rundown | Atlassian Lifts Tech, A2 Milk Recall Shock & Accent Group All-Time Lows",2026-05-04T08:15:01Z,2026-05-05T04:21:01+00:00,2026-05-05T04:21:01+00:00,fanout_0038,25,candidate_expire_duplicate_fanout,status_expire_candidate,explicit target CHRYSOS/C79/GCM does not match current entity; duplicate fanout cluster preserves matching target rows elsewhere,high,MEDIUM,no,company_memory.sqlite:memory_entries,DATA_MISSING
1817,SKT,catalyst,Chrysos Corporation's guidance towards the upper end of their range,active,0.74,youtube_transcript:asx-daily-rundown-atlassian-lifts-tech-a2-milk-recall-shock-accent-group-all-time-lows:88e960386e503796,youtube_transcript,"ASX Daily Rundown | Atlassian Lifts Tech, A2 Milk Recall Shock & Accent Group All-Time Lows",2026-05-04T08:15:01Z,2026-05-05T04:21:02+00:00,2026-05-05T04:21:02+00:00,fanout_0038,25,candidate_expire_duplicate_fanout,status_expire_candidate,explicit target CHRYSOS/C79/GCM does not match current entity; duplicate fanout cluster preserves matching target rows elsewhere,high,MEDIUM,no,company_memory.sqlite:memory_entries,DATA_MISSING
1818,VCE,catalyst,Chrysos Corporation's guidance towards the upper end of their range,active,0.74,youtube_transcript:asx-daily-rundown-atlassian-lifts-tech-a2-milk-recall-shock-accent-group-all-time-lows:88e960386e503796,youtube_transcript,"ASX Daily Rundown | Atlassian Lifts Tech, A2 Milk Recall Shock & Accent Group All-Time Lows",2026-05-04T08:15:01Z,2026-05-05T04:21:02+00:00,2026-05-05T04:21:02+00:00,fanout_0038,25,candidate_expire_duplicate_fanout,status_expire_candidate,explicit target CHRYSOS/C79/GCM does not match current entity; duplicate fanout cluster preserves matching target rows elsewhere,high,MEDIUM,no,company_memory.sqlite:memory_entries,DATA_MISSING
1819,SN,catalyst,Chrysos Corporation's guidance towards the upper end of their range,active,0.74,youtube_transcript:asx-daily-rundown-atlassian-lifts-tech-a2-milk-recall-shock-accent-group-all-time-lows:88e960386e503796,youtube_transcript,"ASX Daily Rundown | Atlassian Lifts Tech, A2 Milk Recall Shock & Accent Group All-Time Lows",2026-05-04T08:15:01Z,2026-05-05T04:21:03+00:00,2026-05-05T04:21:03+00:00,fanout_0038,25,candidate_expire_duplicate_fanout,status_expire_candidate,explicit target CHRYSOS/C79/GCM does not match current entity; duplicate fanout cluster preserves matching target rows elsewhere,high,MEDIUM,no,company_memory.sqlite:memory_entries,DATA_MISSING
1820,LION,catalyst,Chrysos Corporation's guidance towards the upper end of their range,active,0.74,youtube_transcript:asx-daily-rundown-atlassian-lifts-tech-a2-milk-recall-shock-accent-group-all-time-lows:88e960386e503796,youtube_transcript,"ASX Daily Rundown | Atlassian Lifts Tech, A2 Milk Recall Shock & Accent Group All-Time Lows",2026-05-04T08:15:01Z,2026-05-05T04:21:04+00:00,2026-05-05T04:21:04+00:00,fanout_0038,25,candidate_expire_duplicate_fanout,status_expire_candidate,explicit target CHRYSOS/C79/GCM does not match current entity; duplicate fanout cluster preserves matching target rows elsewhere,high,MEDIUM,no,company_memory.sqlite:memory_entries,DATA_MISSING
1821,PETT,catalyst,Chrysos Corporation's guidance towards the upper end of their range,active,0.74,youtube_transcript:asx-daily-rundown-atlassian-lifts-tech-a2-milk-recall-shock-accent-group-all-time-lows:88e960386e503796,youtube_transcript,"ASX Daily Rundown | Atlassian Lifts Tech, A2 Milk Recall Shock & Accent Group All-Time Lows",2026-05-04T08:15:01Z,2026-05-05T04:21:04+00:00,2026-05-05T04:21:04+00:00,fanout_0038,25,candidate_expire_duplicate_fanout,status_expire_candidate,explicit target CHRYSOS/C79/GCM does not match current entity; duplicate fanout cluster preserves matching target rows elsewhere,high,MEDIUM,no,company_memory.sqlite:memory_entries,DATA_MISSING
1822,INDE,catalyst,Chrysos Corporation's guidance towards the upper end of their range,active,0.74,youtube_transcript:asx-daily-rundown-atlassian-lifts-tech-a2-milk-recall-shock-accent-group-all-time-lows:88e960386e503796,youtube_transcript,"ASX Daily Rundown | Atlassian Lifts Tech, A2 Milk Recall Shock & Accent Group All-Time Lows",2026-05-04T08:15:01Z,2026-05-05T04:21:05+00:00,2026-05-05T04:21:05+00:00,fanout_0038,25,candidate_expire_duplicate_fanout,status_expire_candidate,explicit target CHRYSOS/C79/GCM does not match current entity; duplicate fanout cluster preserves matching target rows elsewhere,high,MEDIUM,no,company_memory.sqlite:memory_entries,DATA_MISSING
1824,A2 MILK,catalyst,Chrysos Corporation's guidance towards the upper end of their range,active,0.74,youtube_transcript:asx-daily-rundown-atlassian-lifts-tech-a2-milk-recall-shock-accent-group-all-time-lows:88e960386e503796,youtube_transcript,"ASX Daily Rundown | Atlassian Lifts Tech, A2 Milk Recall Shock & Accent Group All-Time Lows",2026-05-04T08:15:01Z,2026-05-05T04:21:05+00:00,2026-05-05T04:21:05+00:00,fanout_0038,25,candidate_expire_duplicate_fanout,status_expire_candidate,explicit target CHRYSOS/C79/GCM does not match current entity; duplicate fanout cluster preserves matching target rows elsewhere,high,MEDIUM,no,company_memory.sqlite:memory_entries,DATA_MISSING
1825,ACCENT GROUP,catalyst,Chrysos Corporation's guidance towards the upper end of their range,active,0.74,youtube_transcript:asx-daily-rundown-atlassian-lifts-tech-a2-milk-recall-shock-accent-group-all-time-lows:88e960386e503796,youtube_transcript,"ASX Daily Rundown | Atlassian Lifts Tech, A2 Milk Recall Shock & Accent Group All-Time Lows",2026-05-04T08:15:01Z,2026-05-05T04:21:05+00:00,2026-05-05T04:21:05+00:00,fanout_0038,25,candidate_expire_duplicate_fanout,status_expire_candidate,explicit target CHRYSOS/C79/GCM does not match current entity; duplicate fanout cluster preserves matching target rows elsewhere,high,MEDIUM,no,company_memory.sqlite:memory_entries,DATA_MISSING
1826,ASX,catalyst,A2 MILK's voluntary recall of three batches of A2 Platinum USA label infant milk formula,active,0.74,youtube_transcript:asx-daily-rundown-atlassian-lifts-tech-a2-milk-recall-shock-accent-group-all-time-lows:88e960386e503796,youtube_transcript,"ASX Daily Rundown | Atlassian Lifts Tech, A2 Milk Recall Shock & Accent Group All-Time Lows",2026-05-04T08:15:01Z,2026-05-05T04:21:06+00:00,2026-05-05T04:21:06+00:00,fanout_0036,25,candidate_expire_duplicate_fanout,status_expire_candidate,explicit target A2M/A2 MILK does not match current entity; duplicate fanout cluster preserves matching target rows elsewhere,high,MEDIUM,no,company_memory.sqlite:memory_entries,DATA_MISSING
1827,TXT,catalyst,A2 MILK's voluntary recall of three batches of A2 Platinum USA label infant milk formula,active,0.74,youtube_transcript:asx-daily-rundown-atlassian-lifts-tech-a2-milk-recall-shock-accent-group-all-time-lows:88e960386e503796,youtube_transcript,"ASX Daily Rundown | Atlassian Lifts Tech, A2 Milk Recall Shock & Accent Group All-Time Lows",2026-05-04T08:15:01Z,2026-05-05T04:21:06+00:00,2026-05-05T04:21:06+00:00,fanout_0036,25,candidate_expire_duplicate_fanout,status_expire_candidate,explicit target A2M/A2 MILK does not match current entity; duplicate fanout cluster preserves matching target rows elsewhere,high,MEDIUM,no,company_memory.sqlite:memory_entries,DATA_MISSING
1828,XTX,catalyst,A2 MILK's voluntary recall of three batches of A2 Platinum USA label infant milk formula,active,0.74,youtube_transcript:asx-daily-rundown-atlassian-lifts-tech-a2-milk-recall-shock-accent-group-all-time-lows:88e960386e503796,youtube_transcript,"ASX Daily Rundown | Atlassian Lifts Tech, A2 Milk Recall Shock & Accent Group All-Time Lows",2026-05-04T08:15:01Z,2026-05-05T04:21:06+00:00,2026-05-05T04:21:06+00:00,fanout_0036,25,candidate_expire_duplicate_fanout,status_expire_candidate,explicit target A2M/A2 MILK does not match current entity; duplicate fanout cluster preserves matching target rows elsewhere,high,MEDIUM,no,company_memory.sqlite:memory_entries,DATA_MISSING
1830,ENDV,catalyst,A2 MILK's voluntary recall of three batches of A2 Platinum USA label infant milk formula,active,0.74,youtube_transcript:asx-daily-rundown-atlassian-lifts-tech-a2-milk-recall-shock-accent-group-all-time-lows:88e960386e503796,youtube_transcript,"ASX Daily Rundown | Atlassian Lifts Tech, A2 Milk Recall Shock & Accent Group All-Time Lows",2026-05-04T08:15:01Z,2026-05-05T04:21:06+00:00,2026-05-05T04:21:06+00:00,fanout_0036,25,candidate_expire_duplicate_fanout,status_expire_candidate,explicit target A2M/A2 MILK does not match current entity; duplicate fanout cluster preserves matching target rows elsewhere,high,MEDIUM,no,company_memory.sqlite:memory_entries,DATA_MISSING
1831,COH,catalyst,A2 MILK's voluntary recall of three batches of A2 Platinum USA label infant milk formula,active,0.74,youtube_transcript:asx-daily-rundown-atlassian-lifts-tech-a2-milk-recall-shock-accent-group-all-time-lows:88e960386e503796,youtube_transcript,"ASX Daily Rundown | Atlassian Lifts Tech, A2 Milk Recall Shock & Accent Group All-Time Lows",2026-05-04T08:15:01Z,2026-05-05T04:21:06+00:00,2026-05-05T04:21:06+00:00,fanout_0036,25,candidate_expire_duplicate_fanout,status_expire_candidate,explicit target A2M/A2 MILK does not match current entity; duplicate fanout cluster preserves matching target rows elsewhere,high,MEDIUM,no,company_memory.sqlite:memory_entries,DATA_MISSING
1832,BHP,catalyst,A2 MILK's voluntary recall of three batches of A2 Platinum USA label infant milk formula,active,0.74,youtube_transcript:asx-daily-rundown-atlassian-lifts-tech-a2-milk-recall-shock-accent-group-all-time-lows:88e960386e503796,youtube_transcript,"ASX Daily Rundown | Atlassian Lifts Tech, A2 Milk Recall Shock & Accent Group All-Time Lows",2026-05-04T08:15:01Z,2026-05-05T04:21:07+00:00,2026-05-05T04:21:07+00:00,fanout_0036,25,candidate_expire_duplicate_fanout,status_expire_candidate,explicit target A2M/A2 MILK does not match current entity; duplicate fanout cluster preserves matching target rows elsewhere,high,MEDIUM,no,company_memory.sqlite:memory_entries,DATA_MISSING
1833,WES,catalyst,A2 MILK's voluntary recall of three batches of A2 Platinum USA label infant milk formula,active,0.74,youtube_transcript:asx-daily-rundown-atlassian-lifts-tech-a2-milk-recall-shock-accent-group-all-time-lows:88e960386e503796,youtube_transcript,"ASX Daily Rundown | Atlassian Lifts Tech, A2 Milk Recall Shock & Accent Group All-Time Lows",2026-05-04T08:15:01Z,2026-05-05T04:21:08+00:00,2026-05-05T04:21:08+00:00,fanout_0036,25,candidate_expire_duplicate_fanout,status_expire_candidate,explicit target A2M/A2 MILK does not match current entity; duplicate fanout cluster preserves matching target rows elsewhere,high,MEDIUM,no,company_memory.sqlite:memory_entries,DATA_MISSING
1834,NAB,catalyst,A2 MILK's voluntary recall of three batches of A2 Platinum USA label infant milk formula,active,0.74,youtube_transcript:asx-daily-rundown-atlassian-lifts-tech-a2-milk-recall-shock-accent-group-all-time-lows:88e960386e503796,youtube_transcript,"ASX Daily Rundown | Atlassian Lifts Tech, A2 Milk Recall Shock & Accent Group All-Time Lows",2026-05-04T08:15:01Z,2026-05-05T04:21:08+00:00,2026-05-05T04:21:08+00:00,fanout_0036,25,candidate_expire_duplicate_fanout,status_expire_candidate,explicit target A2M/A2 MILK does not match current entity; duplicate fanout cluster preserves matching target rows elsewhere,high,MEDIUM,no,company_memory.sqlite:memory_entries,DATA_MISSING
1835,WBC,catalyst,A2 MILK's voluntary recall of three batches of A2 Platinum USA label infant milk formula,active,0.74,youtube_transcript:asx-daily-rundown-atlassian-lifts-tech-a2-milk-recall-shock-accent-group-all-time-lows:88e960386e503796,youtube_transcript,"ASX Daily Rundown | Atlassian Lifts Tech, A2 Milk Recall Shock & Accent Group All-Time Lows",2026-05-04T08:15:01Z,2026-05-05T04:21:08+00:00,2026-05-05T04:21:08+00:00,fanout_0036,25,candidate_expire_duplicate_fanout,status_expire_candidate,explicit target A2M/A2 MILK does not match current entity; duplicate fanout cluster preserves matching target rows elsewhere,high,MEDIUM,no,company_memory.sqlite:memory_entries,DATA_MISSING
1836,KEYP,catalyst,A2 MILK's voluntary recall of three batches of A2 Platinum USA label infant milk formula,active,0.74,youtube_transcript:asx-daily-rundown-atlassian-lifts-tech-a2-milk-recall-shock-accent-group-all-time-lows:88e960386e503796,youtube_transcript,"ASX Daily Rundown | Atlassian Lifts Tech, A2 Milk Recall Shock & Accent Group All-Time Lows",2026-05-04T08:15:01Z,2026-05-05T04:21:08+00:00,2026-05-05T04:21:08+00:00,fanout_0036,25,candidate_expire_duplicate_fanout,status_expire_candidate,explicit target A2M/A2 MILK does not match current entity; duplicate fanout cluster preserves matching target rows elsewhere,high,MEDIUM,no,company_memory.sqlite:memory_entries,DATA_MISSING
1837,GCMC,catalyst,A2 MILK's voluntary recall of three batches of A2 Platinum USA label infant milk formula,active,0.74,youtube_transcript:asx-daily-rundown-atlassian-lifts-tech-a2-milk-recall-shock-accent-group-all-time-lows:88e960386e503796,youtube_transcript,"ASX Daily Rundown | Atlassian Lifts Tech, A2 Milk Recall Shock & Accent Group All-Time Lows",2026-05-04T08:15:01Z,2026-05-05T04:21:08+00:00,2026-05-05T04:21:08+00:00,fanout_0036,25,candidate_expire_duplicate_fanout,status_expire_candidate,explicit target A2M/A2 MILK does not match current entity; duplicate fanout cluster preserves matching target rows elsewhere,high,MEDIUM,no,company_memory.sqlite:memory_entries,DATA_MISSING
1838,MARINO,catalyst,A2 MILK's voluntary recall of three batches of A2 Platinum USA label infant milk formula,active,0.74,youtube_transcript:asx-daily-rundown-atlassian-lifts-tech-a2-milk-recall-shock-accent-group-all-time-lows:88e960386e503796,youtube_transcript,"ASX Daily Rundown | Atlassian Lifts Tech, A2 Milk Recall Shock & Accent Group All-Time Lows",2026-05-04T08:15:01Z,2026-05-05T04:21:09+00:00,2026-05-05T04:21:09+00:00,fanout_0036,25,candidate_expire_duplicate_fanout,status_expire_candidate,explicit target A2M/A2 MILK does not match current entity; duplicate fanout cluster preserves matching target rows elsewhere,high,MEDIUM,no,company_memory.sqlite:memory_entries,DATA_MISSING
1839,CLAR,catalyst,A2 MILK's voluntary recall of three batches of A2 Platinum USA label infant milk formula,active,0.74,youtube_transcript:asx-daily-rundown-atlassian-lifts-tech-a2-milk-recall-shock-accent-group-all-time-lows:88e960386e503796,youtube_transcript,"ASX Daily Rundown | Atlassian Lifts Tech, A2 Milk Recall Shock & Accent Group All-Time Lows",2026-05-04T08:15:01Z,2026-05-05T04:21:09+00:00,2026-05-05T04:21:09+00:00,fanout_0036,25,candidate_expire_duplicate_fanout,status_expire_candidate,explicit target A2M/A2 MILK does not match current entity; duplicate fanout cluster preserves matching target rows elsewhere,high,MEDIUM,no,company_memory.sqlite:memory_entries,DATA_MISSING
1840,WIN,catalyst,A2 MILK's voluntary recall of three batches of A2 Platinum USA label infant milk formula,active,0.74,youtube_transcript:asx-daily-rundown-atlassian-lifts-tech-a2-milk-recall-shock-accent-group-all-time-lows:88e960386e503796,youtube_transcript,"ASX Daily Rundown | Atlassian Lifts Tech, A2 Milk Recall Shock & Accent Group All-Time Lows",2026-05-04T08:15:01Z,2026-05-05T04:21:09+00:00,2026-05-05T04:21:09+00:00,fanout_0036,25,candidate_expire_duplicate_fanout,status_expire_candidate,explicit target A2M/A2 MILK does not match current entity; duplicate fanout cluster preserves matching target rows elsewhere,high,MEDIUM,no,company_memory.sqlite:memory_entries,DATA_MISSING
1841,LIVN,catalyst,A2 MILK's voluntary recall of three batches of A2 Platinum USA label infant milk formula,active,0.74,youtube_transcript:asx-daily-rundown-atlassian-lifts-tech-a2-milk-recall-shock-accent-group-all-time-lows:88e960386e503796,youtube_transcript,"ASX Daily Rundown | Atlassian Lifts Tech, A2 Milk Recall Shock & Accent Group All-Time Lows",2026-05-04T08:15:01Z,2026-05-05T04:21:10+00:00,2026-05-05T04:21:10+00:00,fanout_0036,25,candidate_expire_duplicate_fanout,status_expire_candidate,explicit target A2M/A2 MILK does not match current entity; duplicate fanout cluster preserves matching target rows elsewhere,high,MEDIUM,no,company_memory.sqlite:memory_entries,DATA_MISSING
1842,SKT,catalyst,A2 MILK's voluntary recall of three batches of A2 Platinum USA label infant milk formula,active,0.74,youtube_transcript:asx-daily-rundown-atlassian-lifts-tech-a2-milk-recall-shock-accent-group-all-time-lows:88e960386e503796,youtube_transcript,"ASX Daily Rundown | Atlassian Lifts Tech, A2 Milk Recall Shock & Accent Group All-Time Lows",2026-05-04T08:15:01Z,2026-05-05T04:21:10+00:00,2026-05-05T04:21:10+00:00,fanout_0036,25,candidate_expire_duplicate_fanout,status_expire_candidate,explicit target A2M/A2 MILK does not match current entity; duplicate fanout cluster preserves matching target rows elsewhere,high,MEDIUM,no,company_memory.sqlite:memory_entries,DATA_MISSING
1843,VCE,catalyst,A2 MILK's voluntary recall of three batches of A2 Platinum USA label infant milk formula,active,0.74,youtube_transcript:asx-daily-rundown-atlassian-lifts-tech-a2-milk-recall-shock-accent-group-all-time-lows:88e960386e503796,youtube_transcript,"ASX Daily Rundown | Atlassian Lifts Tech, A2 Milk Recall Shock & Accent Group All-Time Lows",2026-05-04T08:15:01Z,2026-05-05T04:21:10+00:00,2026-05-05T04:21:10+00:00,fanout_0036,25,candidate_expire_duplicate_fanout,status_expire_candidate,explicit target A2M/A2 MILK does not match current entity; duplicate fanout cluster preserves matching target rows elsewhere,high,MEDIUM,no,company_memory.sqlite:memory_entries,DATA_MISSING
1844,SN,catalyst,A2 MILK's voluntary recall of three batches of A2 Platinum USA label infant milk formula,active,0.74,youtube_transcript:asx-daily-rundown-atlassian-lifts-tech-a2-milk-recall-shock-accent-group-all-time-lows:88e960386e503796,youtube_transcript,"ASX Daily Rundown | Atlassian Lifts Tech, A2 Milk Recall Shock & Accent Group All-Time Lows",2026-05-04T08:15:01Z,2026-05-05T04:21:11+00:00,2026-05-05T04:21:11+00:00,fanout_0036,25,candidate_expire_duplicate_fanout,status_expire_candidate,explicit target A2M/A2 MILK does not match current entity; duplicate fanout cluster preserves matching target rows elsewhere,high,MEDIUM,no,company_memory.sqlite:memory_entries,DATA_MISSING
1845,LION,catalyst,A2 MILK's voluntary recall of three batches of A2 Platinum USA label infant milk formula,active,0.74,youtube_transcript:asx-daily-rundown-atlassian-lifts-tech-a2-milk-recall-shock-accent-group-all-time-lows:88e960386e503796,youtube_transcript,"ASX Daily Rundown | Atlassian Lifts Tech, A2 Milk Recall Shock & Accent Group All-Time Lows",2026-05-04T08:15:01Z,2026-05-05T04:21:11+00:00,2026-05-05T04:21:11+00:00,fanout_0036,25,candidate_expire_duplicate_fanout,status_expire_candidate,explicit target A2M/A2 MILK does not match current entity; duplicate fanout cluster preserves matching target rows elsewhere,high,MEDIUM,no,company_memory.sqlite:memory_entries,DATA_MISSING
1846,PETT,catalyst,A2 MILK's voluntary recall of three batches of A2 Platinum USA label infant milk formula,active,0.74,youtube_transcript:asx-daily-rundown-atlassian-lifts-tech-a2-milk-recall-shock-accent-group-all-time-lows:88e960386e503796,youtube_transcript,"ASX Daily Rundown | Atlassian Lifts Tech, A2 Milk Recall Shock & Accent Group All-Time Lows",2026-05-04T08:15:01Z,2026-05-05T04:21:11+00:00,2026-05-05T04:21:11+00:00,fanout_0036,25,candidate_expire_duplicate_fanout,status_expire_candidate,explicit target A2M/A2 MILK does not match current entity; duplicate fanout cluster preserves matching target rows elsewhere,high,MEDIUM,no,company_memory.sqlite:memory_entries,DATA_MISSING
1847,INDE,catalyst,A2 MILK's voluntary recall of three batches of A2 Platinum USA label infant milk formula,active,0.74,youtube_transcript:asx-daily-rundown-atlassian-lifts-tech-a2-milk-recall-shock-accent-group-all-time-lows:88e960386e503796,youtube_transcript,"ASX Daily Rundown | Atlassian Lifts Tech, A2 Milk Recall Shock & Accent Group All-Time Lows",2026-05-04T08:15:01Z,2026-05-05T04:21:11+00:00,2026-05-05T04:21:11+00:00,fanout_0036,25,candidate_expire_duplicate_fanout,status_expire_candidate,explicit target A2M/A2 MILK does not match current entity; duplicate fanout cluster preserves matching target rows elsewhere,high,MEDIUM,no,company_memory.sqlite:memory_entries,DATA_MISSING
1848,C79,catalyst,A2 MILK's voluntary recall of three batches of A2 Platinum USA label infant milk formula,active,0.74,youtube_transcript:asx-daily-rundown-atlassian-lifts-tech-a2-milk-recall-shock-accent-group-all-time-lows:88e960386e503796,youtube_transcript,"ASX Daily Rundown | Atlassian Lifts Tech, A2 Milk Recall Shock & Accent Group All-Time Lows",2026-05-04T08:15:01Z,2026-05-05T04:21:11+00:00,2026-05-05T04:21:11+00:00,fanout_0036,25,candidate_expire_duplicate_fanout,status_expire_candidate,explicit target A2M/A2 MILK does not match current entity; duplicate fanout cluster preserves matching target rows elsewhere,high,MEDIUM,no,company_memory.sqlite:memory_entries,DATA_MISSING
1850,ACCENT GROUP,catalyst,A2 MILK's voluntary recall of three batches of A2 Platinum USA label infant milk formula,active,0.74,youtube_transcript:asx-daily-rundown-atlassian-lifts-tech-a2-milk-recall-shock-accent-group-all-time-lows:88e960386e503796,youtube_transcript,"ASX Daily Rundown | Atlassian Lifts Tech, A2 Milk Recall Shock & Accent Group All-Time Lows",2026-05-04T08:15:01Z,2026-05-05T04:21:13+00:00,2026-05-05T04:21:13+00:00,fanout_0036,25,candidate_expire_duplicate_fanout,status_expire_candidate,explicit target A2M/A2 MILK does not match current entity; duplicate fanout cluster preserves matching target rows elsewhere,high,MEDIUM,no,company_memory.sqlite:memory_entries,DATA_MISSING
1851,ENDV,catalyst,Voluntary recall of three batches of A2 Platinum USA label infant milk formula manufactured by Liz Sinlay,active,0.72,youtube_transcript:asx-daily-rundown-atlassian-lifts-tech-a2-milk-recall-shock-accent-group-all-time-lows:88e960386e503796,youtube_transcript,"ASX Daily Rundown | Atlassian Lifts Tech, A2 Milk Recall Shock & Accent Group All-Time Lows",2026-05-04T08:15:01Z,2026-05-05T04:21:14+00:00,2026-05-05T04:21:14+00:00,fanout_0013,50,candidate_expire_duplicate_fanout,status_expire_candidate,explicit target A2M/A2 MILK does not match current entity; duplicate fanout cluster preserves matching target rows elsewhere,high,MEDIUM,no,company_memory.sqlite:memory_entries,DATA_MISSING
1852,KEYP,catalyst,Voluntary recall of three batches of A2 Platinum USA label infant milk formula manufactured by Liz Sinlay,active,0.72,youtube_transcript:asx-daily-rundown-atlassian-lifts-tech-a2-milk-recall-shock-accent-group-all-time-lows:88e960386e503796,youtube_transcript,"ASX Daily Rundown | Atlassian Lifts Tech, A2 Milk Recall Shock & Accent Group All-Time Lows",2026-05-04T08:15:01Z,2026-05-05T04:21:16+00:00,2026-05-05T04:21:16+00:00,fanout_0013,50,candidate_expire_duplicate_fanout,status_expire_candidate,explicit target A2M/A2 MILK does not match current entity; duplicate fanout cluster preserves matching target rows elsewhere,high,MEDIUM,no,company_memory.sqlite:memory_entries,DATA_MISSING
1853,GCMC,catalyst,Voluntary recall of three batches of A2 Platinum USA label infant milk formula manufactured by Liz Sinlay,active,0.72,youtube_transcript:asx-daily-rundown-atlassian-lifts-tech-a2-milk-recall-shock-accent-group-all-time-lows:88e960386e503796,youtube_transcript,"ASX Daily Rundown | Atlassian Lifts Tech, A2 Milk Recall Shock & Accent Group All-Time Lows",2026-05-04T08:15:01Z,2026-05-05T04:21:16+00:00,2026-05-05T04:21:16+00:00,fanout_0013,50,candidate_expire_duplicate_fanout,status_expire_candidate,explicit target A2M/A2 MILK does not match current entity; duplicate fanout cluster preserves matching target rows elsewhere,high,MEDIUM,no,company_memory.sqlite:memory_entries,DATA_MISSING
1854,MARINO,catalyst,Voluntary recall of three batches of A2 Platinum USA label infant milk formula manufactured by Liz Sinlay,active,0.72,youtube_transcript:asx-daily-rundown-atlassian-lifts-tech-a2-milk-recall-shock-accent-group-all-time-lows:88e960386e503796,youtube_transcript,"ASX Daily Rundown | Atlassian Lifts Tech, A2 Milk Recall Shock & Accent Group All-Time Lows",2026-05-04T08:15:01Z,2026-05-05T04:21:16+00:00,2026-05-05T04:21:16+00:00,fanout_0013,50,candidate_expire_duplicate_fanout,status_expire_candidate,explicit target A2M/A2 MILK does not match current entity; duplicate fanout cluster preserves matching target rows elsewhere,high,MEDIUM,no,company_memory.sqlite:memory_entries,DATA_MISSING
1855,CLAR,catalyst,Voluntary recall of three batches of A2 Platinum USA label infant milk formula manufactured by Liz Sinlay,active,0.72,youtube_transcript:asx-daily-rundown-atlassian-lifts-tech-a2-milk-recall-shock-accent-group-all-time-lows:88e960386e503796,youtube_transcript,"ASX Daily Rundown | Atlassian Lifts Tech, A2 Milk Recall Shock & Accent Group All-Time Lows",2026-05-04T08:15:01Z,2026-05-05T04:21:16+00:00,2026-05-05T04:21:16+00:00,fanout_0013,50,candidate_expire_duplicate_fanout,status_expire_candidate,explicit target A2M/A2 MILK does not match current entity; duplicate fanout cluster preserves matching target rows elsewhere,high,MEDIUM,no,company_memory.sqlite:memory_entries,DATA_MISSING
1856,LIVN,catalyst,Voluntary recall of three batches of A2 Platinum USA label infant milk formula manufactured by Liz Sinlay,active,0.72,youtube_transcript:asx-daily-rundown-atlassian-lifts-tech-a2-milk-recall-shock-accent-group-all-time-lows:88e960386e503796,youtube_transcript,"ASX Daily Rundown | Atlassian Lifts Tech, A2 Milk Recall Shock & Accent Group All-Time Lows",2026-05-04T08:15:01Z,2026-05-05T04:21:17+00:00,2026-05-05T04:21:17+00:00,fanout_0013,50,candidate_expire_duplicate_fanout,status_expire_candidate,explicit target A2M/A2 MILK does not match current entity; duplicate fanout cluster preserves matching target rows elsewhere,high,MEDIUM,no,company_memory.sqlite:memory_entries,DATA_MISSING
1857,SN,catalyst,Voluntary recall of three batches of A2 Platinum USA label infant milk formula manufactured by Liz Sinlay,active,0.72,youtube_transcript:asx-daily-rundown-atlassian-lifts-tech-a2-milk-recall-shock-accent-group-all-time-lows:88e960386e503796,youtube_transcript,"ASX Daily Rundown | Atlassian Lifts Tech, A2 Milk Recall Shock & Accent Group All-Time Lows",2026-05-04T08:15:01Z,2026-05-05T04:21:18+00:00,2026-05-05T04:21:18+00:00,fanout_0013,50,candidate_expire_duplicate_fanout,status_expire_candidate,explicit target A2M/A2 MILK does not match current entity; duplicate fanout cluster preserves matching target rows elsewhere,high,MEDIUM,no,company_memory.sqlite:memory_entries,DATA_MISSING
1858,LION,catalyst,Voluntary recall of three batches of A2 Platinum USA label infant milk formula manufactured by Liz Sinlay,active,0.72,youtube_transcript:asx-daily-rundown-atlassian-lifts-tech-a2-milk-recall-shock-accent-group-all-time-lows:88e960386e503796,youtube_transcript,"ASX Daily Rundown | Atlassian Lifts Tech, A2 Milk Recall Shock & Accent Group All-Time Lows",2026-05-04T08:15:01Z,2026-05-05T04:21:18+00:00,2026-05-05T04:21:18+00:00,fanout_0013,50,candidate_expire_duplicate_fanout,status_expire_candidate,explicit target A2M/A2 MILK does not match current entity; duplicate fanout cluster preserves matching target rows elsewhere,high,MEDIUM,no,company_memory.sqlite:memory_entries,DATA_MISSING
1859,ENDV,catalyst,ACCENT GROUP's downgrade announcement,active,0.72,youtube_transcript:asx-daily-rundown-atlassian-lifts-tech-a2-milk-recall-shock-accent-group-all-time-lows:88e960386e503796,youtube_transcript,"ASX Daily Rundown | Atlassian Lifts Tech, A2 Milk Recall Shock & Accent Group All-Time Lows",2026-05-04T08:15:01Z,2026-05-05T04:21:21+00:00,2026-05-05T04:21:21+00:00,fanout_0004,50,candidate_expire_duplicate_fanout,status_expire_candidate,explicit target ACC/ACCENT GROUP does not match current entity; duplicate fanout cluster preserves matching target rows elsewhere,high,MEDIUM,no,company_memory.sqlite:memory_entries,DATA_MISSING
1860,KEYP,catalyst,ACCENT GROUP's downgrade announcement,active,0.72,youtube_transcript:asx-daily-rundown-atlassian-lifts-tech-a2-milk-recall-shock-accent-group-all-time-lows:88e960386e503796,youtube_transcript,"ASX Daily Rundown | Atlassian Lifts Tech, A2 Milk Recall Shock & Accent Group All-Time Lows",2026-05-04T08:15:01Z,2026-05-05T04:21:24+00:00,2026-05-05T04:21:24+00:00,fanout_0004,50,candidate_expire_duplicate_fanout,status_expire_candidate,explicit target ACC/ACCENT GROUP does not match current entity; duplicate fanout cluster preserves matching target rows elsewhere,high,MEDIUM,no,company_memory.sqlite:memory_entries,DATA_MISSING
1861,GCMC,catalyst,ACCENT GROUP's downgrade announcement,active,0.72,youtube_transcript:asx-daily-rundown-atlassian-lifts-tech-a2-milk-recall-shock-accent-group-all-time-lows:88e960386e503796,youtube_transcript,"ASX Daily Rundown | Atlassian Lifts Tech, A2 Milk Recall Shock & Accent Group All-Time Lows",2026-05-04T08:15:01Z,2026-05-05T04:21:24+00:00,2026-05-05T04:21:24+00:00,fanout_0004,50,candidate_expire_duplicate_fanout,status_expire_candidate,explicit target ACC/ACCENT GROUP does not match current entity; duplicate fanout cluster preserves matching target rows elsewhere,high,MEDIUM,no,company_memory.sqlite:memory_entries,DATA_MISSING
1862,MARINO,catalyst,ACCENT GROUP's downgrade announcement,active,0.72,youtube_transcript:asx-daily-rundown-atlassian-lifts-tech-a2-milk-recall-shock-accent-group-all-time-lows:88e960386e503796,youtube_transcript,"ASX Daily Rundown | Atlassian Lifts Tech, A2 Milk Recall Shock & Accent Group All-Time Lows",2026-05-04T08:15:01Z,2026-05-05T04:21:24+00:00,2026-05-05T04:21:24+00:00,fanout_0004,50,candidate_expire_duplicate_fanout,status_expire_candidate,explicit target ACC/ACCENT GROUP does not match current entity; duplicate fanout cluster preserves matching target rows elsewhere,high,MEDIUM,no,company_memory.sqlite:memory_entries,DATA_MISSING
1863,CLAR,catalyst,ACCENT GROUP's downgrade announcement,active,0.72,youtube_transcript:asx-daily-rundown-atlassian-lifts-tech-a2-milk-recall-shock-accent-group-all-time-lows:88e960386e503796,youtube_transcript,"ASX Daily Rundown | Atlassian Lifts Tech, A2 Milk Recall Shock & Accent Group All-Time Lows",2026-05-04T08:15:01Z,2026-05-05T04:21:24+00:00,2026-05-05T04:21:24+00:00,fanout_0004,50,candidate_expire_duplicate_fanout,status_expire_candidate,explicit target ACC/ACCENT GROUP does not match current entity; duplicate fanout cluster preserves matching target rows elsewhere,high,MEDIUM,no,company_memory.sqlite:memory_entries,DATA_MISSING
1864,LIVN,catalyst,ACCENT GROUP's downgrade announcement,active,0.72,youtube_transcript:asx-daily-rundown-atlassian-lifts-tech-a2-milk-recall-shock-accent-group-all-time-lows:88e960386e503796,youtube_transcript,"ASX Daily Rundown | Atlassian Lifts Tech, A2 Milk Recall Shock & Accent Group All-Time Lows",2026-05-04T08:15:01Z,2026-05-05T04:21:25+00:00,2026-05-05T04:21:25+00:00,fanout_0004,50,candidate_expire_duplicate_fanout,status_expire_candidate,explicit target ACC/ACCENT GROUP does not match current entity; duplicate fanout cluster preserves matching target rows elsewhere,high,MEDIUM,no,company_memory.sqlite:memory_entries,DATA_MISSING
1865,SN,catalyst,ACCENT GROUP's downgrade announcement,active,0.72,youtube_transcript:asx-daily-rundown-atlassian-lifts-tech-a2-milk-recall-shock-accent-group-all-time-lows:88e960386e503796,youtube_transcript,"ASX Daily Rundown | Atlassian Lifts Tech, A2 Milk Recall Shock & Accent Group All-Time Lows",2026-05-04T08:15:01Z,2026-05-05T04:21:26+00:00,2026-05-05T04:21:26+00:00,fanout_0004,50,candidate_expire_duplicate_fanout,status_expire_candidate,explicit target ACC/ACCENT GROUP does not match current entity; duplicate fanout cluster preserves matching target rows elsewhere,high,MEDIUM,no,company_memory.sqlite:memory_entries,DATA_MISSING
1866,LION,catalyst,ACCENT GROUP's downgrade announcement,active,0.72,youtube_transcript:asx-daily-rundown-atlassian-lifts-tech-a2-milk-recall-shock-accent-group-all-time-lows:88e960386e503796,youtube_transcript,"ASX Daily Rundown | Atlassian Lifts Tech, A2 Milk Recall Shock & Accent Group All-Time Lows",2026-05-04T08:15:01Z,2026-05-05T04:21:26+00:00,2026-05-05T04:21:26+00:00,fanout_0004,50,candidate_expire_duplicate_fanout,status_expire_candidate,explicit target ACC/ACCENT GROUP does not match current entity; duplicate fanout cluster preserves matching target rows elsewhere,high,MEDIUM,no,company_memory.sqlite:memory_entries,DATA_MISSING
1867,ASX,risk,AI fears affecting Atlassian's share price,active,0.74,youtube_transcript:asx-daily-rundown-atlassian-lifts-tech-a2-milk-recall-shock-accent-group-all-time-lows:88e960386e503796,youtube_transcript,"ASX Daily Rundown | Atlassian Lifts Tech, A2 Milk Recall Shock & Accent Group All-Time Lows",2026-05-04T08:15:01Z,2026-05-05T04:21:27+00:00,2026-05-05T04:21:27+00:00,fanout_0037,25,candidate_expire_duplicate_fanout,status_expire_candidate,explicit target ATLASSIAN does not match current entity; duplicate fanout cluster preserves matching target rows elsewhere,high,MEDIUM,no,company_memory.sqlite:memory_entries,DATA_MISSING
1868,TXT,risk,AI fears affecting Atlassian's share price,active,0.74,youtube_transcript:asx-daily-rundown-atlassian-lifts-tech-a2-milk-recall-shock-accent-group-all-time-lows:88e960386e503796,youtube_transcript,"ASX Daily Rundown | Atlassian Lifts Tech, A2 Milk Recall Shock & Accent Group All-Time Lows",2026-05-04T08:15:01Z,2026-05-05T04:21:28+00:00,2026-05-05T04:21:28+00:00,fanout_0037,25,candidate_expire_duplicate_fanout,status_expire_candidate,explicit target ATLASSIAN does not match current entity; duplicate fanout cluster preserves matching target rows elsewhere,high,MEDIUM,no,company_memory.sqlite:memory_entries,DATA_MISSING
1869,XTX,risk,AI fears affecting Atlassian's share price,active,0.74,youtube_transcript:asx-daily-rundown-atlassian-lifts-tech-a2-milk-recall-shock-accent-group-all-time-lows:88e960386e503796,youtube_transcript,"ASX Daily Rundown | Atlassian Lifts Tech, A2 Milk Recall Shock & Accent Group All-Time Lows",2026-05-04T08:15:01Z,2026-05-05T04:21:29+00:00,2026-05-05T04:21:29+00:00,fanout_0037,25,candidate_expire_duplicate_fanout,status_expire_candidate,explicit target ATLASSIAN does not match current entity; duplicate fanout cluster preserves matching target rows elsewhere,high,MEDIUM,no,company_memory.sqlite:memory_entries,DATA_MISSING
1870,A2M,risk,AI fears affecting Atlassian's share price,active,0.74,youtube_transcript:asx-daily-rundown-atlassian-lifts-tech-a2-milk-recall-shock-accent-group-all-time-lows:88e960386e503796,youtube_transcript,"ASX Daily Rundown | Atlassian Lifts Tech, A2 Milk Recall Shock & Accent Group All-Time Lows",2026-05-04T08:15:01Z,2026-05-05T04:21:29+00:00,2026-05-05T04:21:29+00:00,fanout_0037,25,candidate_expire_duplicate_fanout,status_expire_candidate,explicit target ATLASSIAN does not match current entity; duplicate fanout cluster preserves matching target rows elsewhere,high,MEDIUM,no,company_memory.sqlite:memory_entries,DATA_MISSING
1871,ENDV,risk,AI fears affecting Atlassian's share price,active,0.74,youtube_transcript:asx-daily-rundown-atlassian-lifts-tech-a2-milk-recall-shock-accent-group-all-time-lows:88e960386e503796,youtube_transcript,"ASX Daily Rundown | Atlassian Lifts Tech, A2 Milk Recall Shock & Accent Group All-Time Lows",2026-05-04T08:15:01Z,2026-05-05T04:21:30+00:00,2026-05-05T04:21:30+00:00,fanout_0037,25,candidate_expire_duplicate_fanout,status_expire_candidate,explicit target ATLASSIAN does not match current entity; duplicate fanout cluster preserves matching target rows elsewhere,high,MEDIUM,no,company_memory.sqlite:memory_entries,DATA_MISSING
1872,COH,risk,AI fears affecting Atlassian's share price,active,0.74,youtube_transcript:asx-daily-rundown-atlassian-lifts-tech-a2-milk-recall-shock-accent-group-all-time-lows:88e960386e503796,youtube_transcript,"ASX Daily Rundown | Atlassian Lifts Tech, A2 Milk Recall Shock & Accent Group All-Time Lows",2026-05-04T08:15:01Z,2026-05-05T04:21:31+00:00,2026-05-05T04:21:31+00:00,fanout_0037,25,candidate_expire_duplicate_fanout,status_expire_candidate,explicit target ATLASSIAN does not match current entity; duplicate fanout cluster preserves matching target rows elsewhere,high,MEDIUM,no,company_memory.sqlite:memory_entries,DATA_MISSING
1873,BHP,risk,AI fears affecting Atlassian's share price,active,0.74,youtube_transcript:asx-daily-rundown-atlassian-lifts-tech-a2-milk-recall-shock-accent-group-all-time-lows:88e960386e503796,youtube_transcript,"ASX Daily Rundown | Atlassian Lifts Tech, A2 Milk Recall Shock & Accent Group All-Time Lows",2026-05-04T08:15:01Z,2026-05-05T04:21:31+00:00,2026-05-05T04:21:31+00:00,fanout_0037,25,candidate_expire_duplicate_fanout,status_expire_candidate,explicit target ATLASSIAN does not match current entity; duplicate fanout cluster preserves matching target rows elsewhere,high,MEDIUM,no,company_memory.sqlite:memory_entries,DATA_MISSING
1874,WES,risk,AI fears affecting Atlassian's share price,active,0.74,youtube_transcript:asx-daily-rundown-atlassian-lifts-tech-a2-milk-recall-shock-accent-group-all-time-lows:88e960386e503796,youtube_transcript,"ASX Daily Rundown | Atlassian Lifts Tech, A2 Milk Recall Shock & Accent Group All-Time Lows",2026-05-04T08:15:01Z,2026-05-05T04:21:32+00:00,2026-05-05T04:21:32+00:00,fanout_0037,25,candidate_expire_duplicate_fanout,status_expire_candidate,explicit target ATLASSIAN does not match current entity; duplicate fanout cluster preserves matching target rows elsewhere,high,MEDIUM,no,company_memory.sqlite:memory_entries,DATA_MISSING
1875,NAB,risk,AI fears affecting Atlassian's share price,active,0.74,youtube_transcript:asx-daily-rundown-atlassian-lifts-tech-a2-milk-recall-shock-accent-group-all-time-lows:88e960386e503796,youtube_transcript,"ASX Daily Rundown | Atlassian Lifts Tech, A2 Milk Recall Shock & Accent Group All-Time Lows",2026-05-04T08:15:01Z,2026-05-05T04:21:32+00:00,2026-05-05T04:21:32+00:00,fanout_0037,25,candidate_expire_duplicate_fanout,status_expire_candidate,explicit target ATLASSIAN does not match current entity; duplicate fanout cluster preserves matching target rows elsewhere,high,MEDIUM,no,company_memory.sqlite:memory_entries,DATA_MISSING
1876,WBC,risk,AI fears affecting Atlassian's share price,active,0.74,youtube_transcript:asx-daily-rundown-atlassian-lifts-tech-a2-milk-recall-shock-accent-group-all-time-lows:88e960386e503796,youtube_transcript,"ASX Daily Rundown | Atlassian Lifts Tech, A2 Milk Recall Shock & Accent Group All-Time Lows",2026-05-04T08:15:01Z,2026-05-05T04:21:33+00:00,2026-05-05T04:21:33+00:00,fanout_0037,25,candidate_expire_duplicate_fanout,status_expire_candidate,explicit target ATLASSIAN does not match current entity; duplicate fanout cluster preserves matching target rows elsewhere,high,MEDIUM,no,company_memory.sqlite:memory_entries,DATA_MISSING
1877,KEYP,risk,AI fears affecting Atlassian's share price,active,0.74,youtube_transcript:asx-daily-rundown-atlassian-lifts-tech-a2-milk-recall-shock-accent-group-all-time-lows:88e960386e503796,youtube_transcript,"ASX Daily Rundown | Atlassian Lifts Tech, A2 Milk Recall Shock & Accent Group All-Time Lows",2026-05-04T08:15:01Z,2026-05-05T04:21:33+00:00,2026-05-05T04:21:33+00:00,fanout_0037,25,candidate_expire_duplicate_fanout,status_expire_candidate,explicit target ATLASSIAN does not match current entity; duplicate fanout cluster preserves matching target rows elsewhere,high,MEDIUM,no,company_memory.sqlite:memory_entries,DATA_MISSING
1878,GCMC,risk,AI fears affecting Atlassian's share price,active,0.74,youtube_transcript:asx-daily-rundown-atlassian-lifts-tech-a2-milk-recall-shock-accent-group-all-time-lows:88e960386e503796,youtube_transcript,"ASX Daily Rundown | Atlassian Lifts Tech, A2 Milk Recall Shock & Accent Group All-Time Lows",2026-05-04T08:15:01Z,2026-05-05T04:21:33+00:00,2026-05-05T04:21:33+00:00,fanout_0037,25,candidate_expire_duplicate_fanout,status_expire_candidate,explicit target ATLASSIAN does not match current entity; duplicate fanout cluster preserves matching target rows elsewhere,high,MEDIUM,no,company_memory.sqlite:memory_entries,DATA_MISSING
1879,MARINO,risk,AI fears affecting Atlassian's share price,active,0.74,youtube_transcript:asx-daily-rundown-atlassian-lifts-tech-a2-milk-recall-shock-accent-group-all-time-lows:88e960386e503796,youtube_transcript,"ASX Daily Rundown | Atlassian Lifts Tech, A2 Milk Recall Shock & Accent Group All-Time Lows",2026-05-04T08:15:01Z,2026-05-05T04:21:33+00:00,2026-05-05T04:21:33+00:00,fanout_0037,25,candidate_expire_duplicate_fanout,status_expire_candidate,explicit target ATLASSIAN does not match current entity; duplicate fanout cluster preserves matching target rows elsewhere,high,MEDIUM,no,company_memory.sqlite:memory_entries,DATA_MISSING
1880,CLAR,risk,AI fears affecting Atlassian's share price,active,0.74,youtube_transcript:asx-daily-rundown-atlassian-lifts-tech-a2-milk-recall-shock-accent-group-all-time-lows:88e960386e503796,youtube_transcript,"ASX Daily Rundown | Atlassian Lifts Tech, A2 Milk Recall Shock & Accent Group All-Time Lows",2026-05-04T08:15:01Z,2026-05-05T04:21:33+00:00,2026-05-05T04:21:33+00:00,fanout_0037,25,candidate_expire_duplicate_fanout,status_expire_candidate,explicit target ATLASSIAN does not match current entity; duplicate fanout cluster preserves matching target rows elsewhere,high,MEDIUM,no,company_memory.sqlite:memory_entries,DATA_MISSING
1881,WIN,risk,AI fears affecting Atlassian's share price,active,0.74,youtube_transcript:asx-daily-rundown-atlassian-lifts-tech-a2-milk-recall-shock-accent-group-all-time-lows:88e960386e503796,youtube_transcript,"ASX Daily Rundown | Atlassian Lifts Tech, A2 Milk Recall Shock & Accent Group All-Time Lows",2026-05-04T08:15:01Z,2026-05-05T04:21:34+00:00,2026-05-05T04:21:34+00:00,fanout_0037,25,candidate_expire_duplicate_fanout,status_expire_candidate,explicit target ATLASSIAN does not match current entity; duplicate fanout cluster preserves matching target rows elsewhere,high,MEDIUM,no,company_memory.sqlite:memory_entries,DATA_MISSING
1882,LIVN,risk,AI fears affecting Atlassian's share price,active,0.74,youtube_transcript:asx-daily-rundown-atlassian-lifts-tech-a2-milk-recall-shock-accent-group-all-time-lows:88e960386e503796,youtube_transcript,"ASX Daily Rundown | Atlassian Lifts Tech, A2 Milk Recall Shock & Accent Group All-Time Lows",2026-05-04T08:15:01Z,2026-05-05T04:21:34+00:00,2026-05-05T04:21:34+00:00,fanout_0037,25,candidate_expire_duplicate_fanout,status_expire_candidate,explicit target ATLASSIAN does not match current entity; duplicate fanout cluster preserves matching target rows elsewhere,high,MEDIUM,no,company_memory.sqlite:memory_entries,DATA_MISSING
1883,SKT,risk,AI fears affecting Atlassian's share price,active,0.74,youtube_transcript:asx-daily-rundown-atlassian-lifts-tech-a2-milk-recall-shock-accent-group-all-time-lows:88e960386e503796,youtube_transcript,"ASX Daily Rundown | Atlassian Lifts Tech, A2 Milk Recall Shock & Accent Group All-Time Lows",2026-05-04T08:15:01Z,2026-05-05T04:21:34+00:00,2026-05-05T04:21:34+00:00,fanout_0037,25,candidate_expire_duplicate_fanout,status_expire_candidate,explicit target ATLASSIAN does not match current entity; duplicate fanout cluster preserves matching target rows elsewhere,high,MEDIUM,no,company_memory.sqlite:memory_entries,DATA_MISSING
1884,VCE,risk,AI fears affecting Atlassian's share price,active,0.74,youtube_transcript:asx-daily-rundown-atlassian-lifts-tech-a2-milk-recall-shock-accent-group-all-time-lows:88e960386e503796,youtube_transcript,"ASX Daily Rundown | Atlassian Lifts Tech, A2 Milk Recall Shock & Accent Group All-Time Lows",2026-05-04T08:15:01Z,2026-05-05T04:21:34+00:00,2026-05-05T04:21:34+00:00,fanout_0037,25,candidate_expire_duplicate_fanout,status_expire_candidate,explicit target ATLASSIAN does not match current entity; duplicate fanout cluster preserves matching target rows elsewhere,high,MEDIUM,no,company_memory.sqlite:memory_entries,DATA_MISSING
1885,SN,risk,AI fears affecting Atlassian's share price,active,0.74,youtube_transcript:asx-daily-rundown-atlassian-lifts-tech-a2-milk-recall-shock-accent-group-all-time-lows:88e960386e503796,youtube_transcript,"ASX Daily Rundown | Atlassian Lifts Tech, A2 Milk Recall Shock & Accent Group All-Time Lows",2026-05-04T08:15:01Z,2026-05-05T04:21:35+00:00,2026-05-05T04:21:35+00:00,fanout_0037,25,candidate_expire_duplicate_fanout,status_expire_candidate,explicit target ATLASSIAN does not match current entity; duplicate fanout cluster preserves matching target rows elsewhere,high,MEDIUM,no,company_memory.sqlite:memory_entries,DATA_MISSING
1886,LION,risk,AI fears affecting Atlassian's share price,active,0.74,youtube_transcript:asx-daily-rundown-atlassian-lifts-tech-a2-milk-recall-shock-accent-group-all-time-lows:88e960386e503796,youtube_transcript,"ASX Daily Rundown | Atlassian Lifts Tech, A2 Milk Recall Shock & Accent Group All-Time Lows",2026-05-04T08:15:01Z,2026-05-05T04:21:35+00:00,2026-05-05T04:21:35+00:00,fanout_0037,25,candidate_expire_duplicate_fanout,status_expire_candidate,explicit target ATLASSIAN does not match current entity; duplicate fanout cluster preserves matching target rows elsewhere,high,MEDIUM,no,company_memory.sqlite:memory_entries,DATA_MISSING
1887,PETT,risk,AI fears affecting Atlassian's share price,active,0.74,youtube_transcript:asx-daily-rundown-atlassian-lifts-tech-a2-milk-recall-shock-accent-group-all-time-lows:88e960386e503796,youtube_transcript,"ASX Daily Rundown | Atlassian Lifts Tech, A2 Milk Recall Shock & Accent Group All-Time Lows",2026-05-04T08:15:01Z,2026-05-05T04:21:36+00:00,2026-05-05T04:21:36+00:00,fanout_0037,25,candidate_expire_duplicate_fanout,status_expire_candidate,explicit target ATLASSIAN does not match current entity; duplicate fanout cluster preserves matching target rows elsewhere,high,MEDIUM,no,company_memory.sqlite:memory_entries,DATA_MISSING
1888,INDE,risk,AI fears affecting Atlassian's share price,active,0.74,youtube_transcript:asx-daily-rundown-atlassian-lifts-tech-a2-milk-recall-shock-accent-group-all-time-lows:88e960386e503796,youtube_transcript,"ASX Daily Rundown | Atlassian Lifts Tech, A2 Milk Recall Shock & Accent Group All-Time Lows",2026-05-04T08:15:01Z,2026-05-05T04:21:36+00:00,2026-05-05T04:21:36+00:00,fanout_0037,25,candidate_expire_duplicate_fanout,status_expire_candidate,explicit target ATLASSIAN does not match current entity; duplicate fanout cluster preserves matching target rows elsewhere,high,MEDIUM,no,company_memory.sqlite:memory_entries,DATA_MISSING
1889,C79,risk,AI fears affecting Atlassian's share price,active,0.74,youtube_transcript:asx-daily-rundown-atlassian-lifts-tech-a2-milk-recall-shock-accent-group-all-time-lows:88e960386e503796,youtube_transcript,"ASX Daily Rundown | Atlassian Lifts Tech, A2 Milk Recall Shock & Accent Group All-Time Lows",2026-05-04T08:15:01Z,2026-05-05T04:21:36+00:00,2026-05-05T04:21:36+00:00,fanout_0037,25,candidate_expire_duplicate_fanout,status_expire_candidate,explicit target ATLASSIAN does not match current entity; duplicate fanout cluster preserves matching target rows elsewhere,high,MEDIUM,no,company_memory.sqlite:memory_entries,DATA_MISSING
1890,A2 MILK,risk,AI fears affecting Atlassian's share price,active,0.74,youtube_transcript:asx-daily-rundown-atlassian-lifts-tech-a2-milk-recall-shock-accent-group-all-time-lows:88e960386e503796,youtube_transcript,"ASX Daily Rundown | Atlassian Lifts Tech, A2 Milk Recall Shock & Accent Group All-Time Lows",2026-05-04T08:15:01Z,2026-05-05T04:21:36+00:00,2026-05-05T04:21:36+00:00,fanout_0037,25,candidate_expire_duplicate_fanout,status_expire_candidate,explicit target ATLASSIAN does not match current entity; duplicate fanout cluster preserves matching target rows elsewhere,high,MEDIUM,no,company_memory.sqlite:memory_entries,DATA_MISSING
1891,ACCENT GROUP,risk,AI fears affecting Atlassian's share price,active,0.74,youtube_transcript:asx-daily-rundown-atlassian-lifts-tech-a2-milk-recall-shock-accent-group-all-time-lows:88e960386e503796,youtube_transcript,"ASX Daily Rundown | Atlassian Lifts Tech, A2 Milk Recall Shock & Accent Group All-Time Lows",2026-05-04T08:15:01Z,2026-05-05T04:21:36+00:00,2026-05-05T04:21:36+00:00,fanout_0037,25,candidate_expire_duplicate_fanout,status_expire_candidate,explicit target ATLASSIAN does not match current entity; duplicate fanout cluster preserves matching target rows elsewhere,high,MEDIUM,no,company_memory.sqlite:memory_entries,DATA_MISSING
1893,KEYP,risk,Negative trading updates from A2 MILK and Endeavor Group,active,0.74,youtube_transcript:asx-daily-rundown-atlassian-lifts-tech-a2-milk-recall-shock-accent-group-all-time-lows:88e960386e503796,youtube_transcript,"ASX Daily Rundown | Atlassian Lifts Tech, A2 Milk Recall Shock & Accent Group All-Time Lows",2026-05-04T08:15:01Z,2026-05-05T04:21:38+00:00,2026-05-05T04:21:38+00:00,fanout_0011,50,candidate_expire_duplicate_fanout,status_expire_candidate,"explicit target A2M/A2 MILK, END/EDV/ENDV/ENDEAVOR GROUP does not match current entity; duplicate fanout cluster preserves matching target rows elsewhere",high,MEDIUM,no,company_memory.sqlite:memory_entries,DATA_MISSING
1894,GCMC,risk,Negative trading updates from A2 MILK and Endeavor Group,active,0.74,youtube_transcript:asx-daily-rundown-atlassian-lifts-tech-a2-milk-recall-shock-accent-group-all-time-lows:88e960386e503796,youtube_transcript,"ASX Daily Rundown | Atlassian Lifts Tech, A2 Milk Recall Shock & Accent Group All-Time Lows",2026-05-04T08:15:01Z,2026-05-05T04:21:39+00:00,2026-05-05T04:21:39+00:00,fanout_0011,50,candidate_expire_duplicate_fanout,status_expire_candidate,"explicit target A2M/A2 MILK, END/EDV/ENDV/ENDEAVOR GROUP does not match current entity; duplicate fanout cluster preserves matching target rows elsewhere",high,MEDIUM,no,company_memory.sqlite:memory_entries,DATA_MISSING
1895,MARINO,risk,Negative trading updates from A2 MILK and Endeavor Group,active,0.74,youtube_transcript:asx-daily-rundown-atlassian-lifts-tech-a2-milk-recall-shock-accent-group-all-time-lows:88e960386e503796,youtube_transcript,"ASX Daily Rundown | Atlassian Lifts Tech, A2 Milk Recall Shock & Accent Group All-Time Lows",2026-05-04T08:15:01Z,2026-05-05T04:21:39+00:00,2026-05-05T04:21:39+00:00,fanout_0011,50,candidate_expire_duplicate_fanout,status_expire_candidate,"explicit target A2M/A2 MILK, END/EDV/ENDV/ENDEAVOR GROUP does not match current entity; duplicate fanout cluster preserves matching target rows elsewhere",high,MEDIUM,no,company_memory.sqlite:memory_entries,DATA_MISSING
1896,CLAR,risk,Negative trading updates from A2 MILK and Endeavor Group,active,0.74,youtube_transcript:asx-daily-rundown-atlassian-lifts-tech-a2-milk-recall-shock-accent-group-all-time-lows:88e960386e503796,youtube_transcript,"ASX Daily Rundown | Atlassian Lifts Tech, A2 Milk Recall Shock & Accent Group All-Time Lows",2026-05-04T08:15:01Z,2026-05-05T04:21:39+00:00,2026-05-05T04:21:39+00:00,fanout_0011,50,candidate_expire_duplicate_fanout,status_expire_candidate,"explicit target A2M/A2 MILK, END/EDV/ENDV/ENDEAVOR GROUP does not match current entity; duplicate fanout cluster preserves matching target rows elsewhere",high,MEDIUM,no,company_memory.sqlite:memory_entries,DATA_MISSING
1897,LIVN,risk,Negative trading updates from A2 MILK and Endeavor Group,active,0.74,youtube_transcript:asx-daily-rundown-atlassian-lifts-tech-a2-milk-recall-shock-accent-group-all-time-lows:88e960386e503796,youtube_transcript,"ASX Daily Rundown | Atlassian Lifts Tech, A2 Milk Recall Shock & Accent Group All-Time Lows",2026-05-04T08:15:01Z,2026-05-05T04:21:39+00:00,2026-05-05T04:21:39+00:00,fanout_0011,50,candidate_expire_duplicate_fanout,status_expire_candidate,"explicit target A2M/A2 MILK, END/EDV/ENDV/ENDEAVOR GROUP does not match current entity; duplicate fanout cluster preserves matching target rows elsewhere",high,MEDIUM,no,company_memory.sqlite:memory_entries,DATA_MISSING
1898,SN,risk,Negative trading updates from A2 MILK and Endeavor Group,active,0.74,youtube_transcript:asx-daily-rundown-atlassian-lifts-tech-a2-milk-recall-shock-accent-group-all-time-lows:88e960386e503796,youtube_transcript,"ASX Daily Rundown | Atlassian Lifts Tech, A2 Milk Recall Shock & Accent Group All-Time Lows",2026-05-04T08:15:01Z,2026-05-05T04:21:39+00:00,2026-05-05T04:21:39+00:00,fanout_0011,50,candidate_expire_duplicate_fanout,status_expire_candidate,"explicit target A2M/A2 MILK, END/EDV/ENDV/ENDEAVOR GROUP does not match current entity; duplicate fanout cluster preserves matching target rows elsewhere",high,MEDIUM,no,company_memory.sqlite:memory_entries,DATA_MISSING
1899,LION,risk,Negative trading updates from A2 MILK and Endeavor Group,active,0.74,youtube_transcript:asx-daily-rundown-atlassian-lifts-tech-a2-milk-recall-shock-accent-group-all-time-lows:88e960386e503796,youtube_transcript,"ASX Daily Rundown | Atlassian Lifts Tech, A2 Milk Recall Shock & Accent Group All-Time Lows",2026-05-04T08:15:01Z,2026-05-05T04:21:40+00:00,2026-05-05T04:21:40+00:00,fanout_0011,50,candidate_expire_duplicate_fanout,status_expire_candidate,"explicit target A2M/A2 MILK, END/EDV/ENDV/ENDEAVOR GROUP does not match current entity; duplicate fanout cluster preserves matching target rows elsewhere",high,MEDIUM,no,company_memory.sqlite:memory_entries,DATA_MISSING
1900,ENDV,risk,Over issuance of shares by Pettimed leading to a significant drop in share price,active,0.76,youtube_transcript:asx-daily-rundown-atlassian-lifts-tech-a2-milk-recall-shock-accent-group-all-time-lows:88e960386e503796,youtube_transcript,"ASX Daily Rundown | Atlassian Lifts Tech, A2 Milk Recall Shock & Accent Group All-Time Lows",2026-05-04T08:15:01Z,2026-05-05T04:21:42+00:00,2026-05-05T04:21:42+00:00,fanout_0021,34,candidate_expire_duplicate_fanout,status_expire_candidate,explicit target PET/PETT/PETTIMED does not match current entity; duplicate fanout cluster preserves matching target rows elsewhere,high,MEDIUM,no,company_memory.sqlite:memory_entries,DATA_MISSING
1901,KEYP,risk,Over issuance of shares by Pettimed leading to a significant drop in share price,active,0.76,youtube_transcript:asx-daily-rundown-atlassian-lifts-tech-a2-milk-recall-shock-accent-group-all-time-lows:88e960386e503796,youtube_transcript,"ASX Daily Rundown | Atlassian Lifts Tech, A2 Milk Recall Shock & Accent Group All-Time Lows",2026-05-04T08:15:01Z,2026-05-05T04:21:42+00:00,2026-05-05T04:21:42+00:00,fanout_0021,34,candidate_expire_duplicate_fanout,status_expire_candidate,explicit target PET/PETT/PETTIMED does not match current entity; duplicate fanout cluster preserves matching target rows elsewhere,high,MEDIUM,no,company_memory.sqlite:memory_entries,DATA_MISSING
1902,GCMC,risk,Over issuance of shares by Pettimed leading to a significant drop in share price,active,0.76,youtube_transcript:asx-daily-rundown-atlassian-lifts-tech-a2-milk-recall-shock-accent-group-all-time-lows:88e960386e503796,youtube_transcript,"ASX Daily Rundown | Atlassian Lifts Tech, A2 Milk Recall Shock & Accent Group All-Time Lows",2026-05-04T08:15:01Z,2026-05-05T04:21:42+00:00,2026-05-05T04:21:42+00:00,fanout_0021,34,candidate_expire_duplicate_fanout,status_expire_candidate,explicit target PET/PETT/PETTIMED does not match current entity; duplicate fanout cluster preserves matching target rows elsewhere,high,MEDIUM,no,company_memory.sqlite:memory_entries,DATA_MISSING
1903,MARINO,risk,Over issuance of shares by Pettimed leading to a significant drop in share price,active,0.76,youtube_transcript:asx-daily-rundown-atlassian-lifts-tech-a2-milk-recall-shock-accent-group-all-time-lows:88e960386e503796,youtube_transcript,"ASX Daily Rundown | Atlassian Lifts Tech, A2 Milk Recall Shock & Accent Group All-Time Lows",2026-05-04T08:15:01Z,2026-05-05T04:21:43+00:00,2026-05-05T04:21:43+00:00,fanout_0021,34,candidate_expire_duplicate_fanout,status_expire_candidate,explicit target PET/PETT/PETTIMED does not match current entity; duplicate fanout cluster preserves matching target rows elsewhere,high,MEDIUM,no,company_memory.sqlite:memory_entries,DATA_MISSING
1904,CLAR,risk,Over issuance of shares by Pettimed leading to a significant drop in share price,active,0.76,youtube_transcript:asx-daily-rundown-atlassian-lifts-tech-a2-milk-recall-shock-accent-group-all-time-lows:88e960386e503796,youtube_transcript,"ASX Daily Rundown | Atlassian Lifts Tech, A2 Milk Recall Shock & Accent Group All-Time Lows",2026-05-04T08:15:01Z,2026-05-05T04:21:44+00:00,2026-05-05T04:21:44+00:00,fanout_0021,34,candidate_expire_duplicate_fanout,status_expire_candidate,explicit target PET/PETT/PETTIMED does not match current entity; duplicate fanout cluster preserves matching target rows elsewhere,high,MEDIUM,no,company_memory.sqlite:memory_entries,DATA_MISSING
1905,LIVN,risk,Over issuance of shares by Pettimed leading to a significant drop in share price,active,0.76,youtube_transcript:asx-daily-rundown-atlassian-lifts-tech-a2-milk-recall-shock-accent-group-all-time-lows:88e960386e503796,youtube_transcript,"ASX Daily Rundown | Atlassian Lifts Tech, A2 Milk Recall Shock & Accent Group All-Time Lows",2026-05-04T08:15:01Z,2026-05-05T04:21:44+00:00,2026-05-05T04:21:44+00:00,fanout_0021,34,candidate_expire_duplicate_fanout,status_expire_candidate,explicit target PET/PETT/PETTIMED does not match current entity; duplicate fanout cluster preserves matching target rows elsewhere,high,MEDIUM,no,company_memory.sqlite:memory_entries,DATA_MISSING
1906,SN,risk,Over issuance of shares by Pettimed leading to a significant drop in share price,active,0.76,youtube_transcript:asx-daily-rundown-atlassian-lifts-tech-a2-milk-recall-shock-accent-group-all-time-lows:88e960386e503796,youtube_transcript,"ASX Daily Rundown | Atlassian Lifts Tech, A2 Milk Recall Shock & Accent Group All-Time Lows",2026-05-04T08:15:01Z,2026-05-05T04:21:44+00:00,2026-05-05T04:21:44+00:00,fanout_0021,34,candidate_expire_duplicate_fanout,status_expire_candidate,explicit target PET/PETT/PETTIMED does not match current entity; duplicate fanout cluster preserves matching target rows elsewhere,high,MEDIUM,no,company_memory.sqlite:memory_entries,DATA_MISSING
1907,LION,risk,Over issuance of shares by Pettimed leading to a significant drop in share price,active,0.76,youtube_transcript:asx-daily-rundown-atlassian-lifts-tech-a2-milk-recall-shock-accent-group-all-time-lows:88e960386e503796,youtube_transcript,"ASX Daily Rundown | Atlassian Lifts Tech, A2 Milk Recall Shock & Accent Group All-Time Lows",2026-05-04T08:15:01Z,2026-05-05T04:21:44+00:00,2026-05-05T04:21:44+00:00,fanout_0021,34,candidate_expire_duplicate_fanout,status_expire_candidate,explicit target PET/PETT/PETTIMED does not match current entity; duplicate fanout cluster preserves matching target rows elsewhere,high,MEDIUM,no,company_memory.sqlite:memory_entries,DATA_MISSING
1908,ASX,risk,Pettimed's oversupply of shares and poor market reception,active,0.76,youtube_transcript:asx-daily-rundown-atlassian-lifts-tech-a2-milk-recall-shock-accent-group-all-time-lows:88e960386e503796,youtube_transcript,"ASX Daily Rundown | Atlassian Lifts Tech, A2 Milk Recall Shock & Accent Group All-Time Lows",2026-05-04T08:15:01Z,2026-05-05T04:21:47+00:00,2026-05-05T04:21:47+00:00,fanout_0041,25,candidate_expire_duplicate_fanout,status_expire_candidate,explicit target PET/PETT/PETTIMED does not match current entity; duplicate fanout cluster preserves matching target rows elsewhere,high,MEDIUM,no,company_memory.sqlite:memory_entries,DATA_MISSING
1909,TXT,risk,Pettimed's oversupply of shares and poor market reception,active,0.76,youtube_transcript:asx-daily-rundown-atlassian-lifts-tech-a2-milk-recall-shock-accent-group-all-time-lows:88e960386e503796,youtube_transcript,"ASX Daily Rundown | Atlassian Lifts Tech, A2 Milk Recall Shock & Accent Group All-Time Lows",2026-05-04T08:15:01Z,2026-05-05T04:21:47+00:00,2026-05-05T04:21:47+00:00,fanout_0041,25,candidate_expire_duplicate_fanout,status_expire_candidate,explicit target PET/PETT/PETTIMED does not match current entity; duplicate fanout cluster preserves matching target rows elsewhere,high,MEDIUM,no,company_memory.sqlite:memory_entries,DATA_MISSING
1910,XTX,risk,Pettimed's oversupply of shares and poor market reception,active,0.76,youtube_transcript:asx-daily-rundown-atlassian-lifts-tech-a2-milk-recall-shock-accent-group-all-time-lows:88e960386e503796,youtube_transcript,"ASX Daily Rundown | Atlassian Lifts Tech, A2 Milk Recall Shock & Accent Group All-Time Lows",2026-05-04T08:15:01Z,2026-05-05T04:21:47+00:00,2026-05-05T04:21:47+00:00,fanout_0041,25,candidate_expire_duplicate_fanout,status_expire_candidate,explicit target PET/PETT/PETTIMED does not match current entity; duplicate fanout cluster preserves matching target rows elsewhere,high,MEDIUM,no,company_memory.sqlite:memory_entries,DATA_MISSING
1911,A2M,risk,Pettimed's oversupply of shares and poor market reception,active,0.76,youtube_transcript:asx-daily-rundown-atlassian-lifts-tech-a2-milk-recall-shock-accent-group-all-time-lows:88e960386e503796,youtube_transcript,"ASX Daily Rundown | Atlassian Lifts Tech, A2 Milk Recall Shock & Accent Group All-Time Lows",2026-05-04T08:15:01Z,2026-05-05T04:21:47+00:00,2026-05-05T04:21:47+00:00,fanout_0041,25,candidate_expire_duplicate_fanout,status_expire_candidate,explicit target PET/PETT/PETTIMED does not match current entity; duplicate fanout cluster preserves matching target rows elsewhere,high,MEDIUM,no,company_memory.sqlite:memory_entries,DATA_MISSING
1912,ENDV,risk,Pettimed's oversupply of shares and poor market reception,active,0.76,youtube_transcript:asx-daily-rundown-atlassian-lifts-tech-a2-milk-recall-shock-accent-group-all-time-lows:88e960386e503796,youtube_transcript,"ASX Daily Rundown | Atlassian Lifts Tech, A2 Milk Recall Shock & Accent Group All-Time Lows",2026-05-04T08:15:01Z,2026-05-05T04:21:47+00:00,2026-05-05T04:21:47+00:00,fanout_0041,25,candidate_expire_duplicate_fanout,status_expire_candidate,explicit target PET/PETT/PETTIMED does not match current entity; duplicate fanout cluster preserves matching target rows elsewhere,high,MEDIUM,no,company_memory.sqlite:memory_entries,DATA_MISSING
1913,COH,risk,Pettimed's oversupply of shares and poor market reception,active,0.76,youtube_transcript:asx-daily-rundown-atlassian-lifts-tech-a2-milk-recall-shock-accent-group-all-time-lows:88e960386e503796,youtube_transcript,"ASX Daily Rundown | Atlassian Lifts Tech, A2 Milk Recall Shock & Accent Group All-Time Lows",2026-05-04T08:15:01Z,2026-05-05T04:21:47+00:00,2026-05-05T04:21:47+00:00,fanout_0041,25,candidate_expire_duplicate_fanout,status_expire_candidate,explicit target PET/PETT/PETTIMED does not match current entity; duplicate fanout cluster preserves matching target rows elsewhere,high,MEDIUM,no,company_memory.sqlite:memory_entries,DATA_MISSING
1914,BHP,risk,Pettimed's oversupply of shares and poor market reception,active,0.76,youtube_transcript:asx-daily-rundown-atlassian-lifts-tech-a2-milk-recall-shock-accent-group-all-time-lows:88e960386e503796,youtube_transcript,"ASX Daily Rundown | Atlassian Lifts Tech, A2 Milk Recall Shock & Accent Group All-Time Lows",2026-05-04T08:15:01Z,2026-05-05T04:21:49+00:00,2026-05-05T04:21:49+00:00,fanout_0041,25,candidate_expire_duplicate_fanout,status_expire_candidate,explicit target PET/PETT/PETTIMED does not match current entity; duplicate fanout cluster preserves matching target rows elsewhere,high,MEDIUM,no,company_memory.sqlite:memory_entries,DATA_MISSING
1915,WES,risk,Pettimed's oversupply of shares and poor market reception,active,0.76,youtube_transcript:asx-daily-rundown-atlassian-lifts-tech-a2-milk-recall-shock-accent-group-all-time-lows:88e960386e503796,youtube_transcript,"ASX Daily Rundown | Atlassian Lifts Tech, A2 Milk Recall Shock & Accent Group All-Time Lows",2026-05-04T08:15:01Z,2026-05-05T04:21:49+00:00,2026-05-05T04:21:49+00:00,fanout_0041,25,candidate_expire_duplicate_fanout,status_expire_candidate,explicit target PET/PETT/PETTIMED does not match current entity; duplicate fanout cluster preserves matching target rows elsewhere,high,MEDIUM,no,company_memory.sqlite:memory_entries,DATA_MISSING
1916,NAB,risk,Pettimed's oversupply of shares and poor market reception,active,0.76,youtube_transcript:asx-daily-rundown-atlassian-lifts-tech-a2-milk-recall-shock-accent-group-all-time-lows:88e960386e503796,youtube_transcript,"ASX Daily Rundown | Atlassian Lifts Tech, A2 Milk Recall Shock & Accent Group All-Time Lows",2026-05-04T08:15:01Z,2026-05-05T04:21:49+00:00,2026-05-05T04:21:49+00:00,fanout_0041,25,candidate_expire_duplicate_fanout,status_expire_candidate,explicit target PET/PETT/PETTIMED does not match current entity; duplicate fanout cluster preserves matching target rows elsewhere,high,MEDIUM,no,company_memory.sqlite:memory_entries,DATA_MISSING
1917,WBC,risk,Pettimed's oversupply of shares and poor market reception,active,0.76,youtube_transcript:asx-daily-rundown-atlassian-lifts-tech-a2-milk-recall-shock-accent-group-all-time-lows:88e960386e503796,youtube_transcript,"ASX Daily Rundown | Atlassian Lifts Tech, A2 Milk Recall Shock & Accent Group All-Time Lows",2026-05-04T08:15:01Z,2026-05-05T04:21:49+00:00,2026-05-05T04:21:49+00:00,fanout_0041,25,candidate_expire_duplicate_fanout,status_expire_candidate,explicit target PET/PETT/PETTIMED does not match current entity; duplicate fanout cluster preserves matching target rows elsewhere,high,MEDIUM,no,company_memory.sqlite:memory_entries,DATA_MISSING
1918,KEYP,risk,Pettimed's oversupply of shares and poor market reception,active,0.76,youtube_transcript:asx-daily-rundown-atlassian-lifts-tech-a2-milk-recall-shock-accent-group-all-time-lows:88e960386e503796,youtube_transcript,"ASX Daily Rundown | Atlassian Lifts Tech, A2 Milk Recall Shock & Accent Group All-Time Lows",2026-05-04T08:15:01Z,2026-05-05T04:21:49+00:00,2026-05-05T04:21:49+00:00,fanout_0041,25,candidate_expire_duplicate_fanout,status_expire_candidate,explicit target PET/PETT/PETTIMED does not match current entity; duplicate fanout cluster preserves matching target rows elsewhere,high,MEDIUM,no,company_memory.sqlite:memory_entries,DATA_MISSING
1919,GCMC,risk,Pettimed's oversupply of shares and poor market reception,active,0.76,youtube_transcript:asx-daily-rundown-atlassian-lifts-tech-a2-milk-recall-shock-accent-group-all-time-lows:88e960386e503796,youtube_transcript,"ASX Daily Rundown | Atlassian Lifts Tech, A2 Milk Recall Shock & Accent Group All-Time Lows",2026-05-04T08:15:01Z,2026-05-05T04:21:49+00:00,2026-05-05T04:21:49+00:00,fanout_0041,25,candidate_expire_duplicate_fanout,status_expire_candidate,explicit target PET/PETT/PETTIMED does not match current entity; duplicate fanout cluster preserves matching target rows elsewhere,high,MEDIUM,no,company_memory.sqlite:memory_entries,DATA_MISSING
1920,MARINO,risk,Pettimed's oversupply of shares and poor market reception,active,0.76,youtube_transcript:asx-daily-rundown-atlassian-lifts-tech-a2-milk-recall-shock-accent-group-all-time-lows:88e960386e503796,youtube_transcript,"ASX Daily Rundown | Atlassian Lifts Tech, A2 Milk Recall Shock & Accent Group All-Time Lows",2026-05-04T08:15:01Z,2026-05-05T04:21:49+00:00,2026-05-05T04:21:49+00:00,fanout_0041,25,candidate_expire_duplicate_fanout,status_expire_candidate,explicit target PET/PETT/PETTIMED does not match current entity; duplicate fanout cluster preserves matching target rows elsewhere,high,MEDIUM,no,company_memory.sqlite:memory_entries,DATA_MISSING
1921,CLAR,risk,Pettimed's oversupply of shares and poor market reception,active,0.76,youtube_transcript:asx-daily-rundown-atlassian-lifts-tech-a2-milk-recall-shock-accent-group-all-time-lows:88e960386e503796,youtube_transcript,"ASX Daily Rundown | Atlassian Lifts Tech, A2 Milk Recall Shock & Accent Group All-Time Lows",2026-05-04T08:15:01Z,2026-05-05T04:21:49+00:00,2026-05-05T04:21:49+00:00,fanout_0041,25,candidate_expire_duplicate_fanout,status_expire_candidate,explicit target PET/PETT/PETTIMED does not match current entity; duplicate fanout cluster preserves matching target rows elsewhere,high,MEDIUM,no,company_memory.sqlite:memory_entries,DATA_MISSING
1922,WIN,risk,Pettimed's oversupply of shares and poor market reception,active,0.76,youtube_transcript:asx-daily-rundown-atlassian-lifts-tech-a2-milk-recall-shock-accent-group-all-time-lows:88e960386e503796,youtube_transcript,"ASX Daily Rundown | Atlassian Lifts Tech, A2 Milk Recall Shock & Accent Group All-Time Lows",2026-05-04T08:15:01Z,2026-05-05T04:21:49+00:00,2026-05-05T04:21:49+00:00,fanout_0041,25,candidate_expire_duplicate_fanout,status_expire_candidate,explicit target PET/PETT/PETTIMED does not match current entity; duplicate fanout cluster preserves matching target rows elsewhere,high,MEDIUM,no,company_memory.sqlite:memory_entries,DATA_MISSING
1923,LIVN,risk,Pettimed's oversupply of shares and poor market reception,active,0.76,youtube_transcript:asx-daily-rundown-atlassian-lifts-tech-a2-milk-recall-shock-accent-group-all-time-lows:88e960386e503796,youtube_transcript,"ASX Daily Rundown | Atlassian Lifts Tech, A2 Milk Recall Shock & Accent Group All-Time Lows",2026-05-04T08:15:01Z,2026-05-05T04:21:49+00:00,2026-05-05T04:21:49+00:00,fanout_0041,25,candidate_expire_duplicate_fanout,status_expire_candidate,explicit target PET/PETT/PETTIMED does not match current entity; duplicate fanout cluster preserves matching target rows elsewhere,high,MEDIUM,no,company_memory.sqlite:memory_entries,DATA_MISSING
1924,SKT,risk,Pettimed's oversupply of shares and poor market reception,active,0.76,youtube_transcript:asx-daily-rundown-atlassian-lifts-tech-a2-milk-recall-shock-accent-group-all-time-lows:88e960386e503796,youtube_transcript,"ASX Daily Rundown | Atlassian Lifts Tech, A2 Milk Recall Shock & Accent Group All-Time Lows",2026-05-04T08:15:01Z,2026-05-05T04:21:50+00:00,2026-05-05T04:21:50+00:00,fanout_0041,25,candidate_expire_duplicate_fanout,status_expire_candidate,explicit target PET/PETT/PETTIMED does not match current entity; duplicate fanout cluster preserves matching target rows elsewhere,high,MEDIUM,no,company_memory.sqlite:memory_entries,DATA_MISSING
1925,VCE,risk,Pettimed's oversupply of shares and poor market reception,active,0.76,youtube_transcript:asx-daily-rundown-atlassian-lifts-tech-a2-milk-recall-shock-accent-group-all-time-lows:88e960386e503796,youtube_transcript,"ASX Daily Rundown | Atlassian Lifts Tech, A2 Milk Recall Shock & Accent Group All-Time Lows",2026-05-04T08:15:01Z,2026-05-05T04:21:50+00:00,2026-05-05T04:21:50+00:00,fanout_0041,25,candidate_expire_duplicate_fanout,status_expire_candidate,explicit target PET/PETT/PETTIMED does not match current entity; duplicate fanout cluster preserves matching target rows elsewhere,high,MEDIUM,no,company_memory.sqlite:memory_entries,DATA_MISSING
1926,SN,risk,Pettimed's oversupply of shares and poor market reception,active,0.76,youtube_transcript:asx-daily-rundown-atlassian-lifts-tech-a2-milk-recall-shock-accent-group-all-time-lows:88e960386e503796,youtube_transcript,"ASX Daily Rundown | Atlassian Lifts Tech, A2 Milk Recall Shock & Accent Group All-Time Lows",2026-05-04T08:15:01Z,2026-05-05T04:21:50+00:00,2026-05-05T04:21:50+00:00,fanout_0041,25,candidate_expire_duplicate_fanout,status_expire_candidate,explicit target PET/PETT/PETTIMED does not match current entity; duplicate fanout cluster preserves matching target rows elsewhere,high,MEDIUM,no,company_memory.sqlite:memory_entries,DATA_MISSING
1927,LION,risk,Pettimed's oversupply of shares and poor market reception,active,0.76,youtube_transcript:asx-daily-rundown-atlassian-lifts-tech-a2-milk-recall-shock-accent-group-all-time-lows:88e960386e503796,youtube_transcript,"ASX Daily Rundown | Atlassian Lifts Tech, A2 Milk Recall Shock & Accent Group All-Time Lows",2026-05-04T08:15:01Z,2026-05-05T04:21:50+00:00,2026-05-05T04:21:50+00:00,fanout_0041,25,candidate_expire_duplicate_fanout,status_expire_candidate,explicit target PET/PETT/PETTIMED does not match current entity; duplicate fanout cluster preserves matching target rows elsewhere,high,MEDIUM,no,company_memory.sqlite:memory_entries,DATA_MISSING
1929,INDE,risk,Pettimed's oversupply of shares and poor market reception,active,0.76,youtube_transcript:asx-daily-rundown-atlassian-lifts-tech-a2-milk-recall-shock-accent-group-all-time-lows:88e960386e503796,youtube_transcript,"ASX Daily Rundown | Atlassian Lifts Tech, A2 Milk Recall Shock & Accent Group All-Time Lows",2026-05-04T08:15:01Z,2026-05-05T04:21:50+00:00,2026-05-05T04:21:50+00:00,fanout_0041,25,candidate_expire_duplicate_fanout,status_expire_candidate,explicit target PET/PETT/PETTIMED does not match current entity; duplicate fanout cluster preserves matching target rows elsewhere,high,MEDIUM,no,company_memory.sqlite:memory_entries,DATA_MISSING
1930,C79,risk,Pettimed's oversupply of shares and poor market reception,active,0.76,youtube_transcript:asx-daily-rundown-atlassian-lifts-tech-a2-milk-recall-shock-accent-group-all-time-lows:88e960386e503796,youtube_transcript,"ASX Daily Rundown | Atlassian Lifts Tech, A2 Milk Recall Shock & Accent Group All-Time Lows",2026-05-04T08:15:01Z,2026-05-05T04:21:51+00:00,2026-05-05T04:21:51+00:00,fanout_0041,25,candidate_expire_duplicate_fanout,status_expire_candidate,explicit target PET/PETT/PETTIMED does not match current entity; duplicate fanout cluster preserves matching target rows elsewhere,high,MEDIUM,no,company_memory.sqlite:memory_entries,DATA_MISSING
1931,A2 MILK,risk,Pettimed's oversupply of shares and poor market reception,active,0.76,youtube_transcript:asx-daily-rundown-atlassian-lifts-tech-a2-milk-recall-shock-accent-group-all-time-lows:88e960386e503796,youtube_transcript,"ASX Daily Rundown | Atlassian Lifts Tech, A2 Milk Recall Shock & Accent Group All-Time Lows",2026-05-04T08:15:01Z,2026-05-05T04:21:51+00:00,2026-05-05T04:21:51+00:00,fanout_0041,25,candidate_expire_duplicate_fanout,status_expire_candidate,explicit target PET/PETT/PETTIMED does not match current entity; duplicate fanout cluster preserves matching target rows elsewhere,high,MEDIUM,no,company_memory.sqlite:memory_entries,DATA_MISSING
1932,ACCENT GROUP,risk,Pettimed's oversupply of shares and poor market reception,active,0.76,youtube_transcript:asx-daily-rundown-atlassian-lifts-tech-a2-milk-recall-shock-accent-group-all-time-lows:88e960386e503796,youtube_transcript,"ASX Daily Rundown | Atlassian Lifts Tech, A2 Milk Recall Shock & Accent Group All-Time Lows",2026-05-04T08:15:01Z,2026-05-05T04:21:51+00:00,2026-05-05T04:21:51+00:00,fanout_0041,25,candidate_expire_duplicate_fanout,status_expire_candidate,explicit target PET/PETT/PETTIMED does not match current entity; duplicate fanout cluster preserves matching target rows elsewhere,high,MEDIUM,no,company_memory.sqlite:memory_entries,DATA_MISSING
1933,ASX,risk,Chrysos Corporation's share price reaction to a positive update,active,0.74,youtube_transcript:asx-daily-rundown-atlassian-lifts-tech-a2-milk-recall-shock-accent-group-all-time-lows:88e960386e503796,youtube_transcript,"ASX Daily Rundown | Atlassian Lifts Tech, A2 Milk Recall Shock & Accent Group All-Time Lows",2026-05-04T08:15:01Z,2026-05-05T04:21:51+00:00,2026-05-05T04:21:51+00:00,fanout_0039,25,candidate_expire_duplicate_fanout,status_expire_candidate,explicit target CHRYSOS/C79/GCM does not match current entity; duplicate fanout cluster preserves matching target rows elsewhere,high,MEDIUM,no,company_memory.sqlite:memory_entries,DATA_MISSING
1934,TXT,risk,Chrysos Corporation's share price reaction to a positive update,active,0.74,youtube_transcript:asx-daily-rundown-atlassian-lifts-tech-a2-milk-recall-shock-accent-group-all-time-lows:88e960386e503796,youtube_transcript,"ASX Daily Rundown | Atlassian Lifts Tech, A2 Milk Recall Shock & Accent Group All-Time Lows",2026-05-04T08:15:01Z,2026-05-05T04:21:51+00:00,2026-05-05T04:21:51+00:00,fanout_0039,25,candidate_expire_duplicate_fanout,status_expire_candidate,explicit target CHRYSOS/C79/GCM does not match current entity; duplicate fanout cluster preserves matching target rows elsewhere,high,MEDIUM,no,company_memory.sqlite:memory_entries,DATA_MISSING
1935,XTX,risk,Chrysos Corporation's share price reaction to a positive update,active,0.74,youtube_transcript:asx-daily-rundown-atlassian-lifts-tech-a2-milk-recall-shock-accent-group-all-time-lows:88e960386e503796,youtube_transcript,"ASX Daily Rundown | Atlassian Lifts Tech, A2 Milk Recall Shock & Accent Group All-Time Lows",2026-05-04T08:15:01Z,2026-05-05T04:21:52+00:00,2026-05-05T04:21:52+00:00,fanout_0039,25,candidate_expire_duplicate_fanout,status_expire_candidate,explicit target CHRYSOS/C79/GCM does not match current entity; duplicate fanout cluster preserves matching target rows elsewhere,high,MEDIUM,no,company_memory.sqlite:memory_entries,DATA_MISSING
1936,A2M,risk,Chrysos Corporation's share price reaction to a positive update,active,0.74,youtube_transcript:asx-daily-rundown-atlassian-lifts-tech-a2-milk-recall-shock-accent-group-all-time-lows:88e960386e503796,youtube_transcript,"ASX Daily Rundown | Atlassian Lifts Tech, A2 Milk Recall Shock & Accent Group All-Time Lows",2026-05-04T08:15:01Z,2026-05-05T04:21:52+00:00,2026-05-05T04:21:52+00:00,fanout_0039,25,candidate_expire_duplicate_fanout,status_expire_candidate,explicit target CHRYSOS/C79/GCM does not match current entity; duplicate fanout cluster preserves matching target rows elsewhere,high,MEDIUM,no,company_memory.sqlite:memory_entries,DATA_MISSING
1937,ENDV,risk,Chrysos Corporation's share price reaction to a positive update,active,0.74,youtube_transcript:asx-daily-rundown-atlassian-lifts-tech-a2-milk-recall-shock-accent-group-all-time-lows:88e960386e503796,youtube_transcript,"ASX Daily Rundown | Atlassian Lifts Tech, A2 Milk Recall Shock & Accent Group All-Time Lows",2026-05-04T08:15:01Z,2026-05-05T04:21:52+00:00,2026-05-05T04:21:52+00:00,fanout_0039,25,candidate_expire_duplicate_fanout,status_expire_candidate,explicit target CHRYSOS/C79/GCM does not match current entity; duplicate fanout cluster preserves matching target rows elsewhere,high,MEDIUM,no,company_memory.sqlite:memory_entries,DATA_MISSING
1938,COH,risk,Chrysos Corporation's share price reaction to a positive update,active,0.74,youtube_transcript:asx-daily-rundown-atlassian-lifts-tech-a2-milk-recall-shock-accent-group-all-time-lows:88e960386e503796,youtube_transcript,"ASX Daily Rundown | Atlassian Lifts Tech, A2 Milk Recall Shock & Accent Group All-Time Lows",2026-05-04T08:15:01Z,2026-05-05T04:21:52+00:00,2026-05-05T04:21:52+00:00,fanout_0039,25,candidate_expire_duplicate_fanout,status_expire_candidate,explicit target CHRYSOS/C79/GCM does not match current entity; duplicate fanout cluster preserves matching target rows elsewhere,high,MEDIUM,no,company_memory.sqlite:memory_entries,DATA_MISSING
1939,BHP,risk,Chrysos Corporation's share price reaction to a positive update,active,0.74,youtube_transcript:asx-daily-rundown-atlassian-lifts-tech-a2-milk-recall-shock-accent-group-all-time-lows:88e960386e503796,youtube_transcript,"ASX Daily Rundown | Atlassian Lifts Tech, A2 Milk Recall Shock & Accent Group All-Time Lows",2026-05-04T08:15:01Z,2026-05-05T04:21:52+00:00,2026-05-05T04:21:52+00:00,fanout_0039,25,candidate_expire_duplicate_fanout,status_expire_candidate,explicit target CHRYSOS/C79/GCM does not match current entity; duplicate fanout cluster preserves matching target rows elsewhere,high,MEDIUM,no,company_memory.sqlite:memory_entries,DATA_MISSING
1940,WES,risk,Chrysos Corporation's share price reaction to a positive update,active,0.74,youtube_transcript:asx-daily-rundown-atlassian-lifts-tech-a2-milk-recall-shock-accent-group-all-time-lows:88e960386e503796,youtube_transcript,"ASX Daily Rundown | Atlassian Lifts Tech, A2 Milk Recall Shock & Accent Group All-Time Lows",2026-05-04T08:15:01Z,2026-05-05T04:21:52+00:00,2026-05-05T04:21:52+00:00,fanout_0039,25,candidate_expire_duplicate_fanout,status_expire_candidate,explicit target CHRYSOS/C79/GCM does not match current entity; duplicate fanout cluster preserves matching target rows elsewhere,high,MEDIUM,no,company_memory.sqlite:memory_entries,DATA_MISSING
1941,NAB,risk,Chrysos Corporation's share price reaction to a positive update,active,0.74,youtube_transcript:asx-daily-rundown-atlassian-lifts-tech-a2-milk-recall-shock-accent-group-all-time-lows:88e960386e503796,youtube_transcript,"ASX Daily Rundown | Atlassian Lifts Tech, A2 Milk Recall Shock & Accent Group All-Time Lows",2026-05-04T08:15:01Z,2026-05-05T04:21:53+00:00,2026-05-05T04:21:53+00:00,fanout_0039,25,candidate_expire_duplicate_fanout,status_expire_candidate,explicit target CHRYSOS/C79/GCM does not match current entity; duplicate fanout cluster preserves matching target rows elsewhere,high,MEDIUM,no,company_memory.sqlite:memory_entries,DATA_MISSING
1942,WBC,risk,Chrysos Corporation's share price reaction to a positive update,active,0.74,youtube_transcript:asx-daily-rundown-atlassian-lifts-tech-a2-milk-recall-shock-accent-group-all-time-lows:88e960386e503796,youtube_transcript,"ASX Daily Rundown | Atlassian Lifts Tech, A2 Milk Recall Shock & Accent Group All-Time Lows",2026-05-04T08:15:01Z,2026-05-05T04:21:53+00:00,2026-05-05T04:21:53+00:00,fanout_0039,25,candidate_expire_duplicate_fanout,status_expire_candidate,explicit target CHRYSOS/C79/GCM does not match current entity; duplicate fanout cluster preserves matching target rows elsewhere,high,MEDIUM,no,company_memory.sqlite:memory_entries,DATA_MISSING
1943,KEYP,risk,Chrysos Corporation's share price reaction to a positive update,active,0.74,youtube_transcript:asx-daily-rundown-atlassian-lifts-tech-a2-milk-recall-shock-accent-group-all-time-lows:88e960386e503796,youtube_transcript,"ASX Daily Rundown | Atlassian Lifts Tech, A2 Milk Recall Shock & Accent Group All-Time Lows",2026-05-04T08:15:01Z,2026-05-05T04:21:53+00:00,2026-05-05T04:21:53+00:00,fanout_0039,25,candidate_expire_duplicate_fanout,status_expire_candidate,explicit target CHRYSOS/C79/GCM does not match current entity; duplicate fanout cluster preserves matching target rows elsewhere,high,MEDIUM,no,company_memory.sqlite:memory_entries,DATA_MISSING
1945,MARINO,risk,Chrysos Corporation's share price reaction to a positive update,active,0.74,youtube_transcript:asx-daily-rundown-atlassian-lifts-tech-a2-milk-recall-shock-accent-group-all-time-lows:88e960386e503796,youtube_transcript,"ASX Daily Rundown | Atlassian Lifts Tech, A2 Milk Recall Shock & Accent Group All-Time Lows",2026-05-04T08:15:01Z,2026-05-05T04:21:54+00:00,2026-05-05T04:21:54+00:00,fanout_0039,25,candidate_expire_duplicate_fanout,status_expire_candidate,explicit target CHRYSOS/C79/GCM does not match current entity; duplicate fanout cluster preserves matching target rows elsewhere,high,MEDIUM,no,company_memory.sqlite:memory_entries,DATA_MISSING
1946,CLAR,risk,Chrysos Corporation's share price reaction to a positive update,active,0.74,youtube_transcript:asx-daily-rundown-atlassian-lifts-tech-a2-milk-recall-shock-accent-group-all-time-lows:88e960386e503796,youtube_transcript,"ASX Daily Rundown | Atlassian Lifts Tech, A2 Milk Recall Shock & Accent Group All-Time Lows",2026-05-04T08:15:01Z,2026-05-05T04:21:54+00:00,2026-05-05T04:21:54+00:00,fanout_0039,25,candidate_expire_duplicate_fanout,status_expire_candidate,explicit target CHRYSOS/C79/GCM does not match current entity; duplicate fanout cluster preserves matching target rows elsewhere,high,MEDIUM,no,company_memory.sqlite:memory_entries,DATA_MISSING
1947,WIN,risk,Chrysos Corporation's share price reaction to a positive update,active,0.74,youtube_transcript:asx-daily-rundown-atlassian-lifts-tech-a2-milk-recall-shock-accent-group-all-time-lows:88e960386e503796,youtube_transcript,"ASX Daily Rundown | Atlassian Lifts Tech, A2 Milk Recall Shock & Accent Group All-Time Lows",2026-05-04T08:15:01Z,2026-05-05T04:21:54+00:00,2026-05-05T04:21:54+00:00,fanout_0039,25,candidate_expire_duplicate_fanout,status_expire_candidate,explicit target CHRYSOS/C79/GCM does not match current entity; duplicate fanout cluster preserves matching target rows elsewhere,high,MEDIUM,no,company_memory.sqlite:memory_entries,DATA_MISSING
1948,LIVN,risk,Chrysos Corporation's share price reaction to a positive update,active,0.74,youtube_transcript:asx-daily-rundown-atlassian-lifts-tech-a2-milk-recall-shock-accent-group-all-time-lows:88e960386e503796,youtube_transcript,"ASX Daily Rundown | Atlassian Lifts Tech, A2 Milk Recall Shock & Accent Group All-Time Lows",2026-05-04T08:15:01Z,2026-05-05T04:21:54+00:00,2026-05-05T04:21:54+00:00,fanout_0039,25,candidate_expire_duplicate_fanout,status_expire_candidate,explicit target CHRYSOS/C79/GCM does not match current entity; duplicate fanout cluster preserves matching target rows elsewhere,high,MEDIUM,no,company_memory.sqlite:memory_entries,DATA_MISSING
1949,SKT,risk,Chrysos Corporation's share price reaction to a positive update,active,0.74,youtube_transcript:asx-daily-rundown-atlassian-lifts-tech-a2-milk-recall-shock-accent-group-all-time-lows:88e960386e503796,youtube_transcript,"ASX Daily Rundown | Atlassian Lifts Tech, A2 Milk Recall Shock & Accent Group All-Time Lows",2026-05-04T08:15:01Z,2026-05-05T04:21:54+00:00,2026-05-05T04:21:54+00:00,fanout_0039,25,candidate_expire_duplicate_fanout,status_expire_candidate,explicit target CHRYSOS/C79/GCM does not match current entity; duplicate fanout cluster preserves matching target rows elsewhere,high,MEDIUM,no,company_memory.sqlite:memory_entries,DATA_MISSING
1950,VCE,risk,Chrysos Corporation's share price reaction to a positive update,active,0.74,youtube_transcript:asx-daily-rundown-atlassian-lifts-tech-a2-milk-recall-shock-accent-group-all-time-lows:88e960386e503796,youtube_transcript,"ASX Daily Rundown | Atlassian Lifts Tech, A2 Milk Recall Shock & Accent Group All-Time Lows",2026-05-04T08:15:01Z,2026-05-05T04:21:55+00:00,2026-05-05T04:21:55+00:00,fanout_0039,25,candidate_expire_duplicate_fanout,status_expire_candidate,explicit target CHRYSOS/C79/GCM does not match current entity; duplicate fanout cluster preserves matching target rows elsewhere,high,MEDIUM,no,company_memory.sqlite:memory_entries,DATA_MISSING
1951,SN,risk,Chrysos Corporation's share price reaction to a positive update,active,0.74,youtube_transcript:asx-daily-rundown-atlassian-lifts-tech-a2-milk-recall-shock-accent-group-all-time-lows:88e960386e503796,youtube_transcript,"ASX Daily Rundown | Atlassian Lifts Tech, A2 Milk Recall Shock & Accent Group All-Time Lows",2026-05-04T08:15:01Z,2026-05-05T04:21:55+00:00,2026-05-05T04:21:55+00:00,fanout_0039,25,candidate_expire_duplicate_fanout,status_expire_candidate,explicit target CHRYSOS/C79/GCM does not match current entity; duplicate fanout cluster preserves matching target rows elsewhere,high,MEDIUM,no,company_memory.sqlite:memory_entries,DATA_MISSING
1952,LION,risk,Chrysos Corporation's share price reaction to a positive update,active,0.74,youtube_transcript:asx-daily-rundown-atlassian-lifts-tech-a2-milk-recall-shock-accent-group-all-time-lows:88e960386e503796,youtube_transcript,"ASX Daily Rundown | Atlassian Lifts Tech, A2 Milk Recall Shock & Accent Group All-Time Lows",2026-05-04T08:15:01Z,2026-05-05T04:21:55+00:00,2026-05-05T04:21:55+00:00,fanout_0039,25,candidate_expire_duplicate_fanout,status_expire_candidate,explicit target CHRYSOS/C79/GCM does not match current entity; duplicate fanout cluster preserves matching target rows elsewhere,high,MEDIUM,no,company_memory.sqlite:memory_entries,DATA_MISSING
1953,PETT,risk,Chrysos Corporation's share price reaction to a positive update,active,0.74,youtube_transcript:asx-daily-rundown-atlassian-lifts-tech-a2-milk-recall-shock-accent-group-all-time-lows:88e960386e503796,youtube_transcript,"ASX Daily Rundown | Atlassian Lifts Tech, A2 Milk Recall Shock & Accent Group All-Time Lows",2026-05-04T08:15:01Z,2026-05-05T04:21:56+00:00,2026-05-05T04:21:56+00:00,fanout_0039,25,candidate_expire_duplicate_fanout,status_expire_candidate,explicit target CHRYSOS/C79/GCM does not match current entity; duplicate fanout cluster preserves matching target rows elsewhere,high,MEDIUM,no,company_memory.sqlite:memory_entries,DATA_MISSING
1954,INDE,risk,Chrysos Corporation's share price reaction to a positive update,active,0.74,youtube_transcript:asx-daily-rundown-atlassian-lifts-tech-a2-milk-recall-shock-accent-group-all-time-lows:88e960386e503796,youtube_transcript,"ASX Daily Rundown | Atlassian Lifts Tech, A2 Milk Recall Shock & Accent Group All-Time Lows",2026-05-04T08:15:01Z,2026-05-05T04:21:57+00:00,2026-05-05T04:21:57+00:00,fanout_0039,25,candidate_expire_duplicate_fanout,status_expire_candidate,explicit target CHRYSOS/C79/GCM does not match current entity; duplicate fanout cluster preserves matching target rows elsewhere,high,MEDIUM,no,company_memory.sqlite:memory_entries,DATA_MISSING
1956,A2 MILK,risk,Chrysos Corporation's share price reaction to a positive update,active,0.74,youtube_transcript:asx-daily-rundown-atlassian-lifts-tech-a2-milk-recall-shock-accent-group-all-time-lows:88e960386e503796,youtube_transcript,"ASX Daily Rundown | Atlassian Lifts Tech, A2 Milk Recall Shock & Accent Group All-Time Lows",2026-05-04T08:15:01Z,2026-05-05T04:21:57+00:00,2026-05-05T04:21:57+00:00,fanout_0039,25,candidate_expire_duplicate_fanout,status_expire_candidate,explicit target CHRYSOS/C79/GCM does not match current entity; duplicate fanout cluster preserves matching target rows elsewhere,high,MEDIUM,no,company_memory.sqlite:memory_entries,DATA_MISSING
1957,ACCENT GROUP,risk,Chrysos Corporation's share price reaction to a positive update,active,0.74,youtube_transcript:asx-daily-rundown-atlassian-lifts-tech-a2-milk-recall-shock-accent-group-all-time-lows:88e960386e503796,youtube_transcript,"ASX Daily Rundown | Atlassian Lifts Tech, A2 Milk Recall Shock & Accent Group All-Time Lows",2026-05-04T08:15:01Z,2026-05-05T04:21:58+00:00,2026-05-05T04:21:58+00:00,fanout_0039,25,candidate_expire_duplicate_fanout,status_expire_candidate,explicit target CHRYSOS/C79/GCM does not match current entity; duplicate fanout cluster preserves matching target rows elsewhere,high,MEDIUM,no,company_memory.sqlite:memory_entries,DATA_MISSING
1958,ASX,risk,A2 MILK's potential overreaction from the market due to the product recall,active,0.74,youtube_transcript:asx-daily-rundown-atlassian-lifts-tech-a2-milk-recall-shock-accent-group-all-time-lows:88e960386e503796,youtube_transcript,"ASX Daily Rundown | Atlassian Lifts Tech, A2 Milk Recall Shock & Accent Group All-Time Lows",2026-05-04T08:15:01Z,2026-05-05T04:21:59+00:00,2026-05-05T04:21:59+00:00,fanout_0035,25,candidate_expire_duplicate_fanout,status_expire_candidate,explicit target A2M/A2 MILK does not match current entity; duplicate fanout cluster preserves matching target rows elsewhere,high,MEDIUM,no,company_memory.sqlite:memory_entries,DATA_MISSING
1959,TXT,risk,A2 MILK's potential overreaction from the market due to the product recall,active,0.74,youtube_transcript:asx-daily-rundown-atlassian-lifts-tech-a2-milk-recall-shock-accent-group-all-time-lows:88e960386e503796,youtube_transcript,"ASX Daily Rundown | Atlassian Lifts Tech, A2 Milk Recall Shock & Accent Group All-Time Lows",2026-05-04T08:15:01Z,2026-05-05T04:22:00+00:00,2026-05-05T04:22:00+00:00,fanout_0035,25,candidate_expire_duplicate_fanout,status_expire_candidate,explicit target A2M/A2 MILK does not match current entity; duplicate fanout cluster preserves matching target rows elsewhere,high,MEDIUM,no,company_memory.sqlite:memory_entries,DATA_MISSING
1960,XTX,risk,A2 MILK's potential overreaction from the market due to the product recall,active,0.74,youtube_transcript:asx-daily-rundown-atlassian-lifts-tech-a2-milk-recall-shock-accent-group-all-time-lows:88e960386e503796,youtube_transcript,"ASX Daily Rundown | Atlassian Lifts Tech, A2 Milk Recall Shock & Accent Group All-Time Lows",2026-05-04T08:15:01Z,2026-05-05T04:22:00+00:00,2026-05-05T04:22:00+00:00,fanout_0035,25,candidate_expire_duplicate_fanout,status_expire_candidate,explicit target A2M/A2 MILK does not match current entity; duplicate fanout cluster preserves matching target rows elsewhere,high,MEDIUM,no,company_memory.sqlite:memory_entries,DATA_MISSING
1962,ENDV,risk,A2 MILK's potential overreaction from the market due to the product recall,active,0.74,youtube_transcript:asx-daily-rundown-atlassian-lifts-tech-a2-milk-recall-shock-accent-group-all-time-lows:88e960386e503796,youtube_transcript,"ASX Daily Rundown | Atlassian Lifts Tech, A2 Milk Recall Shock & Accent Group All-Time Lows",2026-05-04T08:15:01Z,2026-05-05T04:22:01+00:00,2026-05-05T04:22:01+00:00,fanout_0035,25,candidate_expire_duplicate_fanout,status_expire_candidate,explicit target A2M/A2 MILK does not match current entity; duplicate fanout cluster preserves matching target rows elsewhere,high,MEDIUM,no,company_memory.sqlite:memory_entries,DATA_MISSING
1963,COH,risk,A2 MILK's potential overreaction from the market due to the product recall,active,0.74,youtube_transcript:asx-daily-rundown-atlassian-lifts-tech-a2-milk-recall-shock-accent-group-all-time-lows:88e960386e503796,youtube_transcript,"ASX Daily Rundown | Atlassian Lifts Tech, A2 Milk Recall Shock & Accent Group All-Time Lows",2026-05-04T08:15:01Z,2026-05-05T04:22:01+00:00,2026-05-05T04:22:01+00:00,fanout_0035,25,candidate_expire_duplicate_fanout,status_expire_candidate,explicit target A2M/A2 MILK does not match current entity; duplicate fanout cluster preserves matching target rows elsewhere,high,MEDIUM,no,company_memory.sqlite:memory_entries,DATA_MISSING
1964,BHP,risk,A2 MILK's potential overreaction from the market due to the product recall,active,0.74,youtube_transcript:asx-daily-rundown-atlassian-lifts-tech-a2-milk-recall-shock-accent-group-all-time-lows:88e960386e503796,youtube_transcript,"ASX Daily Rundown | Atlassian Lifts Tech, A2 Milk Recall Shock & Accent Group All-Time Lows",2026-05-04T08:15:01Z,2026-05-05T04:22:01+00:00,2026-05-05T04:22:01+00:00,fanout_0035,25,candidate_expire_duplicate_fanout,status_expire_candidate,explicit target A2M/A2 MILK does not match current entity; duplicate fanout cluster preserves matching target rows elsewhere,high,MEDIUM,no,company_memory.sqlite:memory_entries,DATA_MISSING
1965,WES,risk,A2 MILK's potential overreaction from the market due to the product recall,active,0.74,youtube_transcript:asx-daily-rundown-atlassian-lifts-tech-a2-milk-recall-shock-accent-group-all-time-lows:88e960386e503796,youtube_transcript,"ASX Daily Rundown | Atlassian Lifts Tech, A2 Milk Recall Shock & Accent Group All-Time Lows",2026-05-04T08:15:01Z,2026-05-05T04:22:02+00:00,2026-05-05T04:22:02+00:00,fanout_0035,25,candidate_expire_duplicate_fanout,status_expire_candidate,explicit target A2M/A2 MILK does not match current entity; duplicate fanout cluster preserves matching target rows elsewhere,high,MEDIUM,no,company_memory.sqlite:memory_entries,DATA_MISSING
1966,NAB,risk,A2 MILK's potential overreaction from the market due to the product recall,active,0.74,youtube_transcript:asx-daily-rundown-atlassian-lifts-tech-a2-milk-recall-shock-accent-group-all-time-lows:88e960386e503796,youtube_transcript,"ASX Daily Rundown | Atlassian Lifts Tech, A2 Milk Recall Shock & Accent Group All-Time Lows",2026-05-04T08:15:01Z,2026-05-05T04:22:02+00:00,2026-05-05T04:22:02+00:00,fanout_0035,25,candidate_expire_duplicate_fanout,status_expire_candidate,explicit target A2M/A2 MILK does not match current entity; duplicate fanout cluster preserves matching target rows elsewhere,high,MEDIUM,no,company_memory.sqlite:memory_entries,DATA_MISSING
1967,WBC,risk,A2 MILK's potential overreaction from the market due to the product recall,active,0.74,youtube_transcript:asx-daily-rundown-atlassian-lifts-tech-a2-milk-recall-shock-accent-group-all-time-lows:88e960386e503796,youtube_transcript,"ASX Daily Rundown | Atlassian Lifts Tech, A2 Milk Recall Shock & Accent Group All-Time Lows",2026-05-04T08:15:01Z,2026-05-05T04:22:02+00:00,2026-05-05T04:22:02+00:00,fanout_0035,25,candidate_expire_duplicate_fanout,status_expire_candidate,explicit target A2M/A2 MILK does not match current entity; duplicate fanout cluster preserves matching target rows elsewhere,high,MEDIUM,no,company_memory.sqlite:memory_entries,DATA_MISSING
1968,KEYP,risk,A2 MILK's potential overreaction from the market due to the product recall,active,0.74,youtube_transcript:asx-daily-rundown-atlassian-lifts-tech-a2-milk-recall-shock-accent-group-all-time-lows:88e960386e503796,youtube_transcript,"ASX Daily Rundown | Atlassian Lifts Tech, A2 Milk Recall Shock & Accent Group All-Time Lows",2026-05-04T08:15:01Z,2026-05-05T04:22:03+00:00,2026-05-05T04:22:03+00:00,fanout_0035,25,candidate_expire_duplicate_fanout,status_expire_candidate,explicit target A2M/A2 MILK does not match current entity; duplicate fanout cluster preserves matching target rows elsewhere,high,MEDIUM,no,company_memory.sqlite:memory_entries,DATA_MISSING
1969,GCMC,risk,A2 MILK's potential overreaction from the market due to the product recall,active,0.74,youtube_transcript:asx-daily-rundown-atlassian-lifts-tech-a2-milk-recall-shock-accent-group-all-time-lows:88e960386e503796,youtube_transcript,"ASX Daily Rundown | Atlassian Lifts Tech, A2 Milk Recall Shock & Accent Group All-Time Lows",2026-05-04T08:15:01Z,2026-05-05T04:22:04+00:00,2026-05-05T04:22:04+00:00,fanout_0035,25,candidate_expire_duplicate_fanout,status_expire_candidate,explicit target A2M/A2 MILK does not match current entity; duplicate fanout cluster preserves matching target rows elsewhere,high,MEDIUM,no,company_memory.sqlite:memory_entries,DATA_MISSING
1970,MARINO,risk,A2 MILK's potential overreaction from the market due to the product recall,active,0.74,youtube_transcript:asx-daily-rundown-atlassian-lifts-tech-a2-milk-recall-shock-accent-group-all-time-lows:88e960386e503796,youtube_transcript,"ASX Daily Rundown | Atlassian Lifts Tech, A2 Milk Recall Shock & Accent Group All-Time Lows",2026-05-04T08:15:01Z,2026-05-05T04:22:04+00:00,2026-05-05T04:22:04+00:00,fanout_0035,25,candidate_expire_duplicate_fanout,status_expire_candidate,explicit target A2M/A2 MILK does not match current entity; duplicate fanout cluster preserves matching target rows elsewhere,high,MEDIUM,no,company_memory.sqlite:memory_entries,DATA_MISSING
1971,CLAR,risk,A2 MILK's potential overreaction from the market due to the product recall,active,0.74,youtube_transcript:asx-daily-rundown-atlassian-lifts-tech-a2-milk-recall-shock-accent-group-all-time-lows:88e960386e503796,youtube_transcript,"ASX Daily Rundown | Atlassian Lifts Tech, A2 Milk Recall Shock & Accent Group All-Time Lows",2026-05-04T08:15:01Z,2026-05-05T04:22:04+00:00,2026-05-05T04:22:04+00:00,fanout_0035,25,candidate_expire_duplicate_fanout,status_expire_candidate,explicit target A2M/A2 MILK does not match current entity; duplicate fanout cluster preserves matching target rows elsewhere,high,MEDIUM,no,company_memory.sqlite:memory_entries,DATA_MISSING
1972,WIN,risk,A2 MILK's potential overreaction from the market due to the product recall,active,0.74,youtube_transcript:asx-daily-rundown-atlassian-lifts-tech-a2-milk-recall-shock-accent-group-all-time-lows:88e960386e503796,youtube_transcript,"ASX Daily Rundown | Atlassian Lifts Tech, A2 Milk Recall Shock & Accent Group All-Time Lows",2026-05-04T08:15:01Z,2026-05-05T04:22:05+00:00,2026-05-05T04:22:05+00:00,fanout_0035,25,candidate_expire_duplicate_fanout,status_expire_candidate,explicit target A2M/A2 MILK does not match current entity; duplicate fanout cluster preserves matching target rows elsewhere,high,MEDIUM,no,company_memory.sqlite:memory_entries,DATA_MISSING
1973,LIVN,risk,A2 MILK's potential overreaction from the market due to the product recall,active,0.74,youtube_transcript:asx-daily-rundown-atlassian-lifts-tech-a2-milk-recall-shock-accent-group-all-time-lows:88e960386e503796,youtube_transcript,"ASX Daily Rundown | Atlassian Lifts Tech, A2 Milk Recall Shock & Accent Group All-Time Lows",2026-05-04T08:15:01Z,2026-05-05T04:22:05+00:00,2026-05-05T04:22:05+00:00,fanout_0035,25,candidate_expire_duplicate_fanout,status_expire_candidate,explicit target A2M/A2 MILK does not match current entity; duplicate fanout cluster preserves matching target rows elsewhere,high,MEDIUM,no,company_memory.sqlite:memory_entries,DATA_MISSING
1974,SKT,risk,A2 MILK's potential overreaction from the market due to the product recall,active,0.74,youtube_transcript:asx-daily-rundown-atlassian-lifts-tech-a2-milk-recall-shock-accent-group-all-time-lows:88e960386e503796,youtube_transcript,"ASX Daily Rundown | Atlassian Lifts Tech, A2 Milk Recall Shock & Accent Group All-Time Lows",2026-05-04T08:15:01Z,2026-05-05T04:22:05+00:00,2026-05-05T04:22:05+00:00,fanout_0035,25,candidate_expire_duplicate_fanout,status_expire_candidate,explicit target A2M/A2 MILK does not match current entity; duplicate fanout cluster preserves matching target rows elsewhere,high,MEDIUM,no,company_memory.sqlite:memory_entries,DATA_MISSING
1975,VCE,risk,A2 MILK's potential overreaction from the market due to the product recall,active,0.74,youtube_transcript:asx-daily-rundown-atlassian-lifts-tech-a2-milk-recall-shock-accent-group-all-time-lows:88e960386e503796,youtube_transcript,"ASX Daily Rundown | Atlassian Lifts Tech, A2 Milk Recall Shock & Accent Group All-Time Lows",2026-05-04T08:15:01Z,2026-05-05T04:22:05+00:00,2026-05-05T04:22:05+00:00,fanout_0035,25,candidate_expire_duplicate_fanout,status_expire_candidate,explicit target A2M/A2 MILK does not match current entity; duplicate fanout cluster preserves matching target rows elsewhere,high,MEDIUM,no,company_memory.sqlite:memory_entries,DATA_MISSING
1976,SN,risk,A2 MILK's potential overreaction from the market due to the product recall,active,0.74,youtube_transcript:asx-daily-rundown-atlassian-lifts-tech-a2-milk-recall-shock-accent-group-all-time-lows:88e960386e503796,youtube_transcript,"ASX Daily Rundown | Atlassian Lifts Tech, A2 Milk Recall Shock & Accent Group All-Time Lows",2026-05-04T08:15:01Z,2026-05-05T04:22:06+00:00,2026-05-05T04:22:06+00:00,fanout_0035,25,candidate_expire_duplicate_fanout,status_expire_candidate,explicit target A2M/A2 MILK does not match current entity; duplicate fanout cluster preserves matching target rows elsewhere,high,MEDIUM,no,company_memory.sqlite:memory_entries,DATA_MISSING
1977,LION,risk,A2 MILK's potential overreaction from the market due to the product recall,active,0.74,youtube_transcript:asx-daily-rundown-atlassian-lifts-tech-a2-milk-recall-shock-accent-group-all-time-lows:88e960386e503796,youtube_transcript,"ASX Daily Rundown | Atlassian Lifts Tech, A2 Milk Recall Shock & Accent Group All-Time Lows",2026-05-04T08:15:01Z,2026-05-05T04:22:06+00:00,2026-05-05T04:22:06+00:00,fanout_0035,25,candidate_expire_duplicate_fanout,status_expire_candidate,explicit target A2M/A2 MILK does not match current entity; duplicate fanout cluster preserves matching target rows elsewhere,high,MEDIUM,no,company_memory.sqlite:memory_entries,DATA_MISSING
1978,PETT,risk,A2 MILK's potential overreaction from the market due to the product recall,active,0.74,youtube_transcript:asx-daily-rundown-atlassian-lifts-tech-a2-milk-recall-shock-accent-group-all-time-lows:88e960386e503796,youtube_transcript,"ASX Daily Rundown | Atlassian Lifts Tech, A2 Milk Recall Shock & Accent Group All-Time Lows",2026-05-04T08:15:01Z,2026-05-05T04:22:06+00:00,2026-05-05T04:22:06+00:00,fanout_0035,25,candidate_expire_duplicate_fanout,status_expire_candidate,explicit target A2M/A2 MILK does not match current entity; duplicate fanout cluster preserves matching target rows elsewhere,high,MEDIUM,no,company_memory.sqlite:memory_entries,DATA_MISSING
1979,INDE,risk,A2 MILK's potential overreaction from the market due to the product recall,active,0.74,youtube_transcript:asx-daily-rundown-atlassian-lifts-tech-a2-milk-recall-shock-accent-group-all-time-lows:88e960386e503796,youtube_transcript,"ASX Daily Rundown | Atlassian Lifts Tech, A2 Milk Recall Shock & Accent Group All-Time Lows",2026-05-04T08:15:01Z,2026-05-05T04:22:07+00:00,2026-05-05T04:22:07+00:00,fanout_0035,25,candidate_expire_duplicate_fanout,status_expire_candidate,explicit target A2M/A2 MILK does not match current entity; duplicate fanout cluster preserves matching target rows elsewhere,high,MEDIUM,no,company_memory.sqlite:memory_entries,DATA_MISSING
1980,C79,risk,A2 MILK's potential overreaction from the market due to the product recall,active,0.74,youtube_transcript:asx-daily-rundown-atlassian-lifts-tech-a2-milk-recall-shock-accent-group-all-time-lows:88e960386e503796,youtube_transcript,"ASX Daily Rundown | Atlassian Lifts Tech, A2 Milk Recall Shock & Accent Group All-Time Lows",2026-05-04T08:15:01Z,2026-05-05T04:22:07+00:00,2026-05-05T04:22:07+00:00,fanout_0035,25,candidate_expire_duplicate_fanout,status_expire_candidate,explicit target A2M/A2 MILK does not match current entity; duplicate fanout cluster preserves matching target rows elsewhere,high,MEDIUM,no,company_memory.sqlite:memory_entries,DATA_MISSING
1982,ACCENT GROUP,risk,A2 MILK's potential overreaction from the market due to the product recall,active,0.74,youtube_transcript:asx-daily-rundown-atlassian-lifts-tech-a2-milk-recall-shock-accent-group-all-time-lows:88e960386e503796,youtube_transcript,"ASX Daily Rundown | Atlassian Lifts Tech, A2 Milk Recall Shock & Accent Group All-Time Lows",2026-05-04T08:15:01Z,2026-05-05T04:22:07+00:00,2026-05-05T04:22:07+00:00,fanout_0035,25,candidate_expire_duplicate_fanout,status_expire_candidate,explicit target A2M/A2 MILK does not match current entity; duplicate fanout cluster preserves matching target rows elsewhere,high,MEDIUM,no,company_memory.sqlite:memory_entries,DATA_MISSING
1983,ENDV,risk,Potential overreaction by the market to the recall announcement for A2 MILK,active,0.74,youtube_transcript:asx-daily-rundown-atlassian-lifts-tech-a2-milk-recall-shock-accent-group-all-time-lows:88e960386e503796,youtube_transcript,"ASX Daily Rundown | Atlassian Lifts Tech, A2 Milk Recall Shock & Accent Group All-Time Lows",2026-05-04T08:15:01Z,2026-05-05T04:22:09+00:00,2026-05-05T04:22:09+00:00,fanout_0022,34,candidate_expire_duplicate_fanout,status_expire_candidate,explicit target A2M/A2 MILK does not match current entity; duplicate fanout cluster preserves matching target rows elsewhere,high,MEDIUM,no,company_memory.sqlite:memory_entries,DATA_MISSING
1984,KEYP,risk,Potential overreaction by the market to the recall announcement for A2 MILK,active,0.74,youtube_transcript:asx-daily-rundown-atlassian-lifts-tech-a2-milk-recall-shock-accent-group-all-time-lows:88e960386e503796,youtube_transcript,"ASX Daily Rundown | Atlassian Lifts Tech, A2 Milk Recall Shock & Accent Group All-Time Lows",2026-05-04T08:15:01Z,2026-05-05T04:22:12+00:00,2026-05-05T04:22:12+00:00,fanout_0022,34,candidate_expire_duplicate_fanout,status_expire_candidate,explicit target A2M/A2 MILK does not match current entity; duplicate fanout cluster preserves matching target rows elsewhere,high,MEDIUM,no,company_memory.sqlite:memory_entries,DATA_MISSING
1985,GCMC,risk,Potential overreaction by the market to the recall announcement for A2 MILK,active,0.74,youtube_transcript:asx-daily-rundown-atlassian-lifts-tech-a2-milk-recall-shock-accent-group-all-time-lows:88e960386e503796,youtube_transcript,"ASX Daily Rundown | Atlassian Lifts Tech, A2 Milk Recall Shock & Accent Group All-Time Lows",2026-05-04T08:15:01Z,2026-05-05T04:22:12+00:00,2026-05-05T04:22:12+00:00,fanout_0022,34,candidate_expire_duplicate_fanout,status_expire_candidate,explicit target A2M/A2 MILK does not match current entity; duplicate fanout cluster preserves matching target rows elsewhere,high,MEDIUM,no,company_memory.sqlite:memory_entries,DATA_MISSING
1986,MARINO,risk,Potential overreaction by the market to the recall announcement for A2 MILK,active,0.74,youtube_transcript:asx-daily-rundown-atlassian-lifts-tech-a2-milk-recall-shock-accent-group-all-time-lows:88e960386e503796,youtube_transcript,"ASX Daily Rundown | Atlassian Lifts Tech, A2 Milk Recall Shock & Accent Group All-Time Lows",2026-05-04T08:15:01Z,2026-05-05T04:22:12+00:00,2026-05-05T04:22:12+00:00,fanout_0022,34,candidate_expire_duplicate_fanout,status_expire_candidate,explicit target A2M/A2 MILK does not match current entity; duplicate fanout cluster preserves matching target rows elsewhere,high,MEDIUM,no,company_memory.sqlite:memory_entries,DATA_MISSING
1987,CLAR,risk,Potential overreaction by the market to the recall announcement for A2 MILK,active,0.74,youtube_transcript:asx-daily-rundown-atlassian-lifts-tech-a2-milk-recall-shock-accent-group-all-time-lows:88e960386e503796,youtube_transcript,"ASX Daily Rundown | Atlassian Lifts Tech, A2 Milk Recall Shock & Accent Group All-Time Lows",2026-05-04T08:15:01Z,2026-05-05T04:22:13+00:00,2026-05-05T04:22:13+00:00,fanout_0022,34,candidate_expire_duplicate_fanout,status_expire_candidate,explicit target A2M/A2 MILK does not match current entity; duplicate fanout cluster preserves matching target rows elsewhere,high,MEDIUM,no,company_memory.sqlite:memory_entries,DATA_MISSING
1988,LIVN,risk,Potential overreaction by the market to the recall announcement for A2 MILK,active,0.74,youtube_transcript:asx-daily-rundown-atlassian-lifts-tech-a2-milk-recall-shock-accent-group-all-time-lows:88e960386e503796,youtube_transcript,"ASX Daily Rundown | Atlassian Lifts Tech, A2 Milk Recall Shock & Accent Group All-Time Lows",2026-05-04T08:15:01Z,2026-05-05T04:22:13+00:00,2026-05-05T04:22:13+00:00,fanout_0022,34,candidate_expire_duplicate_fanout,status_expire_candidate,explicit target A2M/A2 MILK does not match current entity; duplicate fanout cluster preserves matching target rows elsewhere,high,MEDIUM,no,company_memory.sqlite:memory_entries,DATA_MISSING
1989,SN,risk,Potential overreaction by the market to the recall announcement for A2 MILK,active,0.74,youtube_transcript:asx-daily-rundown-atlassian-lifts-tech-a2-milk-recall-shock-accent-group-all-time-lows:88e960386e503796,youtube_transcript,"ASX Daily Rundown | Atlassian Lifts Tech, A2 Milk Recall Shock & Accent Group All-Time Lows",2026-05-04T08:15:01Z,2026-05-05T04:22:15+00:00,2026-05-05T04:22:15+00:00,fanout_0022,34,candidate_expire_duplicate_fanout,status_expire_candidate,explicit target A2M/A2 MILK does not match current entity; duplicate fanout cluster preserves matching target rows elsewhere,high,MEDIUM,no,company_memory.sqlite:memory_entries,DATA_MISSING
1990,LION,risk,Potential overreaction by the market to the recall announcement for A2 MILK,active,0.74,youtube_transcript:asx-daily-rundown-atlassian-lifts-tech-a2-milk-recall-shock-accent-group-all-time-lows:88e960386e503796,youtube_transcript,"ASX Daily Rundown | Atlassian Lifts Tech, A2 Milk Recall Shock & Accent Group All-Time Lows",2026-05-04T08:15:01Z,2026-05-05T04:22:15+00:00,2026-05-05T04:22:15+00:00,fanout_0022,34,candidate_expire_duplicate_fanout,status_expire_candidate,explicit target A2M/A2 MILK does not match current entity; duplicate fanout cluster preserves matching target rows elsewhere,high,MEDIUM,no,company_memory.sqlite:memory_entries,DATA_MISSING
1991,ENDV,risk,"ACCENT GROUP's share price approaching 50 cents, which is an all-time low for the company",active,0.79,youtube_transcript:asx-daily-rundown-atlassian-lifts-tech-a2-milk-recall-shock-accent-group-all-time-lows:88e960386e503796,youtube_transcript,"ASX Daily Rundown | Atlassian Lifts Tech, A2 Milk Recall Shock & Accent Group All-Time Lows",2026-05-04T08:15:01Z,2026-05-05T04:22:19+00:00,2026-05-05T04:22:19+00:00,fanout_0019,34,candidate_expire_duplicate_fanout,status_expire_candidate,explicit target ACC/ACCENT GROUP does not match current entity; duplicate fanout cluster preserves matching target rows elsewhere,high,MEDIUM,no,company_memory.sqlite:memory_entries,DATA_MISSING
1992,KEYP,risk,"ACCENT GROUP's share price approaching 50 cents, which is an all-time low for the company",active,0.79,youtube_transcript:asx-daily-rundown-atlassian-lifts-tech-a2-milk-recall-shock-accent-group-all-time-lows:88e960386e503796,youtube_transcript,"ASX Daily Rundown | Atlassian Lifts Tech, A2 Milk Recall Shock & Accent Group All-Time Lows",2026-05-04T08:15:01Z,2026-05-05T04:22:21+00:00,2026-05-05T04:22:21+00:00,fanout_0019,34,candidate_expire_duplicate_fanout,status_expire_candidate,explicit target ACC/ACCENT GROUP does not match current entity; duplicate fanout cluster preserves matching target rows elsewhere,high,MEDIUM,no,company_memory.sqlite:memory_entries,DATA_MISSING
1993,GCMC,risk,"ACCENT GROUP's share price approaching 50 cents, which is an all-time low for the company",active,0.79,youtube_transcript:asx-daily-rundown-atlassian-lifts-tech-a2-milk-recall-shock-accent-group-all-time-lows:88e960386e503796,youtube_transcript,"ASX Daily Rundown | Atlassian Lifts Tech, A2 Milk Recall Shock & Accent Group All-Time Lows",2026-05-04T08:15:01Z,2026-05-05T04:22:21+00:00,2026-05-05T04:22:21+00:00,fanout_0019,34,candidate_expire_duplicate_fanout,status_expire_candidate,explicit target ACC/ACCENT GROUP does not match current entity; duplicate fanout cluster preserves matching target rows elsewhere,high,MEDIUM,no,company_memory.sqlite:memory_entries,DATA_MISSING
1994,MARINO,risk,"ACCENT GROUP's share price approaching 50 cents, which is an all-time low for the company",active,0.79,youtube_transcript:asx-daily-rundown-atlassian-lifts-tech-a2-milk-recall-shock-accent-group-all-time-lows:88e960386e503796,youtube_transcript,"ASX Daily Rundown | Atlassian Lifts Tech, A2 Milk Recall Shock & Accent Group All-Time Lows",2026-05-04T08:15:01Z,2026-05-05T04:22:21+00:00,2026-05-05T04:22:21+00:00,fanout_0019,34,candidate_expire_duplicate_fanout,status_expire_candidate,explicit target ACC/ACCENT GROUP does not match current entity; duplicate fanout cluster preserves matching target rows elsewhere,high,MEDIUM,no,company_memory.sqlite:memory_entries,DATA_MISSING
1995,CLAR,risk,"ACCENT GROUP's share price approaching 50 cents, which is an all-time low for the company",active,0.79,youtube_transcript:asx-daily-rundown-atlassian-lifts-tech-a2-milk-recall-shock-accent-group-all-time-lows:88e960386e503796,youtube_transcript,"ASX Daily Rundown | Atlassian Lifts Tech, A2 Milk Recall Shock & Accent Group All-Time Lows",2026-05-04T08:15:01Z,2026-05-05T04:22:21+00:00,2026-05-05T04:22:21+00:00,fanout_0019,34,candidate_expire_duplicate_fanout,status_expire_candidate,explicit target ACC/ACCENT GROUP does not match current entity; duplicate fanout cluster preserves matching target rows elsewhere,high,MEDIUM,no,company_memory.sqlite:memory_entries,DATA_MISSING
1996,LIVN,risk,"ACCENT GROUP's share price approaching 50 cents, which is an all-time low for the company",active,0.79,youtube_transcript:asx-daily-rundown-atlassian-lifts-tech-a2-milk-recall-shock-accent-group-all-time-lows:88e960386e503796,youtube_transcript,"ASX Daily Rundown | Atlassian Lifts Tech, A2 Milk Recall Shock & Accent Group All-Time Lows",2026-05-04T08:15:01Z,2026-05-05T04:22:22+00:00,2026-05-05T04:22:22+00:00,fanout_0019,34,candidate_expire_duplicate_fanout,status_expire_candidate,explicit target ACC/ACCENT GROUP does not match current entity; duplicate fanout cluster preserves matching target rows elsewhere,high,MEDIUM,no,company_memory.sqlite:memory_entries,DATA_MISSING
1997,SN,risk,"ACCENT GROUP's share price approaching 50 cents, which is an all-time low for the company",active,0.79,youtube_transcript:asx-daily-rundown-atlassian-lifts-tech-a2-milk-recall-shock-accent-group-all-time-lows:88e960386e503796,youtube_transcript,"ASX Daily Rundown | Atlassian Lifts Tech, A2 Milk Recall Shock & Accent Group All-Time Lows",2026-05-04T08:15:01Z,2026-05-05T04:22:22+00:00,2026-05-05T04:22:22+00:00,fanout_0019,34,candidate_expire_duplicate_fanout,status_expire_candidate,explicit target ACC/ACCENT GROUP does not match current entity; duplicate fanout cluster preserves matching target rows elsewhere,high,MEDIUM,no,company_memory.sqlite:memory_entries,DATA_MISSING
1998,LION,risk,"ACCENT GROUP's share price approaching 50 cents, which is an all-time low for the company",active,0.79,youtube_transcript:asx-daily-rundown-atlassian-lifts-tech-a2-milk-recall-shock-accent-group-all-time-lows:88e960386e503796,youtube_transcript,"ASX Daily Rundown | Atlassian Lifts Tech, A2 Milk Recall Shock & Accent Group All-Time Lows",2026-05-04T08:15:01Z,2026-05-05T04:22:22+00:00,2026-05-05T04:22:22+00:00,fanout_0019,34,candidate_expire_duplicate_fanout,status_expire_candidate,explicit target ACC/ACCENT GROUP does not match current entity; duplicate fanout cluster preserves matching target rows elsewhere,high,MEDIUM,no,company_memory.sqlite:memory_entries,DATA_MISSING
