row_id,ticker/entity,memory_type,statement/text,status,confidence,source_id,source_type,source_title,source_published_at,created_at,updated_at,duplicate_cluster_id,fanout_cluster_size,classification,proposed_action,reason,certainty,risk_level,manual_review_required,original_store,proposed_destination_if_any
150,ASX,observed_fact,Indeed's share price has more than halved since 2022,active,0.84,youtube_transcript:asx-daily-rundown-atlassian-lifts-tech-a2-milk-recall-shock-accent-group-all-time-lows:88e960386e503796,youtube_transcript,"ASX Daily Rundown | Atlassian Lifts Tech, A2 Milk Recall Shock & Accent Group All-Time Lows",2026-05-04T08:15:01Z,2026-05-04T08:23:41+00:00,2026-05-04T08:23:41+00:00,fanout_0015,42,blocked_uncertain_signal_quality,do_not_touch_blocked,statement is too low-information or ambiguous for safe automated cleanup,medium,HIGH,yes,company_memory.sqlite:memory_entries,DATA_MISSING
151,TXT,observed_fact,Indeed's share price has more than halved since 2022,active,0.84,youtube_transcript:asx-daily-rundown-atlassian-lifts-tech-a2-milk-recall-shock-accent-group-all-time-lows:88e960386e503796,youtube_transcript,"ASX Daily Rundown | Atlassian Lifts Tech, A2 Milk Recall Shock & Accent Group All-Time Lows",2026-05-04T08:15:01Z,2026-05-04T08:23:41+00:00,2026-05-04T08:23:41+00:00,fanout_0015,42,blocked_uncertain_signal_quality,do_not_touch_blocked,statement is too low-information or ambiguous for safe automated cleanup,medium,HIGH,yes,company_memory.sqlite:memory_entries,DATA_MISSING
152,XTX,observed_fact,Indeed's share price has more than halved since 2022,active,0.84,youtube_transcript:asx-daily-rundown-atlassian-lifts-tech-a2-milk-recall-shock-accent-group-all-time-lows:88e960386e503796,youtube_transcript,"ASX Daily Rundown | Atlassian Lifts Tech, A2 Milk Recall Shock & Accent Group All-Time Lows",2026-05-04T08:15:01Z,2026-05-04T08:23:41+00:00,2026-05-04T08:23:41+00:00,fanout_0015,42,blocked_uncertain_signal_quality,do_not_touch_blocked,statement is too low-information or ambiguous for safe automated cleanup,medium,HIGH,yes,company_memory.sqlite:memory_entries,DATA_MISSING
153,A2 MILK,observed_fact,Indeed's share price has more than halved since 2022,active,0.84,youtube_transcript:asx-daily-rundown-atlassian-lifts-tech-a2-milk-recall-shock-accent-group-all-time-lows:88e960386e503796,youtube_transcript,"ASX Daily Rundown | Atlassian Lifts Tech, A2 Milk Recall Shock & Accent Group All-Time Lows",2026-05-04T08:15:01Z,2026-05-04T08:23:41+00:00,2026-05-04T08:23:41+00:00,fanout_0015,42,blocked_uncertain_signal_quality,do_not_touch_blocked,statement is too low-information or ambiguous for safe automated cleanup,medium,HIGH,yes,company_memory.sqlite:memory_entries,DATA_MISSING
154,ENDEAVOR GROUP,observed_fact,Indeed's share price has more than halved since 2022,active,0.84,youtube_transcript:asx-daily-rundown-atlassian-lifts-tech-a2-milk-recall-shock-accent-group-all-time-lows:88e960386e503796,youtube_transcript,"ASX Daily Rundown | Atlassian Lifts Tech, A2 Milk Recall Shock & Accent Group All-Time Lows",2026-05-04T08:15:01Z,2026-05-04T08:23:41+00:00,2026-05-04T08:23:41+00:00,fanout_0015,42,blocked_uncertain_signal_quality,do_not_touch_blocked,statement is too low-information or ambiguous for safe automated cleanup,medium,HIGH,yes,company_memory.sqlite:memory_entries,DATA_MISSING
155,ATLASSIAN,observed_fact,Indeed's share price has more than halved since 2022,active,0.84,youtube_transcript:asx-daily-rundown-atlassian-lifts-tech-a2-milk-recall-shock-accent-group-all-time-lows:88e960386e503796,youtube_transcript,"ASX Daily Rundown | Atlassian Lifts Tech, A2 Milk Recall Shock & Accent Group All-Time Lows",2026-05-04T08:15:01Z,2026-05-04T08:23:42+00:00,2026-05-04T08:23:42+00:00,fanout_0015,42,blocked_uncertain_signal_quality,do_not_touch_blocked,statement is too low-information or ambiguous for safe automated cleanup,medium,HIGH,yes,company_memory.sqlite:memory_entries,DATA_MISSING
156,NAB,observed_fact,Indeed's share price has more than halved since 2022,active,0.84,youtube_transcript:asx-daily-rundown-atlassian-lifts-tech-a2-milk-recall-shock-accent-group-all-time-lows:88e960386e503796,youtube_transcript,"ASX Daily Rundown | Atlassian Lifts Tech, A2 Milk Recall Shock & Accent Group All-Time Lows",2026-05-04T08:15:01Z,2026-05-04T08:23:43+00:00,2026-05-04T08:23:43+00:00,fanout_0015,42,blocked_uncertain_signal_quality,do_not_touch_blocked,statement is too low-information or ambiguous for safe automated cleanup,medium,HIGH,yes,company_memory.sqlite:memory_entries,DATA_MISSING
157,BHP,observed_fact,Indeed's share price has more than halved since 2022,active,0.84,youtube_transcript:asx-daily-rundown-atlassian-lifts-tech-a2-milk-recall-shock-accent-group-all-time-lows:88e960386e503796,youtube_transcript,"ASX Daily Rundown | Atlassian Lifts Tech, A2 Milk Recall Shock & Accent Group All-Time Lows",2026-05-04T08:15:01Z,2026-05-04T08:23:43+00:00,2026-05-04T08:23:43+00:00,fanout_0015,42,blocked_uncertain_signal_quality,do_not_touch_blocked,statement is too low-information or ambiguous for safe automated cleanup,medium,HIGH,yes,company_memory.sqlite:memory_entries,DATA_MISSING
158,KEY PETROLEUM,observed_fact,Indeed's share price has more than halved since 2022,active,0.84,youtube_transcript:asx-daily-rundown-atlassian-lifts-tech-a2-milk-recall-shock-accent-group-all-time-lows:88e960386e503796,youtube_transcript,"ASX Daily Rundown | Atlassian Lifts Tech, A2 Milk Recall Shock & Accent Group All-Time Lows",2026-05-04T08:15:01Z,2026-05-04T08:23:43+00:00,2026-05-04T08:23:43+00:00,fanout_0015,42,blocked_uncertain_signal_quality,do_not_touch_blocked,statement is too low-information or ambiguous for safe automated cleanup,medium,HIGH,yes,company_memory.sqlite:memory_entries,DATA_MISSING
159,GCM CORPORATION,observed_fact,Indeed's share price has more than halved since 2022,active,0.84,youtube_transcript:asx-daily-rundown-atlassian-lifts-tech-a2-milk-recall-shock-accent-group-all-time-lows:88e960386e503796,youtube_transcript,"ASX Daily Rundown | Atlassian Lifts Tech, A2 Milk Recall Shock & Accent Group All-Time Lows",2026-05-04T08:15:01Z,2026-05-04T08:23:43+00:00,2026-05-04T08:23:43+00:00,fanout_0015,42,blocked_uncertain_signal_quality,do_not_touch_blocked,statement is too low-information or ambiguous for safe automated cleanup,medium,HIGH,yes,company_memory.sqlite:memory_entries,DATA_MISSING
160,MARINO AND CO,observed_fact,Indeed's share price has more than halved since 2022,active,0.84,youtube_transcript:asx-daily-rundown-atlassian-lifts-tech-a2-milk-recall-shock-accent-group-all-time-lows:88e960386e503796,youtube_transcript,"ASX Daily Rundown | Atlassian Lifts Tech, A2 Milk Recall Shock & Accent Group All-Time Lows",2026-05-04T08:15:01Z,2026-05-04T08:23:43+00:00,2026-05-04T08:23:43+00:00,fanout_0015,42,blocked_uncertain_signal_quality,do_not_touch_blocked,statement is too low-information or ambiguous for safe automated cleanup,medium,HIGH,yes,company_memory.sqlite:memory_entries,DATA_MISSING
161,CLARITY,observed_fact,Indeed's share price has more than halved since 2022,active,0.84,youtube_transcript:asx-daily-rundown-atlassian-lifts-tech-a2-milk-recall-shock-accent-group-all-time-lows:88e960386e503796,youtube_transcript,"ASX Daily Rundown | Atlassian Lifts Tech, A2 Milk Recall Shock & Accent Group All-Time Lows",2026-05-04T08:15:01Z,2026-05-04T08:23:43+00:00,2026-05-04T08:23:43+00:00,fanout_0015,42,blocked_uncertain_signal_quality,do_not_touch_blocked,statement is too low-information or ambiguous for safe automated cleanup,medium,HIGH,yes,company_memory.sqlite:memory_entries,DATA_MISSING
162,WIN MEDALS,observed_fact,Indeed's share price has more than halved since 2022,active,0.84,youtube_transcript:asx-daily-rundown-atlassian-lifts-tech-a2-milk-recall-shock-accent-group-all-time-lows:88e960386e503796,youtube_transcript,"ASX Daily Rundown | Atlassian Lifts Tech, A2 Milk Recall Shock & Accent Group All-Time Lows",2026-05-04T08:15:01Z,2026-05-04T08:23:43+00:00,2026-05-04T08:23:43+00:00,fanout_0015,42,blocked_uncertain_signal_quality,do_not_touch_blocked,statement is too low-information or ambiguous for safe automated cleanup,medium,HIGH,yes,company_memory.sqlite:memory_entries,DATA_MISSING
163,AXEN GROUP,observed_fact,Indeed's share price has more than halved since 2022,active,0.84,youtube_transcript:asx-daily-rundown-atlassian-lifts-tech-a2-milk-recall-shock-accent-group-all-time-lows:88e960386e503796,youtube_transcript,"ASX Daily Rundown | Atlassian Lifts Tech, A2 Milk Recall Shock & Accent Group All-Time Lows",2026-05-04T08:15:01Z,2026-05-04T08:23:43+00:00,2026-05-04T08:23:43+00:00,fanout_0015,42,blocked_uncertain_signal_quality,do_not_touch_blocked,statement is too low-information or ambiguous for safe automated cleanup,medium,HIGH,yes,company_memory.sqlite:memory_entries,DATA_MISSING
164,STRICKLAND METALS,observed_fact,Indeed's share price has more than halved since 2022,active,0.84,youtube_transcript:asx-daily-rundown-atlassian-lifts-tech-a2-milk-recall-shock-accent-group-all-time-lows:88e960386e503796,youtube_transcript,"ASX Daily Rundown | Atlassian Lifts Tech, A2 Milk Recall Shock & Accent Group All-Time Lows",2026-05-04T08:15:01Z,2026-05-04T08:23:43+00:00,2026-05-04T08:23:43+00:00,fanout_0015,42,blocked_uncertain_signal_quality,do_not_touch_blocked,statement is too low-information or ambiguous for safe automated cleanup,medium,HIGH,yes,company_memory.sqlite:memory_entries,DATA_MISSING
165,LION TOWN,observed_fact,Indeed's share price has more than halved since 2022,active,0.84,youtube_transcript:asx-daily-rundown-atlassian-lifts-tech-a2-milk-recall-shock-accent-group-all-time-lows:88e960386e503796,youtube_transcript,"ASX Daily Rundown | Atlassian Lifts Tech, A2 Milk Recall Shock & Accent Group All-Time Lows",2026-05-04T08:15:01Z,2026-05-04T08:23:43+00:00,2026-05-04T08:23:43+00:00,fanout_0015,42,blocked_uncertain_signal_quality,do_not_touch_blocked,statement is too low-information or ambiguous for safe automated cleanup,medium,HIGH,yes,company_memory.sqlite:memory_entries,DATA_MISSING
166,IMRO,observed_fact,Indeed's share price has more than halved since 2022,active,0.84,youtube_transcript:asx-daily-rundown-atlassian-lifts-tech-a2-milk-recall-shock-accent-group-all-time-lows:88e960386e503796,youtube_transcript,"ASX Daily Rundown | Atlassian Lifts Tech, A2 Milk Recall Shock & Accent Group All-Time Lows",2026-05-04T08:15:01Z,2026-05-04T08:23:43+00:00,2026-05-04T08:23:43+00:00,fanout_0015,42,blocked_uncertain_signal_quality,do_not_touch_blocked,statement is too low-information or ambiguous for safe automated cleanup,medium,HIGH,yes,company_memory.sqlite:memory_entries,DATA_MISSING
167,PENINSULA,observed_fact,Indeed's share price has more than halved since 2022,active,0.84,youtube_transcript:asx-daily-rundown-atlassian-lifts-tech-a2-milk-recall-shock-accent-group-all-time-lows:88e960386e503796,youtube_transcript,"ASX Daily Rundown | Atlassian Lifts Tech, A2 Milk Recall Shock & Accent Group All-Time Lows",2026-05-04T08:15:01Z,2026-05-04T08:23:43+00:00,2026-05-04T08:23:43+00:00,fanout_0015,42,blocked_uncertain_signal_quality,do_not_touch_blocked,statement is too low-information or ambiguous for safe automated cleanup,medium,HIGH,yes,company_memory.sqlite:memory_entries,DATA_MISSING
168,BRAIN CHIP,observed_fact,Indeed's share price has more than halved since 2022,active,0.84,youtube_transcript:asx-daily-rundown-atlassian-lifts-tech-a2-milk-recall-shock-accent-group-all-time-lows:88e960386e503796,youtube_transcript,"ASX Daily Rundown | Atlassian Lifts Tech, A2 Milk Recall Shock & Accent Group All-Time Lows",2026-05-04T08:15:01Z,2026-05-04T08:23:44+00:00,2026-05-04T08:23:44+00:00,fanout_0015,42,blocked_uncertain_signal_quality,do_not_touch_blocked,statement is too low-information or ambiguous for safe automated cleanup,medium,HIGH,yes,company_memory.sqlite:memory_entries,DATA_MISSING
169,VERITUS,observed_fact,Indeed's share price has more than halved since 2022,active,0.84,youtube_transcript:asx-daily-rundown-atlassian-lifts-tech-a2-milk-recall-shock-accent-group-all-time-lows:88e960386e503796,youtube_transcript,"ASX Daily Rundown | Atlassian Lifts Tech, A2 Milk Recall Shock & Accent Group All-Time Lows",2026-05-04T08:15:01Z,2026-05-04T08:23:44+00:00,2026-05-04T08:23:44+00:00,fanout_0015,42,blocked_uncertain_signal_quality,do_not_touch_blocked,statement is too low-information or ambiguous for safe automated cleanup,medium,HIGH,yes,company_memory.sqlite:memory_entries,DATA_MISSING
170,PETTIMED,observed_fact,Indeed's share price has more than halved since 2022,active,0.84,youtube_transcript:asx-daily-rundown-atlassian-lifts-tech-a2-milk-recall-shock-accent-group-all-time-lows:88e960386e503796,youtube_transcript,"ASX Daily Rundown | Atlassian Lifts Tech, A2 Milk Recall Shock & Accent Group All-Time Lows",2026-05-04T08:15:01Z,2026-05-04T08:23:44+00:00,2026-05-04T08:23:44+00:00,fanout_0015,42,blocked_uncertain_signal_quality,do_not_touch_blocked,statement is too low-information or ambiguous for safe automated cleanup,medium,HIGH,yes,company_memory.sqlite:memory_entries,DATA_MISSING
171,IMPEDIMED,observed_fact,Indeed's share price has more than halved since 2022,active,0.84,youtube_transcript:asx-daily-rundown-atlassian-lifts-tech-a2-milk-recall-shock-accent-group-all-time-lows:88e960386e503796,youtube_transcript,"ASX Daily Rundown | Atlassian Lifts Tech, A2 Milk Recall Shock & Accent Group All-Time Lows",2026-05-04T08:15:01Z,2026-05-04T08:23:44+00:00,2026-05-04T08:23:44+00:00,fanout_0015,42,blocked_uncertain_signal_quality,do_not_touch_blocked,statement is too low-information or ambiguous for safe automated cleanup,medium,HIGH,yes,company_memory.sqlite:memory_entries,DATA_MISSING
172,INDE,observed_fact,Indeed's share price has more than halved since 2022,active,0.84,youtube_transcript:asx-daily-rundown-atlassian-lifts-tech-a2-milk-recall-shock-accent-group-all-time-lows:88e960386e503796,youtube_transcript,"ASX Daily Rundown | Atlassian Lifts Tech, A2 Milk Recall Shock & Accent Group All-Time Lows",2026-05-04T08:15:01Z,2026-05-04T08:23:45+00:00,2026-05-04T08:23:45+00:00,fanout_0015,42,blocked_uncertain_signal_quality,do_not_touch_blocked,statement is too low-information or ambiguous for safe automated cleanup,medium,HIGH,yes,company_memory.sqlite:memory_entries,DATA_MISSING
173,PETT,observed_fact,Indeed's share price has more than halved since 2022,active,0.84,youtube_transcript:asx-daily-rundown-atlassian-lifts-tech-a2-milk-recall-shock-accent-group-all-time-lows:88e960386e503796,youtube_transcript,"ASX Daily Rundown | Atlassian Lifts Tech, A2 Milk Recall Shock & Accent Group All-Time Lows",2026-05-04T08:15:01Z,2026-05-04T08:23:45+00:00,2026-05-04T08:23:45+00:00,fanout_0015,42,blocked_uncertain_signal_quality,do_not_touch_blocked,statement is too low-information or ambiguous for safe automated cleanup,medium,HIGH,yes,company_memory.sqlite:memory_entries,DATA_MISSING
174,C79,observed_fact,Indeed's share price has more than halved since 2022,active,0.84,youtube_transcript:asx-daily-rundown-atlassian-lifts-tech-a2-milk-recall-shock-accent-group-all-time-lows:88e960386e503796,youtube_transcript,"ASX Daily Rundown | Atlassian Lifts Tech, A2 Milk Recall Shock & Accent Group All-Time Lows",2026-05-04T08:15:01Z,2026-05-04T08:23:45+00:00,2026-05-04T08:23:45+00:00,fanout_0015,42,blocked_uncertain_signal_quality,do_not_touch_blocked,statement is too low-information or ambiguous for safe automated cleanup,medium,HIGH,yes,company_memory.sqlite:memory_entries,DATA_MISSING
175,A2M,observed_fact,Indeed's share price has more than halved since 2022,active,0.84,youtube_transcript:asx-daily-rundown-atlassian-lifts-tech-a2-milk-recall-shock-accent-group-all-time-lows:88e960386e503796,youtube_transcript,"ASX Daily Rundown | Atlassian Lifts Tech, A2 Milk Recall Shock & Accent Group All-Time Lows",2026-05-04T08:15:01Z,2026-05-04T08:23:45+00:00,2026-05-04T08:23:45+00:00,fanout_0015,42,blocked_uncertain_signal_quality,do_not_touch_blocked,statement is too low-information or ambiguous for safe automated cleanup,medium,HIGH,yes,company_memory.sqlite:memory_entries,DATA_MISSING
176,ACCENT GROUP,observed_fact,Indeed's share price has more than halved since 2022,active,0.84,youtube_transcript:asx-daily-rundown-atlassian-lifts-tech-a2-milk-recall-shock-accent-group-all-time-lows:88e960386e503796,youtube_transcript,"ASX Daily Rundown | Atlassian Lifts Tech, A2 Milk Recall Shock & Accent Group All-Time Lows",2026-05-04T08:15:01Z,2026-05-04T08:23:45+00:00,2026-05-04T08:23:45+00:00,fanout_0015,42,blocked_uncertain_signal_quality,do_not_touch_blocked,statement is too low-information or ambiguous for safe automated cleanup,medium,HIGH,yes,company_memory.sqlite:memory_entries,DATA_MISSING
204,ASX,observed_fact,is below 1 cent,active,0.72,youtube_transcript:asx-daily-rundown-atlassian-lifts-tech-a2-milk-recall-shock-accent-group-all-time-lows:88e960386e503796,youtube_transcript,"ASX Daily Rundown | Atlassian Lifts Tech, A2 Milk Recall Shock & Accent Group All-Time Lows",2026-05-04T08:15:01Z,2026-05-04T08:23:49+00:00,2026-05-04T08:23:49+00:00,fanout_0010,50,blocked_uncertain_signal_quality,do_not_touch_blocked,statement is too low-information or ambiguous for safe automated cleanup,medium,HIGH,yes,company_memory.sqlite:memory_entries,DATA_MISSING
205,TXT,observed_fact,is below 1 cent,active,0.72,youtube_transcript:asx-daily-rundown-atlassian-lifts-tech-a2-milk-recall-shock-accent-group-all-time-lows:88e960386e503796,youtube_transcript,"ASX Daily Rundown | Atlassian Lifts Tech, A2 Milk Recall Shock & Accent Group All-Time Lows",2026-05-04T08:15:01Z,2026-05-04T08:23:50+00:00,2026-05-04T08:23:50+00:00,fanout_0010,50,blocked_uncertain_signal_quality,do_not_touch_blocked,statement is too low-information or ambiguous for safe automated cleanup,medium,HIGH,yes,company_memory.sqlite:memory_entries,DATA_MISSING
206,XTX,observed_fact,is below 1 cent,active,0.72,youtube_transcript:asx-daily-rundown-atlassian-lifts-tech-a2-milk-recall-shock-accent-group-all-time-lows:88e960386e503796,youtube_transcript,"ASX Daily Rundown | Atlassian Lifts Tech, A2 Milk Recall Shock & Accent Group All-Time Lows",2026-05-04T08:15:01Z,2026-05-04T08:23:50+00:00,2026-05-04T08:23:50+00:00,fanout_0010,50,blocked_uncertain_signal_quality,do_not_touch_blocked,statement is too low-information or ambiguous for safe automated cleanup,medium,HIGH,yes,company_memory.sqlite:memory_entries,DATA_MISSING
207,A2 MILK,observed_fact,is below 1 cent,active,0.72,youtube_transcript:asx-daily-rundown-atlassian-lifts-tech-a2-milk-recall-shock-accent-group-all-time-lows:88e960386e503796,youtube_transcript,"ASX Daily Rundown | Atlassian Lifts Tech, A2 Milk Recall Shock & Accent Group All-Time Lows",2026-05-04T08:15:01Z,2026-05-04T08:23:50+00:00,2026-05-04T08:23:50+00:00,fanout_0010,50,blocked_uncertain_signal_quality,do_not_touch_blocked,statement is too low-information or ambiguous for safe automated cleanup,medium,HIGH,yes,company_memory.sqlite:memory_entries,DATA_MISSING
208,ENDEAVOR GROUP,observed_fact,is below 1 cent,active,0.72,youtube_transcript:asx-daily-rundown-atlassian-lifts-tech-a2-milk-recall-shock-accent-group-all-time-lows:88e960386e503796,youtube_transcript,"ASX Daily Rundown | Atlassian Lifts Tech, A2 Milk Recall Shock & Accent Group All-Time Lows",2026-05-04T08:15:01Z,2026-05-04T08:23:50+00:00,2026-05-04T08:23:50+00:00,fanout_0010,50,blocked_uncertain_signal_quality,do_not_touch_blocked,statement is too low-information or ambiguous for safe automated cleanup,medium,HIGH,yes,company_memory.sqlite:memory_entries,DATA_MISSING
209,ATLASSIAN,observed_fact,is below 1 cent,active,0.72,youtube_transcript:asx-daily-rundown-atlassian-lifts-tech-a2-milk-recall-shock-accent-group-all-time-lows:88e960386e503796,youtube_transcript,"ASX Daily Rundown | Atlassian Lifts Tech, A2 Milk Recall Shock & Accent Group All-Time Lows",2026-05-04T08:15:01Z,2026-05-04T08:23:50+00:00,2026-05-04T08:23:50+00:00,fanout_0010,50,blocked_uncertain_signal_quality,do_not_touch_blocked,statement is too low-information or ambiguous for safe automated cleanup,medium,HIGH,yes,company_memory.sqlite:memory_entries,DATA_MISSING
210,NAB,observed_fact,is below 1 cent,active,0.72,youtube_transcript:asx-daily-rundown-atlassian-lifts-tech-a2-milk-recall-shock-accent-group-all-time-lows:88e960386e503796,youtube_transcript,"ASX Daily Rundown | Atlassian Lifts Tech, A2 Milk Recall Shock & Accent Group All-Time Lows",2026-05-04T08:15:01Z,2026-05-04T08:23:50+00:00,2026-05-04T08:23:50+00:00,fanout_0010,50,blocked_uncertain_signal_quality,do_not_touch_blocked,statement is too low-information or ambiguous for safe automated cleanup,medium,HIGH,yes,company_memory.sqlite:memory_entries,DATA_MISSING
211,BHP,observed_fact,is below 1 cent,active,0.72,youtube_transcript:asx-daily-rundown-atlassian-lifts-tech-a2-milk-recall-shock-accent-group-all-time-lows:88e960386e503796,youtube_transcript,"ASX Daily Rundown | Atlassian Lifts Tech, A2 Milk Recall Shock & Accent Group All-Time Lows",2026-05-04T08:15:01Z,2026-05-04T08:23:50+00:00,2026-05-04T08:23:50+00:00,fanout_0010,50,blocked_uncertain_signal_quality,do_not_touch_blocked,statement is too low-information or ambiguous for safe automated cleanup,medium,HIGH,yes,company_memory.sqlite:memory_entries,DATA_MISSING
212,KEY PETROLEUM,observed_fact,is below 1 cent,active,0.72,youtube_transcript:asx-daily-rundown-atlassian-lifts-tech-a2-milk-recall-shock-accent-group-all-time-lows:88e960386e503796,youtube_transcript,"ASX Daily Rundown | Atlassian Lifts Tech, A2 Milk Recall Shock & Accent Group All-Time Lows",2026-05-04T08:15:01Z,2026-05-04T08:23:50+00:00,2026-05-04T08:23:50+00:00,fanout_0010,50,blocked_uncertain_signal_quality,do_not_touch_blocked,statement is too low-information or ambiguous for safe automated cleanup,medium,HIGH,yes,company_memory.sqlite:memory_entries,DATA_MISSING
213,GCM CORPORATION,observed_fact,is below 1 cent,active,0.72,youtube_transcript:asx-daily-rundown-atlassian-lifts-tech-a2-milk-recall-shock-accent-group-all-time-lows:88e960386e503796,youtube_transcript,"ASX Daily Rundown | Atlassian Lifts Tech, A2 Milk Recall Shock & Accent Group All-Time Lows",2026-05-04T08:15:01Z,2026-05-04T08:23:50+00:00,2026-05-04T08:23:50+00:00,fanout_0010,50,blocked_uncertain_signal_quality,do_not_touch_blocked,statement is too low-information or ambiguous for safe automated cleanup,medium,HIGH,yes,company_memory.sqlite:memory_entries,DATA_MISSING
214,MARINO AND CO,observed_fact,is below 1 cent,active,0.72,youtube_transcript:asx-daily-rundown-atlassian-lifts-tech-a2-milk-recall-shock-accent-group-all-time-lows:88e960386e503796,youtube_transcript,"ASX Daily Rundown | Atlassian Lifts Tech, A2 Milk Recall Shock & Accent Group All-Time Lows",2026-05-04T08:15:01Z,2026-05-04T08:23:50+00:00,2026-05-04T08:23:50+00:00,fanout_0010,50,blocked_uncertain_signal_quality,do_not_touch_blocked,statement is too low-information or ambiguous for safe automated cleanup,medium,HIGH,yes,company_memory.sqlite:memory_entries,DATA_MISSING
215,CLARITY,observed_fact,is below 1 cent,active,0.72,youtube_transcript:asx-daily-rundown-atlassian-lifts-tech-a2-milk-recall-shock-accent-group-all-time-lows:88e960386e503796,youtube_transcript,"ASX Daily Rundown | Atlassian Lifts Tech, A2 Milk Recall Shock & Accent Group All-Time Lows",2026-05-04T08:15:01Z,2026-05-04T08:23:50+00:00,2026-05-04T08:23:50+00:00,fanout_0010,50,blocked_uncertain_signal_quality,do_not_touch_blocked,statement is too low-information or ambiguous for safe automated cleanup,medium,HIGH,yes,company_memory.sqlite:memory_entries,DATA_MISSING
216,WIN MEDALS,observed_fact,is below 1 cent,active,0.72,youtube_transcript:asx-daily-rundown-atlassian-lifts-tech-a2-milk-recall-shock-accent-group-all-time-lows:88e960386e503796,youtube_transcript,"ASX Daily Rundown | Atlassian Lifts Tech, A2 Milk Recall Shock & Accent Group All-Time Lows",2026-05-04T08:15:01Z,2026-05-04T08:23:50+00:00,2026-05-04T08:23:50+00:00,fanout_0010,50,blocked_uncertain_signal_quality,do_not_touch_blocked,statement is too low-information or ambiguous for safe automated cleanup,medium,HIGH,yes,company_memory.sqlite:memory_entries,DATA_MISSING
217,AXEN GROUP,observed_fact,is below 1 cent,active,0.72,youtube_transcript:asx-daily-rundown-atlassian-lifts-tech-a2-milk-recall-shock-accent-group-all-time-lows:88e960386e503796,youtube_transcript,"ASX Daily Rundown | Atlassian Lifts Tech, A2 Milk Recall Shock & Accent Group All-Time Lows",2026-05-04T08:15:01Z,2026-05-04T08:23:51+00:00,2026-05-04T08:23:51+00:00,fanout_0010,50,blocked_uncertain_signal_quality,do_not_touch_blocked,statement is too low-information or ambiguous for safe automated cleanup,medium,HIGH,yes,company_memory.sqlite:memory_entries,DATA_MISSING
218,STRICKLAND METALS,observed_fact,is below 1 cent,active,0.72,youtube_transcript:asx-daily-rundown-atlassian-lifts-tech-a2-milk-recall-shock-accent-group-all-time-lows:88e960386e503796,youtube_transcript,"ASX Daily Rundown | Atlassian Lifts Tech, A2 Milk Recall Shock & Accent Group All-Time Lows",2026-05-04T08:15:01Z,2026-05-04T08:23:51+00:00,2026-05-04T08:23:51+00:00,fanout_0010,50,blocked_uncertain_signal_quality,do_not_touch_blocked,statement is too low-information or ambiguous for safe automated cleanup,medium,HIGH,yes,company_memory.sqlite:memory_entries,DATA_MISSING
219,LION TOWN,observed_fact,is below 1 cent,active,0.72,youtube_transcript:asx-daily-rundown-atlassian-lifts-tech-a2-milk-recall-shock-accent-group-all-time-lows:88e960386e503796,youtube_transcript,"ASX Daily Rundown | Atlassian Lifts Tech, A2 Milk Recall Shock & Accent Group All-Time Lows",2026-05-04T08:15:01Z,2026-05-04T08:23:52+00:00,2026-05-04T08:23:52+00:00,fanout_0010,50,blocked_uncertain_signal_quality,do_not_touch_blocked,statement is too low-information or ambiguous for safe automated cleanup,medium,HIGH,yes,company_memory.sqlite:memory_entries,DATA_MISSING
220,IMRO,observed_fact,is below 1 cent,active,0.72,youtube_transcript:asx-daily-rundown-atlassian-lifts-tech-a2-milk-recall-shock-accent-group-all-time-lows:88e960386e503796,youtube_transcript,"ASX Daily Rundown | Atlassian Lifts Tech, A2 Milk Recall Shock & Accent Group All-Time Lows",2026-05-04T08:15:01Z,2026-05-04T08:23:52+00:00,2026-05-04T08:23:52+00:00,fanout_0010,50,blocked_uncertain_signal_quality,do_not_touch_blocked,statement is too low-information or ambiguous for safe automated cleanup,medium,HIGH,yes,company_memory.sqlite:memory_entries,DATA_MISSING
221,PENINSULA,observed_fact,is below 1 cent,active,0.72,youtube_transcript:asx-daily-rundown-atlassian-lifts-tech-a2-milk-recall-shock-accent-group-all-time-lows:88e960386e503796,youtube_transcript,"ASX Daily Rundown | Atlassian Lifts Tech, A2 Milk Recall Shock & Accent Group All-Time Lows",2026-05-04T08:15:01Z,2026-05-04T08:23:52+00:00,2026-05-04T08:23:52+00:00,fanout_0010,50,blocked_uncertain_signal_quality,do_not_touch_blocked,statement is too low-information or ambiguous for safe automated cleanup,medium,HIGH,yes,company_memory.sqlite:memory_entries,DATA_MISSING
222,BRAIN CHIP,observed_fact,is below 1 cent,active,0.72,youtube_transcript:asx-daily-rundown-atlassian-lifts-tech-a2-milk-recall-shock-accent-group-all-time-lows:88e960386e503796,youtube_transcript,"ASX Daily Rundown | Atlassian Lifts Tech, A2 Milk Recall Shock & Accent Group All-Time Lows",2026-05-04T08:15:01Z,2026-05-04T08:23:52+00:00,2026-05-04T08:23:52+00:00,fanout_0010,50,blocked_uncertain_signal_quality,do_not_touch_blocked,statement is too low-information or ambiguous for safe automated cleanup,medium,HIGH,yes,company_memory.sqlite:memory_entries,DATA_MISSING
223,VERITUS,observed_fact,is below 1 cent,active,0.72,youtube_transcript:asx-daily-rundown-atlassian-lifts-tech-a2-milk-recall-shock-accent-group-all-time-lows:88e960386e503796,youtube_transcript,"ASX Daily Rundown | Atlassian Lifts Tech, A2 Milk Recall Shock & Accent Group All-Time Lows",2026-05-04T08:15:01Z,2026-05-04T08:23:52+00:00,2026-05-04T08:23:52+00:00,fanout_0010,50,blocked_uncertain_signal_quality,do_not_touch_blocked,statement is too low-information or ambiguous for safe automated cleanup,medium,HIGH,yes,company_memory.sqlite:memory_entries,DATA_MISSING
224,PETTIMED,observed_fact,is below 1 cent,active,0.72,youtube_transcript:asx-daily-rundown-atlassian-lifts-tech-a2-milk-recall-shock-accent-group-all-time-lows:88e960386e503796,youtube_transcript,"ASX Daily Rundown | Atlassian Lifts Tech, A2 Milk Recall Shock & Accent Group All-Time Lows",2026-05-04T08:15:01Z,2026-05-04T08:23:52+00:00,2026-05-04T08:23:52+00:00,fanout_0010,50,blocked_uncertain_signal_quality,do_not_touch_blocked,statement is too low-information or ambiguous for safe automated cleanup,medium,HIGH,yes,company_memory.sqlite:memory_entries,DATA_MISSING
225,IMPEDIMED,observed_fact,is below 1 cent,active,0.72,youtube_transcript:asx-daily-rundown-atlassian-lifts-tech-a2-milk-recall-shock-accent-group-all-time-lows:88e960386e503796,youtube_transcript,"ASX Daily Rundown | Atlassian Lifts Tech, A2 Milk Recall Shock & Accent Group All-Time Lows",2026-05-04T08:15:01Z,2026-05-04T08:23:52+00:00,2026-05-04T08:23:52+00:00,fanout_0010,50,blocked_uncertain_signal_quality,do_not_touch_blocked,statement is too low-information or ambiguous for safe automated cleanup,medium,HIGH,yes,company_memory.sqlite:memory_entries,DATA_MISSING
226,INDE,observed_fact,is below 1 cent,active,0.72,youtube_transcript:asx-daily-rundown-atlassian-lifts-tech-a2-milk-recall-shock-accent-group-all-time-lows:88e960386e503796,youtube_transcript,"ASX Daily Rundown | Atlassian Lifts Tech, A2 Milk Recall Shock & Accent Group All-Time Lows",2026-05-04T08:15:01Z,2026-05-04T08:23:52+00:00,2026-05-04T08:23:52+00:00,fanout_0010,50,blocked_uncertain_signal_quality,do_not_touch_blocked,statement is too low-information or ambiguous for safe automated cleanup,medium,HIGH,yes,company_memory.sqlite:memory_entries,DATA_MISSING
227,PETT,observed_fact,is below 1 cent,active,0.72,youtube_transcript:asx-daily-rundown-atlassian-lifts-tech-a2-milk-recall-shock-accent-group-all-time-lows:88e960386e503796,youtube_transcript,"ASX Daily Rundown | Atlassian Lifts Tech, A2 Milk Recall Shock & Accent Group All-Time Lows",2026-05-04T08:15:01Z,2026-05-04T08:23:52+00:00,2026-05-04T08:23:52+00:00,fanout_0010,50,blocked_uncertain_signal_quality,do_not_touch_blocked,statement is too low-information or ambiguous for safe automated cleanup,medium,HIGH,yes,company_memory.sqlite:memory_entries,DATA_MISSING
228,C79,observed_fact,is below 1 cent,active,0.72,youtube_transcript:asx-daily-rundown-atlassian-lifts-tech-a2-milk-recall-shock-accent-group-all-time-lows:88e960386e503796,youtube_transcript,"ASX Daily Rundown | Atlassian Lifts Tech, A2 Milk Recall Shock & Accent Group All-Time Lows",2026-05-04T08:15:01Z,2026-05-04T08:23:53+00:00,2026-05-04T08:23:53+00:00,fanout_0010,50,blocked_uncertain_signal_quality,do_not_touch_blocked,statement is too low-information or ambiguous for safe automated cleanup,medium,HIGH,yes,company_memory.sqlite:memory_entries,DATA_MISSING
229,A2M,observed_fact,is below 1 cent,active,0.72,youtube_transcript:asx-daily-rundown-atlassian-lifts-tech-a2-milk-recall-shock-accent-group-all-time-lows:88e960386e503796,youtube_transcript,"ASX Daily Rundown | Atlassian Lifts Tech, A2 Milk Recall Shock & Accent Group All-Time Lows",2026-05-04T08:15:01Z,2026-05-04T08:23:53+00:00,2026-05-04T08:23:53+00:00,fanout_0010,50,blocked_uncertain_signal_quality,do_not_touch_blocked,statement is too low-information or ambiguous for safe automated cleanup,medium,HIGH,yes,company_memory.sqlite:memory_entries,DATA_MISSING
230,ACCENT GROUP,observed_fact,is below 1 cent,active,0.72,youtube_transcript:asx-daily-rundown-atlassian-lifts-tech-a2-milk-recall-shock-accent-group-all-time-lows:88e960386e503796,youtube_transcript,"ASX Daily Rundown | Atlassian Lifts Tech, A2 Milk Recall Shock & Accent Group All-Time Lows",2026-05-04T08:15:01Z,2026-05-04T08:23:53+00:00,2026-05-04T08:23:53+00:00,fanout_0010,50,blocked_uncertain_signal_quality,do_not_touch_blocked,statement is too low-information or ambiguous for safe automated cleanup,medium,HIGH,yes,company_memory.sqlite:memory_entries,DATA_MISSING
312,ASX,observed_fact,"Cockia's share price dropped 29% on the day of the recall announcement in September 2011, but then the share price took off from there",active,0.82,youtube_transcript:asx-daily-rundown-atlassian-lifts-tech-a2-milk-recall-shock-accent-group-all-time-lows:88e960386e503796,youtube_transcript,"ASX Daily Rundown | Atlassian Lifts Tech, A2 Milk Recall Shock & Accent Group All-Time Lows",2026-05-04T08:15:01Z,2026-05-04T08:24:07+00:00,2026-05-04T08:24:07+00:00,fanout_0009,50,blocked_uncertain_signal_quality,do_not_touch_blocked,statement is too low-information or ambiguous for safe automated cleanup,medium,HIGH,yes,company_memory.sqlite:memory_entries,DATA_MISSING
313,TXT,observed_fact,"Cockia's share price dropped 29% on the day of the recall announcement in September 2011, but then the share price took off from there",active,0.82,youtube_transcript:asx-daily-rundown-atlassian-lifts-tech-a2-milk-recall-shock-accent-group-all-time-lows:88e960386e503796,youtube_transcript,"ASX Daily Rundown | Atlassian Lifts Tech, A2 Milk Recall Shock & Accent Group All-Time Lows",2026-05-04T08:15:01Z,2026-05-04T08:24:07+00:00,2026-05-04T08:24:07+00:00,fanout_0009,50,blocked_uncertain_signal_quality,do_not_touch_blocked,statement is too low-information or ambiguous for safe automated cleanup,medium,HIGH,yes,company_memory.sqlite:memory_entries,DATA_MISSING
314,XTX,observed_fact,"Cockia's share price dropped 29% on the day of the recall announcement in September 2011, but then the share price took off from there",active,0.82,youtube_transcript:asx-daily-rundown-atlassian-lifts-tech-a2-milk-recall-shock-accent-group-all-time-lows:88e960386e503796,youtube_transcript,"ASX Daily Rundown | Atlassian Lifts Tech, A2 Milk Recall Shock & Accent Group All-Time Lows",2026-05-04T08:15:01Z,2026-05-04T08:24:08+00:00,2026-05-04T08:24:08+00:00,fanout_0009,50,blocked_uncertain_signal_quality,do_not_touch_blocked,statement is too low-information or ambiguous for safe automated cleanup,medium,HIGH,yes,company_memory.sqlite:memory_entries,DATA_MISSING
315,A2 MILK,observed_fact,"Cockia's share price dropped 29% on the day of the recall announcement in September 2011, but then the share price took off from there",active,0.82,youtube_transcript:asx-daily-rundown-atlassian-lifts-tech-a2-milk-recall-shock-accent-group-all-time-lows:88e960386e503796,youtube_transcript,"ASX Daily Rundown | Atlassian Lifts Tech, A2 Milk Recall Shock & Accent Group All-Time Lows",2026-05-04T08:15:01Z,2026-05-04T08:24:08+00:00,2026-05-04T08:24:08+00:00,fanout_0009,50,blocked_uncertain_signal_quality,do_not_touch_blocked,statement is too low-information or ambiguous for safe automated cleanup,medium,HIGH,yes,company_memory.sqlite:memory_entries,DATA_MISSING
316,ENDEAVOR GROUP,observed_fact,"Cockia's share price dropped 29% on the day of the recall announcement in September 2011, but then the share price took off from there",active,0.82,youtube_transcript:asx-daily-rundown-atlassian-lifts-tech-a2-milk-recall-shock-accent-group-all-time-lows:88e960386e503796,youtube_transcript,"ASX Daily Rundown | Atlassian Lifts Tech, A2 Milk Recall Shock & Accent Group All-Time Lows",2026-05-04T08:15:01Z,2026-05-04T08:24:08+00:00,2026-05-04T08:24:08+00:00,fanout_0009,50,blocked_uncertain_signal_quality,do_not_touch_blocked,statement is too low-information or ambiguous for safe automated cleanup,medium,HIGH,yes,company_memory.sqlite:memory_entries,DATA_MISSING
317,ATLASSIAN,observed_fact,"Cockia's share price dropped 29% on the day of the recall announcement in September 2011, but then the share price took off from there",active,0.82,youtube_transcript:asx-daily-rundown-atlassian-lifts-tech-a2-milk-recall-shock-accent-group-all-time-lows:88e960386e503796,youtube_transcript,"ASX Daily Rundown | Atlassian Lifts Tech, A2 Milk Recall Shock & Accent Group All-Time Lows",2026-05-04T08:15:01Z,2026-05-04T08:24:08+00:00,2026-05-04T08:24:08+00:00,fanout_0009,50,blocked_uncertain_signal_quality,do_not_touch_blocked,statement is too low-information or ambiguous for safe automated cleanup,medium,HIGH,yes,company_memory.sqlite:memory_entries,DATA_MISSING
318,NAB,observed_fact,"Cockia's share price dropped 29% on the day of the recall announcement in September 2011, but then the share price took off from there",active,0.82,youtube_transcript:asx-daily-rundown-atlassian-lifts-tech-a2-milk-recall-shock-accent-group-all-time-lows:88e960386e503796,youtube_transcript,"ASX Daily Rundown | Atlassian Lifts Tech, A2 Milk Recall Shock & Accent Group All-Time Lows",2026-05-04T08:15:01Z,2026-05-04T08:24:08+00:00,2026-05-04T08:24:08+00:00,fanout_0009,50,blocked_uncertain_signal_quality,do_not_touch_blocked,statement is too low-information or ambiguous for safe automated cleanup,medium,HIGH,yes,company_memory.sqlite:memory_entries,DATA_MISSING
319,BHP,observed_fact,"Cockia's share price dropped 29% on the day of the recall announcement in September 2011, but then the share price took off from there",active,0.82,youtube_transcript:asx-daily-rundown-atlassian-lifts-tech-a2-milk-recall-shock-accent-group-all-time-lows:88e960386e503796,youtube_transcript,"ASX Daily Rundown | Atlassian Lifts Tech, A2 Milk Recall Shock & Accent Group All-Time Lows",2026-05-04T08:15:01Z,2026-05-04T08:24:08+00:00,2026-05-04T08:24:08+00:00,fanout_0009,50,blocked_uncertain_signal_quality,do_not_touch_blocked,statement is too low-information or ambiguous for safe automated cleanup,medium,HIGH,yes,company_memory.sqlite:memory_entries,DATA_MISSING
320,KEY PETROLEUM,observed_fact,"Cockia's share price dropped 29% on the day of the recall announcement in September 2011, but then the share price took off from there",active,0.82,youtube_transcript:asx-daily-rundown-atlassian-lifts-tech-a2-milk-recall-shock-accent-group-all-time-lows:88e960386e503796,youtube_transcript,"ASX Daily Rundown | Atlassian Lifts Tech, A2 Milk Recall Shock & Accent Group All-Time Lows",2026-05-04T08:15:01Z,2026-05-04T08:24:08+00:00,2026-05-04T08:24:08+00:00,fanout_0009,50,blocked_uncertain_signal_quality,do_not_touch_blocked,statement is too low-information or ambiguous for safe automated cleanup,medium,HIGH,yes,company_memory.sqlite:memory_entries,DATA_MISSING
321,GCM CORPORATION,observed_fact,"Cockia's share price dropped 29% on the day of the recall announcement in September 2011, but then the share price took off from there",active,0.82,youtube_transcript:asx-daily-rundown-atlassian-lifts-tech-a2-milk-recall-shock-accent-group-all-time-lows:88e960386e503796,youtube_transcript,"ASX Daily Rundown | Atlassian Lifts Tech, A2 Milk Recall Shock & Accent Group All-Time Lows",2026-05-04T08:15:01Z,2026-05-04T08:24:08+00:00,2026-05-04T08:24:08+00:00,fanout_0009,50,blocked_uncertain_signal_quality,do_not_touch_blocked,statement is too low-information or ambiguous for safe automated cleanup,medium,HIGH,yes,company_memory.sqlite:memory_entries,DATA_MISSING
322,MARINO AND CO,observed_fact,"Cockia's share price dropped 29% on the day of the recall announcement in September 2011, but then the share price took off from there",active,0.82,youtube_transcript:asx-daily-rundown-atlassian-lifts-tech-a2-milk-recall-shock-accent-group-all-time-lows:88e960386e503796,youtube_transcript,"ASX Daily Rundown | Atlassian Lifts Tech, A2 Milk Recall Shock & Accent Group All-Time Lows",2026-05-04T08:15:01Z,2026-05-04T08:24:09+00:00,2026-05-04T08:24:09+00:00,fanout_0009,50,blocked_uncertain_signal_quality,do_not_touch_blocked,statement is too low-information or ambiguous for safe automated cleanup,medium,HIGH,yes,company_memory.sqlite:memory_entries,DATA_MISSING
323,CLARITY,observed_fact,"Cockia's share price dropped 29% on the day of the recall announcement in September 2011, but then the share price took off from there",active,0.82,youtube_transcript:asx-daily-rundown-atlassian-lifts-tech-a2-milk-recall-shock-accent-group-all-time-lows:88e960386e503796,youtube_transcript,"ASX Daily Rundown | Atlassian Lifts Tech, A2 Milk Recall Shock & Accent Group All-Time Lows",2026-05-04T08:15:01Z,2026-05-04T08:24:10+00:00,2026-05-04T08:24:10+00:00,fanout_0009,50,blocked_uncertain_signal_quality,do_not_touch_blocked,statement is too low-information or ambiguous for safe automated cleanup,medium,HIGH,yes,company_memory.sqlite:memory_entries,DATA_MISSING
324,WIN MEDALS,observed_fact,"Cockia's share price dropped 29% on the day of the recall announcement in September 2011, but then the share price took off from there",active,0.82,youtube_transcript:asx-daily-rundown-atlassian-lifts-tech-a2-milk-recall-shock-accent-group-all-time-lows:88e960386e503796,youtube_transcript,"ASX Daily Rundown | Atlassian Lifts Tech, A2 Milk Recall Shock & Accent Group All-Time Lows",2026-05-04T08:15:01Z,2026-05-04T08:24:10+00:00,2026-05-04T08:24:10+00:00,fanout_0009,50,blocked_uncertain_signal_quality,do_not_touch_blocked,statement is too low-information or ambiguous for safe automated cleanup,medium,HIGH,yes,company_memory.sqlite:memory_entries,DATA_MISSING
325,AXEN GROUP,observed_fact,"Cockia's share price dropped 29% on the day of the recall announcement in September 2011, but then the share price took off from there",active,0.82,youtube_transcript:asx-daily-rundown-atlassian-lifts-tech-a2-milk-recall-shock-accent-group-all-time-lows:88e960386e503796,youtube_transcript,"ASX Daily Rundown | Atlassian Lifts Tech, A2 Milk Recall Shock & Accent Group All-Time Lows",2026-05-04T08:15:01Z,2026-05-04T08:24:10+00:00,2026-05-04T08:24:10+00:00,fanout_0009,50,blocked_uncertain_signal_quality,do_not_touch_blocked,statement is too low-information or ambiguous for safe automated cleanup,medium,HIGH,yes,company_memory.sqlite:memory_entries,DATA_MISSING
326,STRICKLAND METALS,observed_fact,"Cockia's share price dropped 29% on the day of the recall announcement in September 2011, but then the share price took off from there",active,0.82,youtube_transcript:asx-daily-rundown-atlassian-lifts-tech-a2-milk-recall-shock-accent-group-all-time-lows:88e960386e503796,youtube_transcript,"ASX Daily Rundown | Atlassian Lifts Tech, A2 Milk Recall Shock & Accent Group All-Time Lows",2026-05-04T08:15:01Z,2026-05-04T08:24:10+00:00,2026-05-04T08:24:10+00:00,fanout_0009,50,blocked_uncertain_signal_quality,do_not_touch_blocked,statement is too low-information or ambiguous for safe automated cleanup,medium,HIGH,yes,company_memory.sqlite:memory_entries,DATA_MISSING
327,LION TOWN,observed_fact,"Cockia's share price dropped 29% on the day of the recall announcement in September 2011, but then the share price took off from there",active,0.82,youtube_transcript:asx-daily-rundown-atlassian-lifts-tech-a2-milk-recall-shock-accent-group-all-time-lows:88e960386e503796,youtube_transcript,"ASX Daily Rundown | Atlassian Lifts Tech, A2 Milk Recall Shock & Accent Group All-Time Lows",2026-05-04T08:15:01Z,2026-05-04T08:24:10+00:00,2026-05-04T08:24:10+00:00,fanout_0009,50,blocked_uncertain_signal_quality,do_not_touch_blocked,statement is too low-information or ambiguous for safe automated cleanup,medium,HIGH,yes,company_memory.sqlite:memory_entries,DATA_MISSING
328,IMRO,observed_fact,"Cockia's share price dropped 29% on the day of the recall announcement in September 2011, but then the share price took off from there",active,0.82,youtube_transcript:asx-daily-rundown-atlassian-lifts-tech-a2-milk-recall-shock-accent-group-all-time-lows:88e960386e503796,youtube_transcript,"ASX Daily Rundown | Atlassian Lifts Tech, A2 Milk Recall Shock & Accent Group All-Time Lows",2026-05-04T08:15:01Z,2026-05-04T08:24:10+00:00,2026-05-04T08:24:10+00:00,fanout_0009,50,blocked_uncertain_signal_quality,do_not_touch_blocked,statement is too low-information or ambiguous for safe automated cleanup,medium,HIGH,yes,company_memory.sqlite:memory_entries,DATA_MISSING
329,PENINSULA,observed_fact,"Cockia's share price dropped 29% on the day of the recall announcement in September 2011, but then the share price took off from there",active,0.82,youtube_transcript:asx-daily-rundown-atlassian-lifts-tech-a2-milk-recall-shock-accent-group-all-time-lows:88e960386e503796,youtube_transcript,"ASX Daily Rundown | Atlassian Lifts Tech, A2 Milk Recall Shock & Accent Group All-Time Lows",2026-05-04T08:15:01Z,2026-05-04T08:24:10+00:00,2026-05-04T08:24:10+00:00,fanout_0009,50,blocked_uncertain_signal_quality,do_not_touch_blocked,statement is too low-information or ambiguous for safe automated cleanup,medium,HIGH,yes,company_memory.sqlite:memory_entries,DATA_MISSING
330,BRAIN CHIP,observed_fact,"Cockia's share price dropped 29% on the day of the recall announcement in September 2011, but then the share price took off from there",active,0.82,youtube_transcript:asx-daily-rundown-atlassian-lifts-tech-a2-milk-recall-shock-accent-group-all-time-lows:88e960386e503796,youtube_transcript,"ASX Daily Rundown | Atlassian Lifts Tech, A2 Milk Recall Shock & Accent Group All-Time Lows",2026-05-04T08:15:01Z,2026-05-04T08:24:10+00:00,2026-05-04T08:24:10+00:00,fanout_0009,50,blocked_uncertain_signal_quality,do_not_touch_blocked,statement is too low-information or ambiguous for safe automated cleanup,medium,HIGH,yes,company_memory.sqlite:memory_entries,DATA_MISSING
331,VERITUS,observed_fact,"Cockia's share price dropped 29% on the day of the recall announcement in September 2011, but then the share price took off from there",active,0.82,youtube_transcript:asx-daily-rundown-atlassian-lifts-tech-a2-milk-recall-shock-accent-group-all-time-lows:88e960386e503796,youtube_transcript,"ASX Daily Rundown | Atlassian Lifts Tech, A2 Milk Recall Shock & Accent Group All-Time Lows",2026-05-04T08:15:01Z,2026-05-04T08:24:11+00:00,2026-05-04T08:24:11+00:00,fanout_0009,50,blocked_uncertain_signal_quality,do_not_touch_blocked,statement is too low-information or ambiguous for safe automated cleanup,medium,HIGH,yes,company_memory.sqlite:memory_entries,DATA_MISSING
332,PETTIMED,observed_fact,"Cockia's share price dropped 29% on the day of the recall announcement in September 2011, but then the share price took off from there",active,0.82,youtube_transcript:asx-daily-rundown-atlassian-lifts-tech-a2-milk-recall-shock-accent-group-all-time-lows:88e960386e503796,youtube_transcript,"ASX Daily Rundown | Atlassian Lifts Tech, A2 Milk Recall Shock & Accent Group All-Time Lows",2026-05-04T08:15:01Z,2026-05-04T08:24:11+00:00,2026-05-04T08:24:11+00:00,fanout_0009,50,blocked_uncertain_signal_quality,do_not_touch_blocked,statement is too low-information or ambiguous for safe automated cleanup,medium,HIGH,yes,company_memory.sqlite:memory_entries,DATA_MISSING
333,IMPEDIMED,observed_fact,"Cockia's share price dropped 29% on the day of the recall announcement in September 2011, but then the share price took off from there",active,0.82,youtube_transcript:asx-daily-rundown-atlassian-lifts-tech-a2-milk-recall-shock-accent-group-all-time-lows:88e960386e503796,youtube_transcript,"ASX Daily Rundown | Atlassian Lifts Tech, A2 Milk Recall Shock & Accent Group All-Time Lows",2026-05-04T08:15:01Z,2026-05-04T08:24:11+00:00,2026-05-04T08:24:11+00:00,fanout_0009,50,blocked_uncertain_signal_quality,do_not_touch_blocked,statement is too low-information or ambiguous for safe automated cleanup,medium,HIGH,yes,company_memory.sqlite:memory_entries,DATA_MISSING
334,INDE,observed_fact,"Cockia's share price dropped 29% on the day of the recall announcement in September 2011, but then the share price took off from there",active,0.82,youtube_transcript:asx-daily-rundown-atlassian-lifts-tech-a2-milk-recall-shock-accent-group-all-time-lows:88e960386e503796,youtube_transcript,"ASX Daily Rundown | Atlassian Lifts Tech, A2 Milk Recall Shock & Accent Group All-Time Lows",2026-05-04T08:15:01Z,2026-05-04T08:24:11+00:00,2026-05-04T08:24:11+00:00,fanout_0009,50,blocked_uncertain_signal_quality,do_not_touch_blocked,statement is too low-information or ambiguous for safe automated cleanup,medium,HIGH,yes,company_memory.sqlite:memory_entries,DATA_MISSING
335,PETT,observed_fact,"Cockia's share price dropped 29% on the day of the recall announcement in September 2011, but then the share price took off from there",active,0.82,youtube_transcript:asx-daily-rundown-atlassian-lifts-tech-a2-milk-recall-shock-accent-group-all-time-lows:88e960386e503796,youtube_transcript,"ASX Daily Rundown | Atlassian Lifts Tech, A2 Milk Recall Shock & Accent Group All-Time Lows",2026-05-04T08:15:01Z,2026-05-04T08:24:11+00:00,2026-05-04T08:24:11+00:00,fanout_0009,50,blocked_uncertain_signal_quality,do_not_touch_blocked,statement is too low-information or ambiguous for safe automated cleanup,medium,HIGH,yes,company_memory.sqlite:memory_entries,DATA_MISSING
336,C79,observed_fact,"Cockia's share price dropped 29% on the day of the recall announcement in September 2011, but then the share price took off from there",active,0.82,youtube_transcript:asx-daily-rundown-atlassian-lifts-tech-a2-milk-recall-shock-accent-group-all-time-lows:88e960386e503796,youtube_transcript,"ASX Daily Rundown | Atlassian Lifts Tech, A2 Milk Recall Shock & Accent Group All-Time Lows",2026-05-04T08:15:01Z,2026-05-04T08:24:11+00:00,2026-05-04T08:24:11+00:00,fanout_0009,50,blocked_uncertain_signal_quality,do_not_touch_blocked,statement is too low-information or ambiguous for safe automated cleanup,medium,HIGH,yes,company_memory.sqlite:memory_entries,DATA_MISSING
337,A2M,observed_fact,"Cockia's share price dropped 29% on the day of the recall announcement in September 2011, but then the share price took off from there",active,0.82,youtube_transcript:asx-daily-rundown-atlassian-lifts-tech-a2-milk-recall-shock-accent-group-all-time-lows:88e960386e503796,youtube_transcript,"ASX Daily Rundown | Atlassian Lifts Tech, A2 Milk Recall Shock & Accent Group All-Time Lows",2026-05-04T08:15:01Z,2026-05-04T08:24:11+00:00,2026-05-04T08:24:11+00:00,fanout_0009,50,blocked_uncertain_signal_quality,do_not_touch_blocked,statement is too low-information or ambiguous for safe automated cleanup,medium,HIGH,yes,company_memory.sqlite:memory_entries,DATA_MISSING
338,ACCENT GROUP,observed_fact,"Cockia's share price dropped 29% on the day of the recall announcement in September 2011, but then the share price took off from there",active,0.82,youtube_transcript:asx-daily-rundown-atlassian-lifts-tech-a2-milk-recall-shock-accent-group-all-time-lows:88e960386e503796,youtube_transcript,"ASX Daily Rundown | Atlassian Lifts Tech, A2 Milk Recall Shock & Accent Group All-Time Lows",2026-05-04T08:15:01Z,2026-05-04T08:24:11+00:00,2026-05-04T08:24:11+00:00,fanout_0009,50,blocked_uncertain_signal_quality,do_not_touch_blocked,statement is too low-information or ambiguous for safe automated cleanup,medium,HIGH,yes,company_memory.sqlite:memory_entries,DATA_MISSING
751,END,observed_fact,Indeed's share price has more than halved since 2022,active,0.84,youtube_transcript:asx-daily-rundown-atlassian-lifts-tech-a2-milk-recall-shock-accent-group-all-time-lows:88e960386e503796,youtube_transcript,"ASX Daily Rundown | Atlassian Lifts Tech, A2 Milk Recall Shock & Accent Group All-Time Lows",2026-05-04T08:15:01Z,2026-05-04T08:25:18+00:00,2026-05-04T08:25:18+00:00,fanout_0015,42,blocked_uncertain_signal_quality,do_not_touch_blocked,statement is too low-information or ambiguous for safe automated cleanup,medium,HIGH,yes,company_memory.sqlite:memory_entries,DATA_MISSING
752,COH,observed_fact,Indeed's share price has more than halved since 2022,active,0.84,youtube_transcript:asx-daily-rundown-atlassian-lifts-tech-a2-milk-recall-shock-accent-group-all-time-lows:88e960386e503796,youtube_transcript,"ASX Daily Rundown | Atlassian Lifts Tech, A2 Milk Recall Shock & Accent Group All-Time Lows",2026-05-04T08:15:01Z,2026-05-04T08:25:18+00:00,2026-05-04T08:25:18+00:00,fanout_0015,42,blocked_uncertain_signal_quality,do_not_touch_blocked,statement is too low-information or ambiguous for safe automated cleanup,medium,HIGH,yes,company_memory.sqlite:memory_entries,DATA_MISSING
753,WES,observed_fact,Indeed's share price has more than halved since 2022,active,0.84,youtube_transcript:asx-daily-rundown-atlassian-lifts-tech-a2-milk-recall-shock-accent-group-all-time-lows:88e960386e503796,youtube_transcript,"ASX Daily Rundown | Atlassian Lifts Tech, A2 Milk Recall Shock & Accent Group All-Time Lows",2026-05-04T08:15:01Z,2026-05-04T08:25:18+00:00,2026-05-04T08:25:18+00:00,fanout_0015,42,blocked_uncertain_signal_quality,do_not_touch_blocked,statement is too low-information or ambiguous for safe automated cleanup,medium,HIGH,yes,company_memory.sqlite:memory_entries,DATA_MISSING
754,WBC,observed_fact,Indeed's share price has more than halved since 2022,active,0.84,youtube_transcript:asx-daily-rundown-atlassian-lifts-tech-a2-milk-recall-shock-accent-group-all-time-lows:88e960386e503796,youtube_transcript,"ASX Daily Rundown | Atlassian Lifts Tech, A2 Milk Recall Shock & Accent Group All-Time Lows",2026-05-04T08:15:01Z,2026-05-04T08:25:19+00:00,2026-05-04T08:25:19+00:00,fanout_0015,42,blocked_uncertain_signal_quality,do_not_touch_blocked,statement is too low-information or ambiguous for safe automated cleanup,medium,HIGH,yes,company_memory.sqlite:memory_entries,DATA_MISSING
755,KEY,observed_fact,Indeed's share price has more than halved since 2022,active,0.84,youtube_transcript:asx-daily-rundown-atlassian-lifts-tech-a2-milk-recall-shock-accent-group-all-time-lows:88e960386e503796,youtube_transcript,"ASX Daily Rundown | Atlassian Lifts Tech, A2 Milk Recall Shock & Accent Group All-Time Lows",2026-05-04T08:15:01Z,2026-05-04T08:25:19+00:00,2026-05-04T08:25:19+00:00,fanout_0015,42,blocked_uncertain_signal_quality,do_not_touch_blocked,statement is too low-information or ambiguous for safe automated cleanup,medium,HIGH,yes,company_memory.sqlite:memory_entries,DATA_MISSING
756,GCM,observed_fact,Indeed's share price has more than halved since 2022,active,0.84,youtube_transcript:asx-daily-rundown-atlassian-lifts-tech-a2-milk-recall-shock-accent-group-all-time-lows:88e960386e503796,youtube_transcript,"ASX Daily Rundown | Atlassian Lifts Tech, A2 Milk Recall Shock & Accent Group All-Time Lows",2026-05-04T08:15:01Z,2026-05-04T08:25:19+00:00,2026-05-04T08:25:19+00:00,fanout_0015,42,blocked_uncertain_signal_quality,do_not_touch_blocked,statement is too low-information or ambiguous for safe automated cleanup,medium,HIGH,yes,company_memory.sqlite:memory_entries,DATA_MISSING
757,MAR,observed_fact,Indeed's share price has more than halved since 2022,active,0.84,youtube_transcript:asx-daily-rundown-atlassian-lifts-tech-a2-milk-recall-shock-accent-group-all-time-lows:88e960386e503796,youtube_transcript,"ASX Daily Rundown | Atlassian Lifts Tech, A2 Milk Recall Shock & Accent Group All-Time Lows",2026-05-04T08:15:01Z,2026-05-04T08:25:19+00:00,2026-05-04T08:25:19+00:00,fanout_0015,42,blocked_uncertain_signal_quality,do_not_touch_blocked,statement is too low-information or ambiguous for safe automated cleanup,medium,HIGH,yes,company_memory.sqlite:memory_entries,DATA_MISSING
758,CLT,observed_fact,Indeed's share price has more than halved since 2022,active,0.84,youtube_transcript:asx-daily-rundown-atlassian-lifts-tech-a2-milk-recall-shock-accent-group-all-time-lows:88e960386e503796,youtube_transcript,"ASX Daily Rundown | Atlassian Lifts Tech, A2 Milk Recall Shock & Accent Group All-Time Lows",2026-05-04T08:15:01Z,2026-05-04T08:25:20+00:00,2026-05-04T08:25:20+00:00,fanout_0015,42,blocked_uncertain_signal_quality,do_not_touch_blocked,statement is too low-information or ambiguous for safe automated cleanup,medium,HIGH,yes,company_memory.sqlite:memory_entries,DATA_MISSING
759,WIN,observed_fact,Indeed's share price has more than halved since 2022,active,0.84,youtube_transcript:asx-daily-rundown-atlassian-lifts-tech-a2-milk-recall-shock-accent-group-all-time-lows:88e960386e503796,youtube_transcript,"ASX Daily Rundown | Atlassian Lifts Tech, A2 Milk Recall Shock & Accent Group All-Time Lows",2026-05-04T08:15:01Z,2026-05-04T08:25:20+00:00,2026-05-04T08:25:20+00:00,fanout_0015,42,blocked_uncertain_signal_quality,do_not_touch_blocked,statement is too low-information or ambiguous for safe automated cleanup,medium,HIGH,yes,company_memory.sqlite:memory_entries,DATA_MISSING
760,SKT,observed_fact,Indeed's share price has more than halved since 2022,active,0.84,youtube_transcript:asx-daily-rundown-atlassian-lifts-tech-a2-milk-recall-shock-accent-group-all-time-lows:88e960386e503796,youtube_transcript,"ASX Daily Rundown | Atlassian Lifts Tech, A2 Milk Recall Shock & Accent Group All-Time Lows",2026-05-04T08:15:01Z,2026-05-04T08:25:20+00:00,2026-05-04T08:25:20+00:00,fanout_0015,42,blocked_uncertain_signal_quality,do_not_touch_blocked,statement is too low-information or ambiguous for safe automated cleanup,medium,HIGH,yes,company_memory.sqlite:memory_entries,DATA_MISSING
761,VCE,observed_fact,Indeed's share price has more than halved since 2022,active,0.84,youtube_transcript:asx-daily-rundown-atlassian-lifts-tech-a2-milk-recall-shock-accent-group-all-time-lows:88e960386e503796,youtube_transcript,"ASX Daily Rundown | Atlassian Lifts Tech, A2 Milk Recall Shock & Accent Group All-Time Lows",2026-05-04T08:15:01Z,2026-05-04T08:25:20+00:00,2026-05-04T08:25:20+00:00,fanout_0015,42,blocked_uncertain_signal_quality,do_not_touch_blocked,statement is too low-information or ambiguous for safe automated cleanup,medium,HIGH,yes,company_memory.sqlite:memory_entries,DATA_MISSING
762,SNW,observed_fact,Indeed's share price has more than halved since 2022,active,0.84,youtube_transcript:asx-daily-rundown-atlassian-lifts-tech-a2-milk-recall-shock-accent-group-all-time-lows:88e960386e503796,youtube_transcript,"ASX Daily Rundown | Atlassian Lifts Tech, A2 Milk Recall Shock & Accent Group All-Time Lows",2026-05-04T08:15:01Z,2026-05-04T08:25:20+00:00,2026-05-04T08:25:20+00:00,fanout_0015,42,blocked_uncertain_signal_quality,do_not_touch_blocked,statement is too low-information or ambiguous for safe automated cleanup,medium,HIGH,yes,company_memory.sqlite:memory_entries,DATA_MISSING
763,LON,observed_fact,Indeed's share price has more than halved since 2022,active,0.84,youtube_transcript:asx-daily-rundown-atlassian-lifts-tech-a2-milk-recall-shock-accent-group-all-time-lows:88e960386e503796,youtube_transcript,"ASX Daily Rundown | Atlassian Lifts Tech, A2 Milk Recall Shock & Accent Group All-Time Lows",2026-05-04T08:15:01Z,2026-05-04T08:25:20+00:00,2026-05-04T08:25:20+00:00,fanout_0015,42,blocked_uncertain_signal_quality,do_not_touch_blocked,statement is too low-information or ambiguous for safe automated cleanup,medium,HIGH,yes,company_memory.sqlite:memory_entries,DATA_MISSING
764,PET,observed_fact,Indeed's share price has more than halved since 2022,active,0.84,youtube_transcript:asx-daily-rundown-atlassian-lifts-tech-a2-milk-recall-shock-accent-group-all-time-lows:88e960386e503796,youtube_transcript,"ASX Daily Rundown | Atlassian Lifts Tech, A2 Milk Recall Shock & Accent Group All-Time Lows",2026-05-04T08:15:01Z,2026-05-04T08:25:20+00:00,2026-05-04T08:25:20+00:00,fanout_0015,42,blocked_uncertain_signal_quality,do_not_touch_blocked,statement is too low-information or ambiguous for safe automated cleanup,medium,HIGH,yes,company_memory.sqlite:memory_entries,DATA_MISSING
765,STK,observed_fact,Indeed's share price has more than halved since 2022,active,0.84,youtube_transcript:asx-daily-rundown-atlassian-lifts-tech-a2-milk-recall-shock-accent-group-all-time-lows:88e960386e503796,youtube_transcript,"ASX Daily Rundown | Atlassian Lifts Tech, A2 Milk Recall Shock & Accent Group All-Time Lows",2026-05-04T08:15:01Z,2026-05-04T08:25:21+00:00,2026-05-04T08:25:21+00:00,fanout_0015,42,blocked_uncertain_signal_quality,do_not_touch_blocked,statement is too low-information or ambiguous for safe automated cleanup,medium,HIGH,yes,company_memory.sqlite:memory_entries,DATA_MISSING
781,END,observed_fact,is below 1 cent,active,0.72,youtube_transcript:asx-daily-rundown-atlassian-lifts-tech-a2-milk-recall-shock-accent-group-all-time-lows:88e960386e503796,youtube_transcript,"ASX Daily Rundown | Atlassian Lifts Tech, A2 Milk Recall Shock & Accent Group All-Time Lows",2026-05-04T08:15:01Z,2026-05-04T08:25:26+00:00,2026-05-04T08:25:26+00:00,fanout_0010,50,blocked_uncertain_signal_quality,do_not_touch_blocked,statement is too low-information or ambiguous for safe automated cleanup,medium,HIGH,yes,company_memory.sqlite:memory_entries,DATA_MISSING
782,COH,observed_fact,is below 1 cent,active,0.72,youtube_transcript:asx-daily-rundown-atlassian-lifts-tech-a2-milk-recall-shock-accent-group-all-time-lows:88e960386e503796,youtube_transcript,"ASX Daily Rundown | Atlassian Lifts Tech, A2 Milk Recall Shock & Accent Group All-Time Lows",2026-05-04T08:15:01Z,2026-05-04T08:25:26+00:00,2026-05-04T08:25:26+00:00,fanout_0010,50,blocked_uncertain_signal_quality,do_not_touch_blocked,statement is too low-information or ambiguous for safe automated cleanup,medium,HIGH,yes,company_memory.sqlite:memory_entries,DATA_MISSING
783,WES,observed_fact,is below 1 cent,active,0.72,youtube_transcript:asx-daily-rundown-atlassian-lifts-tech-a2-milk-recall-shock-accent-group-all-time-lows:88e960386e503796,youtube_transcript,"ASX Daily Rundown | Atlassian Lifts Tech, A2 Milk Recall Shock & Accent Group All-Time Lows",2026-05-04T08:15:01Z,2026-05-04T08:25:27+00:00,2026-05-04T08:25:27+00:00,fanout_0010,50,blocked_uncertain_signal_quality,do_not_touch_blocked,statement is too low-information or ambiguous for safe automated cleanup,medium,HIGH,yes,company_memory.sqlite:memory_entries,DATA_MISSING
784,WBC,observed_fact,is below 1 cent,active,0.72,youtube_transcript:asx-daily-rundown-atlassian-lifts-tech-a2-milk-recall-shock-accent-group-all-time-lows:88e960386e503796,youtube_transcript,"ASX Daily Rundown | Atlassian Lifts Tech, A2 Milk Recall Shock & Accent Group All-Time Lows",2026-05-04T08:15:01Z,2026-05-04T08:25:27+00:00,2026-05-04T08:25:27+00:00,fanout_0010,50,blocked_uncertain_signal_quality,do_not_touch_blocked,statement is too low-information or ambiguous for safe automated cleanup,medium,HIGH,yes,company_memory.sqlite:memory_entries,DATA_MISSING
785,KEY,observed_fact,is below 1 cent,active,0.72,youtube_transcript:asx-daily-rundown-atlassian-lifts-tech-a2-milk-recall-shock-accent-group-all-time-lows:88e960386e503796,youtube_transcript,"ASX Daily Rundown | Atlassian Lifts Tech, A2 Milk Recall Shock & Accent Group All-Time Lows",2026-05-04T08:15:01Z,2026-05-04T08:25:27+00:00,2026-05-04T08:25:27+00:00,fanout_0010,50,blocked_uncertain_signal_quality,do_not_touch_blocked,statement is too low-information or ambiguous for safe automated cleanup,medium,HIGH,yes,company_memory.sqlite:memory_entries,DATA_MISSING
786,GCM,observed_fact,is below 1 cent,active,0.72,youtube_transcript:asx-daily-rundown-atlassian-lifts-tech-a2-milk-recall-shock-accent-group-all-time-lows:88e960386e503796,youtube_transcript,"ASX Daily Rundown | Atlassian Lifts Tech, A2 Milk Recall Shock & Accent Group All-Time Lows",2026-05-04T08:15:01Z,2026-05-04T08:25:27+00:00,2026-05-04T08:25:27+00:00,fanout_0010,50,blocked_uncertain_signal_quality,do_not_touch_blocked,statement is too low-information or ambiguous for safe automated cleanup,medium,HIGH,yes,company_memory.sqlite:memory_entries,DATA_MISSING
787,MAR,observed_fact,is below 1 cent,active,0.72,youtube_transcript:asx-daily-rundown-atlassian-lifts-tech-a2-milk-recall-shock-accent-group-all-time-lows:88e960386e503796,youtube_transcript,"ASX Daily Rundown | Atlassian Lifts Tech, A2 Milk Recall Shock & Accent Group All-Time Lows",2026-05-04T08:15:01Z,2026-05-04T08:25:27+00:00,2026-05-04T08:25:27+00:00,fanout_0010,50,blocked_uncertain_signal_quality,do_not_touch_blocked,statement is too low-information or ambiguous for safe automated cleanup,medium,HIGH,yes,company_memory.sqlite:memory_entries,DATA_MISSING
788,CLT,observed_fact,is below 1 cent,active,0.72,youtube_transcript:asx-daily-rundown-atlassian-lifts-tech-a2-milk-recall-shock-accent-group-all-time-lows:88e960386e503796,youtube_transcript,"ASX Daily Rundown | Atlassian Lifts Tech, A2 Milk Recall Shock & Accent Group All-Time Lows",2026-05-04T08:15:01Z,2026-05-04T08:25:28+00:00,2026-05-04T08:25:28+00:00,fanout_0010,50,blocked_uncertain_signal_quality,do_not_touch_blocked,statement is too low-information or ambiguous for safe automated cleanup,medium,HIGH,yes,company_memory.sqlite:memory_entries,DATA_MISSING
789,WIN,observed_fact,is below 1 cent,active,0.72,youtube_transcript:asx-daily-rundown-atlassian-lifts-tech-a2-milk-recall-shock-accent-group-all-time-lows:88e960386e503796,youtube_transcript,"ASX Daily Rundown | Atlassian Lifts Tech, A2 Milk Recall Shock & Accent Group All-Time Lows",2026-05-04T08:15:01Z,2026-05-04T08:25:28+00:00,2026-05-04T08:25:28+00:00,fanout_0010,50,blocked_uncertain_signal_quality,do_not_touch_blocked,statement is too low-information or ambiguous for safe automated cleanup,medium,HIGH,yes,company_memory.sqlite:memory_entries,DATA_MISSING
790,SKT,observed_fact,is below 1 cent,active,0.72,youtube_transcript:asx-daily-rundown-atlassian-lifts-tech-a2-milk-recall-shock-accent-group-all-time-lows:88e960386e503796,youtube_transcript,"ASX Daily Rundown | Atlassian Lifts Tech, A2 Milk Recall Shock & Accent Group All-Time Lows",2026-05-04T08:15:01Z,2026-05-04T08:25:28+00:00,2026-05-04T08:25:28+00:00,fanout_0010,50,blocked_uncertain_signal_quality,do_not_touch_blocked,statement is too low-information or ambiguous for safe automated cleanup,medium,HIGH,yes,company_memory.sqlite:memory_entries,DATA_MISSING
791,VCE,observed_fact,is below 1 cent,active,0.72,youtube_transcript:asx-daily-rundown-atlassian-lifts-tech-a2-milk-recall-shock-accent-group-all-time-lows:88e960386e503796,youtube_transcript,"ASX Daily Rundown | Atlassian Lifts Tech, A2 Milk Recall Shock & Accent Group All-Time Lows",2026-05-04T08:15:01Z,2026-05-04T08:25:28+00:00,2026-05-04T08:25:28+00:00,fanout_0010,50,blocked_uncertain_signal_quality,do_not_touch_blocked,statement is too low-information or ambiguous for safe automated cleanup,medium,HIGH,yes,company_memory.sqlite:memory_entries,DATA_MISSING
792,SNW,observed_fact,is below 1 cent,active,0.72,youtube_transcript:asx-daily-rundown-atlassian-lifts-tech-a2-milk-recall-shock-accent-group-all-time-lows:88e960386e503796,youtube_transcript,"ASX Daily Rundown | Atlassian Lifts Tech, A2 Milk Recall Shock & Accent Group All-Time Lows",2026-05-04T08:15:01Z,2026-05-04T08:25:29+00:00,2026-05-04T08:25:29+00:00,fanout_0010,50,blocked_uncertain_signal_quality,do_not_touch_blocked,statement is too low-information or ambiguous for safe automated cleanup,medium,HIGH,yes,company_memory.sqlite:memory_entries,DATA_MISSING
793,LON,observed_fact,is below 1 cent,active,0.72,youtube_transcript:asx-daily-rundown-atlassian-lifts-tech-a2-milk-recall-shock-accent-group-all-time-lows:88e960386e503796,youtube_transcript,"ASX Daily Rundown | Atlassian Lifts Tech, A2 Milk Recall Shock & Accent Group All-Time Lows",2026-05-04T08:15:01Z,2026-05-04T08:25:29+00:00,2026-05-04T08:25:29+00:00,fanout_0010,50,blocked_uncertain_signal_quality,do_not_touch_blocked,statement is too low-information or ambiguous for safe automated cleanup,medium,HIGH,yes,company_memory.sqlite:memory_entries,DATA_MISSING
794,PET,observed_fact,is below 1 cent,active,0.72,youtube_transcript:asx-daily-rundown-atlassian-lifts-tech-a2-milk-recall-shock-accent-group-all-time-lows:88e960386e503796,youtube_transcript,"ASX Daily Rundown | Atlassian Lifts Tech, A2 Milk Recall Shock & Accent Group All-Time Lows",2026-05-04T08:15:01Z,2026-05-04T08:25:29+00:00,2026-05-04T08:25:29+00:00,fanout_0010,50,blocked_uncertain_signal_quality,do_not_touch_blocked,statement is too low-information or ambiguous for safe automated cleanup,medium,HIGH,yes,company_memory.sqlite:memory_entries,DATA_MISSING
795,STK,observed_fact,is below 1 cent,active,0.72,youtube_transcript:asx-daily-rundown-atlassian-lifts-tech-a2-milk-recall-shock-accent-group-all-time-lows:88e960386e503796,youtube_transcript,"ASX Daily Rundown | Atlassian Lifts Tech, A2 Milk Recall Shock & Accent Group All-Time Lows",2026-05-04T08:15:01Z,2026-05-04T08:25:29+00:00,2026-05-04T08:25:29+00:00,fanout_0010,50,blocked_uncertain_signal_quality,do_not_touch_blocked,statement is too low-information or ambiguous for safe automated cleanup,medium,HIGH,yes,company_memory.sqlite:memory_entries,DATA_MISSING
841,END,observed_fact,"Cockia's share price dropped 29% on the day of the recall announcement in September 2011, but then the share price took off from there",active,0.82,youtube_transcript:asx-daily-rundown-atlassian-lifts-tech-a2-milk-recall-shock-accent-group-all-time-lows:88e960386e503796,youtube_transcript,"ASX Daily Rundown | Atlassian Lifts Tech, A2 Milk Recall Shock & Accent Group All-Time Lows",2026-05-04T08:15:01Z,2026-05-04T08:25:45+00:00,2026-05-04T08:25:45+00:00,fanout_0009,50,blocked_uncertain_signal_quality,do_not_touch_blocked,statement is too low-information or ambiguous for safe automated cleanup,medium,HIGH,yes,company_memory.sqlite:memory_entries,DATA_MISSING
842,COH,observed_fact,"Cockia's share price dropped 29% on the day of the recall announcement in September 2011, but then the share price took off from there",active,0.82,youtube_transcript:asx-daily-rundown-atlassian-lifts-tech-a2-milk-recall-shock-accent-group-all-time-lows:88e960386e503796,youtube_transcript,"ASX Daily Rundown | Atlassian Lifts Tech, A2 Milk Recall Shock & Accent Group All-Time Lows",2026-05-04T08:15:01Z,2026-05-04T08:25:46+00:00,2026-05-04T08:25:46+00:00,fanout_0009,50,blocked_uncertain_signal_quality,do_not_touch_blocked,statement is too low-information or ambiguous for safe automated cleanup,medium,HIGH,yes,company_memory.sqlite:memory_entries,DATA_MISSING
843,WES,observed_fact,"Cockia's share price dropped 29% on the day of the recall announcement in September 2011, but then the share price took off from there",active,0.82,youtube_transcript:asx-daily-rundown-atlassian-lifts-tech-a2-milk-recall-shock-accent-group-all-time-lows:88e960386e503796,youtube_transcript,"ASX Daily Rundown | Atlassian Lifts Tech, A2 Milk Recall Shock & Accent Group All-Time Lows",2026-05-04T08:15:01Z,2026-05-04T08:25:47+00:00,2026-05-04T08:25:47+00:00,fanout_0009,50,blocked_uncertain_signal_quality,do_not_touch_blocked,statement is too low-information or ambiguous for safe automated cleanup,medium,HIGH,yes,company_memory.sqlite:memory_entries,DATA_MISSING
844,WBC,observed_fact,"Cockia's share price dropped 29% on the day of the recall announcement in September 2011, but then the share price took off from there",active,0.82,youtube_transcript:asx-daily-rundown-atlassian-lifts-tech-a2-milk-recall-shock-accent-group-all-time-lows:88e960386e503796,youtube_transcript,"ASX Daily Rundown | Atlassian Lifts Tech, A2 Milk Recall Shock & Accent Group All-Time Lows",2026-05-04T08:15:01Z,2026-05-04T08:25:47+00:00,2026-05-04T08:25:47+00:00,fanout_0009,50,blocked_uncertain_signal_quality,do_not_touch_blocked,statement is too low-information or ambiguous for safe automated cleanup,medium,HIGH,yes,company_memory.sqlite:memory_entries,DATA_MISSING
845,KEY,observed_fact,"Cockia's share price dropped 29% on the day of the recall announcement in September 2011, but then the share price took off from there",active,0.82,youtube_transcript:asx-daily-rundown-atlassian-lifts-tech-a2-milk-recall-shock-accent-group-all-time-lows:88e960386e503796,youtube_transcript,"ASX Daily Rundown | Atlassian Lifts Tech, A2 Milk Recall Shock & Accent Group All-Time Lows",2026-05-04T08:15:01Z,2026-05-04T08:25:47+00:00,2026-05-04T08:25:47+00:00,fanout_0009,50,blocked_uncertain_signal_quality,do_not_touch_blocked,statement is too low-information or ambiguous for safe automated cleanup,medium,HIGH,yes,company_memory.sqlite:memory_entries,DATA_MISSING
846,GCM,observed_fact,"Cockia's share price dropped 29% on the day of the recall announcement in September 2011, but then the share price took off from there",active,0.82,youtube_transcript:asx-daily-rundown-atlassian-lifts-tech-a2-milk-recall-shock-accent-group-all-time-lows:88e960386e503796,youtube_transcript,"ASX Daily Rundown | Atlassian Lifts Tech, A2 Milk Recall Shock & Accent Group All-Time Lows",2026-05-04T08:15:01Z,2026-05-04T08:25:47+00:00,2026-05-04T08:25:47+00:00,fanout_0009,50,blocked_uncertain_signal_quality,do_not_touch_blocked,statement is too low-information or ambiguous for safe automated cleanup,medium,HIGH,yes,company_memory.sqlite:memory_entries,DATA_MISSING
847,MAR,observed_fact,"Cockia's share price dropped 29% on the day of the recall announcement in September 2011, but then the share price took off from there",active,0.82,youtube_transcript:asx-daily-rundown-atlassian-lifts-tech-a2-milk-recall-shock-accent-group-all-time-lows:88e960386e503796,youtube_transcript,"ASX Daily Rundown | Atlassian Lifts Tech, A2 Milk Recall Shock & Accent Group All-Time Lows",2026-05-04T08:15:01Z,2026-05-04T08:25:48+00:00,2026-05-04T08:25:48+00:00,fanout_0009,50,blocked_uncertain_signal_quality,do_not_touch_blocked,statement is too low-information or ambiguous for safe automated cleanup,medium,HIGH,yes,company_memory.sqlite:memory_entries,DATA_MISSING
848,CLT,observed_fact,"Cockia's share price dropped 29% on the day of the recall announcement in September 2011, but then the share price took off from there",active,0.82,youtube_transcript:asx-daily-rundown-atlassian-lifts-tech-a2-milk-recall-shock-accent-group-all-time-lows:88e960386e503796,youtube_transcript,"ASX Daily Rundown | Atlassian Lifts Tech, A2 Milk Recall Shock & Accent Group All-Time Lows",2026-05-04T08:15:01Z,2026-05-04T08:25:48+00:00,2026-05-04T08:25:48+00:00,fanout_0009,50,blocked_uncertain_signal_quality,do_not_touch_blocked,statement is too low-information or ambiguous for safe automated cleanup,medium,HIGH,yes,company_memory.sqlite:memory_entries,DATA_MISSING
849,WIN,observed_fact,"Cockia's share price dropped 29% on the day of the recall announcement in September 2011, but then the share price took off from there",active,0.82,youtube_transcript:asx-daily-rundown-atlassian-lifts-tech-a2-milk-recall-shock-accent-group-all-time-lows:88e960386e503796,youtube_transcript,"ASX Daily Rundown | Atlassian Lifts Tech, A2 Milk Recall Shock & Accent Group All-Time Lows",2026-05-04T08:15:01Z,2026-05-04T08:25:48+00:00,2026-05-04T08:25:48+00:00,fanout_0009,50,blocked_uncertain_signal_quality,do_not_touch_blocked,statement is too low-information or ambiguous for safe automated cleanup,medium,HIGH,yes,company_memory.sqlite:memory_entries,DATA_MISSING
850,SKT,observed_fact,"Cockia's share price dropped 29% on the day of the recall announcement in September 2011, but then the share price took off from there",active,0.82,youtube_transcript:asx-daily-rundown-atlassian-lifts-tech-a2-milk-recall-shock-accent-group-all-time-lows:88e960386e503796,youtube_transcript,"ASX Daily Rundown | Atlassian Lifts Tech, A2 Milk Recall Shock & Accent Group All-Time Lows",2026-05-04T08:15:01Z,2026-05-04T08:25:48+00:00,2026-05-04T08:25:48+00:00,fanout_0009,50,blocked_uncertain_signal_quality,do_not_touch_blocked,statement is too low-information or ambiguous for safe automated cleanup,medium,HIGH,yes,company_memory.sqlite:memory_entries,DATA_MISSING
851,VCE,observed_fact,"Cockia's share price dropped 29% on the day of the recall announcement in September 2011, but then the share price took off from there",active,0.82,youtube_transcript:asx-daily-rundown-atlassian-lifts-tech-a2-milk-recall-shock-accent-group-all-time-lows:88e960386e503796,youtube_transcript,"ASX Daily Rundown | Atlassian Lifts Tech, A2 Milk Recall Shock & Accent Group All-Time Lows",2026-05-04T08:15:01Z,2026-05-04T08:25:48+00:00,2026-05-04T08:25:48+00:00,fanout_0009,50,blocked_uncertain_signal_quality,do_not_touch_blocked,statement is too low-information or ambiguous for safe automated cleanup,medium,HIGH,yes,company_memory.sqlite:memory_entries,DATA_MISSING
852,SNW,observed_fact,"Cockia's share price dropped 29% on the day of the recall announcement in September 2011, but then the share price took off from there",active,0.82,youtube_transcript:asx-daily-rundown-atlassian-lifts-tech-a2-milk-recall-shock-accent-group-all-time-lows:88e960386e503796,youtube_transcript,"ASX Daily Rundown | Atlassian Lifts Tech, A2 Milk Recall Shock & Accent Group All-Time Lows",2026-05-04T08:15:01Z,2026-05-04T08:25:48+00:00,2026-05-04T08:25:48+00:00,fanout_0009,50,blocked_uncertain_signal_quality,do_not_touch_blocked,statement is too low-information or ambiguous for safe automated cleanup,medium,HIGH,yes,company_memory.sqlite:memory_entries,DATA_MISSING
853,LON,observed_fact,"Cockia's share price dropped 29% on the day of the recall announcement in September 2011, but then the share price took off from there",active,0.82,youtube_transcript:asx-daily-rundown-atlassian-lifts-tech-a2-milk-recall-shock-accent-group-all-time-lows:88e960386e503796,youtube_transcript,"ASX Daily Rundown | Atlassian Lifts Tech, A2 Milk Recall Shock & Accent Group All-Time Lows",2026-05-04T08:15:01Z,2026-05-04T08:25:49+00:00,2026-05-04T08:25:49+00:00,fanout_0009,50,blocked_uncertain_signal_quality,do_not_touch_blocked,statement is too low-information or ambiguous for safe automated cleanup,medium,HIGH,yes,company_memory.sqlite:memory_entries,DATA_MISSING
854,PET,observed_fact,"Cockia's share price dropped 29% on the day of the recall announcement in September 2011, but then the share price took off from there",active,0.82,youtube_transcript:asx-daily-rundown-atlassian-lifts-tech-a2-milk-recall-shock-accent-group-all-time-lows:88e960386e503796,youtube_transcript,"ASX Daily Rundown | Atlassian Lifts Tech, A2 Milk Recall Shock & Accent Group All-Time Lows",2026-05-04T08:15:01Z,2026-05-04T08:25:49+00:00,2026-05-04T08:25:49+00:00,fanout_0009,50,blocked_uncertain_signal_quality,do_not_touch_blocked,statement is too low-information or ambiguous for safe automated cleanup,medium,HIGH,yes,company_memory.sqlite:memory_entries,DATA_MISSING
855,STK,observed_fact,"Cockia's share price dropped 29% on the day of the recall announcement in September 2011, but then the share price took off from there",active,0.82,youtube_transcript:asx-daily-rundown-atlassian-lifts-tech-a2-milk-recall-shock-accent-group-all-time-lows:88e960386e503796,youtube_transcript,"ASX Daily Rundown | Atlassian Lifts Tech, A2 Milk Recall Shock & Accent Group All-Time Lows",2026-05-04T08:15:01Z,2026-05-04T08:25:49+00:00,2026-05-04T08:25:49+00:00,fanout_0009,50,blocked_uncertain_signal_quality,do_not_touch_blocked,statement is too low-information or ambiguous for safe automated cleanup,medium,HIGH,yes,company_memory.sqlite:memory_entries,DATA_MISSING
1648,ASX,observed_fact,Indeed's share price has more than halved since 2022 highs,active,0.84,youtube_transcript:asx-daily-rundown-atlassian-lifts-tech-a2-milk-recall-shock-accent-group-all-time-lows:88e960386e503796,youtube_transcript,"ASX Daily Rundown | Atlassian Lifts Tech, A2 Milk Recall Shock & Accent Group All-Time Lows",2026-05-04T08:15:01Z,2026-05-05T04:19:16+00:00,2026-05-05T04:19:16+00:00,fanout_0040,25,blocked_uncertain_signal_quality,do_not_touch_blocked,statement is too low-information or ambiguous for safe automated cleanup,medium,HIGH,yes,company_memory.sqlite:memory_entries,DATA_MISSING
1649,TXT,observed_fact,Indeed's share price has more than halved since 2022 highs,active,0.84,youtube_transcript:asx-daily-rundown-atlassian-lifts-tech-a2-milk-recall-shock-accent-group-all-time-lows:88e960386e503796,youtube_transcript,"ASX Daily Rundown | Atlassian Lifts Tech, A2 Milk Recall Shock & Accent Group All-Time Lows",2026-05-04T08:15:01Z,2026-05-05T04:19:16+00:00,2026-05-05T04:19:16+00:00,fanout_0040,25,blocked_uncertain_signal_quality,do_not_touch_blocked,statement is too low-information or ambiguous for safe automated cleanup,medium,HIGH,yes,company_memory.sqlite:memory_entries,DATA_MISSING
1650,XTX,observed_fact,Indeed's share price has more than halved since 2022 highs,active,0.84,youtube_transcript:asx-daily-rundown-atlassian-lifts-tech-a2-milk-recall-shock-accent-group-all-time-lows:88e960386e503796,youtube_transcript,"ASX Daily Rundown | Atlassian Lifts Tech, A2 Milk Recall Shock & Accent Group All-Time Lows",2026-05-04T08:15:01Z,2026-05-05T04:19:17+00:00,2026-05-05T04:19:17+00:00,fanout_0040,25,blocked_uncertain_signal_quality,do_not_touch_blocked,statement is too low-information or ambiguous for safe automated cleanup,medium,HIGH,yes,company_memory.sqlite:memory_entries,DATA_MISSING
1651,A2M,observed_fact,Indeed's share price has more than halved since 2022 highs,active,0.84,youtube_transcript:asx-daily-rundown-atlassian-lifts-tech-a2-milk-recall-shock-accent-group-all-time-lows:88e960386e503796,youtube_transcript,"ASX Daily Rundown | Atlassian Lifts Tech, A2 Milk Recall Shock & Accent Group All-Time Lows",2026-05-04T08:15:01Z,2026-05-05T04:19:18+00:00,2026-05-05T04:19:18+00:00,fanout_0040,25,blocked_uncertain_signal_quality,do_not_touch_blocked,statement is too low-information or ambiguous for safe automated cleanup,medium,HIGH,yes,company_memory.sqlite:memory_entries,DATA_MISSING
1652,ENDV,observed_fact,Indeed's share price has more than halved since 2022 highs,active,0.84,youtube_transcript:asx-daily-rundown-atlassian-lifts-tech-a2-milk-recall-shock-accent-group-all-time-lows:88e960386e503796,youtube_transcript,"ASX Daily Rundown | Atlassian Lifts Tech, A2 Milk Recall Shock & Accent Group All-Time Lows",2026-05-04T08:15:01Z,2026-05-05T04:19:18+00:00,2026-05-05T04:19:18+00:00,fanout_0040,25,blocked_uncertain_signal_quality,do_not_touch_blocked,statement is too low-information or ambiguous for safe automated cleanup,medium,HIGH,yes,company_memory.sqlite:memory_entries,DATA_MISSING
1653,COH,observed_fact,Indeed's share price has more than halved since 2022 highs,active,0.84,youtube_transcript:asx-daily-rundown-atlassian-lifts-tech-a2-milk-recall-shock-accent-group-all-time-lows:88e960386e503796,youtube_transcript,"ASX Daily Rundown | Atlassian Lifts Tech, A2 Milk Recall Shock & Accent Group All-Time Lows",2026-05-04T08:15:01Z,2026-05-05T04:19:18+00:00,2026-05-05T04:19:18+00:00,fanout_0040,25,blocked_uncertain_signal_quality,do_not_touch_blocked,statement is too low-information or ambiguous for safe automated cleanup,medium,HIGH,yes,company_memory.sqlite:memory_entries,DATA_MISSING
1654,BHP,observed_fact,Indeed's share price has more than halved since 2022 highs,active,0.84,youtube_transcript:asx-daily-rundown-atlassian-lifts-tech-a2-milk-recall-shock-accent-group-all-time-lows:88e960386e503796,youtube_transcript,"ASX Daily Rundown | Atlassian Lifts Tech, A2 Milk Recall Shock & Accent Group All-Time Lows",2026-05-04T08:15:01Z,2026-05-05T04:19:18+00:00,2026-05-05T04:19:18+00:00,fanout_0040,25,blocked_uncertain_signal_quality,do_not_touch_blocked,statement is too low-information or ambiguous for safe automated cleanup,medium,HIGH,yes,company_memory.sqlite:memory_entries,DATA_MISSING
1655,WES,observed_fact,Indeed's share price has more than halved since 2022 highs,active,0.84,youtube_transcript:asx-daily-rundown-atlassian-lifts-tech-a2-milk-recall-shock-accent-group-all-time-lows:88e960386e503796,youtube_transcript,"ASX Daily Rundown | Atlassian Lifts Tech, A2 Milk Recall Shock & Accent Group All-Time Lows",2026-05-04T08:15:01Z,2026-05-05T04:19:18+00:00,2026-05-05T04:19:18+00:00,fanout_0040,25,blocked_uncertain_signal_quality,do_not_touch_blocked,statement is too low-information or ambiguous for safe automated cleanup,medium,HIGH,yes,company_memory.sqlite:memory_entries,DATA_MISSING
1656,NAB,observed_fact,Indeed's share price has more than halved since 2022 highs,active,0.84,youtube_transcript:asx-daily-rundown-atlassian-lifts-tech-a2-milk-recall-shock-accent-group-all-time-lows:88e960386e503796,youtube_transcript,"ASX Daily Rundown | Atlassian Lifts Tech, A2 Milk Recall Shock & Accent Group All-Time Lows",2026-05-04T08:15:01Z,2026-05-05T04:19:18+00:00,2026-05-05T04:19:18+00:00,fanout_0040,25,blocked_uncertain_signal_quality,do_not_touch_blocked,statement is too low-information or ambiguous for safe automated cleanup,medium,HIGH,yes,company_memory.sqlite:memory_entries,DATA_MISSING
1657,WBC,observed_fact,Indeed's share price has more than halved since 2022 highs,active,0.84,youtube_transcript:asx-daily-rundown-atlassian-lifts-tech-a2-milk-recall-shock-accent-group-all-time-lows:88e960386e503796,youtube_transcript,"ASX Daily Rundown | Atlassian Lifts Tech, A2 Milk Recall Shock & Accent Group All-Time Lows",2026-05-04T08:15:01Z,2026-05-05T04:19:18+00:00,2026-05-05T04:19:18+00:00,fanout_0040,25,blocked_uncertain_signal_quality,do_not_touch_blocked,statement is too low-information or ambiguous for safe automated cleanup,medium,HIGH,yes,company_memory.sqlite:memory_entries,DATA_MISSING
1658,KEYP,observed_fact,Indeed's share price has more than halved since 2022 highs,active,0.84,youtube_transcript:asx-daily-rundown-atlassian-lifts-tech-a2-milk-recall-shock-accent-group-all-time-lows:88e960386e503796,youtube_transcript,"ASX Daily Rundown | Atlassian Lifts Tech, A2 Milk Recall Shock & Accent Group All-Time Lows",2026-05-04T08:15:01Z,2026-05-05T04:19:19+00:00,2026-05-05T04:19:19+00:00,fanout_0040,25,blocked_uncertain_signal_quality,do_not_touch_blocked,statement is too low-information or ambiguous for safe automated cleanup,medium,HIGH,yes,company_memory.sqlite:memory_entries,DATA_MISSING
1659,GCMC,observed_fact,Indeed's share price has more than halved since 2022 highs,active,0.84,youtube_transcript:asx-daily-rundown-atlassian-lifts-tech-a2-milk-recall-shock-accent-group-all-time-lows:88e960386e503796,youtube_transcript,"ASX Daily Rundown | Atlassian Lifts Tech, A2 Milk Recall Shock & Accent Group All-Time Lows",2026-05-04T08:15:01Z,2026-05-05T04:19:19+00:00,2026-05-05T04:19:19+00:00,fanout_0040,25,blocked_uncertain_signal_quality,do_not_touch_blocked,statement is too low-information or ambiguous for safe automated cleanup,medium,HIGH,yes,company_memory.sqlite:memory_entries,DATA_MISSING
1660,MARINO,observed_fact,Indeed's share price has more than halved since 2022 highs,active,0.84,youtube_transcript:asx-daily-rundown-atlassian-lifts-tech-a2-milk-recall-shock-accent-group-all-time-lows:88e960386e503796,youtube_transcript,"ASX Daily Rundown | Atlassian Lifts Tech, A2 Milk Recall Shock & Accent Group All-Time Lows",2026-05-04T08:15:01Z,2026-05-05T04:19:19+00:00,2026-05-05T04:19:19+00:00,fanout_0040,25,blocked_uncertain_signal_quality,do_not_touch_blocked,statement is too low-information or ambiguous for safe automated cleanup,medium,HIGH,yes,company_memory.sqlite:memory_entries,DATA_MISSING
1661,CLAR,observed_fact,Indeed's share price has more than halved since 2022 highs,active,0.84,youtube_transcript:asx-daily-rundown-atlassian-lifts-tech-a2-milk-recall-shock-accent-group-all-time-lows:88e960386e503796,youtube_transcript,"ASX Daily Rundown | Atlassian Lifts Tech, A2 Milk Recall Shock & Accent Group All-Time Lows",2026-05-04T08:15:01Z,2026-05-05T04:19:19+00:00,2026-05-05T04:19:19+00:00,fanout_0040,25,blocked_uncertain_signal_quality,do_not_touch_blocked,statement is too low-information or ambiguous for safe automated cleanup,medium,HIGH,yes,company_memory.sqlite:memory_entries,DATA_MISSING
1662,WIN,observed_fact,Indeed's share price has more than halved since 2022 highs,active,0.84,youtube_transcript:asx-daily-rundown-atlassian-lifts-tech-a2-milk-recall-shock-accent-group-all-time-lows:88e960386e503796,youtube_transcript,"ASX Daily Rundown | Atlassian Lifts Tech, A2 Milk Recall Shock & Accent Group All-Time Lows",2026-05-04T08:15:01Z,2026-05-05T04:19:19+00:00,2026-05-05T04:19:19+00:00,fanout_0040,25,blocked_uncertain_signal_quality,do_not_touch_blocked,statement is too low-information or ambiguous for safe automated cleanup,medium,HIGH,yes,company_memory.sqlite:memory_entries,DATA_MISSING
1663,LIVN,observed_fact,Indeed's share price has more than halved since 2022 highs,active,0.84,youtube_transcript:asx-daily-rundown-atlassian-lifts-tech-a2-milk-recall-shock-accent-group-all-time-lows:88e960386e503796,youtube_transcript,"ASX Daily Rundown | Atlassian Lifts Tech, A2 Milk Recall Shock & Accent Group All-Time Lows",2026-05-04T08:15:01Z,2026-05-05T04:19:19+00:00,2026-05-05T04:19:19+00:00,fanout_0040,25,blocked_uncertain_signal_quality,do_not_touch_blocked,statement is too low-information or ambiguous for safe automated cleanup,medium,HIGH,yes,company_memory.sqlite:memory_entries,DATA_MISSING
1664,SKT,observed_fact,Indeed's share price has more than halved since 2022 highs,active,0.84,youtube_transcript:asx-daily-rundown-atlassian-lifts-tech-a2-milk-recall-shock-accent-group-all-time-lows:88e960386e503796,youtube_transcript,"ASX Daily Rundown | Atlassian Lifts Tech, A2 Milk Recall Shock & Accent Group All-Time Lows",2026-05-04T08:15:01Z,2026-05-05T04:19:19+00:00,2026-05-05T04:19:19+00:00,fanout_0040,25,blocked_uncertain_signal_quality,do_not_touch_blocked,statement is too low-information or ambiguous for safe automated cleanup,medium,HIGH,yes,company_memory.sqlite:memory_entries,DATA_MISSING
1665,VCE,observed_fact,Indeed's share price has more than halved since 2022 highs,active,0.84,youtube_transcript:asx-daily-rundown-atlassian-lifts-tech-a2-milk-recall-shock-accent-group-all-time-lows:88e960386e503796,youtube_transcript,"ASX Daily Rundown | Atlassian Lifts Tech, A2 Milk Recall Shock & Accent Group All-Time Lows",2026-05-04T08:15:01Z,2026-05-05T04:19:20+00:00,2026-05-05T04:19:20+00:00,fanout_0040,25,blocked_uncertain_signal_quality,do_not_touch_blocked,statement is too low-information or ambiguous for safe automated cleanup,medium,HIGH,yes,company_memory.sqlite:memory_entries,DATA_MISSING
1666,SN,observed_fact,Indeed's share price has more than halved since 2022 highs,active,0.84,youtube_transcript:asx-daily-rundown-atlassian-lifts-tech-a2-milk-recall-shock-accent-group-all-time-lows:88e960386e503796,youtube_transcript,"ASX Daily Rundown | Atlassian Lifts Tech, A2 Milk Recall Shock & Accent Group All-Time Lows",2026-05-04T08:15:01Z,2026-05-05T04:19:21+00:00,2026-05-05T04:19:21+00:00,fanout_0040,25,blocked_uncertain_signal_quality,do_not_touch_blocked,statement is too low-information or ambiguous for safe automated cleanup,medium,HIGH,yes,company_memory.sqlite:memory_entries,DATA_MISSING
1667,LION,observed_fact,Indeed's share price has more than halved since 2022 highs,active,0.84,youtube_transcript:asx-daily-rundown-atlassian-lifts-tech-a2-milk-recall-shock-accent-group-all-time-lows:88e960386e503796,youtube_transcript,"ASX Daily Rundown | Atlassian Lifts Tech, A2 Milk Recall Shock & Accent Group All-Time Lows",2026-05-04T08:15:01Z,2026-05-05T04:19:21+00:00,2026-05-05T04:19:21+00:00,fanout_0040,25,blocked_uncertain_signal_quality,do_not_touch_blocked,statement is too low-information or ambiguous for safe automated cleanup,medium,HIGH,yes,company_memory.sqlite:memory_entries,DATA_MISSING
1668,PETT,observed_fact,Indeed's share price has more than halved since 2022 highs,active,0.84,youtube_transcript:asx-daily-rundown-atlassian-lifts-tech-a2-milk-recall-shock-accent-group-all-time-lows:88e960386e503796,youtube_transcript,"ASX Daily Rundown | Atlassian Lifts Tech, A2 Milk Recall Shock & Accent Group All-Time Lows",2026-05-04T08:15:01Z,2026-05-05T04:19:21+00:00,2026-05-05T04:19:21+00:00,fanout_0040,25,blocked_uncertain_signal_quality,do_not_touch_blocked,statement is too low-information or ambiguous for safe automated cleanup,medium,HIGH,yes,company_memory.sqlite:memory_entries,DATA_MISSING
1669,INDE,observed_fact,Indeed's share price has more than halved since 2022 highs,active,0.84,youtube_transcript:asx-daily-rundown-atlassian-lifts-tech-a2-milk-recall-shock-accent-group-all-time-lows:88e960386e503796,youtube_transcript,"ASX Daily Rundown | Atlassian Lifts Tech, A2 Milk Recall Shock & Accent Group All-Time Lows",2026-05-04T08:15:01Z,2026-05-05T04:19:22+00:00,2026-05-05T04:19:22+00:00,fanout_0040,25,blocked_uncertain_signal_quality,do_not_touch_blocked,statement is too low-information or ambiguous for safe automated cleanup,medium,HIGH,yes,company_memory.sqlite:memory_entries,DATA_MISSING
1670,C79,observed_fact,Indeed's share price has more than halved since 2022 highs,active,0.84,youtube_transcript:asx-daily-rundown-atlassian-lifts-tech-a2-milk-recall-shock-accent-group-all-time-lows:88e960386e503796,youtube_transcript,"ASX Daily Rundown | Atlassian Lifts Tech, A2 Milk Recall Shock & Accent Group All-Time Lows",2026-05-04T08:15:01Z,2026-05-05T04:19:23+00:00,2026-05-05T04:19:23+00:00,fanout_0040,25,blocked_uncertain_signal_quality,do_not_touch_blocked,statement is too low-information or ambiguous for safe automated cleanup,medium,HIGH,yes,company_memory.sqlite:memory_entries,DATA_MISSING
1671,A2 MILK,observed_fact,Indeed's share price has more than halved since 2022 highs,active,0.84,youtube_transcript:asx-daily-rundown-atlassian-lifts-tech-a2-milk-recall-shock-accent-group-all-time-lows:88e960386e503796,youtube_transcript,"ASX Daily Rundown | Atlassian Lifts Tech, A2 Milk Recall Shock & Accent Group All-Time Lows",2026-05-04T08:15:01Z,2026-05-05T04:19:23+00:00,2026-05-05T04:19:23+00:00,fanout_0040,25,blocked_uncertain_signal_quality,do_not_touch_blocked,statement is too low-information or ambiguous for safe automated cleanup,medium,HIGH,yes,company_memory.sqlite:memory_entries,DATA_MISSING
1672,ACCENT GROUP,observed_fact,Indeed's share price has more than halved since 2022 highs,active,0.84,youtube_transcript:asx-daily-rundown-atlassian-lifts-tech-a2-milk-recall-shock-accent-group-all-time-lows:88e960386e503796,youtube_transcript,"ASX Daily Rundown | Atlassian Lifts Tech, A2 Milk Recall Shock & Accent Group All-Time Lows",2026-05-04T08:15:01Z,2026-05-05T04:19:23+00:00,2026-05-05T04:19:23+00:00,fanout_0040,25,blocked_uncertain_signal_quality,do_not_touch_blocked,statement is too low-information or ambiguous for safe automated cleanup,medium,HIGH,yes,company_memory.sqlite:memory_entries,DATA_MISSING
1681,ENDV,observed_fact,is below 1 cent,active,0.72,youtube_transcript:asx-daily-rundown-atlassian-lifts-tech-a2-milk-recall-shock-accent-group-all-time-lows:88e960386e503796,youtube_transcript,"ASX Daily Rundown | Atlassian Lifts Tech, A2 Milk Recall Shock & Accent Group All-Time Lows",2026-05-04T08:15:01Z,2026-05-05T04:19:30+00:00,2026-05-05T04:19:30+00:00,fanout_0010,50,blocked_uncertain_signal_quality,do_not_touch_blocked,statement is too low-information or ambiguous for safe automated cleanup,medium,HIGH,yes,company_memory.sqlite:memory_entries,DATA_MISSING
1682,KEYP,observed_fact,is below 1 cent,active,0.72,youtube_transcript:asx-daily-rundown-atlassian-lifts-tech-a2-milk-recall-shock-accent-group-all-time-lows:88e960386e503796,youtube_transcript,"ASX Daily Rundown | Atlassian Lifts Tech, A2 Milk Recall Shock & Accent Group All-Time Lows",2026-05-04T08:15:01Z,2026-05-05T04:19:32+00:00,2026-05-05T04:19:32+00:00,fanout_0010,50,blocked_uncertain_signal_quality,do_not_touch_blocked,statement is too low-information or ambiguous for safe automated cleanup,medium,HIGH,yes,company_memory.sqlite:memory_entries,DATA_MISSING
1683,GCMC,observed_fact,is below 1 cent,active,0.72,youtube_transcript:asx-daily-rundown-atlassian-lifts-tech-a2-milk-recall-shock-accent-group-all-time-lows:88e960386e503796,youtube_transcript,"ASX Daily Rundown | Atlassian Lifts Tech, A2 Milk Recall Shock & Accent Group All-Time Lows",2026-05-04T08:15:01Z,2026-05-05T04:19:32+00:00,2026-05-05T04:19:32+00:00,fanout_0010,50,blocked_uncertain_signal_quality,do_not_touch_blocked,statement is too low-information or ambiguous for safe automated cleanup,medium,HIGH,yes,company_memory.sqlite:memory_entries,DATA_MISSING
1684,MARINO,observed_fact,is below 1 cent,active,0.72,youtube_transcript:asx-daily-rundown-atlassian-lifts-tech-a2-milk-recall-shock-accent-group-all-time-lows:88e960386e503796,youtube_transcript,"ASX Daily Rundown | Atlassian Lifts Tech, A2 Milk Recall Shock & Accent Group All-Time Lows",2026-05-04T08:15:01Z,2026-05-05T04:19:32+00:00,2026-05-05T04:19:32+00:00,fanout_0010,50,blocked_uncertain_signal_quality,do_not_touch_blocked,statement is too low-information or ambiguous for safe automated cleanup,medium,HIGH,yes,company_memory.sqlite:memory_entries,DATA_MISSING
1685,CLAR,observed_fact,is below 1 cent,active,0.72,youtube_transcript:asx-daily-rundown-atlassian-lifts-tech-a2-milk-recall-shock-accent-group-all-time-lows:88e960386e503796,youtube_transcript,"ASX Daily Rundown | Atlassian Lifts Tech, A2 Milk Recall Shock & Accent Group All-Time Lows",2026-05-04T08:15:01Z,2026-05-05T04:19:32+00:00,2026-05-05T04:19:32+00:00,fanout_0010,50,blocked_uncertain_signal_quality,do_not_touch_blocked,statement is too low-information or ambiguous for safe automated cleanup,medium,HIGH,yes,company_memory.sqlite:memory_entries,DATA_MISSING
1686,LIVN,observed_fact,is below 1 cent,active,0.72,youtube_transcript:asx-daily-rundown-atlassian-lifts-tech-a2-milk-recall-shock-accent-group-all-time-lows:88e960386e503796,youtube_transcript,"ASX Daily Rundown | Atlassian Lifts Tech, A2 Milk Recall Shock & Accent Group All-Time Lows",2026-05-04T08:15:01Z,2026-05-05T04:19:33+00:00,2026-05-05T04:19:33+00:00,fanout_0010,50,blocked_uncertain_signal_quality,do_not_touch_blocked,statement is too low-information or ambiguous for safe automated cleanup,medium,HIGH,yes,company_memory.sqlite:memory_entries,DATA_MISSING
1687,SN,observed_fact,is below 1 cent,active,0.72,youtube_transcript:asx-daily-rundown-atlassian-lifts-tech-a2-milk-recall-shock-accent-group-all-time-lows:88e960386e503796,youtube_transcript,"ASX Daily Rundown | Atlassian Lifts Tech, A2 Milk Recall Shock & Accent Group All-Time Lows",2026-05-04T08:15:01Z,2026-05-05T04:19:33+00:00,2026-05-05T04:19:33+00:00,fanout_0010,50,blocked_uncertain_signal_quality,do_not_touch_blocked,statement is too low-information or ambiguous for safe automated cleanup,medium,HIGH,yes,company_memory.sqlite:memory_entries,DATA_MISSING
1688,LION,observed_fact,is below 1 cent,active,0.72,youtube_transcript:asx-daily-rundown-atlassian-lifts-tech-a2-milk-recall-shock-accent-group-all-time-lows:88e960386e503796,youtube_transcript,"ASX Daily Rundown | Atlassian Lifts Tech, A2 Milk Recall Shock & Accent Group All-Time Lows",2026-05-04T08:15:01Z,2026-05-05T04:19:34+00:00,2026-05-05T04:19:34+00:00,fanout_0010,50,blocked_uncertain_signal_quality,do_not_touch_blocked,statement is too low-information or ambiguous for safe automated cleanup,medium,HIGH,yes,company_memory.sqlite:memory_entries,DATA_MISSING
1713,ENDV,observed_fact,"Cockia's share price dropped 29% on the day of the recall announcement in September 2011, but then the share price took off from there",active,0.82,youtube_transcript:asx-daily-rundown-atlassian-lifts-tech-a2-milk-recall-shock-accent-group-all-time-lows:88e960386e503796,youtube_transcript,"ASX Daily Rundown | Atlassian Lifts Tech, A2 Milk Recall Shock & Accent Group All-Time Lows",2026-05-04T08:15:01Z,2026-05-05T04:20:01+00:00,2026-05-05T04:20:01+00:00,fanout_0009,50,blocked_uncertain_signal_quality,do_not_touch_blocked,statement is too low-information or ambiguous for safe automated cleanup,medium,HIGH,yes,company_memory.sqlite:memory_entries,DATA_MISSING
1714,KEYP,observed_fact,"Cockia's share price dropped 29% on the day of the recall announcement in September 2011, but then the share price took off from there",active,0.82,youtube_transcript:asx-daily-rundown-atlassian-lifts-tech-a2-milk-recall-shock-accent-group-all-time-lows:88e960386e503796,youtube_transcript,"ASX Daily Rundown | Atlassian Lifts Tech, A2 Milk Recall Shock & Accent Group All-Time Lows",2026-05-04T08:15:01Z,2026-05-05T04:20:02+00:00,2026-05-05T04:20:02+00:00,fanout_0009,50,blocked_uncertain_signal_quality,do_not_touch_blocked,statement is too low-information or ambiguous for safe automated cleanup,medium,HIGH,yes,company_memory.sqlite:memory_entries,DATA_MISSING
1715,GCMC,observed_fact,"Cockia's share price dropped 29% on the day of the recall announcement in September 2011, but then the share price took off from there",active,0.82,youtube_transcript:asx-daily-rundown-atlassian-lifts-tech-a2-milk-recall-shock-accent-group-all-time-lows:88e960386e503796,youtube_transcript,"ASX Daily Rundown | Atlassian Lifts Tech, A2 Milk Recall Shock & Accent Group All-Time Lows",2026-05-04T08:15:01Z,2026-05-05T04:20:02+00:00,2026-05-05T04:20:02+00:00,fanout_0009,50,blocked_uncertain_signal_quality,do_not_touch_blocked,statement is too low-information or ambiguous for safe automated cleanup,medium,HIGH,yes,company_memory.sqlite:memory_entries,DATA_MISSING
1716,MARINO,observed_fact,"Cockia's share price dropped 29% on the day of the recall announcement in September 2011, but then the share price took off from there",active,0.82,youtube_transcript:asx-daily-rundown-atlassian-lifts-tech-a2-milk-recall-shock-accent-group-all-time-lows:88e960386e503796,youtube_transcript,"ASX Daily Rundown | Atlassian Lifts Tech, A2 Milk Recall Shock & Accent Group All-Time Lows",2026-05-04T08:15:01Z,2026-05-05T04:20:04+00:00,2026-05-05T04:20:04+00:00,fanout_0009,50,blocked_uncertain_signal_quality,do_not_touch_blocked,statement is too low-information or ambiguous for safe automated cleanup,medium,HIGH,yes,company_memory.sqlite:memory_entries,DATA_MISSING
1717,CLAR,observed_fact,"Cockia's share price dropped 29% on the day of the recall announcement in September 2011, but then the share price took off from there",active,0.82,youtube_transcript:asx-daily-rundown-atlassian-lifts-tech-a2-milk-recall-shock-accent-group-all-time-lows:88e960386e503796,youtube_transcript,"ASX Daily Rundown | Atlassian Lifts Tech, A2 Milk Recall Shock & Accent Group All-Time Lows",2026-05-04T08:15:01Z,2026-05-05T04:20:04+00:00,2026-05-05T04:20:04+00:00,fanout_0009,50,blocked_uncertain_signal_quality,do_not_touch_blocked,statement is too low-information or ambiguous for safe automated cleanup,medium,HIGH,yes,company_memory.sqlite:memory_entries,DATA_MISSING
1718,LIVN,observed_fact,"Cockia's share price dropped 29% on the day of the recall announcement in September 2011, but then the share price took off from there",active,0.82,youtube_transcript:asx-daily-rundown-atlassian-lifts-tech-a2-milk-recall-shock-accent-group-all-time-lows:88e960386e503796,youtube_transcript,"ASX Daily Rundown | Atlassian Lifts Tech, A2 Milk Recall Shock & Accent Group All-Time Lows",2026-05-04T08:15:01Z,2026-05-05T04:20:04+00:00,2026-05-05T04:20:04+00:00,fanout_0009,50,blocked_uncertain_signal_quality,do_not_touch_blocked,statement is too low-information or ambiguous for safe automated cleanup,medium,HIGH,yes,company_memory.sqlite:memory_entries,DATA_MISSING
1719,SN,observed_fact,"Cockia's share price dropped 29% on the day of the recall announcement in September 2011, but then the share price took off from there",active,0.82,youtube_transcript:asx-daily-rundown-atlassian-lifts-tech-a2-milk-recall-shock-accent-group-all-time-lows:88e960386e503796,youtube_transcript,"ASX Daily Rundown | Atlassian Lifts Tech, A2 Milk Recall Shock & Accent Group All-Time Lows",2026-05-04T08:15:01Z,2026-05-05T04:20:04+00:00,2026-05-05T04:20:04+00:00,fanout_0009,50,blocked_uncertain_signal_quality,do_not_touch_blocked,statement is too low-information or ambiguous for safe automated cleanup,medium,HIGH,yes,company_memory.sqlite:memory_entries,DATA_MISSING
1720,LION,observed_fact,"Cockia's share price dropped 29% on the day of the recall announcement in September 2011, but then the share price took off from there",active,0.82,youtube_transcript:asx-daily-rundown-atlassian-lifts-tech-a2-milk-recall-shock-accent-group-all-time-lows:88e960386e503796,youtube_transcript,"ASX Daily Rundown | Atlassian Lifts Tech, A2 Milk Recall Shock & Accent Group All-Time Lows",2026-05-04T08:15:01Z,2026-05-05T04:20:05+00:00,2026-05-05T04:20:05+00:00,fanout_0009,50,blocked_uncertain_signal_quality,do_not_touch_blocked,statement is too low-information or ambiguous for safe automated cleanup,medium,HIGH,yes,company_memory.sqlite:memory_entries,DATA_MISSING
