row_id,company_id,memory_type,statement,original_status,new_status,source,source_id,confidence,materiality,persistence,first_seen_at,last_seen_at,closed_at,duplicate_cluster_id,fanout_cluster_size,classification,dry_run_change_log_event
15,ASX,observed_fact,ATLASSIAN's share price is up about 30% due to better-than-expected results,active,expired,commentary:youtube_transcript,youtube_transcript:asx-daily-rundown-atlassian-lifts-tech-a2-milk-recall-shock-accent-group-all-time-lows:88e960386e503796,0.82,0.71,short,2026-05-04T08:23:27+00:00,2026-05-04T08:23:27+00:00,,fanout_0007,50,candidate_expire_duplicate_fanout,dry_run_expire
16,TXT,observed_fact,ATLASSIAN's share price is up about 30% due to better-than-expected results,active,expired,commentary:youtube_transcript,youtube_transcript:asx-daily-rundown-atlassian-lifts-tech-a2-milk-recall-shock-accent-group-all-time-lows:88e960386e503796,0.82,0.71,short,2026-05-04T08:23:27+00:00,2026-05-04T08:23:27+00:00,,fanout_0007,50,candidate_expire_duplicate_fanout,dry_run_expire
17,XTX,observed_fact,ATLASSIAN's share price is up about 30% due to better-than-expected results,active,expired,commentary:youtube_transcript,youtube_transcript:asx-daily-rundown-atlassian-lifts-tech-a2-milk-recall-shock-accent-group-all-time-lows:88e960386e503796,0.82,0.71,short,2026-05-04T08:23:27+00:00,2026-05-04T08:23:27+00:00,,fanout_0007,50,candidate_expire_duplicate_fanout,dry_run_expire
18,A2 MILK,observed_fact,ATLASSIAN's share price is up about 30% due to better-than-expected results,active,expired,commentary:youtube_transcript,youtube_transcript:asx-daily-rundown-atlassian-lifts-tech-a2-milk-recall-shock-accent-group-all-time-lows:88e960386e503796,0.82,0.71,short,2026-05-04T08:23:27+00:00,2026-05-04T08:23:27+00:00,,fanout_0007,50,candidate_expire_duplicate_fanout,dry_run_expire
19,ENDEAVOR GROUP,observed_fact,ATLASSIAN's share price is up about 30% due to better-than-expected results,active,expired,commentary:youtube_transcript,youtube_transcript:asx-daily-rundown-atlassian-lifts-tech-a2-milk-recall-shock-accent-group-all-time-lows:88e960386e503796,0.82,0.71,short,2026-05-04T08:23:27+00:00,2026-05-04T08:23:27+00:00,,fanout_0007,50,candidate_expire_duplicate_fanout,dry_run_expire
21,NAB,observed_fact,ATLASSIAN's share price is up about 30% due to better-than-expected results,active,expired,commentary:youtube_transcript,youtube_transcript:asx-daily-rundown-atlassian-lifts-tech-a2-milk-recall-shock-accent-group-all-time-lows:88e960386e503796,0.82,0.71,short,2026-05-04T08:23:27+00:00,2026-05-04T08:23:27+00:00,,fanout_0007,50,candidate_expire_duplicate_fanout,dry_run_expire
22,BHP,observed_fact,ATLASSIAN's share price is up about 30% due to better-than-expected results,active,expired,commentary:youtube_transcript,youtube_transcript:asx-daily-rundown-atlassian-lifts-tech-a2-milk-recall-shock-accent-group-all-time-lows:88e960386e503796,0.82,0.71,short,2026-05-04T08:23:27+00:00,2026-05-04T08:23:27+00:00,,fanout_0007,50,candidate_expire_duplicate_fanout,dry_run_expire
23,KEY PETROLEUM,observed_fact,ATLASSIAN's share price is up about 30% due to better-than-expected results,active,expired,commentary:youtube_transcript,youtube_transcript:asx-daily-rundown-atlassian-lifts-tech-a2-milk-recall-shock-accent-group-all-time-lows:88e960386e503796,0.82,0.71,short,2026-05-04T08:23:27+00:00,2026-05-04T08:23:27+00:00,,fanout_0007,50,candidate_expire_duplicate_fanout,dry_run_expire
24,GCM CORPORATION,observed_fact,ATLASSIAN's share price is up about 30% due to better-than-expected results,active,expired,commentary:youtube_transcript,youtube_transcript:asx-daily-rundown-atlassian-lifts-tech-a2-milk-recall-shock-accent-group-all-time-lows:88e960386e503796,0.82,0.71,short,2026-05-04T08:23:27+00:00,2026-05-04T08:23:27+00:00,,fanout_0007,50,candidate_expire_duplicate_fanout,dry_run_expire
25,MARINO AND CO,observed_fact,ATLASSIAN's share price is up about 30% due to better-than-expected results,active,expired,commentary:youtube_transcript,youtube_transcript:asx-daily-rundown-atlassian-lifts-tech-a2-milk-recall-shock-accent-group-all-time-lows:88e960386e503796,0.82,0.71,short,2026-05-04T08:23:27+00:00,2026-05-04T08:23:27+00:00,,fanout_0007,50,candidate_expire_duplicate_fanout,dry_run_expire
26,CLARITY,observed_fact,ATLASSIAN's share price is up about 30% due to better-than-expected results,active,expired,commentary:youtube_transcript,youtube_transcript:asx-daily-rundown-atlassian-lifts-tech-a2-milk-recall-shock-accent-group-all-time-lows:88e960386e503796,0.82,0.71,short,2026-05-04T08:23:27+00:00,2026-05-04T08:23:27+00:00,,fanout_0007,50,candidate_expire_duplicate_fanout,dry_run_expire
27,WIN MEDALS,observed_fact,ATLASSIAN's share price is up about 30% due to better-than-expected results,active,expired,commentary:youtube_transcript,youtube_transcript:asx-daily-rundown-atlassian-lifts-tech-a2-milk-recall-shock-accent-group-all-time-lows:88e960386e503796,0.82,0.71,short,2026-05-04T08:23:27+00:00,2026-05-04T08:23:27+00:00,,fanout_0007,50,candidate_expire_duplicate_fanout,dry_run_expire
28,AXEN GROUP,observed_fact,ATLASSIAN's share price is up about 30% due to better-than-expected results,active,expired,commentary:youtube_transcript,youtube_transcript:asx-daily-rundown-atlassian-lifts-tech-a2-milk-recall-shock-accent-group-all-time-lows:88e960386e503796,0.82,0.71,short,2026-05-04T08:23:27+00:00,2026-05-04T08:23:27+00:00,,fanout_0007,50,candidate_expire_duplicate_fanout,dry_run_expire
29,STRICKLAND METALS,observed_fact,ATLASSIAN's share price is up about 30% due to better-than-expected results,active,expired,commentary:youtube_transcript,youtube_transcript:asx-daily-rundown-atlassian-lifts-tech-a2-milk-recall-shock-accent-group-all-time-lows:88e960386e503796,0.82,0.71,short,2026-05-04T08:23:27+00:00,2026-05-04T08:23:27+00:00,,fanout_0007,50,candidate_expire_duplicate_fanout,dry_run_expire
30,LION TOWN,observed_fact,ATLASSIAN's share price is up about 30% due to better-than-expected results,active,expired,commentary:youtube_transcript,youtube_transcript:asx-daily-rundown-atlassian-lifts-tech-a2-milk-recall-shock-accent-group-all-time-lows:88e960386e503796,0.82,0.71,short,2026-05-04T08:23:27+00:00,2026-05-04T08:23:27+00:00,,fanout_0007,50,candidate_expire_duplicate_fanout,dry_run_expire
31,IMRO,observed_fact,ATLASSIAN's share price is up about 30% due to better-than-expected results,active,expired,commentary:youtube_transcript,youtube_transcript:asx-daily-rundown-atlassian-lifts-tech-a2-milk-recall-shock-accent-group-all-time-lows:88e960386e503796,0.82,0.71,short,2026-05-04T08:23:27+00:00,2026-05-04T08:23:27+00:00,,fanout_0007,50,candidate_expire_duplicate_fanout,dry_run_expire
32,PENINSULA,observed_fact,ATLASSIAN's share price is up about 30% due to better-than-expected results,active,expired,commentary:youtube_transcript,youtube_transcript:asx-daily-rundown-atlassian-lifts-tech-a2-milk-recall-shock-accent-group-all-time-lows:88e960386e503796,0.82,0.71,short,2026-05-04T08:23:27+00:00,2026-05-04T08:23:27+00:00,,fanout_0007,50,candidate_expire_duplicate_fanout,dry_run_expire
33,BRAIN CHIP,observed_fact,ATLASSIAN's share price is up about 30% due to better-than-expected results,active,expired,commentary:youtube_transcript,youtube_transcript:asx-daily-rundown-atlassian-lifts-tech-a2-milk-recall-shock-accent-group-all-time-lows:88e960386e503796,0.82,0.71,short,2026-05-04T08:23:27+00:00,2026-05-04T08:23:27+00:00,,fanout_0007,50,candidate_expire_duplicate_fanout,dry_run_expire
34,VERITUS,observed_fact,ATLASSIAN's share price is up about 30% due to better-than-expected results,active,expired,commentary:youtube_transcript,youtube_transcript:asx-daily-rundown-atlassian-lifts-tech-a2-milk-recall-shock-accent-group-all-time-lows:88e960386e503796,0.82,0.71,short,2026-05-04T08:23:28+00:00,2026-05-04T08:23:28+00:00,,fanout_0007,50,candidate_expire_duplicate_fanout,dry_run_expire
35,PETTIMED,observed_fact,ATLASSIAN's share price is up about 30% due to better-than-expected results,active,expired,commentary:youtube_transcript,youtube_transcript:asx-daily-rundown-atlassian-lifts-tech-a2-milk-recall-shock-accent-group-all-time-lows:88e960386e503796,0.82,0.71,short,2026-05-04T08:23:28+00:00,2026-05-04T08:23:28+00:00,,fanout_0007,50,candidate_expire_duplicate_fanout,dry_run_expire
36,IMPEDIMED,observed_fact,ATLASSIAN's share price is up about 30% due to better-than-expected results,active,expired,commentary:youtube_transcript,youtube_transcript:asx-daily-rundown-atlassian-lifts-tech-a2-milk-recall-shock-accent-group-all-time-lows:88e960386e503796,0.82,0.71,short,2026-05-04T08:23:28+00:00,2026-05-04T08:23:28+00:00,,fanout_0007,50,candidate_expire_duplicate_fanout,dry_run_expire
37,INDE,observed_fact,ATLASSIAN's share price is up about 30% due to better-than-expected results,active,expired,commentary:youtube_transcript,youtube_transcript:asx-daily-rundown-atlassian-lifts-tech-a2-milk-recall-shock-accent-group-all-time-lows:88e960386e503796,0.82,0.71,short,2026-05-04T08:23:28+00:00,2026-05-04T08:23:28+00:00,,fanout_0007,50,candidate_expire_duplicate_fanout,dry_run_expire
38,PETT,observed_fact,ATLASSIAN's share price is up about 30% due to better-than-expected results,active,expired,commentary:youtube_transcript,youtube_transcript:asx-daily-rundown-atlassian-lifts-tech-a2-milk-recall-shock-accent-group-all-time-lows:88e960386e503796,0.82,0.71,short,2026-05-04T08:23:28+00:00,2026-05-04T08:23:28+00:00,,fanout_0007,50,candidate_expire_duplicate_fanout,dry_run_expire
39,C79,observed_fact,ATLASSIAN's share price is up about 30% due to better-than-expected results,active,expired,commentary:youtube_transcript,youtube_transcript:asx-daily-rundown-atlassian-lifts-tech-a2-milk-recall-shock-accent-group-all-time-lows:88e960386e503796,0.82,0.71,short,2026-05-04T08:23:28+00:00,2026-05-04T08:23:28+00:00,,fanout_0007,50,candidate_expire_duplicate_fanout,dry_run_expire
40,A2M,observed_fact,ATLASSIAN's share price is up about 30% due to better-than-expected results,active,expired,commentary:youtube_transcript,youtube_transcript:asx-daily-rundown-atlassian-lifts-tech-a2-milk-recall-shock-accent-group-all-time-lows:88e960386e503796,0.82,0.71,short,2026-05-04T08:23:28+00:00,2026-05-04T08:23:28+00:00,,fanout_0007,50,candidate_expire_duplicate_fanout,dry_run_expire
41,ACCENT GROUP,observed_fact,ATLASSIAN's share price is up about 30% due to better-than-expected results,active,expired,commentary:youtube_transcript,youtube_transcript:asx-daily-rundown-atlassian-lifts-tech-a2-milk-recall-shock-accent-group-all-time-lows:88e960386e503796,0.82,0.71,short,2026-05-04T08:23:28+00:00,2026-05-04T08:23:28+00:00,,fanout_0007,50,candidate_expire_duplicate_fanout,dry_run_expire
69,ASX,observed_fact,"ATLASSIAN's share price closed at $88.88, which is considered lucky in Chinese culture",active,expired,commentary:youtube_transcript,youtube_transcript:asx-daily-rundown-atlassian-lifts-tech-a2-milk-recall-shock-accent-group-all-time-lows:88e960386e503796,0.82,0.71,short,2026-05-04T08:23:30+00:00,2026-05-04T08:23:30+00:00,,fanout_0024,27,candidate_expire_duplicate_fanout,dry_run_expire
70,TXT,observed_fact,"ATLASSIAN's share price closed at $88.88, which is considered lucky in Chinese culture",active,expired,commentary:youtube_transcript,youtube_transcript:asx-daily-rundown-atlassian-lifts-tech-a2-milk-recall-shock-accent-group-all-time-lows:88e960386e503796,0.82,0.71,short,2026-05-04T08:23:30+00:00,2026-05-04T08:23:30+00:00,,fanout_0024,27,candidate_expire_duplicate_fanout,dry_run_expire
71,XTX,observed_fact,"ATLASSIAN's share price closed at $88.88, which is considered lucky in Chinese culture",active,expired,commentary:youtube_transcript,youtube_transcript:asx-daily-rundown-atlassian-lifts-tech-a2-milk-recall-shock-accent-group-all-time-lows:88e960386e503796,0.82,0.71,short,2026-05-04T08:23:30+00:00,2026-05-04T08:23:30+00:00,,fanout_0024,27,candidate_expire_duplicate_fanout,dry_run_expire
72,A2 MILK,observed_fact,"ATLASSIAN's share price closed at $88.88, which is considered lucky in Chinese culture",active,expired,commentary:youtube_transcript,youtube_transcript:asx-daily-rundown-atlassian-lifts-tech-a2-milk-recall-shock-accent-group-all-time-lows:88e960386e503796,0.82,0.71,short,2026-05-04T08:23:31+00:00,2026-05-04T08:23:31+00:00,,fanout_0024,27,candidate_expire_duplicate_fanout,dry_run_expire
73,ENDEAVOR GROUP,observed_fact,"ATLASSIAN's share price closed at $88.88, which is considered lucky in Chinese culture",active,expired,commentary:youtube_transcript,youtube_transcript:asx-daily-rundown-atlassian-lifts-tech-a2-milk-recall-shock-accent-group-all-time-lows:88e960386e503796,0.82,0.71,short,2026-05-04T08:23:31+00:00,2026-05-04T08:23:31+00:00,,fanout_0024,27,candidate_expire_duplicate_fanout,dry_run_expire
75,NAB,observed_fact,"ATLASSIAN's share price closed at $88.88, which is considered lucky in Chinese culture",active,expired,commentary:youtube_transcript,youtube_transcript:asx-daily-rundown-atlassian-lifts-tech-a2-milk-recall-shock-accent-group-all-time-lows:88e960386e503796,0.82,0.71,short,2026-05-04T08:23:31+00:00,2026-05-04T08:23:31+00:00,,fanout_0024,27,candidate_expire_duplicate_fanout,dry_run_expire
76,BHP,observed_fact,"ATLASSIAN's share price closed at $88.88, which is considered lucky in Chinese culture",active,expired,commentary:youtube_transcript,youtube_transcript:asx-daily-rundown-atlassian-lifts-tech-a2-milk-recall-shock-accent-group-all-time-lows:88e960386e503796,0.82,0.71,short,2026-05-04T08:23:32+00:00,2026-05-04T08:23:32+00:00,,fanout_0024,27,candidate_expire_duplicate_fanout,dry_run_expire
77,KEY PETROLEUM,observed_fact,"ATLASSIAN's share price closed at $88.88, which is considered lucky in Chinese culture",active,expired,commentary:youtube_transcript,youtube_transcript:asx-daily-rundown-atlassian-lifts-tech-a2-milk-recall-shock-accent-group-all-time-lows:88e960386e503796,0.82,0.71,short,2026-05-04T08:23:32+00:00,2026-05-04T08:23:32+00:00,,fanout_0024,27,candidate_expire_duplicate_fanout,dry_run_expire
78,GCM CORPORATION,observed_fact,"ATLASSIAN's share price closed at $88.88, which is considered lucky in Chinese culture",active,expired,commentary:youtube_transcript,youtube_transcript:asx-daily-rundown-atlassian-lifts-tech-a2-milk-recall-shock-accent-group-all-time-lows:88e960386e503796,0.82,0.71,short,2026-05-04T08:23:32+00:00,2026-05-04T08:23:32+00:00,,fanout_0024,27,candidate_expire_duplicate_fanout,dry_run_expire
79,MARINO AND CO,observed_fact,"ATLASSIAN's share price closed at $88.88, which is considered lucky in Chinese culture",active,expired,commentary:youtube_transcript,youtube_transcript:asx-daily-rundown-atlassian-lifts-tech-a2-milk-recall-shock-accent-group-all-time-lows:88e960386e503796,0.82,0.71,short,2026-05-04T08:23:32+00:00,2026-05-04T08:23:32+00:00,,fanout_0024,27,candidate_expire_duplicate_fanout,dry_run_expire
80,CLARITY,observed_fact,"ATLASSIAN's share price closed at $88.88, which is considered lucky in Chinese culture",active,expired,commentary:youtube_transcript,youtube_transcript:asx-daily-rundown-atlassian-lifts-tech-a2-milk-recall-shock-accent-group-all-time-lows:88e960386e503796,0.82,0.71,short,2026-05-04T08:23:32+00:00,2026-05-04T08:23:32+00:00,,fanout_0024,27,candidate_expire_duplicate_fanout,dry_run_expire
81,WIN MEDALS,observed_fact,"ATLASSIAN's share price closed at $88.88, which is considered lucky in Chinese culture",active,expired,commentary:youtube_transcript,youtube_transcript:asx-daily-rundown-atlassian-lifts-tech-a2-milk-recall-shock-accent-group-all-time-lows:88e960386e503796,0.82,0.71,short,2026-05-04T08:23:32+00:00,2026-05-04T08:23:32+00:00,,fanout_0024,27,candidate_expire_duplicate_fanout,dry_run_expire
82,AXEN GROUP,observed_fact,"ATLASSIAN's share price closed at $88.88, which is considered lucky in Chinese culture",active,expired,commentary:youtube_transcript,youtube_transcript:asx-daily-rundown-atlassian-lifts-tech-a2-milk-recall-shock-accent-group-all-time-lows:88e960386e503796,0.82,0.71,short,2026-05-04T08:23:32+00:00,2026-05-04T08:23:32+00:00,,fanout_0024,27,candidate_expire_duplicate_fanout,dry_run_expire
83,STRICKLAND METALS,observed_fact,"ATLASSIAN's share price closed at $88.88, which is considered lucky in Chinese culture",active,expired,commentary:youtube_transcript,youtube_transcript:asx-daily-rundown-atlassian-lifts-tech-a2-milk-recall-shock-accent-group-all-time-lows:88e960386e503796,0.82,0.71,short,2026-05-04T08:23:32+00:00,2026-05-04T08:23:32+00:00,,fanout_0024,27,candidate_expire_duplicate_fanout,dry_run_expire
84,LION TOWN,observed_fact,"ATLASSIAN's share price closed at $88.88, which is considered lucky in Chinese culture",active,expired,commentary:youtube_transcript,youtube_transcript:asx-daily-rundown-atlassian-lifts-tech-a2-milk-recall-shock-accent-group-all-time-lows:88e960386e503796,0.82,0.71,short,2026-05-04T08:23:32+00:00,2026-05-04T08:23:32+00:00,,fanout_0024,27,candidate_expire_duplicate_fanout,dry_run_expire
85,IMRO,observed_fact,"ATLASSIAN's share price closed at $88.88, which is considered lucky in Chinese culture",active,expired,commentary:youtube_transcript,youtube_transcript:asx-daily-rundown-atlassian-lifts-tech-a2-milk-recall-shock-accent-group-all-time-lows:88e960386e503796,0.82,0.71,short,2026-05-04T08:23:32+00:00,2026-05-04T08:23:32+00:00,,fanout_0024,27,candidate_expire_duplicate_fanout,dry_run_expire
86,PENINSULA,observed_fact,"ATLASSIAN's share price closed at $88.88, which is considered lucky in Chinese culture",active,expired,commentary:youtube_transcript,youtube_transcript:asx-daily-rundown-atlassian-lifts-tech-a2-milk-recall-shock-accent-group-all-time-lows:88e960386e503796,0.82,0.71,short,2026-05-04T08:23:32+00:00,2026-05-04T08:23:32+00:00,,fanout_0024,27,candidate_expire_duplicate_fanout,dry_run_expire
87,BRAIN CHIP,observed_fact,"ATLASSIAN's share price closed at $88.88, which is considered lucky in Chinese culture",active,expired,commentary:youtube_transcript,youtube_transcript:asx-daily-rundown-atlassian-lifts-tech-a2-milk-recall-shock-accent-group-all-time-lows:88e960386e503796,0.82,0.71,short,2026-05-04T08:23:32+00:00,2026-05-04T08:23:32+00:00,,fanout_0024,27,candidate_expire_duplicate_fanout,dry_run_expire
88,VERITUS,observed_fact,"ATLASSIAN's share price closed at $88.88, which is considered lucky in Chinese culture",active,expired,commentary:youtube_transcript,youtube_transcript:asx-daily-rundown-atlassian-lifts-tech-a2-milk-recall-shock-accent-group-all-time-lows:88e960386e503796,0.82,0.71,short,2026-05-04T08:23:32+00:00,2026-05-04T08:23:32+00:00,,fanout_0024,27,candidate_expire_duplicate_fanout,dry_run_expire
89,PETTIMED,observed_fact,"ATLASSIAN's share price closed at $88.88, which is considered lucky in Chinese culture",active,expired,commentary:youtube_transcript,youtube_transcript:asx-daily-rundown-atlassian-lifts-tech-a2-milk-recall-shock-accent-group-all-time-lows:88e960386e503796,0.82,0.71,short,2026-05-04T08:23:33+00:00,2026-05-04T08:23:33+00:00,,fanout_0024,27,candidate_expire_duplicate_fanout,dry_run_expire
90,IMPEDIMED,observed_fact,"ATLASSIAN's share price closed at $88.88, which is considered lucky in Chinese culture",active,expired,commentary:youtube_transcript,youtube_transcript:asx-daily-rundown-atlassian-lifts-tech-a2-milk-recall-shock-accent-group-all-time-lows:88e960386e503796,0.82,0.71,short,2026-05-04T08:23:33+00:00,2026-05-04T08:23:33+00:00,,fanout_0024,27,candidate_expire_duplicate_fanout,dry_run_expire
91,INDE,observed_fact,"ATLASSIAN's share price closed at $88.88, which is considered lucky in Chinese culture",active,expired,commentary:youtube_transcript,youtube_transcript:asx-daily-rundown-atlassian-lifts-tech-a2-milk-recall-shock-accent-group-all-time-lows:88e960386e503796,0.82,0.71,short,2026-05-04T08:23:33+00:00,2026-05-04T08:23:33+00:00,,fanout_0024,27,candidate_expire_duplicate_fanout,dry_run_expire
92,PETT,observed_fact,"ATLASSIAN's share price closed at $88.88, which is considered lucky in Chinese culture",active,expired,commentary:youtube_transcript,youtube_transcript:asx-daily-rundown-atlassian-lifts-tech-a2-milk-recall-shock-accent-group-all-time-lows:88e960386e503796,0.82,0.71,short,2026-05-04T08:23:33+00:00,2026-05-04T08:23:33+00:00,,fanout_0024,27,candidate_expire_duplicate_fanout,dry_run_expire
93,C79,observed_fact,"ATLASSIAN's share price closed at $88.88, which is considered lucky in Chinese culture",active,expired,commentary:youtube_transcript,youtube_transcript:asx-daily-rundown-atlassian-lifts-tech-a2-milk-recall-shock-accent-group-all-time-lows:88e960386e503796,0.82,0.71,short,2026-05-04T08:23:33+00:00,2026-05-04T08:23:33+00:00,,fanout_0024,27,candidate_expire_duplicate_fanout,dry_run_expire
94,A2M,observed_fact,"ATLASSIAN's share price closed at $88.88, which is considered lucky in Chinese culture",active,expired,commentary:youtube_transcript,youtube_transcript:asx-daily-rundown-atlassian-lifts-tech-a2-milk-recall-shock-accent-group-all-time-lows:88e960386e503796,0.82,0.71,short,2026-05-04T08:23:34+00:00,2026-05-04T08:23:34+00:00,,fanout_0024,27,candidate_expire_duplicate_fanout,dry_run_expire
95,ACCENT GROUP,observed_fact,"ATLASSIAN's share price closed at $88.88, which is considered lucky in Chinese culture",active,expired,commentary:youtube_transcript,youtube_transcript:asx-daily-rundown-atlassian-lifts-tech-a2-milk-recall-shock-accent-group-all-time-lows:88e960386e503796,0.82,0.71,short,2026-05-04T08:23:34+00:00,2026-05-04T08:23:34+00:00,,fanout_0024,27,candidate_expire_duplicate_fanout,dry_run_expire
177,ASX,observed_fact,PETTIMED's share price is down 35.71%,active,expired,commentary:youtube_transcript,youtube_transcript:asx-daily-rundown-atlassian-lifts-tech-a2-milk-recall-shock-accent-group-all-time-lows:88e960386e503796,0.82,0.71,short,2026-05-04T08:23:45+00:00,2026-05-04T08:23:45+00:00,,fanout_0012,50,candidate_expire_duplicate_fanout,dry_run_expire
178,TXT,observed_fact,PETTIMED's share price is down 35.71%,active,expired,commentary:youtube_transcript,youtube_transcript:asx-daily-rundown-atlassian-lifts-tech-a2-milk-recall-shock-accent-group-all-time-lows:88e960386e503796,0.82,0.71,short,2026-05-04T08:23:45+00:00,2026-05-04T08:23:45+00:00,,fanout_0012,50,candidate_expire_duplicate_fanout,dry_run_expire
179,XTX,observed_fact,PETTIMED's share price is down 35.71%,active,expired,commentary:youtube_transcript,youtube_transcript:asx-daily-rundown-atlassian-lifts-tech-a2-milk-recall-shock-accent-group-all-time-lows:88e960386e503796,0.82,0.71,short,2026-05-04T08:23:45+00:00,2026-05-04T08:23:45+00:00,,fanout_0012,50,candidate_expire_duplicate_fanout,dry_run_expire
180,A2 MILK,observed_fact,PETTIMED's share price is down 35.71%,active,expired,commentary:youtube_transcript,youtube_transcript:asx-daily-rundown-atlassian-lifts-tech-a2-milk-recall-shock-accent-group-all-time-lows:88e960386e503796,0.82,0.71,short,2026-05-04T08:23:45+00:00,2026-05-04T08:23:45+00:00,,fanout_0012,50,candidate_expire_duplicate_fanout,dry_run_expire
181,ENDEAVOR GROUP,observed_fact,PETTIMED's share price is down 35.71%,active,expired,commentary:youtube_transcript,youtube_transcript:asx-daily-rundown-atlassian-lifts-tech-a2-milk-recall-shock-accent-group-all-time-lows:88e960386e503796,0.82,0.71,short,2026-05-04T08:23:46+00:00,2026-05-04T08:23:46+00:00,,fanout_0012,50,candidate_expire_duplicate_fanout,dry_run_expire
182,ATLASSIAN,observed_fact,PETTIMED's share price is down 35.71%,active,expired,commentary:youtube_transcript,youtube_transcript:asx-daily-rundown-atlassian-lifts-tech-a2-milk-recall-shock-accent-group-all-time-lows:88e960386e503796,0.82,0.71,short,2026-05-04T08:23:46+00:00,2026-05-04T08:23:46+00:00,,fanout_0012,50,candidate_expire_duplicate_fanout,dry_run_expire
183,NAB,observed_fact,PETTIMED's share price is down 35.71%,active,expired,commentary:youtube_transcript,youtube_transcript:asx-daily-rundown-atlassian-lifts-tech-a2-milk-recall-shock-accent-group-all-time-lows:88e960386e503796,0.82,0.71,short,2026-05-04T08:23:46+00:00,2026-05-04T08:23:46+00:00,,fanout_0012,50,candidate_expire_duplicate_fanout,dry_run_expire
184,BHP,observed_fact,PETTIMED's share price is down 35.71%,active,expired,commentary:youtube_transcript,youtube_transcript:asx-daily-rundown-atlassian-lifts-tech-a2-milk-recall-shock-accent-group-all-time-lows:88e960386e503796,0.82,0.71,short,2026-05-04T08:23:46+00:00,2026-05-04T08:23:46+00:00,,fanout_0012,50,candidate_expire_duplicate_fanout,dry_run_expire
185,KEY PETROLEUM,observed_fact,PETTIMED's share price is down 35.71%,active,expired,commentary:youtube_transcript,youtube_transcript:asx-daily-rundown-atlassian-lifts-tech-a2-milk-recall-shock-accent-group-all-time-lows:88e960386e503796,0.82,0.71,short,2026-05-04T08:23:46+00:00,2026-05-04T08:23:46+00:00,,fanout_0012,50,candidate_expire_duplicate_fanout,dry_run_expire
186,GCM CORPORATION,observed_fact,PETTIMED's share price is down 35.71%,active,expired,commentary:youtube_transcript,youtube_transcript:asx-daily-rundown-atlassian-lifts-tech-a2-milk-recall-shock-accent-group-all-time-lows:88e960386e503796,0.82,0.71,short,2026-05-04T08:23:46+00:00,2026-05-04T08:23:46+00:00,,fanout_0012,50,candidate_expire_duplicate_fanout,dry_run_expire
187,MARINO AND CO,observed_fact,PETTIMED's share price is down 35.71%,active,expired,commentary:youtube_transcript,youtube_transcript:asx-daily-rundown-atlassian-lifts-tech-a2-milk-recall-shock-accent-group-all-time-lows:88e960386e503796,0.82,0.71,short,2026-05-04T08:23:46+00:00,2026-05-04T08:23:46+00:00,,fanout_0012,50,candidate_expire_duplicate_fanout,dry_run_expire
188,CLARITY,observed_fact,PETTIMED's share price is down 35.71%,active,expired,commentary:youtube_transcript,youtube_transcript:asx-daily-rundown-atlassian-lifts-tech-a2-milk-recall-shock-accent-group-all-time-lows:88e960386e503796,0.82,0.71,short,2026-05-04T08:23:46+00:00,2026-05-04T08:23:46+00:00,,fanout_0012,50,candidate_expire_duplicate_fanout,dry_run_expire
189,WIN MEDALS,observed_fact,PETTIMED's share price is down 35.71%,active,expired,commentary:youtube_transcript,youtube_transcript:asx-daily-rundown-atlassian-lifts-tech-a2-milk-recall-shock-accent-group-all-time-lows:88e960386e503796,0.82,0.71,short,2026-05-04T08:23:46+00:00,2026-05-04T08:23:46+00:00,,fanout_0012,50,candidate_expire_duplicate_fanout,dry_run_expire
190,AXEN GROUP,observed_fact,PETTIMED's share price is down 35.71%,active,expired,commentary:youtube_transcript,youtube_transcript:asx-daily-rundown-atlassian-lifts-tech-a2-milk-recall-shock-accent-group-all-time-lows:88e960386e503796,0.82,0.71,short,2026-05-04T08:23:47+00:00,2026-05-04T08:23:47+00:00,,fanout_0012,50,candidate_expire_duplicate_fanout,dry_run_expire
191,STRICKLAND METALS,observed_fact,PETTIMED's share price is down 35.71%,active,expired,commentary:youtube_transcript,youtube_transcript:asx-daily-rundown-atlassian-lifts-tech-a2-milk-recall-shock-accent-group-all-time-lows:88e960386e503796,0.82,0.71,short,2026-05-04T08:23:47+00:00,2026-05-04T08:23:47+00:00,,fanout_0012,50,candidate_expire_duplicate_fanout,dry_run_expire
192,LION TOWN,observed_fact,PETTIMED's share price is down 35.71%,active,expired,commentary:youtube_transcript,youtube_transcript:asx-daily-rundown-atlassian-lifts-tech-a2-milk-recall-shock-accent-group-all-time-lows:88e960386e503796,0.82,0.71,short,2026-05-04T08:23:47+00:00,2026-05-04T08:23:47+00:00,,fanout_0012,50,candidate_expire_duplicate_fanout,dry_run_expire
193,IMRO,observed_fact,PETTIMED's share price is down 35.71%,active,expired,commentary:youtube_transcript,youtube_transcript:asx-daily-rundown-atlassian-lifts-tech-a2-milk-recall-shock-accent-group-all-time-lows:88e960386e503796,0.82,0.71,short,2026-05-04T08:23:47+00:00,2026-05-04T08:23:47+00:00,,fanout_0012,50,candidate_expire_duplicate_fanout,dry_run_expire
194,PENINSULA,observed_fact,PETTIMED's share price is down 35.71%,active,expired,commentary:youtube_transcript,youtube_transcript:asx-daily-rundown-atlassian-lifts-tech-a2-milk-recall-shock-accent-group-all-time-lows:88e960386e503796,0.82,0.71,short,2026-05-04T08:23:48+00:00,2026-05-04T08:23:48+00:00,,fanout_0012,50,candidate_expire_duplicate_fanout,dry_run_expire
195,BRAIN CHIP,observed_fact,PETTIMED's share price is down 35.71%,active,expired,commentary:youtube_transcript,youtube_transcript:asx-daily-rundown-atlassian-lifts-tech-a2-milk-recall-shock-accent-group-all-time-lows:88e960386e503796,0.82,0.71,short,2026-05-04T08:23:48+00:00,2026-05-04T08:23:48+00:00,,fanout_0012,50,candidate_expire_duplicate_fanout,dry_run_expire
196,VERITUS,observed_fact,PETTIMED's share price is down 35.71%,active,expired,commentary:youtube_transcript,youtube_transcript:asx-daily-rundown-atlassian-lifts-tech-a2-milk-recall-shock-accent-group-all-time-lows:88e960386e503796,0.82,0.71,short,2026-05-04T08:23:48+00:00,2026-05-04T08:23:48+00:00,,fanout_0012,50,candidate_expire_duplicate_fanout,dry_run_expire
198,IMPEDIMED,observed_fact,PETTIMED's share price is down 35.71%,active,expired,commentary:youtube_transcript,youtube_transcript:asx-daily-rundown-atlassian-lifts-tech-a2-milk-recall-shock-accent-group-all-time-lows:88e960386e503796,0.82,0.71,short,2026-05-04T08:23:48+00:00,2026-05-04T08:23:48+00:00,,fanout_0012,50,candidate_expire_duplicate_fanout,dry_run_expire
199,INDE,observed_fact,PETTIMED's share price is down 35.71%,active,expired,commentary:youtube_transcript,youtube_transcript:asx-daily-rundown-atlassian-lifts-tech-a2-milk-recall-shock-accent-group-all-time-lows:88e960386e503796,0.82,0.71,short,2026-05-04T08:23:48+00:00,2026-05-04T08:23:48+00:00,,fanout_0012,50,candidate_expire_duplicate_fanout,dry_run_expire
201,C79,observed_fact,PETTIMED's share price is down 35.71%,active,expired,commentary:youtube_transcript,youtube_transcript:asx-daily-rundown-atlassian-lifts-tech-a2-milk-recall-shock-accent-group-all-time-lows:88e960386e503796,0.82,0.71,short,2026-05-04T08:23:48+00:00,2026-05-04T08:23:48+00:00,,fanout_0012,50,candidate_expire_duplicate_fanout,dry_run_expire
202,A2M,observed_fact,PETTIMED's share price is down 35.71%,active,expired,commentary:youtube_transcript,youtube_transcript:asx-daily-rundown-atlassian-lifts-tech-a2-milk-recall-shock-accent-group-all-time-lows:88e960386e503796,0.82,0.71,short,2026-05-04T08:23:48+00:00,2026-05-04T08:23:48+00:00,,fanout_0012,50,candidate_expire_duplicate_fanout,dry_run_expire
203,ACCENT GROUP,observed_fact,PETTIMED's share price is down 35.71%,active,expired,commentary:youtube_transcript,youtube_transcript:asx-daily-rundown-atlassian-lifts-tech-a2-milk-recall-shock-accent-group-all-time-lows:88e960386e503796,0.82,0.71,short,2026-05-04T08:23:48+00:00,2026-05-04T08:23:48+00:00,,fanout_0012,50,candidate_expire_duplicate_fanout,dry_run_expire
231,ASX,observed_fact,Chrysos Corporation's share price fell 6.39% despite a positive trading update,active,expired,commentary:youtube_transcript,youtube_transcript:asx-daily-rundown-atlassian-lifts-tech-a2-milk-recall-shock-accent-group-all-time-lows:88e960386e503796,0.8,0.71,short,2026-05-04T08:23:53+00:00,2026-05-04T08:23:53+00:00,,fanout_0008,50,candidate_expire_duplicate_fanout,dry_run_expire
232,TXT,observed_fact,Chrysos Corporation's share price fell 6.39% despite a positive trading update,active,expired,commentary:youtube_transcript,youtube_transcript:asx-daily-rundown-atlassian-lifts-tech-a2-milk-recall-shock-accent-group-all-time-lows:88e960386e503796,0.8,0.71,short,2026-05-04T08:23:54+00:00,2026-05-04T08:23:54+00:00,,fanout_0008,50,candidate_expire_duplicate_fanout,dry_run_expire
233,XTX,observed_fact,Chrysos Corporation's share price fell 6.39% despite a positive trading update,active,expired,commentary:youtube_transcript,youtube_transcript:asx-daily-rundown-atlassian-lifts-tech-a2-milk-recall-shock-accent-group-all-time-lows:88e960386e503796,0.8,0.71,short,2026-05-04T08:23:54+00:00,2026-05-04T08:23:54+00:00,,fanout_0008,50,candidate_expire_duplicate_fanout,dry_run_expire
234,A2 MILK,observed_fact,Chrysos Corporation's share price fell 6.39% despite a positive trading update,active,expired,commentary:youtube_transcript,youtube_transcript:asx-daily-rundown-atlassian-lifts-tech-a2-milk-recall-shock-accent-group-all-time-lows:88e960386e503796,0.8,0.71,short,2026-05-04T08:23:54+00:00,2026-05-04T08:23:54+00:00,,fanout_0008,50,candidate_expire_duplicate_fanout,dry_run_expire
235,ENDEAVOR GROUP,observed_fact,Chrysos Corporation's share price fell 6.39% despite a positive trading update,active,expired,commentary:youtube_transcript,youtube_transcript:asx-daily-rundown-atlassian-lifts-tech-a2-milk-recall-shock-accent-group-all-time-lows:88e960386e503796,0.8,0.71,short,2026-05-04T08:23:54+00:00,2026-05-04T08:23:54+00:00,,fanout_0008,50,candidate_expire_duplicate_fanout,dry_run_expire
236,ATLASSIAN,observed_fact,Chrysos Corporation's share price fell 6.39% despite a positive trading update,active,expired,commentary:youtube_transcript,youtube_transcript:asx-daily-rundown-atlassian-lifts-tech-a2-milk-recall-shock-accent-group-all-time-lows:88e960386e503796,0.8,0.71,short,2026-05-04T08:23:54+00:00,2026-05-04T08:23:54+00:00,,fanout_0008,50,candidate_expire_duplicate_fanout,dry_run_expire
237,NAB,observed_fact,Chrysos Corporation's share price fell 6.39% despite a positive trading update,active,expired,commentary:youtube_transcript,youtube_transcript:asx-daily-rundown-atlassian-lifts-tech-a2-milk-recall-shock-accent-group-all-time-lows:88e960386e503796,0.8,0.71,short,2026-05-04T08:23:54+00:00,2026-05-04T08:23:54+00:00,,fanout_0008,50,candidate_expire_duplicate_fanout,dry_run_expire
238,BHP,observed_fact,Chrysos Corporation's share price fell 6.39% despite a positive trading update,active,expired,commentary:youtube_transcript,youtube_transcript:asx-daily-rundown-atlassian-lifts-tech-a2-milk-recall-shock-accent-group-all-time-lows:88e960386e503796,0.8,0.71,short,2026-05-04T08:23:54+00:00,2026-05-04T08:23:54+00:00,,fanout_0008,50,candidate_expire_duplicate_fanout,dry_run_expire
239,KEY PETROLEUM,observed_fact,Chrysos Corporation's share price fell 6.39% despite a positive trading update,active,expired,commentary:youtube_transcript,youtube_transcript:asx-daily-rundown-atlassian-lifts-tech-a2-milk-recall-shock-accent-group-all-time-lows:88e960386e503796,0.8,0.71,short,2026-05-04T08:23:55+00:00,2026-05-04T08:23:55+00:00,,fanout_0008,50,candidate_expire_duplicate_fanout,dry_run_expire
241,MARINO AND CO,observed_fact,Chrysos Corporation's share price fell 6.39% despite a positive trading update,active,expired,commentary:youtube_transcript,youtube_transcript:asx-daily-rundown-atlassian-lifts-tech-a2-milk-recall-shock-accent-group-all-time-lows:88e960386e503796,0.8,0.71,short,2026-05-04T08:23:55+00:00,2026-05-04T08:23:55+00:00,,fanout_0008,50,candidate_expire_duplicate_fanout,dry_run_expire
242,CLARITY,observed_fact,Chrysos Corporation's share price fell 6.39% despite a positive trading update,active,expired,commentary:youtube_transcript,youtube_transcript:asx-daily-rundown-atlassian-lifts-tech-a2-milk-recall-shock-accent-group-all-time-lows:88e960386e503796,0.8,0.71,short,2026-05-04T08:23:55+00:00,2026-05-04T08:23:55+00:00,,fanout_0008,50,candidate_expire_duplicate_fanout,dry_run_expire
243,WIN MEDALS,observed_fact,Chrysos Corporation's share price fell 6.39% despite a positive trading update,active,expired,commentary:youtube_transcript,youtube_transcript:asx-daily-rundown-atlassian-lifts-tech-a2-milk-recall-shock-accent-group-all-time-lows:88e960386e503796,0.8,0.71,short,2026-05-04T08:23:55+00:00,2026-05-04T08:23:55+00:00,,fanout_0008,50,candidate_expire_duplicate_fanout,dry_run_expire
244,AXEN GROUP,observed_fact,Chrysos Corporation's share price fell 6.39% despite a positive trading update,active,expired,commentary:youtube_transcript,youtube_transcript:asx-daily-rundown-atlassian-lifts-tech-a2-milk-recall-shock-accent-group-all-time-lows:88e960386e503796,0.8,0.71,short,2026-05-04T08:23:55+00:00,2026-05-04T08:23:55+00:00,,fanout_0008,50,candidate_expire_duplicate_fanout,dry_run_expire
245,STRICKLAND METALS,observed_fact,Chrysos Corporation's share price fell 6.39% despite a positive trading update,active,expired,commentary:youtube_transcript,youtube_transcript:asx-daily-rundown-atlassian-lifts-tech-a2-milk-recall-shock-accent-group-all-time-lows:88e960386e503796,0.8,0.71,short,2026-05-04T08:23:55+00:00,2026-05-04T08:23:55+00:00,,fanout_0008,50,candidate_expire_duplicate_fanout,dry_run_expire
246,LION TOWN,observed_fact,Chrysos Corporation's share price fell 6.39% despite a positive trading update,active,expired,commentary:youtube_transcript,youtube_transcript:asx-daily-rundown-atlassian-lifts-tech-a2-milk-recall-shock-accent-group-all-time-lows:88e960386e503796,0.8,0.71,short,2026-05-04T08:23:56+00:00,2026-05-04T08:23:56+00:00,,fanout_0008,50,candidate_expire_duplicate_fanout,dry_run_expire
247,IMRO,observed_fact,Chrysos Corporation's share price fell 6.39% despite a positive trading update,active,expired,commentary:youtube_transcript,youtube_transcript:asx-daily-rundown-atlassian-lifts-tech-a2-milk-recall-shock-accent-group-all-time-lows:88e960386e503796,0.8,0.71,short,2026-05-04T08:23:56+00:00,2026-05-04T08:23:56+00:00,,fanout_0008,50,candidate_expire_duplicate_fanout,dry_run_expire
248,PENINSULA,observed_fact,Chrysos Corporation's share price fell 6.39% despite a positive trading update,active,expired,commentary:youtube_transcript,youtube_transcript:asx-daily-rundown-atlassian-lifts-tech-a2-milk-recall-shock-accent-group-all-time-lows:88e960386e503796,0.8,0.71,short,2026-05-04T08:23:56+00:00,2026-05-04T08:23:56+00:00,,fanout_0008,50,candidate_expire_duplicate_fanout,dry_run_expire
249,BRAIN CHIP,observed_fact,Chrysos Corporation's share price fell 6.39% despite a positive trading update,active,expired,commentary:youtube_transcript,youtube_transcript:asx-daily-rundown-atlassian-lifts-tech-a2-milk-recall-shock-accent-group-all-time-lows:88e960386e503796,0.8,0.71,short,2026-05-04T08:23:56+00:00,2026-05-04T08:23:56+00:00,,fanout_0008,50,candidate_expire_duplicate_fanout,dry_run_expire
250,VERITUS,observed_fact,Chrysos Corporation's share price fell 6.39% despite a positive trading update,active,expired,commentary:youtube_transcript,youtube_transcript:asx-daily-rundown-atlassian-lifts-tech-a2-milk-recall-shock-accent-group-all-time-lows:88e960386e503796,0.8,0.71,short,2026-05-04T08:23:57+00:00,2026-05-04T08:23:57+00:00,,fanout_0008,50,candidate_expire_duplicate_fanout,dry_run_expire
251,PETTIMED,observed_fact,Chrysos Corporation's share price fell 6.39% despite a positive trading update,active,expired,commentary:youtube_transcript,youtube_transcript:asx-daily-rundown-atlassian-lifts-tech-a2-milk-recall-shock-accent-group-all-time-lows:88e960386e503796,0.8,0.71,short,2026-05-04T08:23:57+00:00,2026-05-04T08:23:57+00:00,,fanout_0008,50,candidate_expire_duplicate_fanout,dry_run_expire
252,IMPEDIMED,observed_fact,Chrysos Corporation's share price fell 6.39% despite a positive trading update,active,expired,commentary:youtube_transcript,youtube_transcript:asx-daily-rundown-atlassian-lifts-tech-a2-milk-recall-shock-accent-group-all-time-lows:88e960386e503796,0.8,0.71,short,2026-05-04T08:23:57+00:00,2026-05-04T08:23:57+00:00,,fanout_0008,50,candidate_expire_duplicate_fanout,dry_run_expire
253,INDE,observed_fact,Chrysos Corporation's share price fell 6.39% despite a positive trading update,active,expired,commentary:youtube_transcript,youtube_transcript:asx-daily-rundown-atlassian-lifts-tech-a2-milk-recall-shock-accent-group-all-time-lows:88e960386e503796,0.8,0.71,short,2026-05-04T08:23:57+00:00,2026-05-04T08:23:57+00:00,,fanout_0008,50,candidate_expire_duplicate_fanout,dry_run_expire
254,PETT,observed_fact,Chrysos Corporation's share price fell 6.39% despite a positive trading update,active,expired,commentary:youtube_transcript,youtube_transcript:asx-daily-rundown-atlassian-lifts-tech-a2-milk-recall-shock-accent-group-all-time-lows:88e960386e503796,0.8,0.71,short,2026-05-04T08:23:57+00:00,2026-05-04T08:23:57+00:00,,fanout_0008,50,candidate_expire_duplicate_fanout,dry_run_expire
256,A2M,observed_fact,Chrysos Corporation's share price fell 6.39% despite a positive trading update,active,expired,commentary:youtube_transcript,youtube_transcript:asx-daily-rundown-atlassian-lifts-tech-a2-milk-recall-shock-accent-group-all-time-lows:88e960386e503796,0.8,0.71,short,2026-05-04T08:23:57+00:00,2026-05-04T08:23:57+00:00,,fanout_0008,50,candidate_expire_duplicate_fanout,dry_run_expire
257,ACCENT GROUP,observed_fact,Chrysos Corporation's share price fell 6.39% despite a positive trading update,active,expired,commentary:youtube_transcript,youtube_transcript:asx-daily-rundown-atlassian-lifts-tech-a2-milk-recall-shock-accent-group-all-time-lows:88e960386e503796,0.8,0.71,short,2026-05-04T08:23:57+00:00,2026-05-04T08:23:57+00:00,,fanout_0008,50,candidate_expire_duplicate_fanout,dry_run_expire
258,ASX,observed_fact,A2 MILK's share price dropped 10% due to a product recall,active,expired,commentary:youtube_transcript,youtube_transcript:asx-daily-rundown-atlassian-lifts-tech-a2-milk-recall-shock-accent-group-all-time-lows:88e960386e503796,0.82,0.71,short,2026-05-04T08:23:57+00:00,2026-05-04T08:23:57+00:00,,fanout_0002,50,candidate_expire_duplicate_fanout,dry_run_expire
259,TXT,observed_fact,A2 MILK's share price dropped 10% due to a product recall,active,expired,commentary:youtube_transcript,youtube_transcript:asx-daily-rundown-atlassian-lifts-tech-a2-milk-recall-shock-accent-group-all-time-lows:88e960386e503796,0.82,0.71,short,2026-05-04T08:23:57+00:00,2026-05-04T08:23:57+00:00,,fanout_0002,50,candidate_expire_duplicate_fanout,dry_run_expire
260,XTX,observed_fact,A2 MILK's share price dropped 10% due to a product recall,active,expired,commentary:youtube_transcript,youtube_transcript:asx-daily-rundown-atlassian-lifts-tech-a2-milk-recall-shock-accent-group-all-time-lows:88e960386e503796,0.82,0.71,short,2026-05-04T08:23:57+00:00,2026-05-04T08:23:57+00:00,,fanout_0002,50,candidate_expire_duplicate_fanout,dry_run_expire
262,ENDEAVOR GROUP,observed_fact,A2 MILK's share price dropped 10% due to a product recall,active,expired,commentary:youtube_transcript,youtube_transcript:asx-daily-rundown-atlassian-lifts-tech-a2-milk-recall-shock-accent-group-all-time-lows:88e960386e503796,0.82,0.71,short,2026-05-04T08:23:58+00:00,2026-05-04T08:23:58+00:00,,fanout_0002,50,candidate_expire_duplicate_fanout,dry_run_expire
263,ATLASSIAN,observed_fact,A2 MILK's share price dropped 10% due to a product recall,active,expired,commentary:youtube_transcript,youtube_transcript:asx-daily-rundown-atlassian-lifts-tech-a2-milk-recall-shock-accent-group-all-time-lows:88e960386e503796,0.82,0.71,short,2026-05-04T08:23:58+00:00,2026-05-04T08:23:58+00:00,,fanout_0002,50,candidate_expire_duplicate_fanout,dry_run_expire
264,NAB,observed_fact,A2 MILK's share price dropped 10% due to a product recall,active,expired,commentary:youtube_transcript,youtube_transcript:asx-daily-rundown-atlassian-lifts-tech-a2-milk-recall-shock-accent-group-all-time-lows:88e960386e503796,0.82,0.71,short,2026-05-04T08:23:58+00:00,2026-05-04T08:23:58+00:00,,fanout_0002,50,candidate_expire_duplicate_fanout,dry_run_expire
265,BHP,observed_fact,A2 MILK's share price dropped 10% due to a product recall,active,expired,commentary:youtube_transcript,youtube_transcript:asx-daily-rundown-atlassian-lifts-tech-a2-milk-recall-shock-accent-group-all-time-lows:88e960386e503796,0.82,0.71,short,2026-05-04T08:23:59+00:00,2026-05-04T08:23:59+00:00,,fanout_0002,50,candidate_expire_duplicate_fanout,dry_run_expire
266,KEY PETROLEUM,observed_fact,A2 MILK's share price dropped 10% due to a product recall,active,expired,commentary:youtube_transcript,youtube_transcript:asx-daily-rundown-atlassian-lifts-tech-a2-milk-recall-shock-accent-group-all-time-lows:88e960386e503796,0.82,0.71,short,2026-05-04T08:23:59+00:00,2026-05-04T08:23:59+00:00,,fanout_0002,50,candidate_expire_duplicate_fanout,dry_run_expire
267,GCM CORPORATION,observed_fact,A2 MILK's share price dropped 10% due to a product recall,active,expired,commentary:youtube_transcript,youtube_transcript:asx-daily-rundown-atlassian-lifts-tech-a2-milk-recall-shock-accent-group-all-time-lows:88e960386e503796,0.82,0.71,short,2026-05-04T08:23:59+00:00,2026-05-04T08:23:59+00:00,,fanout_0002,50,candidate_expire_duplicate_fanout,dry_run_expire
268,MARINO AND CO,observed_fact,A2 MILK's share price dropped 10% due to a product recall,active,expired,commentary:youtube_transcript,youtube_transcript:asx-daily-rundown-atlassian-lifts-tech-a2-milk-recall-shock-accent-group-all-time-lows:88e960386e503796,0.82,0.71,short,2026-05-04T08:23:59+00:00,2026-05-04T08:23:59+00:00,,fanout_0002,50,candidate_expire_duplicate_fanout,dry_run_expire
269,CLARITY,observed_fact,A2 MILK's share price dropped 10% due to a product recall,active,expired,commentary:youtube_transcript,youtube_transcript:asx-daily-rundown-atlassian-lifts-tech-a2-milk-recall-shock-accent-group-all-time-lows:88e960386e503796,0.82,0.71,short,2026-05-04T08:23:59+00:00,2026-05-04T08:23:59+00:00,,fanout_0002,50,candidate_expire_duplicate_fanout,dry_run_expire
270,WIN MEDALS,observed_fact,A2 MILK's share price dropped 10% due to a product recall,active,expired,commentary:youtube_transcript,youtube_transcript:asx-daily-rundown-atlassian-lifts-tech-a2-milk-recall-shock-accent-group-all-time-lows:88e960386e503796,0.82,0.71,short,2026-05-04T08:23:59+00:00,2026-05-04T08:23:59+00:00,,fanout_0002,50,candidate_expire_duplicate_fanout,dry_run_expire
271,AXEN GROUP,observed_fact,A2 MILK's share price dropped 10% due to a product recall,active,expired,commentary:youtube_transcript,youtube_transcript:asx-daily-rundown-atlassian-lifts-tech-a2-milk-recall-shock-accent-group-all-time-lows:88e960386e503796,0.82,0.71,short,2026-05-04T08:23:59+00:00,2026-05-04T08:23:59+00:00,,fanout_0002,50,candidate_expire_duplicate_fanout,dry_run_expire
272,STRICKLAND METALS,observed_fact,A2 MILK's share price dropped 10% due to a product recall,active,expired,commentary:youtube_transcript,youtube_transcript:asx-daily-rundown-atlassian-lifts-tech-a2-milk-recall-shock-accent-group-all-time-lows:88e960386e503796,0.82,0.71,short,2026-05-04T08:23:59+00:00,2026-05-04T08:23:59+00:00,,fanout_0002,50,candidate_expire_duplicate_fanout,dry_run_expire
273,LION TOWN,observed_fact,A2 MILK's share price dropped 10% due to a product recall,active,expired,commentary:youtube_transcript,youtube_transcript:asx-daily-rundown-atlassian-lifts-tech-a2-milk-recall-shock-accent-group-all-time-lows:88e960386e503796,0.82,0.71,short,2026-05-04T08:24:00+00:00,2026-05-04T08:24:00+00:00,,fanout_0002,50,candidate_expire_duplicate_fanout,dry_run_expire
274,IMRO,observed_fact,A2 MILK's share price dropped 10% due to a product recall,active,expired,commentary:youtube_transcript,youtube_transcript:asx-daily-rundown-atlassian-lifts-tech-a2-milk-recall-shock-accent-group-all-time-lows:88e960386e503796,0.82,0.71,short,2026-05-04T08:24:00+00:00,2026-05-04T08:24:00+00:00,,fanout_0002,50,candidate_expire_duplicate_fanout,dry_run_expire
275,PENINSULA,observed_fact,A2 MILK's share price dropped 10% due to a product recall,active,expired,commentary:youtube_transcript,youtube_transcript:asx-daily-rundown-atlassian-lifts-tech-a2-milk-recall-shock-accent-group-all-time-lows:88e960386e503796,0.82,0.71,short,2026-05-04T08:24:00+00:00,2026-05-04T08:24:00+00:00,,fanout_0002,50,candidate_expire_duplicate_fanout,dry_run_expire
276,BRAIN CHIP,observed_fact,A2 MILK's share price dropped 10% due to a product recall,active,expired,commentary:youtube_transcript,youtube_transcript:asx-daily-rundown-atlassian-lifts-tech-a2-milk-recall-shock-accent-group-all-time-lows:88e960386e503796,0.82,0.71,short,2026-05-04T08:24:01+00:00,2026-05-04T08:24:01+00:00,,fanout_0002,50,candidate_expire_duplicate_fanout,dry_run_expire
277,VERITUS,observed_fact,A2 MILK's share price dropped 10% due to a product recall,active,expired,commentary:youtube_transcript,youtube_transcript:asx-daily-rundown-atlassian-lifts-tech-a2-milk-recall-shock-accent-group-all-time-lows:88e960386e503796,0.82,0.71,short,2026-05-04T08:24:01+00:00,2026-05-04T08:24:01+00:00,,fanout_0002,50,candidate_expire_duplicate_fanout,dry_run_expire
278,PETTIMED,observed_fact,A2 MILK's share price dropped 10% due to a product recall,active,expired,commentary:youtube_transcript,youtube_transcript:asx-daily-rundown-atlassian-lifts-tech-a2-milk-recall-shock-accent-group-all-time-lows:88e960386e503796,0.82,0.71,short,2026-05-04T08:24:01+00:00,2026-05-04T08:24:01+00:00,,fanout_0002,50,candidate_expire_duplicate_fanout,dry_run_expire
279,IMPEDIMED,observed_fact,A2 MILK's share price dropped 10% due to a product recall,active,expired,commentary:youtube_transcript,youtube_transcript:asx-daily-rundown-atlassian-lifts-tech-a2-milk-recall-shock-accent-group-all-time-lows:88e960386e503796,0.82,0.71,short,2026-05-04T08:24:01+00:00,2026-05-04T08:24:01+00:00,,fanout_0002,50,candidate_expire_duplicate_fanout,dry_run_expire
280,INDE,observed_fact,A2 MILK's share price dropped 10% due to a product recall,active,expired,commentary:youtube_transcript,youtube_transcript:asx-daily-rundown-atlassian-lifts-tech-a2-milk-recall-shock-accent-group-all-time-lows:88e960386e503796,0.82,0.71,short,2026-05-04T08:24:01+00:00,2026-05-04T08:24:01+00:00,,fanout_0002,50,candidate_expire_duplicate_fanout,dry_run_expire
281,PETT,observed_fact,A2 MILK's share price dropped 10% due to a product recall,active,expired,commentary:youtube_transcript,youtube_transcript:asx-daily-rundown-atlassian-lifts-tech-a2-milk-recall-shock-accent-group-all-time-lows:88e960386e503796,0.82,0.71,short,2026-05-04T08:24:01+00:00,2026-05-04T08:24:01+00:00,,fanout_0002,50,candidate_expire_duplicate_fanout,dry_run_expire
282,C79,observed_fact,A2 MILK's share price dropped 10% due to a product recall,active,expired,commentary:youtube_transcript,youtube_transcript:asx-daily-rundown-atlassian-lifts-tech-a2-milk-recall-shock-accent-group-all-time-lows:88e960386e503796,0.82,0.71,short,2026-05-04T08:24:01+00:00,2026-05-04T08:24:01+00:00,,fanout_0002,50,candidate_expire_duplicate_fanout,dry_run_expire
284,ACCENT GROUP,observed_fact,A2 MILK's share price dropped 10% due to a product recall,active,expired,commentary:youtube_transcript,youtube_transcript:asx-daily-rundown-atlassian-lifts-tech-a2-milk-recall-shock-accent-group-all-time-lows:88e960386e503796,0.82,0.71,short,2026-05-04T08:24:02+00:00,2026-05-04T08:24:02+00:00,,fanout_0002,50,candidate_expire_duplicate_fanout,dry_run_expire
285,ASX,observed_fact,A2 MILK's share price has dropped from almost $10 back to $6.59 in a few months,active,expired,commentary:youtube_transcript,youtube_transcript:asx-daily-rundown-atlassian-lifts-tech-a2-milk-recall-shock-accent-group-all-time-lows:88e960386e503796,0.82,0.71,short,2026-05-04T08:24:02+00:00,2026-05-04T08:24:02+00:00,,fanout_0003,50,candidate_expire_duplicate_fanout,dry_run_expire
286,TXT,observed_fact,A2 MILK's share price has dropped from almost $10 back to $6.59 in a few months,active,expired,commentary:youtube_transcript,youtube_transcript:asx-daily-rundown-atlassian-lifts-tech-a2-milk-recall-shock-accent-group-all-time-lows:88e960386e503796,0.82,0.71,short,2026-05-04T08:24:02+00:00,2026-05-04T08:24:02+00:00,,fanout_0003,50,candidate_expire_duplicate_fanout,dry_run_expire
287,XTX,observed_fact,A2 MILK's share price has dropped from almost $10 back to $6.59 in a few months,active,expired,commentary:youtube_transcript,youtube_transcript:asx-daily-rundown-atlassian-lifts-tech-a2-milk-recall-shock-accent-group-all-time-lows:88e960386e503796,0.82,0.71,short,2026-05-04T08:24:02+00:00,2026-05-04T08:24:02+00:00,,fanout_0003,50,candidate_expire_duplicate_fanout,dry_run_expire
289,ENDEAVOR GROUP,observed_fact,A2 MILK's share price has dropped from almost $10 back to $6.59 in a few months,active,expired,commentary:youtube_transcript,youtube_transcript:asx-daily-rundown-atlassian-lifts-tech-a2-milk-recall-shock-accent-group-all-time-lows:88e960386e503796,0.82,0.71,short,2026-05-04T08:24:02+00:00,2026-05-04T08:24:02+00:00,,fanout_0003,50,candidate_expire_duplicate_fanout,dry_run_expire
290,ATLASSIAN,observed_fact,A2 MILK's share price has dropped from almost $10 back to $6.59 in a few months,active,expired,commentary:youtube_transcript,youtube_transcript:asx-daily-rundown-atlassian-lifts-tech-a2-milk-recall-shock-accent-group-all-time-lows:88e960386e503796,0.82,0.71,short,2026-05-04T08:24:02+00:00,2026-05-04T08:24:02+00:00,,fanout_0003,50,candidate_expire_duplicate_fanout,dry_run_expire
291,NAB,observed_fact,A2 MILK's share price has dropped from almost $10 back to $6.59 in a few months,active,expired,commentary:youtube_transcript,youtube_transcript:asx-daily-rundown-atlassian-lifts-tech-a2-milk-recall-shock-accent-group-all-time-lows:88e960386e503796,0.82,0.71,short,2026-05-04T08:24:02+00:00,2026-05-04T08:24:02+00:00,,fanout_0003,50,candidate_expire_duplicate_fanout,dry_run_expire
292,BHP,observed_fact,A2 MILK's share price has dropped from almost $10 back to $6.59 in a few months,active,expired,commentary:youtube_transcript,youtube_transcript:asx-daily-rundown-atlassian-lifts-tech-a2-milk-recall-shock-accent-group-all-time-lows:88e960386e503796,0.82,0.71,short,2026-05-04T08:24:02+00:00,2026-05-04T08:24:02+00:00,,fanout_0003,50,candidate_expire_duplicate_fanout,dry_run_expire
293,KEY PETROLEUM,observed_fact,A2 MILK's share price has dropped from almost $10 back to $6.59 in a few months,active,expired,commentary:youtube_transcript,youtube_transcript:asx-daily-rundown-atlassian-lifts-tech-a2-milk-recall-shock-accent-group-all-time-lows:88e960386e503796,0.82,0.71,short,2026-05-04T08:24:03+00:00,2026-05-04T08:24:03+00:00,,fanout_0003,50,candidate_expire_duplicate_fanout,dry_run_expire
294,GCM CORPORATION,observed_fact,A2 MILK's share price has dropped from almost $10 back to $6.59 in a few months,active,expired,commentary:youtube_transcript,youtube_transcript:asx-daily-rundown-atlassian-lifts-tech-a2-milk-recall-shock-accent-group-all-time-lows:88e960386e503796,0.82,0.71,short,2026-05-04T08:24:03+00:00,2026-05-04T08:24:03+00:00,,fanout_0003,50,candidate_expire_duplicate_fanout,dry_run_expire
295,MARINO AND CO,observed_fact,A2 MILK's share price has dropped from almost $10 back to $6.59 in a few months,active,expired,commentary:youtube_transcript,youtube_transcript:asx-daily-rundown-atlassian-lifts-tech-a2-milk-recall-shock-accent-group-all-time-lows:88e960386e503796,0.82,0.71,short,2026-05-04T08:24:04+00:00,2026-05-04T08:24:04+00:00,,fanout_0003,50,candidate_expire_duplicate_fanout,dry_run_expire
296,CLARITY,observed_fact,A2 MILK's share price has dropped from almost $10 back to $6.59 in a few months,active,expired,commentary:youtube_transcript,youtube_transcript:asx-daily-rundown-atlassian-lifts-tech-a2-milk-recall-shock-accent-group-all-time-lows:88e960386e503796,0.82,0.71,short,2026-05-04T08:24:04+00:00,2026-05-04T08:24:04+00:00,,fanout_0003,50,candidate_expire_duplicate_fanout,dry_run_expire
297,WIN MEDALS,observed_fact,A2 MILK's share price has dropped from almost $10 back to $6.59 in a few months,active,expired,commentary:youtube_transcript,youtube_transcript:asx-daily-rundown-atlassian-lifts-tech-a2-milk-recall-shock-accent-group-all-time-lows:88e960386e503796,0.82,0.71,short,2026-05-04T08:24:04+00:00,2026-05-04T08:24:04+00:00,,fanout_0003,50,candidate_expire_duplicate_fanout,dry_run_expire
298,AXEN GROUP,observed_fact,A2 MILK's share price has dropped from almost $10 back to $6.59 in a few months,active,expired,commentary:youtube_transcript,youtube_transcript:asx-daily-rundown-atlassian-lifts-tech-a2-milk-recall-shock-accent-group-all-time-lows:88e960386e503796,0.82,0.71,short,2026-05-04T08:24:04+00:00,2026-05-04T08:24:04+00:00,,fanout_0003,50,candidate_expire_duplicate_fanout,dry_run_expire
299,STRICKLAND METALS,observed_fact,A2 MILK's share price has dropped from almost $10 back to $6.59 in a few months,active,expired,commentary:youtube_transcript,youtube_transcript:asx-daily-rundown-atlassian-lifts-tech-a2-milk-recall-shock-accent-group-all-time-lows:88e960386e503796,0.82,0.71,short,2026-05-04T08:24:04+00:00,2026-05-04T08:24:04+00:00,,fanout_0003,50,candidate_expire_duplicate_fanout,dry_run_expire
300,LION TOWN,observed_fact,A2 MILK's share price has dropped from almost $10 back to $6.59 in a few months,active,expired,commentary:youtube_transcript,youtube_transcript:asx-daily-rundown-atlassian-lifts-tech-a2-milk-recall-shock-accent-group-all-time-lows:88e960386e503796,0.82,0.71,short,2026-05-04T08:24:05+00:00,2026-05-04T08:24:05+00:00,,fanout_0003,50,candidate_expire_duplicate_fanout,dry_run_expire
301,IMRO,observed_fact,A2 MILK's share price has dropped from almost $10 back to $6.59 in a few months,active,expired,commentary:youtube_transcript,youtube_transcript:asx-daily-rundown-atlassian-lifts-tech-a2-milk-recall-shock-accent-group-all-time-lows:88e960386e503796,0.82,0.71,short,2026-05-04T08:24:05+00:00,2026-05-04T08:24:05+00:00,,fanout_0003,50,candidate_expire_duplicate_fanout,dry_run_expire
302,PENINSULA,observed_fact,A2 MILK's share price has dropped from almost $10 back to $6.59 in a few months,active,expired,commentary:youtube_transcript,youtube_transcript:asx-daily-rundown-atlassian-lifts-tech-a2-milk-recall-shock-accent-group-all-time-lows:88e960386e503796,0.82,0.71,short,2026-05-04T08:24:05+00:00,2026-05-04T08:24:05+00:00,,fanout_0003,50,candidate_expire_duplicate_fanout,dry_run_expire
303,BRAIN CHIP,observed_fact,A2 MILK's share price has dropped from almost $10 back to $6.59 in a few months,active,expired,commentary:youtube_transcript,youtube_transcript:asx-daily-rundown-atlassian-lifts-tech-a2-milk-recall-shock-accent-group-all-time-lows:88e960386e503796,0.82,0.71,short,2026-05-04T08:24:05+00:00,2026-05-04T08:24:05+00:00,,fanout_0003,50,candidate_expire_duplicate_fanout,dry_run_expire
304,VERITUS,observed_fact,A2 MILK's share price has dropped from almost $10 back to $6.59 in a few months,active,expired,commentary:youtube_transcript,youtube_transcript:asx-daily-rundown-atlassian-lifts-tech-a2-milk-recall-shock-accent-group-all-time-lows:88e960386e503796,0.82,0.71,short,2026-05-04T08:24:05+00:00,2026-05-04T08:24:05+00:00,,fanout_0003,50,candidate_expire_duplicate_fanout,dry_run_expire
305,PETTIMED,observed_fact,A2 MILK's share price has dropped from almost $10 back to $6.59 in a few months,active,expired,commentary:youtube_transcript,youtube_transcript:asx-daily-rundown-atlassian-lifts-tech-a2-milk-recall-shock-accent-group-all-time-lows:88e960386e503796,0.82,0.71,short,2026-05-04T08:24:05+00:00,2026-05-04T08:24:05+00:00,,fanout_0003,50,candidate_expire_duplicate_fanout,dry_run_expire
306,IMPEDIMED,observed_fact,A2 MILK's share price has dropped from almost $10 back to $6.59 in a few months,active,expired,commentary:youtube_transcript,youtube_transcript:asx-daily-rundown-atlassian-lifts-tech-a2-milk-recall-shock-accent-group-all-time-lows:88e960386e503796,0.82,0.71,short,2026-05-04T08:24:05+00:00,2026-05-04T08:24:05+00:00,,fanout_0003,50,candidate_expire_duplicate_fanout,dry_run_expire
307,INDE,observed_fact,A2 MILK's share price has dropped from almost $10 back to $6.59 in a few months,active,expired,commentary:youtube_transcript,youtube_transcript:asx-daily-rundown-atlassian-lifts-tech-a2-milk-recall-shock-accent-group-all-time-lows:88e960386e503796,0.82,0.71,short,2026-05-04T08:24:06+00:00,2026-05-04T08:24:06+00:00,,fanout_0003,50,candidate_expire_duplicate_fanout,dry_run_expire
308,PETT,observed_fact,A2 MILK's share price has dropped from almost $10 back to $6.59 in a few months,active,expired,commentary:youtube_transcript,youtube_transcript:asx-daily-rundown-atlassian-lifts-tech-a2-milk-recall-shock-accent-group-all-time-lows:88e960386e503796,0.82,0.71,short,2026-05-04T08:24:06+00:00,2026-05-04T08:24:06+00:00,,fanout_0003,50,candidate_expire_duplicate_fanout,dry_run_expire
309,C79,observed_fact,A2 MILK's share price has dropped from almost $10 back to $6.59 in a few months,active,expired,commentary:youtube_transcript,youtube_transcript:asx-daily-rundown-atlassian-lifts-tech-a2-milk-recall-shock-accent-group-all-time-lows:88e960386e503796,0.82,0.71,short,2026-05-04T08:24:07+00:00,2026-05-04T08:24:07+00:00,,fanout_0003,50,candidate_expire_duplicate_fanout,dry_run_expire
311,ACCENT GROUP,observed_fact,A2 MILK's share price has dropped from almost $10 back to $6.59 in a few months,active,expired,commentary:youtube_transcript,youtube_transcript:asx-daily-rundown-atlassian-lifts-tech-a2-milk-recall-shock-accent-group-all-time-lows:88e960386e503796,0.82,0.71,short,2026-05-04T08:24:07+00:00,2026-05-04T08:24:07+00:00,,fanout_0003,50,candidate_expire_duplicate_fanout,dry_run_expire
339,ASX,observed_fact,ACCENT GROUP's share price is down 12.9% after a downgrade announcement,active,expired,commentary:youtube_transcript,youtube_transcript:asx-daily-rundown-atlassian-lifts-tech-a2-milk-recall-shock-accent-group-all-time-lows:88e960386e503796,0.83,0.71,short,2026-05-04T08:24:11+00:00,2026-05-04T08:24:11+00:00,,fanout_0006,50,candidate_expire_duplicate_fanout,dry_run_expire
340,TXT,observed_fact,ACCENT GROUP's share price is down 12.9% after a downgrade announcement,active,expired,commentary:youtube_transcript,youtube_transcript:asx-daily-rundown-atlassian-lifts-tech-a2-milk-recall-shock-accent-group-all-time-lows:88e960386e503796,0.83,0.71,short,2026-05-04T08:24:11+00:00,2026-05-04T08:24:11+00:00,,fanout_0006,50,candidate_expire_duplicate_fanout,dry_run_expire
341,XTX,observed_fact,ACCENT GROUP's share price is down 12.9% after a downgrade announcement,active,expired,commentary:youtube_transcript,youtube_transcript:asx-daily-rundown-atlassian-lifts-tech-a2-milk-recall-shock-accent-group-all-time-lows:88e960386e503796,0.83,0.71,short,2026-05-04T08:24:12+00:00,2026-05-04T08:24:12+00:00,,fanout_0006,50,candidate_expire_duplicate_fanout,dry_run_expire
342,A2 MILK,observed_fact,ACCENT GROUP's share price is down 12.9% after a downgrade announcement,active,expired,commentary:youtube_transcript,youtube_transcript:asx-daily-rundown-atlassian-lifts-tech-a2-milk-recall-shock-accent-group-all-time-lows:88e960386e503796,0.83,0.71,short,2026-05-04T08:24:13+00:00,2026-05-04T08:24:13+00:00,,fanout_0006,50,candidate_expire_duplicate_fanout,dry_run_expire
343,ENDEAVOR GROUP,observed_fact,ACCENT GROUP's share price is down 12.9% after a downgrade announcement,active,expired,commentary:youtube_transcript,youtube_transcript:asx-daily-rundown-atlassian-lifts-tech-a2-milk-recall-shock-accent-group-all-time-lows:88e960386e503796,0.83,0.71,short,2026-05-04T08:24:13+00:00,2026-05-04T08:24:13+00:00,,fanout_0006,50,candidate_expire_duplicate_fanout,dry_run_expire
344,ATLASSIAN,observed_fact,ACCENT GROUP's share price is down 12.9% after a downgrade announcement,active,expired,commentary:youtube_transcript,youtube_transcript:asx-daily-rundown-atlassian-lifts-tech-a2-milk-recall-shock-accent-group-all-time-lows:88e960386e503796,0.83,0.71,short,2026-05-04T08:24:13+00:00,2026-05-04T08:24:13+00:00,,fanout_0006,50,candidate_expire_duplicate_fanout,dry_run_expire
345,NAB,observed_fact,ACCENT GROUP's share price is down 12.9% after a downgrade announcement,active,expired,commentary:youtube_transcript,youtube_transcript:asx-daily-rundown-atlassian-lifts-tech-a2-milk-recall-shock-accent-group-all-time-lows:88e960386e503796,0.83,0.71,short,2026-05-04T08:24:13+00:00,2026-05-04T08:24:13+00:00,,fanout_0006,50,candidate_expire_duplicate_fanout,dry_run_expire
346,BHP,observed_fact,ACCENT GROUP's share price is down 12.9% after a downgrade announcement,active,expired,commentary:youtube_transcript,youtube_transcript:asx-daily-rundown-atlassian-lifts-tech-a2-milk-recall-shock-accent-group-all-time-lows:88e960386e503796,0.83,0.71,short,2026-05-04T08:24:13+00:00,2026-05-04T08:24:13+00:00,,fanout_0006,50,candidate_expire_duplicate_fanout,dry_run_expire
347,KEY PETROLEUM,observed_fact,ACCENT GROUP's share price is down 12.9% after a downgrade announcement,active,expired,commentary:youtube_transcript,youtube_transcript:asx-daily-rundown-atlassian-lifts-tech-a2-milk-recall-shock-accent-group-all-time-lows:88e960386e503796,0.83,0.71,short,2026-05-04T08:24:13+00:00,2026-05-04T08:24:13+00:00,,fanout_0006,50,candidate_expire_duplicate_fanout,dry_run_expire
348,GCM CORPORATION,observed_fact,ACCENT GROUP's share price is down 12.9% after a downgrade announcement,active,expired,commentary:youtube_transcript,youtube_transcript:asx-daily-rundown-atlassian-lifts-tech-a2-milk-recall-shock-accent-group-all-time-lows:88e960386e503796,0.83,0.71,short,2026-05-04T08:24:13+00:00,2026-05-04T08:24:13+00:00,,fanout_0006,50,candidate_expire_duplicate_fanout,dry_run_expire
349,MARINO AND CO,observed_fact,ACCENT GROUP's share price is down 12.9% after a downgrade announcement,active,expired,commentary:youtube_transcript,youtube_transcript:asx-daily-rundown-atlassian-lifts-tech-a2-milk-recall-shock-accent-group-all-time-lows:88e960386e503796,0.83,0.71,short,2026-05-04T08:24:13+00:00,2026-05-04T08:24:13+00:00,,fanout_0006,50,candidate_expire_duplicate_fanout,dry_run_expire
350,CLARITY,observed_fact,ACCENT GROUP's share price is down 12.9% after a downgrade announcement,active,expired,commentary:youtube_transcript,youtube_transcript:asx-daily-rundown-atlassian-lifts-tech-a2-milk-recall-shock-accent-group-all-time-lows:88e960386e503796,0.83,0.71,short,2026-05-04T08:24:13+00:00,2026-05-04T08:24:13+00:00,,fanout_0006,50,candidate_expire_duplicate_fanout,dry_run_expire
351,WIN MEDALS,observed_fact,ACCENT GROUP's share price is down 12.9% after a downgrade announcement,active,expired,commentary:youtube_transcript,youtube_transcript:asx-daily-rundown-atlassian-lifts-tech-a2-milk-recall-shock-accent-group-all-time-lows:88e960386e503796,0.83,0.71,short,2026-05-04T08:24:13+00:00,2026-05-04T08:24:13+00:00,,fanout_0006,50,candidate_expire_duplicate_fanout,dry_run_expire
352,AXEN GROUP,observed_fact,ACCENT GROUP's share price is down 12.9% after a downgrade announcement,active,expired,commentary:youtube_transcript,youtube_transcript:asx-daily-rundown-atlassian-lifts-tech-a2-milk-recall-shock-accent-group-all-time-lows:88e960386e503796,0.83,0.71,short,2026-05-04T08:24:13+00:00,2026-05-04T08:24:13+00:00,,fanout_0006,50,candidate_expire_duplicate_fanout,dry_run_expire
353,STRICKLAND METALS,observed_fact,ACCENT GROUP's share price is down 12.9% after a downgrade announcement,active,expired,commentary:youtube_transcript,youtube_transcript:asx-daily-rundown-atlassian-lifts-tech-a2-milk-recall-shock-accent-group-all-time-lows:88e960386e503796,0.83,0.71,short,2026-05-04T08:24:13+00:00,2026-05-04T08:24:13+00:00,,fanout_0006,50,candidate_expire_duplicate_fanout,dry_run_expire
354,LION TOWN,observed_fact,ACCENT GROUP's share price is down 12.9% after a downgrade announcement,active,expired,commentary:youtube_transcript,youtube_transcript:asx-daily-rundown-atlassian-lifts-tech-a2-milk-recall-shock-accent-group-all-time-lows:88e960386e503796,0.83,0.71,short,2026-05-04T08:24:14+00:00,2026-05-04T08:24:14+00:00,,fanout_0006,50,candidate_expire_duplicate_fanout,dry_run_expire
355,IMRO,observed_fact,ACCENT GROUP's share price is down 12.9% after a downgrade announcement,active,expired,commentary:youtube_transcript,youtube_transcript:asx-daily-rundown-atlassian-lifts-tech-a2-milk-recall-shock-accent-group-all-time-lows:88e960386e503796,0.83,0.71,short,2026-05-04T08:24:14+00:00,2026-05-04T08:24:14+00:00,,fanout_0006,50,candidate_expire_duplicate_fanout,dry_run_expire
356,PENINSULA,observed_fact,ACCENT GROUP's share price is down 12.9% after a downgrade announcement,active,expired,commentary:youtube_transcript,youtube_transcript:asx-daily-rundown-atlassian-lifts-tech-a2-milk-recall-shock-accent-group-all-time-lows:88e960386e503796,0.83,0.71,short,2026-05-04T08:24:14+00:00,2026-05-04T08:24:14+00:00,,fanout_0006,50,candidate_expire_duplicate_fanout,dry_run_expire
357,BRAIN CHIP,observed_fact,ACCENT GROUP's share price is down 12.9% after a downgrade announcement,active,expired,commentary:youtube_transcript,youtube_transcript:asx-daily-rundown-atlassian-lifts-tech-a2-milk-recall-shock-accent-group-all-time-lows:88e960386e503796,0.83,0.71,short,2026-05-04T08:24:14+00:00,2026-05-04T08:24:14+00:00,,fanout_0006,50,candidate_expire_duplicate_fanout,dry_run_expire
358,VERITUS,observed_fact,ACCENT GROUP's share price is down 12.9% after a downgrade announcement,active,expired,commentary:youtube_transcript,youtube_transcript:asx-daily-rundown-atlassian-lifts-tech-a2-milk-recall-shock-accent-group-all-time-lows:88e960386e503796,0.83,0.71,short,2026-05-04T08:24:14+00:00,2026-05-04T08:24:14+00:00,,fanout_0006,50,candidate_expire_duplicate_fanout,dry_run_expire
359,PETTIMED,observed_fact,ACCENT GROUP's share price is down 12.9% after a downgrade announcement,active,expired,commentary:youtube_transcript,youtube_transcript:asx-daily-rundown-atlassian-lifts-tech-a2-milk-recall-shock-accent-group-all-time-lows:88e960386e503796,0.83,0.71,short,2026-05-04T08:24:14+00:00,2026-05-04T08:24:14+00:00,,fanout_0006,50,candidate_expire_duplicate_fanout,dry_run_expire
360,IMPEDIMED,observed_fact,ACCENT GROUP's share price is down 12.9% after a downgrade announcement,active,expired,commentary:youtube_transcript,youtube_transcript:asx-daily-rundown-atlassian-lifts-tech-a2-milk-recall-shock-accent-group-all-time-lows:88e960386e503796,0.83,0.71,short,2026-05-04T08:24:15+00:00,2026-05-04T08:24:15+00:00,,fanout_0006,50,candidate_expire_duplicate_fanout,dry_run_expire
361,INDE,observed_fact,ACCENT GROUP's share price is down 12.9% after a downgrade announcement,active,expired,commentary:youtube_transcript,youtube_transcript:asx-daily-rundown-atlassian-lifts-tech-a2-milk-recall-shock-accent-group-all-time-lows:88e960386e503796,0.83,0.71,short,2026-05-04T08:24:15+00:00,2026-05-04T08:24:15+00:00,,fanout_0006,50,candidate_expire_duplicate_fanout,dry_run_expire
362,PETT,observed_fact,ACCENT GROUP's share price is down 12.9% after a downgrade announcement,active,expired,commentary:youtube_transcript,youtube_transcript:asx-daily-rundown-atlassian-lifts-tech-a2-milk-recall-shock-accent-group-all-time-lows:88e960386e503796,0.83,0.71,short,2026-05-04T08:24:15+00:00,2026-05-04T08:24:15+00:00,,fanout_0006,50,candidate_expire_duplicate_fanout,dry_run_expire
363,C79,observed_fact,ACCENT GROUP's share price is down 12.9% after a downgrade announcement,active,expired,commentary:youtube_transcript,youtube_transcript:asx-daily-rundown-atlassian-lifts-tech-a2-milk-recall-shock-accent-group-all-time-lows:88e960386e503796,0.83,0.71,short,2026-05-04T08:24:15+00:00,2026-05-04T08:24:15+00:00,,fanout_0006,50,candidate_expire_duplicate_fanout,dry_run_expire
364,A2M,observed_fact,ACCENT GROUP's share price is down 12.9% after a downgrade announcement,active,expired,commentary:youtube_transcript,youtube_transcript:asx-daily-rundown-atlassian-lifts-tech-a2-milk-recall-shock-accent-group-all-time-lows:88e960386e503796,0.83,0.71,short,2026-05-04T08:24:15+00:00,2026-05-04T08:24:15+00:00,,fanout_0006,50,candidate_expire_duplicate_fanout,dry_run_expire
366,ASX,observed_fact,ACCENT GROUP's EBIT for the second half has been decreased by $7 million,active,expired,commentary:youtube_transcript,youtube_transcript:asx-daily-rundown-atlassian-lifts-tech-a2-milk-recall-shock-accent-group-all-time-lows:88e960386e503796,0.82,0.62,short,2026-05-04T08:24:15+00:00,2026-05-04T08:24:15+00:00,,fanout_0005,50,candidate_expire_duplicate_fanout,dry_run_expire
367,TXT,observed_fact,ACCENT GROUP's EBIT for the second half has been decreased by $7 million,active,expired,commentary:youtube_transcript,youtube_transcript:asx-daily-rundown-atlassian-lifts-tech-a2-milk-recall-shock-accent-group-all-time-lows:88e960386e503796,0.82,0.62,short,2026-05-04T08:24:15+00:00,2026-05-04T08:24:15+00:00,,fanout_0005,50,candidate_expire_duplicate_fanout,dry_run_expire
368,XTX,observed_fact,ACCENT GROUP's EBIT for the second half has been decreased by $7 million,active,expired,commentary:youtube_transcript,youtube_transcript:asx-daily-rundown-atlassian-lifts-tech-a2-milk-recall-shock-accent-group-all-time-lows:88e960386e503796,0.82,0.62,short,2026-05-04T08:24:16+00:00,2026-05-04T08:24:16+00:00,,fanout_0005,50,candidate_expire_duplicate_fanout,dry_run_expire
369,A2 MILK,observed_fact,ACCENT GROUP's EBIT for the second half has been decreased by $7 million,active,expired,commentary:youtube_transcript,youtube_transcript:asx-daily-rundown-atlassian-lifts-tech-a2-milk-recall-shock-accent-group-all-time-lows:88e960386e503796,0.82,0.62,short,2026-05-04T08:24:16+00:00,2026-05-04T08:24:16+00:00,,fanout_0005,50,candidate_expire_duplicate_fanout,dry_run_expire
370,ENDEAVOR GROUP,observed_fact,ACCENT GROUP's EBIT for the second half has been decreased by $7 million,active,expired,commentary:youtube_transcript,youtube_transcript:asx-daily-rundown-atlassian-lifts-tech-a2-milk-recall-shock-accent-group-all-time-lows:88e960386e503796,0.82,0.62,short,2026-05-04T08:24:16+00:00,2026-05-04T08:24:16+00:00,,fanout_0005,50,candidate_expire_duplicate_fanout,dry_run_expire
371,ATLASSIAN,observed_fact,ACCENT GROUP's EBIT for the second half has been decreased by $7 million,active,expired,commentary:youtube_transcript,youtube_transcript:asx-daily-rundown-atlassian-lifts-tech-a2-milk-recall-shock-accent-group-all-time-lows:88e960386e503796,0.82,0.62,short,2026-05-04T08:24:16+00:00,2026-05-04T08:24:16+00:00,,fanout_0005,50,candidate_expire_duplicate_fanout,dry_run_expire
372,NAB,observed_fact,ACCENT GROUP's EBIT for the second half has been decreased by $7 million,active,expired,commentary:youtube_transcript,youtube_transcript:asx-daily-rundown-atlassian-lifts-tech-a2-milk-recall-shock-accent-group-all-time-lows:88e960386e503796,0.82,0.62,short,2026-05-04T08:24:16+00:00,2026-05-04T08:24:16+00:00,,fanout_0005,50,candidate_expire_duplicate_fanout,dry_run_expire
373,BHP,observed_fact,ACCENT GROUP's EBIT for the second half has been decreased by $7 million,active,expired,commentary:youtube_transcript,youtube_transcript:asx-daily-rundown-atlassian-lifts-tech-a2-milk-recall-shock-accent-group-all-time-lows:88e960386e503796,0.82,0.62,short,2026-05-04T08:24:16+00:00,2026-05-04T08:24:16+00:00,,fanout_0005,50,candidate_expire_duplicate_fanout,dry_run_expire
374,KEY PETROLEUM,observed_fact,ACCENT GROUP's EBIT for the second half has been decreased by $7 million,active,expired,commentary:youtube_transcript,youtube_transcript:asx-daily-rundown-atlassian-lifts-tech-a2-milk-recall-shock-accent-group-all-time-lows:88e960386e503796,0.82,0.62,short,2026-05-04T08:24:17+00:00,2026-05-04T08:24:17+00:00,,fanout_0005,50,candidate_expire_duplicate_fanout,dry_run_expire
375,GCM CORPORATION,observed_fact,ACCENT GROUP's EBIT for the second half has been decreased by $7 million,active,expired,commentary:youtube_transcript,youtube_transcript:asx-daily-rundown-atlassian-lifts-tech-a2-milk-recall-shock-accent-group-all-time-lows:88e960386e503796,0.82,0.62,short,2026-05-04T08:24:17+00:00,2026-05-04T08:24:17+00:00,,fanout_0005,50,candidate_expire_duplicate_fanout,dry_run_expire
376,MARINO AND CO,observed_fact,ACCENT GROUP's EBIT for the second half has been decreased by $7 million,active,expired,commentary:youtube_transcript,youtube_transcript:asx-daily-rundown-atlassian-lifts-tech-a2-milk-recall-shock-accent-group-all-time-lows:88e960386e503796,0.82,0.62,short,2026-05-04T08:24:17+00:00,2026-05-04T08:24:17+00:00,,fanout_0005,50,candidate_expire_duplicate_fanout,dry_run_expire
377,CLARITY,observed_fact,ACCENT GROUP's EBIT for the second half has been decreased by $7 million,active,expired,commentary:youtube_transcript,youtube_transcript:asx-daily-rundown-atlassian-lifts-tech-a2-milk-recall-shock-accent-group-all-time-lows:88e960386e503796,0.82,0.62,short,2026-05-04T08:24:17+00:00,2026-05-04T08:24:17+00:00,,fanout_0005,50,candidate_expire_duplicate_fanout,dry_run_expire
378,WIN MEDALS,observed_fact,ACCENT GROUP's EBIT for the second half has been decreased by $7 million,active,expired,commentary:youtube_transcript,youtube_transcript:asx-daily-rundown-atlassian-lifts-tech-a2-milk-recall-shock-accent-group-all-time-lows:88e960386e503796,0.82,0.62,short,2026-05-04T08:24:17+00:00,2026-05-04T08:24:17+00:00,,fanout_0005,50,candidate_expire_duplicate_fanout,dry_run_expire
379,AXEN GROUP,observed_fact,ACCENT GROUP's EBIT for the second half has been decreased by $7 million,active,expired,commentary:youtube_transcript,youtube_transcript:asx-daily-rundown-atlassian-lifts-tech-a2-milk-recall-shock-accent-group-all-time-lows:88e960386e503796,0.82,0.62,short,2026-05-04T08:24:17+00:00,2026-05-04T08:24:17+00:00,,fanout_0005,50,candidate_expire_duplicate_fanout,dry_run_expire
380,STRICKLAND METALS,observed_fact,ACCENT GROUP's EBIT for the second half has been decreased by $7 million,active,expired,commentary:youtube_transcript,youtube_transcript:asx-daily-rundown-atlassian-lifts-tech-a2-milk-recall-shock-accent-group-all-time-lows:88e960386e503796,0.82,0.62,short,2026-05-04T08:24:17+00:00,2026-05-04T08:24:17+00:00,,fanout_0005,50,candidate_expire_duplicate_fanout,dry_run_expire
381,LION TOWN,observed_fact,ACCENT GROUP's EBIT for the second half has been decreased by $7 million,active,expired,commentary:youtube_transcript,youtube_transcript:asx-daily-rundown-atlassian-lifts-tech-a2-milk-recall-shock-accent-group-all-time-lows:88e960386e503796,0.82,0.62,short,2026-05-04T08:24:18+00:00,2026-05-04T08:24:18+00:00,,fanout_0005,50,candidate_expire_duplicate_fanout,dry_run_expire
382,IMRO,observed_fact,ACCENT GROUP's EBIT for the second half has been decreased by $7 million,active,expired,commentary:youtube_transcript,youtube_transcript:asx-daily-rundown-atlassian-lifts-tech-a2-milk-recall-shock-accent-group-all-time-lows:88e960386e503796,0.82,0.62,short,2026-05-04T08:24:18+00:00,2026-05-04T08:24:18+00:00,,fanout_0005,50,candidate_expire_duplicate_fanout,dry_run_expire
383,PENINSULA,observed_fact,ACCENT GROUP's EBIT for the second half has been decreased by $7 million,active,expired,commentary:youtube_transcript,youtube_transcript:asx-daily-rundown-atlassian-lifts-tech-a2-milk-recall-shock-accent-group-all-time-lows:88e960386e503796,0.82,0.62,short,2026-05-04T08:24:18+00:00,2026-05-04T08:24:18+00:00,,fanout_0005,50,candidate_expire_duplicate_fanout,dry_run_expire
384,BRAIN CHIP,observed_fact,ACCENT GROUP's EBIT for the second half has been decreased by $7 million,active,expired,commentary:youtube_transcript,youtube_transcript:asx-daily-rundown-atlassian-lifts-tech-a2-milk-recall-shock-accent-group-all-time-lows:88e960386e503796,0.82,0.62,short,2026-05-04T08:24:18+00:00,2026-05-04T08:24:18+00:00,,fanout_0005,50,candidate_expire_duplicate_fanout,dry_run_expire
385,VERITUS,observed_fact,ACCENT GROUP's EBIT for the second half has been decreased by $7 million,active,expired,commentary:youtube_transcript,youtube_transcript:asx-daily-rundown-atlassian-lifts-tech-a2-milk-recall-shock-accent-group-all-time-lows:88e960386e503796,0.82,0.62,short,2026-05-04T08:24:18+00:00,2026-05-04T08:24:18+00:00,,fanout_0005,50,candidate_expire_duplicate_fanout,dry_run_expire
386,PETTIMED,observed_fact,ACCENT GROUP's EBIT for the second half has been decreased by $7 million,active,expired,commentary:youtube_transcript,youtube_transcript:asx-daily-rundown-atlassian-lifts-tech-a2-milk-recall-shock-accent-group-all-time-lows:88e960386e503796,0.82,0.62,short,2026-05-04T08:24:18+00:00,2026-05-04T08:24:18+00:00,,fanout_0005,50,candidate_expire_duplicate_fanout,dry_run_expire
387,IMPEDIMED,observed_fact,ACCENT GROUP's EBIT for the second half has been decreased by $7 million,active,expired,commentary:youtube_transcript,youtube_transcript:asx-daily-rundown-atlassian-lifts-tech-a2-milk-recall-shock-accent-group-all-time-lows:88e960386e503796,0.82,0.62,short,2026-05-04T08:24:18+00:00,2026-05-04T08:24:18+00:00,,fanout_0005,50,candidate_expire_duplicate_fanout,dry_run_expire
388,INDE,observed_fact,ACCENT GROUP's EBIT for the second half has been decreased by $7 million,active,expired,commentary:youtube_transcript,youtube_transcript:asx-daily-rundown-atlassian-lifts-tech-a2-milk-recall-shock-accent-group-all-time-lows:88e960386e503796,0.82,0.62,short,2026-05-04T08:24:18+00:00,2026-05-04T08:24:18+00:00,,fanout_0005,50,candidate_expire_duplicate_fanout,dry_run_expire
389,PETT,observed_fact,ACCENT GROUP's EBIT for the second half has been decreased by $7 million,active,expired,commentary:youtube_transcript,youtube_transcript:asx-daily-rundown-atlassian-lifts-tech-a2-milk-recall-shock-accent-group-all-time-lows:88e960386e503796,0.82,0.62,short,2026-05-04T08:24:18+00:00,2026-05-04T08:24:18+00:00,,fanout_0005,50,candidate_expire_duplicate_fanout,dry_run_expire
390,C79,observed_fact,ACCENT GROUP's EBIT for the second half has been decreased by $7 million,active,expired,commentary:youtube_transcript,youtube_transcript:asx-daily-rundown-atlassian-lifts-tech-a2-milk-recall-shock-accent-group-all-time-lows:88e960386e503796,0.82,0.62,short,2026-05-04T08:24:19+00:00,2026-05-04T08:24:19+00:00,,fanout_0005,50,candidate_expire_duplicate_fanout,dry_run_expire
391,A2M,observed_fact,ACCENT GROUP's EBIT for the second half has been decreased by $7 million,active,expired,commentary:youtube_transcript,youtube_transcript:asx-daily-rundown-atlassian-lifts-tech-a2-milk-recall-shock-accent-group-all-time-lows:88e960386e503796,0.82,0.62,short,2026-05-04T08:24:19+00:00,2026-05-04T08:24:19+00:00,,fanout_0005,50,candidate_expire_duplicate_fanout,dry_run_expire
393,ASX,catalyst,ATLASSIAN's better-than-expected results,active,expired,commentary:youtube_transcript,youtube_transcript:asx-daily-rundown-atlassian-lifts-tech-a2-milk-recall-shock-accent-group-all-time-lows:88e960386e503796,0.74,0.82,short,2026-05-04T08:24:19+00:00,2026-05-04T08:24:19+00:00,,fanout_0018,41,candidate_expire_duplicate_fanout,dry_run_expire
394,TXT,catalyst,ATLASSIAN's better-than-expected results,active,expired,commentary:youtube_transcript,youtube_transcript:asx-daily-rundown-atlassian-lifts-tech-a2-milk-recall-shock-accent-group-all-time-lows:88e960386e503796,0.74,0.82,short,2026-05-04T08:24:19+00:00,2026-05-04T08:24:19+00:00,,fanout_0018,41,candidate_expire_duplicate_fanout,dry_run_expire
395,XTX,catalyst,ATLASSIAN's better-than-expected results,active,expired,commentary:youtube_transcript,youtube_transcript:asx-daily-rundown-atlassian-lifts-tech-a2-milk-recall-shock-accent-group-all-time-lows:88e960386e503796,0.74,0.82,short,2026-05-04T08:24:20+00:00,2026-05-04T08:24:20+00:00,,fanout_0018,41,candidate_expire_duplicate_fanout,dry_run_expire
396,A2 MILK,catalyst,ATLASSIAN's better-than-expected results,active,expired,commentary:youtube_transcript,youtube_transcript:asx-daily-rundown-atlassian-lifts-tech-a2-milk-recall-shock-accent-group-all-time-lows:88e960386e503796,0.74,0.82,short,2026-05-04T08:24:20+00:00,2026-05-04T08:24:20+00:00,,fanout_0018,41,candidate_expire_duplicate_fanout,dry_run_expire
397,ENDEAVOR GROUP,catalyst,ATLASSIAN's better-than-expected results,active,expired,commentary:youtube_transcript,youtube_transcript:asx-daily-rundown-atlassian-lifts-tech-a2-milk-recall-shock-accent-group-all-time-lows:88e960386e503796,0.74,0.82,short,2026-05-04T08:24:20+00:00,2026-05-04T08:24:20+00:00,,fanout_0018,41,candidate_expire_duplicate_fanout,dry_run_expire
399,NAB,catalyst,ATLASSIAN's better-than-expected results,active,expired,commentary:youtube_transcript,youtube_transcript:asx-daily-rundown-atlassian-lifts-tech-a2-milk-recall-shock-accent-group-all-time-lows:88e960386e503796,0.74,0.82,short,2026-05-04T08:24:20+00:00,2026-05-04T08:24:20+00:00,,fanout_0018,41,candidate_expire_duplicate_fanout,dry_run_expire
400,BHP,catalyst,ATLASSIAN's better-than-expected results,active,expired,commentary:youtube_transcript,youtube_transcript:asx-daily-rundown-atlassian-lifts-tech-a2-milk-recall-shock-accent-group-all-time-lows:88e960386e503796,0.74,0.82,short,2026-05-04T08:24:20+00:00,2026-05-04T08:24:20+00:00,,fanout_0018,41,candidate_expire_duplicate_fanout,dry_run_expire
401,KEY PETROLEUM,catalyst,ATLASSIAN's better-than-expected results,active,expired,commentary:youtube_transcript,youtube_transcript:asx-daily-rundown-atlassian-lifts-tech-a2-milk-recall-shock-accent-group-all-time-lows:88e960386e503796,0.74,0.82,short,2026-05-04T08:24:20+00:00,2026-05-04T08:24:20+00:00,,fanout_0018,41,candidate_expire_duplicate_fanout,dry_run_expire
402,GCM CORPORATION,catalyst,ATLASSIAN's better-than-expected results,active,expired,commentary:youtube_transcript,youtube_transcript:asx-daily-rundown-atlassian-lifts-tech-a2-milk-recall-shock-accent-group-all-time-lows:88e960386e503796,0.74,0.82,short,2026-05-04T08:24:20+00:00,2026-05-04T08:24:20+00:00,,fanout_0018,41,candidate_expire_duplicate_fanout,dry_run_expire
403,MARINO AND CO,catalyst,ATLASSIAN's better-than-expected results,active,expired,commentary:youtube_transcript,youtube_transcript:asx-daily-rundown-atlassian-lifts-tech-a2-milk-recall-shock-accent-group-all-time-lows:88e960386e503796,0.74,0.82,short,2026-05-04T08:24:20+00:00,2026-05-04T08:24:20+00:00,,fanout_0018,41,candidate_expire_duplicate_fanout,dry_run_expire
404,CLARITY,catalyst,ATLASSIAN's better-than-expected results,active,expired,commentary:youtube_transcript,youtube_transcript:asx-daily-rundown-atlassian-lifts-tech-a2-milk-recall-shock-accent-group-all-time-lows:88e960386e503796,0.74,0.82,short,2026-05-04T08:24:20+00:00,2026-05-04T08:24:20+00:00,,fanout_0018,41,candidate_expire_duplicate_fanout,dry_run_expire
405,WIN MEDALS,catalyst,ATLASSIAN's better-than-expected results,active,expired,commentary:youtube_transcript,youtube_transcript:asx-daily-rundown-atlassian-lifts-tech-a2-milk-recall-shock-accent-group-all-time-lows:88e960386e503796,0.74,0.82,short,2026-05-04T08:24:20+00:00,2026-05-04T08:24:20+00:00,,fanout_0018,41,candidate_expire_duplicate_fanout,dry_run_expire
406,AXEN GROUP,catalyst,ATLASSIAN's better-than-expected results,active,expired,commentary:youtube_transcript,youtube_transcript:asx-daily-rundown-atlassian-lifts-tech-a2-milk-recall-shock-accent-group-all-time-lows:88e960386e503796,0.74,0.82,short,2026-05-04T08:24:20+00:00,2026-05-04T08:24:20+00:00,,fanout_0018,41,candidate_expire_duplicate_fanout,dry_run_expire
407,STRICKLAND METALS,catalyst,ATLASSIAN's better-than-expected results,active,expired,commentary:youtube_transcript,youtube_transcript:asx-daily-rundown-atlassian-lifts-tech-a2-milk-recall-shock-accent-group-all-time-lows:88e960386e503796,0.74,0.82,short,2026-05-04T08:24:21+00:00,2026-05-04T08:24:21+00:00,,fanout_0018,41,candidate_expire_duplicate_fanout,dry_run_expire
408,LION TOWN,catalyst,ATLASSIAN's better-than-expected results,active,expired,commentary:youtube_transcript,youtube_transcript:asx-daily-rundown-atlassian-lifts-tech-a2-milk-recall-shock-accent-group-all-time-lows:88e960386e503796,0.74,0.82,short,2026-05-04T08:24:21+00:00,2026-05-04T08:24:21+00:00,,fanout_0018,41,candidate_expire_duplicate_fanout,dry_run_expire
409,IMRO,catalyst,ATLASSIAN's better-than-expected results,active,expired,commentary:youtube_transcript,youtube_transcript:asx-daily-rundown-atlassian-lifts-tech-a2-milk-recall-shock-accent-group-all-time-lows:88e960386e503796,0.74,0.82,short,2026-05-04T08:24:22+00:00,2026-05-04T08:24:22+00:00,,fanout_0018,41,candidate_expire_duplicate_fanout,dry_run_expire
410,PENINSULA,catalyst,ATLASSIAN's better-than-expected results,active,expired,commentary:youtube_transcript,youtube_transcript:asx-daily-rundown-atlassian-lifts-tech-a2-milk-recall-shock-accent-group-all-time-lows:88e960386e503796,0.74,0.82,short,2026-05-04T08:24:22+00:00,2026-05-04T08:24:22+00:00,,fanout_0018,41,candidate_expire_duplicate_fanout,dry_run_expire
411,BRAIN CHIP,catalyst,ATLASSIAN's better-than-expected results,active,expired,commentary:youtube_transcript,youtube_transcript:asx-daily-rundown-atlassian-lifts-tech-a2-milk-recall-shock-accent-group-all-time-lows:88e960386e503796,0.74,0.82,short,2026-05-04T08:24:22+00:00,2026-05-04T08:24:22+00:00,,fanout_0018,41,candidate_expire_duplicate_fanout,dry_run_expire
412,VERITUS,catalyst,ATLASSIAN's better-than-expected results,active,expired,commentary:youtube_transcript,youtube_transcript:asx-daily-rundown-atlassian-lifts-tech-a2-milk-recall-shock-accent-group-all-time-lows:88e960386e503796,0.74,0.82,short,2026-05-04T08:24:22+00:00,2026-05-04T08:24:22+00:00,,fanout_0018,41,candidate_expire_duplicate_fanout,dry_run_expire
413,PETTIMED,catalyst,ATLASSIAN's better-than-expected results,active,expired,commentary:youtube_transcript,youtube_transcript:asx-daily-rundown-atlassian-lifts-tech-a2-milk-recall-shock-accent-group-all-time-lows:88e960386e503796,0.74,0.82,short,2026-05-04T08:24:22+00:00,2026-05-04T08:24:22+00:00,,fanout_0018,41,candidate_expire_duplicate_fanout,dry_run_expire
414,IMPEDIMED,catalyst,ATLASSIAN's better-than-expected results,active,expired,commentary:youtube_transcript,youtube_transcript:asx-daily-rundown-atlassian-lifts-tech-a2-milk-recall-shock-accent-group-all-time-lows:88e960386e503796,0.74,0.82,short,2026-05-04T08:24:22+00:00,2026-05-04T08:24:22+00:00,,fanout_0018,41,candidate_expire_duplicate_fanout,dry_run_expire
415,INDE,catalyst,ATLASSIAN's better-than-expected results,active,expired,commentary:youtube_transcript,youtube_transcript:asx-daily-rundown-atlassian-lifts-tech-a2-milk-recall-shock-accent-group-all-time-lows:88e960386e503796,0.74,0.82,short,2026-05-04T08:24:22+00:00,2026-05-04T08:24:22+00:00,,fanout_0018,41,candidate_expire_duplicate_fanout,dry_run_expire
416,PETT,catalyst,ATLASSIAN's better-than-expected results,active,expired,commentary:youtube_transcript,youtube_transcript:asx-daily-rundown-atlassian-lifts-tech-a2-milk-recall-shock-accent-group-all-time-lows:88e960386e503796,0.74,0.82,short,2026-05-04T08:24:22+00:00,2026-05-04T08:24:22+00:00,,fanout_0018,41,candidate_expire_duplicate_fanout,dry_run_expire
417,C79,catalyst,ATLASSIAN's better-than-expected results,active,expired,commentary:youtube_transcript,youtube_transcript:asx-daily-rundown-atlassian-lifts-tech-a2-milk-recall-shock-accent-group-all-time-lows:88e960386e503796,0.74,0.82,short,2026-05-04T08:24:22+00:00,2026-05-04T08:24:22+00:00,,fanout_0018,41,candidate_expire_duplicate_fanout,dry_run_expire
418,A2M,catalyst,ATLASSIAN's better-than-expected results,active,expired,commentary:youtube_transcript,youtube_transcript:asx-daily-rundown-atlassian-lifts-tech-a2-milk-recall-shock-accent-group-all-time-lows:88e960386e503796,0.74,0.82,short,2026-05-04T08:24:22+00:00,2026-05-04T08:24:22+00:00,,fanout_0018,41,candidate_expire_duplicate_fanout,dry_run_expire
419,ACCENT GROUP,catalyst,ATLASSIAN's better-than-expected results,active,expired,commentary:youtube_transcript,youtube_transcript:asx-daily-rundown-atlassian-lifts-tech-a2-milk-recall-shock-accent-group-all-time-lows:88e960386e503796,0.74,0.82,short,2026-05-04T08:24:22+00:00,2026-05-04T08:24:22+00:00,,fanout_0018,41,candidate_expire_duplicate_fanout,dry_run_expire
447,ASX,catalyst,Positive trading update for Chrysos Corporation,active,expired,commentary:youtube_transcript,youtube_transcript:asx-daily-rundown-atlassian-lifts-tech-a2-milk-recall-shock-accent-group-all-time-lows:88e960386e503796,0.72,0.82,short,2026-05-04T08:24:27+00:00,2026-05-04T08:24:27+00:00,,fanout_0016,42,candidate_expire_duplicate_fanout,dry_run_expire
448,TXT,catalyst,Positive trading update for Chrysos Corporation,active,expired,commentary:youtube_transcript,youtube_transcript:asx-daily-rundown-atlassian-lifts-tech-a2-milk-recall-shock-accent-group-all-time-lows:88e960386e503796,0.72,0.82,short,2026-05-04T08:24:27+00:00,2026-05-04T08:24:27+00:00,,fanout_0016,42,candidate_expire_duplicate_fanout,dry_run_expire
449,XTX,catalyst,Positive trading update for Chrysos Corporation,active,expired,commentary:youtube_transcript,youtube_transcript:asx-daily-rundown-atlassian-lifts-tech-a2-milk-recall-shock-accent-group-all-time-lows:88e960386e503796,0.72,0.82,short,2026-05-04T08:24:28+00:00,2026-05-04T08:24:28+00:00,,fanout_0016,42,candidate_expire_duplicate_fanout,dry_run_expire
450,A2 MILK,catalyst,Positive trading update for Chrysos Corporation,active,expired,commentary:youtube_transcript,youtube_transcript:asx-daily-rundown-atlassian-lifts-tech-a2-milk-recall-shock-accent-group-all-time-lows:88e960386e503796,0.72,0.82,short,2026-05-04T08:24:28+00:00,2026-05-04T08:24:28+00:00,,fanout_0016,42,candidate_expire_duplicate_fanout,dry_run_expire
451,ENDEAVOR GROUP,catalyst,Positive trading update for Chrysos Corporation,active,expired,commentary:youtube_transcript,youtube_transcript:asx-daily-rundown-atlassian-lifts-tech-a2-milk-recall-shock-accent-group-all-time-lows:88e960386e503796,0.72,0.82,short,2026-05-04T08:24:28+00:00,2026-05-04T08:24:28+00:00,,fanout_0016,42,candidate_expire_duplicate_fanout,dry_run_expire
452,ATLASSIAN,catalyst,Positive trading update for Chrysos Corporation,active,expired,commentary:youtube_transcript,youtube_transcript:asx-daily-rundown-atlassian-lifts-tech-a2-milk-recall-shock-accent-group-all-time-lows:88e960386e503796,0.72,0.82,short,2026-05-04T08:24:28+00:00,2026-05-04T08:24:28+00:00,,fanout_0016,42,candidate_expire_duplicate_fanout,dry_run_expire
453,NAB,catalyst,Positive trading update for Chrysos Corporation,active,expired,commentary:youtube_transcript,youtube_transcript:asx-daily-rundown-atlassian-lifts-tech-a2-milk-recall-shock-accent-group-all-time-lows:88e960386e503796,0.72,0.82,short,2026-05-04T08:24:28+00:00,2026-05-04T08:24:28+00:00,,fanout_0016,42,candidate_expire_duplicate_fanout,dry_run_expire
454,BHP,catalyst,Positive trading update for Chrysos Corporation,active,expired,commentary:youtube_transcript,youtube_transcript:asx-daily-rundown-atlassian-lifts-tech-a2-milk-recall-shock-accent-group-all-time-lows:88e960386e503796,0.72,0.82,short,2026-05-04T08:24:28+00:00,2026-05-04T08:24:28+00:00,,fanout_0016,42,candidate_expire_duplicate_fanout,dry_run_expire
455,KEY PETROLEUM,catalyst,Positive trading update for Chrysos Corporation,active,expired,commentary:youtube_transcript,youtube_transcript:asx-daily-rundown-atlassian-lifts-tech-a2-milk-recall-shock-accent-group-all-time-lows:88e960386e503796,0.72,0.82,short,2026-05-04T08:24:29+00:00,2026-05-04T08:24:29+00:00,,fanout_0016,42,candidate_expire_duplicate_fanout,dry_run_expire
457,MARINO AND CO,catalyst,Positive trading update for Chrysos Corporation,active,expired,commentary:youtube_transcript,youtube_transcript:asx-daily-rundown-atlassian-lifts-tech-a2-milk-recall-shock-accent-group-all-time-lows:88e960386e503796,0.72,0.82,short,2026-05-04T08:24:29+00:00,2026-05-04T08:24:29+00:00,,fanout_0016,42,candidate_expire_duplicate_fanout,dry_run_expire
458,CLARITY,catalyst,Positive trading update for Chrysos Corporation,active,expired,commentary:youtube_transcript,youtube_transcript:asx-daily-rundown-atlassian-lifts-tech-a2-milk-recall-shock-accent-group-all-time-lows:88e960386e503796,0.72,0.82,short,2026-05-04T08:24:29+00:00,2026-05-04T08:24:29+00:00,,fanout_0016,42,candidate_expire_duplicate_fanout,dry_run_expire
459,WIN MEDALS,catalyst,Positive trading update for Chrysos Corporation,active,expired,commentary:youtube_transcript,youtube_transcript:asx-daily-rundown-atlassian-lifts-tech-a2-milk-recall-shock-accent-group-all-time-lows:88e960386e503796,0.72,0.82,short,2026-05-04T08:24:29+00:00,2026-05-04T08:24:29+00:00,,fanout_0016,42,candidate_expire_duplicate_fanout,dry_run_expire
460,AXEN GROUP,catalyst,Positive trading update for Chrysos Corporation,active,expired,commentary:youtube_transcript,youtube_transcript:asx-daily-rundown-atlassian-lifts-tech-a2-milk-recall-shock-accent-group-all-time-lows:88e960386e503796,0.72,0.82,short,2026-05-04T08:24:29+00:00,2026-05-04T08:24:29+00:00,,fanout_0016,42,candidate_expire_duplicate_fanout,dry_run_expire
461,STRICKLAND METALS,catalyst,Positive trading update for Chrysos Corporation,active,expired,commentary:youtube_transcript,youtube_transcript:asx-daily-rundown-atlassian-lifts-tech-a2-milk-recall-shock-accent-group-all-time-lows:88e960386e503796,0.72,0.82,short,2026-05-04T08:24:29+00:00,2026-05-04T08:24:29+00:00,,fanout_0016,42,candidate_expire_duplicate_fanout,dry_run_expire
462,LION TOWN,catalyst,Positive trading update for Chrysos Corporation,active,expired,commentary:youtube_transcript,youtube_transcript:asx-daily-rundown-atlassian-lifts-tech-a2-milk-recall-shock-accent-group-all-time-lows:88e960386e503796,0.72,0.82,short,2026-05-04T08:24:29+00:00,2026-05-04T08:24:29+00:00,,fanout_0016,42,candidate_expire_duplicate_fanout,dry_run_expire
463,IMRO,catalyst,Positive trading update for Chrysos Corporation,active,expired,commentary:youtube_transcript,youtube_transcript:asx-daily-rundown-atlassian-lifts-tech-a2-milk-recall-shock-accent-group-all-time-lows:88e960386e503796,0.72,0.82,short,2026-05-04T08:24:29+00:00,2026-05-04T08:24:29+00:00,,fanout_0016,42,candidate_expire_duplicate_fanout,dry_run_expire
464,PENINSULA,catalyst,Positive trading update for Chrysos Corporation,active,expired,commentary:youtube_transcript,youtube_transcript:asx-daily-rundown-atlassian-lifts-tech-a2-milk-recall-shock-accent-group-all-time-lows:88e960386e503796,0.72,0.82,short,2026-05-04T08:24:30+00:00,2026-05-04T08:24:30+00:00,,fanout_0016,42,candidate_expire_duplicate_fanout,dry_run_expire
465,BRAIN CHIP,catalyst,Positive trading update for Chrysos Corporation,active,expired,commentary:youtube_transcript,youtube_transcript:asx-daily-rundown-atlassian-lifts-tech-a2-milk-recall-shock-accent-group-all-time-lows:88e960386e503796,0.72,0.82,short,2026-05-04T08:24:30+00:00,2026-05-04T08:24:30+00:00,,fanout_0016,42,candidate_expire_duplicate_fanout,dry_run_expire
466,VERITUS,catalyst,Positive trading update for Chrysos Corporation,active,expired,commentary:youtube_transcript,youtube_transcript:asx-daily-rundown-atlassian-lifts-tech-a2-milk-recall-shock-accent-group-all-time-lows:88e960386e503796,0.72,0.82,short,2026-05-04T08:24:30+00:00,2026-05-04T08:24:30+00:00,,fanout_0016,42,candidate_expire_duplicate_fanout,dry_run_expire
467,PETTIMED,catalyst,Positive trading update for Chrysos Corporation,active,expired,commentary:youtube_transcript,youtube_transcript:asx-daily-rundown-atlassian-lifts-tech-a2-milk-recall-shock-accent-group-all-time-lows:88e960386e503796,0.72,0.82,short,2026-05-04T08:24:31+00:00,2026-05-04T08:24:31+00:00,,fanout_0016,42,candidate_expire_duplicate_fanout,dry_run_expire
468,IMPEDIMED,catalyst,Positive trading update for Chrysos Corporation,active,expired,commentary:youtube_transcript,youtube_transcript:asx-daily-rundown-atlassian-lifts-tech-a2-milk-recall-shock-accent-group-all-time-lows:88e960386e503796,0.72,0.82,short,2026-05-04T08:24:31+00:00,2026-05-04T08:24:31+00:00,,fanout_0016,42,candidate_expire_duplicate_fanout,dry_run_expire
469,INDE,catalyst,Positive trading update for Chrysos Corporation,active,expired,commentary:youtube_transcript,youtube_transcript:asx-daily-rundown-atlassian-lifts-tech-a2-milk-recall-shock-accent-group-all-time-lows:88e960386e503796,0.72,0.82,short,2026-05-04T08:24:31+00:00,2026-05-04T08:24:31+00:00,,fanout_0016,42,candidate_expire_duplicate_fanout,dry_run_expire
470,PETT,catalyst,Positive trading update for Chrysos Corporation,active,expired,commentary:youtube_transcript,youtube_transcript:asx-daily-rundown-atlassian-lifts-tech-a2-milk-recall-shock-accent-group-all-time-lows:88e960386e503796,0.72,0.82,short,2026-05-04T08:24:31+00:00,2026-05-04T08:24:31+00:00,,fanout_0016,42,candidate_expire_duplicate_fanout,dry_run_expire
472,A2M,catalyst,Positive trading update for Chrysos Corporation,active,expired,commentary:youtube_transcript,youtube_transcript:asx-daily-rundown-atlassian-lifts-tech-a2-milk-recall-shock-accent-group-all-time-lows:88e960386e503796,0.72,0.82,short,2026-05-04T08:24:32+00:00,2026-05-04T08:24:32+00:00,,fanout_0016,42,candidate_expire_duplicate_fanout,dry_run_expire
473,ACCENT GROUP,catalyst,Positive trading update for Chrysos Corporation,active,expired,commentary:youtube_transcript,youtube_transcript:asx-daily-rundown-atlassian-lifts-tech-a2-milk-recall-shock-accent-group-all-time-lows:88e960386e503796,0.72,0.82,short,2026-05-04T08:24:32+00:00,2026-05-04T08:24:32+00:00,,fanout_0016,42,candidate_expire_duplicate_fanout,dry_run_expire
474,ASX,catalyst,A2 MILK's product recall,active,expired,commentary:youtube_transcript,youtube_transcript:asx-daily-rundown-atlassian-lifts-tech-a2-milk-recall-shock-accent-group-all-time-lows:88e960386e503796,0.7,0.74,short,2026-05-04T08:24:32+00:00,2026-05-04T08:24:32+00:00,,fanout_0014,42,candidate_expire_duplicate_fanout,dry_run_expire
475,TXT,catalyst,A2 MILK's product recall,active,expired,commentary:youtube_transcript,youtube_transcript:asx-daily-rundown-atlassian-lifts-tech-a2-milk-recall-shock-accent-group-all-time-lows:88e960386e503796,0.7,0.74,short,2026-05-04T08:24:33+00:00,2026-05-04T08:24:33+00:00,,fanout_0014,42,candidate_expire_duplicate_fanout,dry_run_expire
476,XTX,catalyst,A2 MILK's product recall,active,expired,commentary:youtube_transcript,youtube_transcript:asx-daily-rundown-atlassian-lifts-tech-a2-milk-recall-shock-accent-group-all-time-lows:88e960386e503796,0.7,0.74,short,2026-05-04T08:24:33+00:00,2026-05-04T08:24:33+00:00,,fanout_0014,42,candidate_expire_duplicate_fanout,dry_run_expire
478,ENDEAVOR GROUP,catalyst,A2 MILK's product recall,active,expired,commentary:youtube_transcript,youtube_transcript:asx-daily-rundown-atlassian-lifts-tech-a2-milk-recall-shock-accent-group-all-time-lows:88e960386e503796,0.7,0.74,short,2026-05-04T08:24:33+00:00,2026-05-04T08:24:33+00:00,,fanout_0014,42,candidate_expire_duplicate_fanout,dry_run_expire
479,ATLASSIAN,catalyst,A2 MILK's product recall,active,expired,commentary:youtube_transcript,youtube_transcript:asx-daily-rundown-atlassian-lifts-tech-a2-milk-recall-shock-accent-group-all-time-lows:88e960386e503796,0.7,0.74,short,2026-05-04T08:24:34+00:00,2026-05-04T08:24:34+00:00,,fanout_0014,42,candidate_expire_duplicate_fanout,dry_run_expire
480,NAB,catalyst,A2 MILK's product recall,active,expired,commentary:youtube_transcript,youtube_transcript:asx-daily-rundown-atlassian-lifts-tech-a2-milk-recall-shock-accent-group-all-time-lows:88e960386e503796,0.7,0.74,short,2026-05-04T08:24:34+00:00,2026-05-04T08:24:34+00:00,,fanout_0014,42,candidate_expire_duplicate_fanout,dry_run_expire
481,BHP,catalyst,A2 MILK's product recall,active,expired,commentary:youtube_transcript,youtube_transcript:asx-daily-rundown-atlassian-lifts-tech-a2-milk-recall-shock-accent-group-all-time-lows:88e960386e503796,0.7,0.74,short,2026-05-04T08:24:34+00:00,2026-05-04T08:24:34+00:00,,fanout_0014,42,candidate_expire_duplicate_fanout,dry_run_expire
482,KEY PETROLEUM,catalyst,A2 MILK's product recall,active,expired,commentary:youtube_transcript,youtube_transcript:asx-daily-rundown-atlassian-lifts-tech-a2-milk-recall-shock-accent-group-all-time-lows:88e960386e503796,0.7,0.74,short,2026-05-04T08:24:34+00:00,2026-05-04T08:24:34+00:00,,fanout_0014,42,candidate_expire_duplicate_fanout,dry_run_expire
483,GCM CORPORATION,catalyst,A2 MILK's product recall,active,expired,commentary:youtube_transcript,youtube_transcript:asx-daily-rundown-atlassian-lifts-tech-a2-milk-recall-shock-accent-group-all-time-lows:88e960386e503796,0.7,0.74,short,2026-05-04T08:24:34+00:00,2026-05-04T08:24:34+00:00,,fanout_0014,42,candidate_expire_duplicate_fanout,dry_run_expire
484,MARINO AND CO,catalyst,A2 MILK's product recall,active,expired,commentary:youtube_transcript,youtube_transcript:asx-daily-rundown-atlassian-lifts-tech-a2-milk-recall-shock-accent-group-all-time-lows:88e960386e503796,0.7,0.74,short,2026-05-04T08:24:34+00:00,2026-05-04T08:24:34+00:00,,fanout_0014,42,candidate_expire_duplicate_fanout,dry_run_expire
485,CLARITY,catalyst,A2 MILK's product recall,active,expired,commentary:youtube_transcript,youtube_transcript:asx-daily-rundown-atlassian-lifts-tech-a2-milk-recall-shock-accent-group-all-time-lows:88e960386e503796,0.7,0.74,short,2026-05-04T08:24:35+00:00,2026-05-04T08:24:35+00:00,,fanout_0014,42,candidate_expire_duplicate_fanout,dry_run_expire
486,WIN MEDALS,catalyst,A2 MILK's product recall,active,expired,commentary:youtube_transcript,youtube_transcript:asx-daily-rundown-atlassian-lifts-tech-a2-milk-recall-shock-accent-group-all-time-lows:88e960386e503796,0.7,0.74,short,2026-05-04T08:24:35+00:00,2026-05-04T08:24:35+00:00,,fanout_0014,42,candidate_expire_duplicate_fanout,dry_run_expire
487,AXEN GROUP,catalyst,A2 MILK's product recall,active,expired,commentary:youtube_transcript,youtube_transcript:asx-daily-rundown-atlassian-lifts-tech-a2-milk-recall-shock-accent-group-all-time-lows:88e960386e503796,0.7,0.74,short,2026-05-04T08:24:35+00:00,2026-05-04T08:24:35+00:00,,fanout_0014,42,candidate_expire_duplicate_fanout,dry_run_expire
488,STRICKLAND METALS,catalyst,A2 MILK's product recall,active,expired,commentary:youtube_transcript,youtube_transcript:asx-daily-rundown-atlassian-lifts-tech-a2-milk-recall-shock-accent-group-all-time-lows:88e960386e503796,0.7,0.74,short,2026-05-04T08:24:35+00:00,2026-05-04T08:24:35+00:00,,fanout_0014,42,candidate_expire_duplicate_fanout,dry_run_expire
489,LION TOWN,catalyst,A2 MILK's product recall,active,expired,commentary:youtube_transcript,youtube_transcript:asx-daily-rundown-atlassian-lifts-tech-a2-milk-recall-shock-accent-group-all-time-lows:88e960386e503796,0.7,0.74,short,2026-05-04T08:24:35+00:00,2026-05-04T08:24:35+00:00,,fanout_0014,42,candidate_expire_duplicate_fanout,dry_run_expire
490,IMRO,catalyst,A2 MILK's product recall,active,expired,commentary:youtube_transcript,youtube_transcript:asx-daily-rundown-atlassian-lifts-tech-a2-milk-recall-shock-accent-group-all-time-lows:88e960386e503796,0.7,0.74,short,2026-05-04T08:24:35+00:00,2026-05-04T08:24:35+00:00,,fanout_0014,42,candidate_expire_duplicate_fanout,dry_run_expire
491,PENINSULA,catalyst,A2 MILK's product recall,active,expired,commentary:youtube_transcript,youtube_transcript:asx-daily-rundown-atlassian-lifts-tech-a2-milk-recall-shock-accent-group-all-time-lows:88e960386e503796,0.7,0.74,short,2026-05-04T08:24:35+00:00,2026-05-04T08:24:35+00:00,,fanout_0014,42,candidate_expire_duplicate_fanout,dry_run_expire
492,BRAIN CHIP,catalyst,A2 MILK's product recall,active,expired,commentary:youtube_transcript,youtube_transcript:asx-daily-rundown-atlassian-lifts-tech-a2-milk-recall-shock-accent-group-all-time-lows:88e960386e503796,0.7,0.74,short,2026-05-04T08:24:35+00:00,2026-05-04T08:24:35+00:00,,fanout_0014,42,candidate_expire_duplicate_fanout,dry_run_expire
493,VERITUS,catalyst,A2 MILK's product recall,active,expired,commentary:youtube_transcript,youtube_transcript:asx-daily-rundown-atlassian-lifts-tech-a2-milk-recall-shock-accent-group-all-time-lows:88e960386e503796,0.7,0.74,short,2026-05-04T08:24:36+00:00,2026-05-04T08:24:36+00:00,,fanout_0014,42,candidate_expire_duplicate_fanout,dry_run_expire
494,PETTIMED,catalyst,A2 MILK's product recall,active,expired,commentary:youtube_transcript,youtube_transcript:asx-daily-rundown-atlassian-lifts-tech-a2-milk-recall-shock-accent-group-all-time-lows:88e960386e503796,0.7,0.74,short,2026-05-04T08:24:36+00:00,2026-05-04T08:24:36+00:00,,fanout_0014,42,candidate_expire_duplicate_fanout,dry_run_expire
495,IMPEDIMED,catalyst,A2 MILK's product recall,active,expired,commentary:youtube_transcript,youtube_transcript:asx-daily-rundown-atlassian-lifts-tech-a2-milk-recall-shock-accent-group-all-time-lows:88e960386e503796,0.7,0.74,short,2026-05-04T08:24:36+00:00,2026-05-04T08:24:36+00:00,,fanout_0014,42,candidate_expire_duplicate_fanout,dry_run_expire
496,INDE,catalyst,A2 MILK's product recall,active,expired,commentary:youtube_transcript,youtube_transcript:asx-daily-rundown-atlassian-lifts-tech-a2-milk-recall-shock-accent-group-all-time-lows:88e960386e503796,0.7,0.74,short,2026-05-04T08:24:37+00:00,2026-05-04T08:24:37+00:00,,fanout_0014,42,candidate_expire_duplicate_fanout,dry_run_expire
497,PETT,catalyst,A2 MILK's product recall,active,expired,commentary:youtube_transcript,youtube_transcript:asx-daily-rundown-atlassian-lifts-tech-a2-milk-recall-shock-accent-group-all-time-lows:88e960386e503796,0.7,0.74,short,2026-05-04T08:24:37+00:00,2026-05-04T08:24:37+00:00,,fanout_0014,42,candidate_expire_duplicate_fanout,dry_run_expire
498,C79,catalyst,A2 MILK's product recall,active,expired,commentary:youtube_transcript,youtube_transcript:asx-daily-rundown-atlassian-lifts-tech-a2-milk-recall-shock-accent-group-all-time-lows:88e960386e503796,0.7,0.74,short,2026-05-04T08:24:37+00:00,2026-05-04T08:24:37+00:00,,fanout_0014,42,candidate_expire_duplicate_fanout,dry_run_expire
500,ACCENT GROUP,catalyst,A2 MILK's product recall,active,expired,commentary:youtube_transcript,youtube_transcript:asx-daily-rundown-atlassian-lifts-tech-a2-milk-recall-shock-accent-group-all-time-lows:88e960386e503796,0.7,0.74,short,2026-05-04T08:24:37+00:00,2026-05-04T08:24:37+00:00,,fanout_0014,42,candidate_expire_duplicate_fanout,dry_run_expire
501,ASX,catalyst,Voluntary recall of three batches of A2 Platinum USA label infant milk formula manufactured by Liz Sinlay,active,expired,commentary:youtube_transcript,youtube_transcript:asx-daily-rundown-atlassian-lifts-tech-a2-milk-recall-shock-accent-group-all-time-lows:88e960386e503796,0.72,0.82,short,2026-05-04T08:24:37+00:00,2026-05-04T08:24:37+00:00,,fanout_0013,50,candidate_expire_duplicate_fanout,dry_run_expire
502,TXT,catalyst,Voluntary recall of three batches of A2 Platinum USA label infant milk formula manufactured by Liz Sinlay,active,expired,commentary:youtube_transcript,youtube_transcript:asx-daily-rundown-atlassian-lifts-tech-a2-milk-recall-shock-accent-group-all-time-lows:88e960386e503796,0.72,0.82,short,2026-05-04T08:24:37+00:00,2026-05-04T08:24:37+00:00,,fanout_0013,50,candidate_expire_duplicate_fanout,dry_run_expire
503,XTX,catalyst,Voluntary recall of three batches of A2 Platinum USA label infant milk formula manufactured by Liz Sinlay,active,expired,commentary:youtube_transcript,youtube_transcript:asx-daily-rundown-atlassian-lifts-tech-a2-milk-recall-shock-accent-group-all-time-lows:88e960386e503796,0.72,0.82,short,2026-05-04T08:24:37+00:00,2026-05-04T08:24:37+00:00,,fanout_0013,50,candidate_expire_duplicate_fanout,dry_run_expire
505,ENDEAVOR GROUP,catalyst,Voluntary recall of three batches of A2 Platinum USA label infant milk formula manufactured by Liz Sinlay,active,expired,commentary:youtube_transcript,youtube_transcript:asx-daily-rundown-atlassian-lifts-tech-a2-milk-recall-shock-accent-group-all-time-lows:88e960386e503796,0.72,0.82,short,2026-05-04T08:24:38+00:00,2026-05-04T08:24:38+00:00,,fanout_0013,50,candidate_expire_duplicate_fanout,dry_run_expire
506,ATLASSIAN,catalyst,Voluntary recall of three batches of A2 Platinum USA label infant milk formula manufactured by Liz Sinlay,active,expired,commentary:youtube_transcript,youtube_transcript:asx-daily-rundown-atlassian-lifts-tech-a2-milk-recall-shock-accent-group-all-time-lows:88e960386e503796,0.72,0.82,short,2026-05-04T08:24:38+00:00,2026-05-04T08:24:38+00:00,,fanout_0013,50,candidate_expire_duplicate_fanout,dry_run_expire
507,NAB,catalyst,Voluntary recall of three batches of A2 Platinum USA label infant milk formula manufactured by Liz Sinlay,active,expired,commentary:youtube_transcript,youtube_transcript:asx-daily-rundown-atlassian-lifts-tech-a2-milk-recall-shock-accent-group-all-time-lows:88e960386e503796,0.72,0.82,short,2026-05-04T08:24:39+00:00,2026-05-04T08:24:39+00:00,,fanout_0013,50,candidate_expire_duplicate_fanout,dry_run_expire
508,BHP,catalyst,Voluntary recall of three batches of A2 Platinum USA label infant milk formula manufactured by Liz Sinlay,active,expired,commentary:youtube_transcript,youtube_transcript:asx-daily-rundown-atlassian-lifts-tech-a2-milk-recall-shock-accent-group-all-time-lows:88e960386e503796,0.72,0.82,short,2026-05-04T08:24:39+00:00,2026-05-04T08:24:39+00:00,,fanout_0013,50,candidate_expire_duplicate_fanout,dry_run_expire
509,KEY PETROLEUM,catalyst,Voluntary recall of three batches of A2 Platinum USA label infant milk formula manufactured by Liz Sinlay,active,expired,commentary:youtube_transcript,youtube_transcript:asx-daily-rundown-atlassian-lifts-tech-a2-milk-recall-shock-accent-group-all-time-lows:88e960386e503796,0.72,0.82,short,2026-05-04T08:24:39+00:00,2026-05-04T08:24:39+00:00,,fanout_0013,50,candidate_expire_duplicate_fanout,dry_run_expire
510,GCM CORPORATION,catalyst,Voluntary recall of three batches of A2 Platinum USA label infant milk formula manufactured by Liz Sinlay,active,expired,commentary:youtube_transcript,youtube_transcript:asx-daily-rundown-atlassian-lifts-tech-a2-milk-recall-shock-accent-group-all-time-lows:88e960386e503796,0.72,0.82,short,2026-05-04T08:24:39+00:00,2026-05-04T08:24:39+00:00,,fanout_0013,50,candidate_expire_duplicate_fanout,dry_run_expire
511,MARINO AND CO,catalyst,Voluntary recall of three batches of A2 Platinum USA label infant milk formula manufactured by Liz Sinlay,active,expired,commentary:youtube_transcript,youtube_transcript:asx-daily-rundown-atlassian-lifts-tech-a2-milk-recall-shock-accent-group-all-time-lows:88e960386e503796,0.72,0.82,short,2026-05-04T08:24:39+00:00,2026-05-04T08:24:39+00:00,,fanout_0013,50,candidate_expire_duplicate_fanout,dry_run_expire
512,CLARITY,catalyst,Voluntary recall of three batches of A2 Platinum USA label infant milk formula manufactured by Liz Sinlay,active,expired,commentary:youtube_transcript,youtube_transcript:asx-daily-rundown-atlassian-lifts-tech-a2-milk-recall-shock-accent-group-all-time-lows:88e960386e503796,0.72,0.82,short,2026-05-04T08:24:39+00:00,2026-05-04T08:24:39+00:00,,fanout_0013,50,candidate_expire_duplicate_fanout,dry_run_expire
513,WIN MEDALS,catalyst,Voluntary recall of three batches of A2 Platinum USA label infant milk formula manufactured by Liz Sinlay,active,expired,commentary:youtube_transcript,youtube_transcript:asx-daily-rundown-atlassian-lifts-tech-a2-milk-recall-shock-accent-group-all-time-lows:88e960386e503796,0.72,0.82,short,2026-05-04T08:24:39+00:00,2026-05-04T08:24:39+00:00,,fanout_0013,50,candidate_expire_duplicate_fanout,dry_run_expire
514,AXEN GROUP,catalyst,Voluntary recall of three batches of A2 Platinum USA label infant milk formula manufactured by Liz Sinlay,active,expired,commentary:youtube_transcript,youtube_transcript:asx-daily-rundown-atlassian-lifts-tech-a2-milk-recall-shock-accent-group-all-time-lows:88e960386e503796,0.72,0.82,short,2026-05-04T08:24:39+00:00,2026-05-04T08:24:39+00:00,,fanout_0013,50,candidate_expire_duplicate_fanout,dry_run_expire
515,STRICKLAND METALS,catalyst,Voluntary recall of three batches of A2 Platinum USA label infant milk formula manufactured by Liz Sinlay,active,expired,commentary:youtube_transcript,youtube_transcript:asx-daily-rundown-atlassian-lifts-tech-a2-milk-recall-shock-accent-group-all-time-lows:88e960386e503796,0.72,0.82,short,2026-05-04T08:24:39+00:00,2026-05-04T08:24:39+00:00,,fanout_0013,50,candidate_expire_duplicate_fanout,dry_run_expire
516,LION TOWN,catalyst,Voluntary recall of three batches of A2 Platinum USA label infant milk formula manufactured by Liz Sinlay,active,expired,commentary:youtube_transcript,youtube_transcript:asx-daily-rundown-atlassian-lifts-tech-a2-milk-recall-shock-accent-group-all-time-lows:88e960386e503796,0.72,0.82,short,2026-05-04T08:24:39+00:00,2026-05-04T08:24:39+00:00,,fanout_0013,50,candidate_expire_duplicate_fanout,dry_run_expire
517,IMRO,catalyst,Voluntary recall of three batches of A2 Platinum USA label infant milk formula manufactured by Liz Sinlay,active,expired,commentary:youtube_transcript,youtube_transcript:asx-daily-rundown-atlassian-lifts-tech-a2-milk-recall-shock-accent-group-all-time-lows:88e960386e503796,0.72,0.82,short,2026-05-04T08:24:40+00:00,2026-05-04T08:24:40+00:00,,fanout_0013,50,candidate_expire_duplicate_fanout,dry_run_expire
518,PENINSULA,catalyst,Voluntary recall of three batches of A2 Platinum USA label infant milk formula manufactured by Liz Sinlay,active,expired,commentary:youtube_transcript,youtube_transcript:asx-daily-rundown-atlassian-lifts-tech-a2-milk-recall-shock-accent-group-all-time-lows:88e960386e503796,0.72,0.82,short,2026-05-04T08:24:41+00:00,2026-05-04T08:24:41+00:00,,fanout_0013,50,candidate_expire_duplicate_fanout,dry_run_expire
519,BRAIN CHIP,catalyst,Voluntary recall of three batches of A2 Platinum USA label infant milk formula manufactured by Liz Sinlay,active,expired,commentary:youtube_transcript,youtube_transcript:asx-daily-rundown-atlassian-lifts-tech-a2-milk-recall-shock-accent-group-all-time-lows:88e960386e503796,0.72,0.82,short,2026-05-04T08:24:41+00:00,2026-05-04T08:24:41+00:00,,fanout_0013,50,candidate_expire_duplicate_fanout,dry_run_expire
520,VERITUS,catalyst,Voluntary recall of three batches of A2 Platinum USA label infant milk formula manufactured by Liz Sinlay,active,expired,commentary:youtube_transcript,youtube_transcript:asx-daily-rundown-atlassian-lifts-tech-a2-milk-recall-shock-accent-group-all-time-lows:88e960386e503796,0.72,0.82,short,2026-05-04T08:24:41+00:00,2026-05-04T08:24:41+00:00,,fanout_0013,50,candidate_expire_duplicate_fanout,dry_run_expire
521,PETTIMED,catalyst,Voluntary recall of three batches of A2 Platinum USA label infant milk formula manufactured by Liz Sinlay,active,expired,commentary:youtube_transcript,youtube_transcript:asx-daily-rundown-atlassian-lifts-tech-a2-milk-recall-shock-accent-group-all-time-lows:88e960386e503796,0.72,0.82,short,2026-05-04T08:24:42+00:00,2026-05-04T08:24:42+00:00,,fanout_0013,50,candidate_expire_duplicate_fanout,dry_run_expire
522,IMPEDIMED,catalyst,Voluntary recall of three batches of A2 Platinum USA label infant milk formula manufactured by Liz Sinlay,active,expired,commentary:youtube_transcript,youtube_transcript:asx-daily-rundown-atlassian-lifts-tech-a2-milk-recall-shock-accent-group-all-time-lows:88e960386e503796,0.72,0.82,short,2026-05-04T08:24:42+00:00,2026-05-04T08:24:42+00:00,,fanout_0013,50,candidate_expire_duplicate_fanout,dry_run_expire
523,INDE,catalyst,Voluntary recall of three batches of A2 Platinum USA label infant milk formula manufactured by Liz Sinlay,active,expired,commentary:youtube_transcript,youtube_transcript:asx-daily-rundown-atlassian-lifts-tech-a2-milk-recall-shock-accent-group-all-time-lows:88e960386e503796,0.72,0.82,short,2026-05-04T08:24:42+00:00,2026-05-04T08:24:42+00:00,,fanout_0013,50,candidate_expire_duplicate_fanout,dry_run_expire
524,PETT,catalyst,Voluntary recall of three batches of A2 Platinum USA label infant milk formula manufactured by Liz Sinlay,active,expired,commentary:youtube_transcript,youtube_transcript:asx-daily-rundown-atlassian-lifts-tech-a2-milk-recall-shock-accent-group-all-time-lows:88e960386e503796,0.72,0.82,short,2026-05-04T08:24:42+00:00,2026-05-04T08:24:42+00:00,,fanout_0013,50,candidate_expire_duplicate_fanout,dry_run_expire
525,C79,catalyst,Voluntary recall of three batches of A2 Platinum USA label infant milk formula manufactured by Liz Sinlay,active,expired,commentary:youtube_transcript,youtube_transcript:asx-daily-rundown-atlassian-lifts-tech-a2-milk-recall-shock-accent-group-all-time-lows:88e960386e503796,0.72,0.82,short,2026-05-04T08:24:42+00:00,2026-05-04T08:24:42+00:00,,fanout_0013,50,candidate_expire_duplicate_fanout,dry_run_expire
527,ACCENT GROUP,catalyst,Voluntary recall of three batches of A2 Platinum USA label infant milk formula manufactured by Liz Sinlay,active,expired,commentary:youtube_transcript,youtube_transcript:asx-daily-rundown-atlassian-lifts-tech-a2-milk-recall-shock-accent-group-all-time-lows:88e960386e503796,0.72,0.82,short,2026-05-04T08:24:42+00:00,2026-05-04T08:24:42+00:00,,fanout_0013,50,candidate_expire_duplicate_fanout,dry_run_expire
528,ASX,catalyst,ACCENT GROUP's downgrade announcement,active,expired,commentary:youtube_transcript,youtube_transcript:asx-daily-rundown-atlassian-lifts-tech-a2-milk-recall-shock-accent-group-all-time-lows:88e960386e503796,0.72,0.91,short,2026-05-04T08:24:42+00:00,2026-05-04T08:24:42+00:00,,fanout_0004,50,candidate_expire_duplicate_fanout,dry_run_expire
529,TXT,catalyst,ACCENT GROUP's downgrade announcement,active,expired,commentary:youtube_transcript,youtube_transcript:asx-daily-rundown-atlassian-lifts-tech-a2-milk-recall-shock-accent-group-all-time-lows:88e960386e503796,0.72,0.91,short,2026-05-04T08:24:42+00:00,2026-05-04T08:24:42+00:00,,fanout_0004,50,candidate_expire_duplicate_fanout,dry_run_expire
530,XTX,catalyst,ACCENT GROUP's downgrade announcement,active,expired,commentary:youtube_transcript,youtube_transcript:asx-daily-rundown-atlassian-lifts-tech-a2-milk-recall-shock-accent-group-all-time-lows:88e960386e503796,0.72,0.91,short,2026-05-04T08:24:42+00:00,2026-05-04T08:24:42+00:00,,fanout_0004,50,candidate_expire_duplicate_fanout,dry_run_expire
531,A2 MILK,catalyst,ACCENT GROUP's downgrade announcement,active,expired,commentary:youtube_transcript,youtube_transcript:asx-daily-rundown-atlassian-lifts-tech-a2-milk-recall-shock-accent-group-all-time-lows:88e960386e503796,0.72,0.91,short,2026-05-04T08:24:42+00:00,2026-05-04T08:24:42+00:00,,fanout_0004,50,candidate_expire_duplicate_fanout,dry_run_expire
532,ENDEAVOR GROUP,catalyst,ACCENT GROUP's downgrade announcement,active,expired,commentary:youtube_transcript,youtube_transcript:asx-daily-rundown-atlassian-lifts-tech-a2-milk-recall-shock-accent-group-all-time-lows:88e960386e503796,0.72,0.91,short,2026-05-04T08:24:43+00:00,2026-05-04T08:24:43+00:00,,fanout_0004,50,candidate_expire_duplicate_fanout,dry_run_expire
533,ATLASSIAN,catalyst,ACCENT GROUP's downgrade announcement,active,expired,commentary:youtube_transcript,youtube_transcript:asx-daily-rundown-atlassian-lifts-tech-a2-milk-recall-shock-accent-group-all-time-lows:88e960386e503796,0.72,0.91,short,2026-05-04T08:24:44+00:00,2026-05-04T08:24:44+00:00,,fanout_0004,50,candidate_expire_duplicate_fanout,dry_run_expire
534,NAB,catalyst,ACCENT GROUP's downgrade announcement,active,expired,commentary:youtube_transcript,youtube_transcript:asx-daily-rundown-atlassian-lifts-tech-a2-milk-recall-shock-accent-group-all-time-lows:88e960386e503796,0.72,0.91,short,2026-05-04T08:24:44+00:00,2026-05-04T08:24:44+00:00,,fanout_0004,50,candidate_expire_duplicate_fanout,dry_run_expire
535,BHP,catalyst,ACCENT GROUP's downgrade announcement,active,expired,commentary:youtube_transcript,youtube_transcript:asx-daily-rundown-atlassian-lifts-tech-a2-milk-recall-shock-accent-group-all-time-lows:88e960386e503796,0.72,0.91,short,2026-05-04T08:24:44+00:00,2026-05-04T08:24:44+00:00,,fanout_0004,50,candidate_expire_duplicate_fanout,dry_run_expire
536,KEY PETROLEUM,catalyst,ACCENT GROUP's downgrade announcement,active,expired,commentary:youtube_transcript,youtube_transcript:asx-daily-rundown-atlassian-lifts-tech-a2-milk-recall-shock-accent-group-all-time-lows:88e960386e503796,0.72,0.91,short,2026-05-04T08:24:44+00:00,2026-05-04T08:24:44+00:00,,fanout_0004,50,candidate_expire_duplicate_fanout,dry_run_expire
537,GCM CORPORATION,catalyst,ACCENT GROUP's downgrade announcement,active,expired,commentary:youtube_transcript,youtube_transcript:asx-daily-rundown-atlassian-lifts-tech-a2-milk-recall-shock-accent-group-all-time-lows:88e960386e503796,0.72,0.91,short,2026-05-04T08:24:44+00:00,2026-05-04T08:24:44+00:00,,fanout_0004,50,candidate_expire_duplicate_fanout,dry_run_expire
538,MARINO AND CO,catalyst,ACCENT GROUP's downgrade announcement,active,expired,commentary:youtube_transcript,youtube_transcript:asx-daily-rundown-atlassian-lifts-tech-a2-milk-recall-shock-accent-group-all-time-lows:88e960386e503796,0.72,0.91,short,2026-05-04T08:24:44+00:00,2026-05-04T08:24:44+00:00,,fanout_0004,50,candidate_expire_duplicate_fanout,dry_run_expire
539,CLARITY,catalyst,ACCENT GROUP's downgrade announcement,active,expired,commentary:youtube_transcript,youtube_transcript:asx-daily-rundown-atlassian-lifts-tech-a2-milk-recall-shock-accent-group-all-time-lows:88e960386e503796,0.72,0.91,short,2026-05-04T08:24:44+00:00,2026-05-04T08:24:44+00:00,,fanout_0004,50,candidate_expire_duplicate_fanout,dry_run_expire
540,WIN MEDALS,catalyst,ACCENT GROUP's downgrade announcement,active,expired,commentary:youtube_transcript,youtube_transcript:asx-daily-rundown-atlassian-lifts-tech-a2-milk-recall-shock-accent-group-all-time-lows:88e960386e503796,0.72,0.91,short,2026-05-04T08:24:44+00:00,2026-05-04T08:24:44+00:00,,fanout_0004,50,candidate_expire_duplicate_fanout,dry_run_expire
541,AXEN GROUP,catalyst,ACCENT GROUP's downgrade announcement,active,expired,commentary:youtube_transcript,youtube_transcript:asx-daily-rundown-atlassian-lifts-tech-a2-milk-recall-shock-accent-group-all-time-lows:88e960386e503796,0.72,0.91,short,2026-05-04T08:24:44+00:00,2026-05-04T08:24:44+00:00,,fanout_0004,50,candidate_expire_duplicate_fanout,dry_run_expire
542,STRICKLAND METALS,catalyst,ACCENT GROUP's downgrade announcement,active,expired,commentary:youtube_transcript,youtube_transcript:asx-daily-rundown-atlassian-lifts-tech-a2-milk-recall-shock-accent-group-all-time-lows:88e960386e503796,0.72,0.91,short,2026-05-04T08:24:44+00:00,2026-05-04T08:24:44+00:00,,fanout_0004,50,candidate_expire_duplicate_fanout,dry_run_expire
543,LION TOWN,catalyst,ACCENT GROUP's downgrade announcement,active,expired,commentary:youtube_transcript,youtube_transcript:asx-daily-rundown-atlassian-lifts-tech-a2-milk-recall-shock-accent-group-all-time-lows:88e960386e503796,0.72,0.91,short,2026-05-04T08:24:44+00:00,2026-05-04T08:24:44+00:00,,fanout_0004,50,candidate_expire_duplicate_fanout,dry_run_expire
544,IMRO,catalyst,ACCENT GROUP's downgrade announcement,active,expired,commentary:youtube_transcript,youtube_transcript:asx-daily-rundown-atlassian-lifts-tech-a2-milk-recall-shock-accent-group-all-time-lows:88e960386e503796,0.72,0.91,short,2026-05-04T08:24:44+00:00,2026-05-04T08:24:44+00:00,,fanout_0004,50,candidate_expire_duplicate_fanout,dry_run_expire
545,PENINSULA,catalyst,ACCENT GROUP's downgrade announcement,active,expired,commentary:youtube_transcript,youtube_transcript:asx-daily-rundown-atlassian-lifts-tech-a2-milk-recall-shock-accent-group-all-time-lows:88e960386e503796,0.72,0.91,short,2026-05-04T08:24:45+00:00,2026-05-04T08:24:45+00:00,,fanout_0004,50,candidate_expire_duplicate_fanout,dry_run_expire
546,BRAIN CHIP,catalyst,ACCENT GROUP's downgrade announcement,active,expired,commentary:youtube_transcript,youtube_transcript:asx-daily-rundown-atlassian-lifts-tech-a2-milk-recall-shock-accent-group-all-time-lows:88e960386e503796,0.72,0.91,short,2026-05-04T08:24:45+00:00,2026-05-04T08:24:45+00:00,,fanout_0004,50,candidate_expire_duplicate_fanout,dry_run_expire
547,VERITUS,catalyst,ACCENT GROUP's downgrade announcement,active,expired,commentary:youtube_transcript,youtube_transcript:asx-daily-rundown-atlassian-lifts-tech-a2-milk-recall-shock-accent-group-all-time-lows:88e960386e503796,0.72,0.91,short,2026-05-04T08:24:45+00:00,2026-05-04T08:24:45+00:00,,fanout_0004,50,candidate_expire_duplicate_fanout,dry_run_expire
548,PETTIMED,catalyst,ACCENT GROUP's downgrade announcement,active,expired,commentary:youtube_transcript,youtube_transcript:asx-daily-rundown-atlassian-lifts-tech-a2-milk-recall-shock-accent-group-all-time-lows:88e960386e503796,0.72,0.91,short,2026-05-04T08:24:45+00:00,2026-05-04T08:24:45+00:00,,fanout_0004,50,candidate_expire_duplicate_fanout,dry_run_expire
549,IMPEDIMED,catalyst,ACCENT GROUP's downgrade announcement,active,expired,commentary:youtube_transcript,youtube_transcript:asx-daily-rundown-atlassian-lifts-tech-a2-milk-recall-shock-accent-group-all-time-lows:88e960386e503796,0.72,0.91,short,2026-05-04T08:24:45+00:00,2026-05-04T08:24:45+00:00,,fanout_0004,50,candidate_expire_duplicate_fanout,dry_run_expire
550,INDE,catalyst,ACCENT GROUP's downgrade announcement,active,expired,commentary:youtube_transcript,youtube_transcript:asx-daily-rundown-atlassian-lifts-tech-a2-milk-recall-shock-accent-group-all-time-lows:88e960386e503796,0.72,0.91,short,2026-05-04T08:24:45+00:00,2026-05-04T08:24:45+00:00,,fanout_0004,50,candidate_expire_duplicate_fanout,dry_run_expire
551,PETT,catalyst,ACCENT GROUP's downgrade announcement,active,expired,commentary:youtube_transcript,youtube_transcript:asx-daily-rundown-atlassian-lifts-tech-a2-milk-recall-shock-accent-group-all-time-lows:88e960386e503796,0.72,0.91,short,2026-05-04T08:24:45+00:00,2026-05-04T08:24:45+00:00,,fanout_0004,50,candidate_expire_duplicate_fanout,dry_run_expire
552,C79,catalyst,ACCENT GROUP's downgrade announcement,active,expired,commentary:youtube_transcript,youtube_transcript:asx-daily-rundown-atlassian-lifts-tech-a2-milk-recall-shock-accent-group-all-time-lows:88e960386e503796,0.72,0.91,short,2026-05-04T08:24:46+00:00,2026-05-04T08:24:46+00:00,,fanout_0004,50,candidate_expire_duplicate_fanout,dry_run_expire
553,A2M,catalyst,ACCENT GROUP's downgrade announcement,active,expired,commentary:youtube_transcript,youtube_transcript:asx-daily-rundown-atlassian-lifts-tech-a2-milk-recall-shock-accent-group-all-time-lows:88e960386e503796,0.72,0.91,short,2026-05-04T08:24:46+00:00,2026-05-04T08:24:46+00:00,,fanout_0004,50,candidate_expire_duplicate_fanout,dry_run_expire
555,ASX,risk,AI fears for ATLASSIAN,active,expired,commentary:youtube_transcript,youtube_transcript:asx-daily-rundown-atlassian-lifts-tech-a2-milk-recall-shock-accent-group-all-time-lows:88e960386e503796,0.69,0.74,short,2026-05-04T08:24:46+00:00,2026-05-04T08:24:46+00:00,,fanout_0023,27,candidate_expire_duplicate_fanout,dry_run_expire
556,TXT,risk,AI fears for ATLASSIAN,active,expired,commentary:youtube_transcript,youtube_transcript:asx-daily-rundown-atlassian-lifts-tech-a2-milk-recall-shock-accent-group-all-time-lows:88e960386e503796,0.69,0.74,short,2026-05-04T08:24:46+00:00,2026-05-04T08:24:46+00:00,,fanout_0023,27,candidate_expire_duplicate_fanout,dry_run_expire
557,XTX,risk,AI fears for ATLASSIAN,active,expired,commentary:youtube_transcript,youtube_transcript:asx-daily-rundown-atlassian-lifts-tech-a2-milk-recall-shock-accent-group-all-time-lows:88e960386e503796,0.69,0.74,short,2026-05-04T08:24:47+00:00,2026-05-04T08:24:47+00:00,,fanout_0023,27,candidate_expire_duplicate_fanout,dry_run_expire
558,A2 MILK,risk,AI fears for ATLASSIAN,active,expired,commentary:youtube_transcript,youtube_transcript:asx-daily-rundown-atlassian-lifts-tech-a2-milk-recall-shock-accent-group-all-time-lows:88e960386e503796,0.69,0.74,short,2026-05-04T08:24:47+00:00,2026-05-04T08:24:47+00:00,,fanout_0023,27,candidate_expire_duplicate_fanout,dry_run_expire
559,ENDEAVOR GROUP,risk,AI fears for ATLASSIAN,active,expired,commentary:youtube_transcript,youtube_transcript:asx-daily-rundown-atlassian-lifts-tech-a2-milk-recall-shock-accent-group-all-time-lows:88e960386e503796,0.69,0.74,short,2026-05-04T08:24:47+00:00,2026-05-04T08:24:47+00:00,,fanout_0023,27,candidate_expire_duplicate_fanout,dry_run_expire
561,NAB,risk,AI fears for ATLASSIAN,active,expired,commentary:youtube_transcript,youtube_transcript:asx-daily-rundown-atlassian-lifts-tech-a2-milk-recall-shock-accent-group-all-time-lows:88e960386e503796,0.69,0.74,short,2026-05-04T08:24:47+00:00,2026-05-04T08:24:47+00:00,,fanout_0023,27,candidate_expire_duplicate_fanout,dry_run_expire
562,BHP,risk,AI fears for ATLASSIAN,active,expired,commentary:youtube_transcript,youtube_transcript:asx-daily-rundown-atlassian-lifts-tech-a2-milk-recall-shock-accent-group-all-time-lows:88e960386e503796,0.69,0.74,short,2026-05-04T08:24:47+00:00,2026-05-04T08:24:47+00:00,,fanout_0023,27,candidate_expire_duplicate_fanout,dry_run_expire
563,KEY PETROLEUM,risk,AI fears for ATLASSIAN,active,expired,commentary:youtube_transcript,youtube_transcript:asx-daily-rundown-atlassian-lifts-tech-a2-milk-recall-shock-accent-group-all-time-lows:88e960386e503796,0.69,0.74,short,2026-05-04T08:24:47+00:00,2026-05-04T08:24:47+00:00,,fanout_0023,27,candidate_expire_duplicate_fanout,dry_run_expire
564,GCM CORPORATION,risk,AI fears for ATLASSIAN,active,expired,commentary:youtube_transcript,youtube_transcript:asx-daily-rundown-atlassian-lifts-tech-a2-milk-recall-shock-accent-group-all-time-lows:88e960386e503796,0.69,0.74,short,2026-05-04T08:24:47+00:00,2026-05-04T08:24:47+00:00,,fanout_0023,27,candidate_expire_duplicate_fanout,dry_run_expire
565,MARINO AND CO,risk,AI fears for ATLASSIAN,active,expired,commentary:youtube_transcript,youtube_transcript:asx-daily-rundown-atlassian-lifts-tech-a2-milk-recall-shock-accent-group-all-time-lows:88e960386e503796,0.69,0.74,short,2026-05-04T08:24:47+00:00,2026-05-04T08:24:47+00:00,,fanout_0023,27,candidate_expire_duplicate_fanout,dry_run_expire
566,CLARITY,risk,AI fears for ATLASSIAN,active,expired,commentary:youtube_transcript,youtube_transcript:asx-daily-rundown-atlassian-lifts-tech-a2-milk-recall-shock-accent-group-all-time-lows:88e960386e503796,0.69,0.74,short,2026-05-04T08:24:47+00:00,2026-05-04T08:24:47+00:00,,fanout_0023,27,candidate_expire_duplicate_fanout,dry_run_expire
567,WIN MEDALS,risk,AI fears for ATLASSIAN,active,expired,commentary:youtube_transcript,youtube_transcript:asx-daily-rundown-atlassian-lifts-tech-a2-milk-recall-shock-accent-group-all-time-lows:88e960386e503796,0.69,0.74,short,2026-05-04T08:24:47+00:00,2026-05-04T08:24:47+00:00,,fanout_0023,27,candidate_expire_duplicate_fanout,dry_run_expire
568,AXEN GROUP,risk,AI fears for ATLASSIAN,active,expired,commentary:youtube_transcript,youtube_transcript:asx-daily-rundown-atlassian-lifts-tech-a2-milk-recall-shock-accent-group-all-time-lows:88e960386e503796,0.69,0.74,short,2026-05-04T08:24:47+00:00,2026-05-04T08:24:47+00:00,,fanout_0023,27,candidate_expire_duplicate_fanout,dry_run_expire
569,STRICKLAND METALS,risk,AI fears for ATLASSIAN,active,expired,commentary:youtube_transcript,youtube_transcript:asx-daily-rundown-atlassian-lifts-tech-a2-milk-recall-shock-accent-group-all-time-lows:88e960386e503796,0.69,0.74,short,2026-05-04T08:24:48+00:00,2026-05-04T08:24:48+00:00,,fanout_0023,27,candidate_expire_duplicate_fanout,dry_run_expire
570,LION TOWN,risk,AI fears for ATLASSIAN,active,expired,commentary:youtube_transcript,youtube_transcript:asx-daily-rundown-atlassian-lifts-tech-a2-milk-recall-shock-accent-group-all-time-lows:88e960386e503796,0.69,0.74,short,2026-05-04T08:24:48+00:00,2026-05-04T08:24:48+00:00,,fanout_0023,27,candidate_expire_duplicate_fanout,dry_run_expire
571,IMRO,risk,AI fears for ATLASSIAN,active,expired,commentary:youtube_transcript,youtube_transcript:asx-daily-rundown-atlassian-lifts-tech-a2-milk-recall-shock-accent-group-all-time-lows:88e960386e503796,0.69,0.74,short,2026-05-04T08:24:49+00:00,2026-05-04T08:24:49+00:00,,fanout_0023,27,candidate_expire_duplicate_fanout,dry_run_expire
572,PENINSULA,risk,AI fears for ATLASSIAN,active,expired,commentary:youtube_transcript,youtube_transcript:asx-daily-rundown-atlassian-lifts-tech-a2-milk-recall-shock-accent-group-all-time-lows:88e960386e503796,0.69,0.74,short,2026-05-04T08:24:49+00:00,2026-05-04T08:24:49+00:00,,fanout_0023,27,candidate_expire_duplicate_fanout,dry_run_expire
573,BRAIN CHIP,risk,AI fears for ATLASSIAN,active,expired,commentary:youtube_transcript,youtube_transcript:asx-daily-rundown-atlassian-lifts-tech-a2-milk-recall-shock-accent-group-all-time-lows:88e960386e503796,0.69,0.74,short,2026-05-04T08:24:49+00:00,2026-05-04T08:24:49+00:00,,fanout_0023,27,candidate_expire_duplicate_fanout,dry_run_expire
574,VERITUS,risk,AI fears for ATLASSIAN,active,expired,commentary:youtube_transcript,youtube_transcript:asx-daily-rundown-atlassian-lifts-tech-a2-milk-recall-shock-accent-group-all-time-lows:88e960386e503796,0.69,0.74,short,2026-05-04T08:24:49+00:00,2026-05-04T08:24:49+00:00,,fanout_0023,27,candidate_expire_duplicate_fanout,dry_run_expire
575,PETTIMED,risk,AI fears for ATLASSIAN,active,expired,commentary:youtube_transcript,youtube_transcript:asx-daily-rundown-atlassian-lifts-tech-a2-milk-recall-shock-accent-group-all-time-lows:88e960386e503796,0.69,0.74,short,2026-05-04T08:24:49+00:00,2026-05-04T08:24:49+00:00,,fanout_0023,27,candidate_expire_duplicate_fanout,dry_run_expire
576,IMPEDIMED,risk,AI fears for ATLASSIAN,active,expired,commentary:youtube_transcript,youtube_transcript:asx-daily-rundown-atlassian-lifts-tech-a2-milk-recall-shock-accent-group-all-time-lows:88e960386e503796,0.69,0.74,short,2026-05-04T08:24:49+00:00,2026-05-04T08:24:49+00:00,,fanout_0023,27,candidate_expire_duplicate_fanout,dry_run_expire
577,INDE,risk,AI fears for ATLASSIAN,active,expired,commentary:youtube_transcript,youtube_transcript:asx-daily-rundown-atlassian-lifts-tech-a2-milk-recall-shock-accent-group-all-time-lows:88e960386e503796,0.69,0.74,short,2026-05-04T08:24:49+00:00,2026-05-04T08:24:49+00:00,,fanout_0023,27,candidate_expire_duplicate_fanout,dry_run_expire
578,PETT,risk,AI fears for ATLASSIAN,active,expired,commentary:youtube_transcript,youtube_transcript:asx-daily-rundown-atlassian-lifts-tech-a2-milk-recall-shock-accent-group-all-time-lows:88e960386e503796,0.69,0.74,short,2026-05-04T08:24:49+00:00,2026-05-04T08:24:49+00:00,,fanout_0023,27,candidate_expire_duplicate_fanout,dry_run_expire
579,C79,risk,AI fears for ATLASSIAN,active,expired,commentary:youtube_transcript,youtube_transcript:asx-daily-rundown-atlassian-lifts-tech-a2-milk-recall-shock-accent-group-all-time-lows:88e960386e503796,0.69,0.74,short,2026-05-04T08:24:49+00:00,2026-05-04T08:24:49+00:00,,fanout_0023,27,candidate_expire_duplicate_fanout,dry_run_expire
580,A2M,risk,AI fears for ATLASSIAN,active,expired,commentary:youtube_transcript,youtube_transcript:asx-daily-rundown-atlassian-lifts-tech-a2-milk-recall-shock-accent-group-all-time-lows:88e960386e503796,0.69,0.74,short,2026-05-04T08:24:50+00:00,2026-05-04T08:24:50+00:00,,fanout_0023,27,candidate_expire_duplicate_fanout,dry_run_expire
581,ACCENT GROUP,risk,AI fears for ATLASSIAN,active,expired,commentary:youtube_transcript,youtube_transcript:asx-daily-rundown-atlassian-lifts-tech-a2-milk-recall-shock-accent-group-all-time-lows:88e960386e503796,0.69,0.74,short,2026-05-04T08:24:50+00:00,2026-05-04T08:24:50+00:00,,fanout_0023,27,candidate_expire_duplicate_fanout,dry_run_expire
582,ASX,risk,Negative trading updates from A2 MILK and ENDEAVOR GROUP,active,expired,commentary:youtube_transcript,youtube_transcript:asx-daily-rundown-atlassian-lifts-tech-a2-milk-recall-shock-accent-group-all-time-lows:88e960386e503796,0.74,0.82,short,2026-05-04T08:24:50+00:00,2026-05-04T08:24:50+00:00,,fanout_0011,50,candidate_expire_duplicate_fanout,dry_run_expire
583,TXT,risk,Negative trading updates from A2 MILK and ENDEAVOR GROUP,active,expired,commentary:youtube_transcript,youtube_transcript:asx-daily-rundown-atlassian-lifts-tech-a2-milk-recall-shock-accent-group-all-time-lows:88e960386e503796,0.74,0.82,short,2026-05-04T08:24:51+00:00,2026-05-04T08:24:51+00:00,,fanout_0011,50,candidate_expire_duplicate_fanout,dry_run_expire
584,XTX,risk,Negative trading updates from A2 MILK and ENDEAVOR GROUP,active,expired,commentary:youtube_transcript,youtube_transcript:asx-daily-rundown-atlassian-lifts-tech-a2-milk-recall-shock-accent-group-all-time-lows:88e960386e503796,0.74,0.82,short,2026-05-04T08:24:51+00:00,2026-05-04T08:24:51+00:00,,fanout_0011,50,candidate_expire_duplicate_fanout,dry_run_expire
587,ATLASSIAN,risk,Negative trading updates from A2 MILK and ENDEAVOR GROUP,active,expired,commentary:youtube_transcript,youtube_transcript:asx-daily-rundown-atlassian-lifts-tech-a2-milk-recall-shock-accent-group-all-time-lows:88e960386e503796,0.74,0.82,short,2026-05-04T08:24:51+00:00,2026-05-04T08:24:51+00:00,,fanout_0011,50,candidate_expire_duplicate_fanout,dry_run_expire
588,NAB,risk,Negative trading updates from A2 MILK and ENDEAVOR GROUP,active,expired,commentary:youtube_transcript,youtube_transcript:asx-daily-rundown-atlassian-lifts-tech-a2-milk-recall-shock-accent-group-all-time-lows:88e960386e503796,0.74,0.82,short,2026-05-04T08:24:51+00:00,2026-05-04T08:24:51+00:00,,fanout_0011,50,candidate_expire_duplicate_fanout,dry_run_expire
589,BHP,risk,Negative trading updates from A2 MILK and ENDEAVOR GROUP,active,expired,commentary:youtube_transcript,youtube_transcript:asx-daily-rundown-atlassian-lifts-tech-a2-milk-recall-shock-accent-group-all-time-lows:88e960386e503796,0.74,0.82,short,2026-05-04T08:24:51+00:00,2026-05-04T08:24:51+00:00,,fanout_0011,50,candidate_expire_duplicate_fanout,dry_run_expire
590,KEY PETROLEUM,risk,Negative trading updates from A2 MILK and ENDEAVOR GROUP,active,expired,commentary:youtube_transcript,youtube_transcript:asx-daily-rundown-atlassian-lifts-tech-a2-milk-recall-shock-accent-group-all-time-lows:88e960386e503796,0.74,0.82,short,2026-05-04T08:24:51+00:00,2026-05-04T08:24:51+00:00,,fanout_0011,50,candidate_expire_duplicate_fanout,dry_run_expire
591,GCM CORPORATION,risk,Negative trading updates from A2 MILK and ENDEAVOR GROUP,active,expired,commentary:youtube_transcript,youtube_transcript:asx-daily-rundown-atlassian-lifts-tech-a2-milk-recall-shock-accent-group-all-time-lows:88e960386e503796,0.74,0.82,short,2026-05-04T08:24:52+00:00,2026-05-04T08:24:52+00:00,,fanout_0011,50,candidate_expire_duplicate_fanout,dry_run_expire
592,MARINO AND CO,risk,Negative trading updates from A2 MILK and ENDEAVOR GROUP,active,expired,commentary:youtube_transcript,youtube_transcript:asx-daily-rundown-atlassian-lifts-tech-a2-milk-recall-shock-accent-group-all-time-lows:88e960386e503796,0.74,0.82,short,2026-05-04T08:24:52+00:00,2026-05-04T08:24:52+00:00,,fanout_0011,50,candidate_expire_duplicate_fanout,dry_run_expire
593,CLARITY,risk,Negative trading updates from A2 MILK and ENDEAVOR GROUP,active,expired,commentary:youtube_transcript,youtube_transcript:asx-daily-rundown-atlassian-lifts-tech-a2-milk-recall-shock-accent-group-all-time-lows:88e960386e503796,0.74,0.82,short,2026-05-04T08:24:52+00:00,2026-05-04T08:24:52+00:00,,fanout_0011,50,candidate_expire_duplicate_fanout,dry_run_expire
594,WIN MEDALS,risk,Negative trading updates from A2 MILK and ENDEAVOR GROUP,active,expired,commentary:youtube_transcript,youtube_transcript:asx-daily-rundown-atlassian-lifts-tech-a2-milk-recall-shock-accent-group-all-time-lows:88e960386e503796,0.74,0.82,short,2026-05-04T08:24:52+00:00,2026-05-04T08:24:52+00:00,,fanout_0011,50,candidate_expire_duplicate_fanout,dry_run_expire
595,AXEN GROUP,risk,Negative trading updates from A2 MILK and ENDEAVOR GROUP,active,expired,commentary:youtube_transcript,youtube_transcript:asx-daily-rundown-atlassian-lifts-tech-a2-milk-recall-shock-accent-group-all-time-lows:88e960386e503796,0.74,0.82,short,2026-05-04T08:24:53+00:00,2026-05-04T08:24:53+00:00,,fanout_0011,50,candidate_expire_duplicate_fanout,dry_run_expire
596,STRICKLAND METALS,risk,Negative trading updates from A2 MILK and ENDEAVOR GROUP,active,expired,commentary:youtube_transcript,youtube_transcript:asx-daily-rundown-atlassian-lifts-tech-a2-milk-recall-shock-accent-group-all-time-lows:88e960386e503796,0.74,0.82,short,2026-05-04T08:24:53+00:00,2026-05-04T08:24:53+00:00,,fanout_0011,50,candidate_expire_duplicate_fanout,dry_run_expire
597,LION TOWN,risk,Negative trading updates from A2 MILK and ENDEAVOR GROUP,active,expired,commentary:youtube_transcript,youtube_transcript:asx-daily-rundown-atlassian-lifts-tech-a2-milk-recall-shock-accent-group-all-time-lows:88e960386e503796,0.74,0.82,short,2026-05-04T08:24:53+00:00,2026-05-04T08:24:53+00:00,,fanout_0011,50,candidate_expire_duplicate_fanout,dry_run_expire
598,IMRO,risk,Negative trading updates from A2 MILK and ENDEAVOR GROUP,active,expired,commentary:youtube_transcript,youtube_transcript:asx-daily-rundown-atlassian-lifts-tech-a2-milk-recall-shock-accent-group-all-time-lows:88e960386e503796,0.74,0.82,short,2026-05-04T08:24:53+00:00,2026-05-04T08:24:53+00:00,,fanout_0011,50,candidate_expire_duplicate_fanout,dry_run_expire
599,PENINSULA,risk,Negative trading updates from A2 MILK and ENDEAVOR GROUP,active,expired,commentary:youtube_transcript,youtube_transcript:asx-daily-rundown-atlassian-lifts-tech-a2-milk-recall-shock-accent-group-all-time-lows:88e960386e503796,0.74,0.82,short,2026-05-04T08:24:53+00:00,2026-05-04T08:24:53+00:00,,fanout_0011,50,candidate_expire_duplicate_fanout,dry_run_expire
600,BRAIN CHIP,risk,Negative trading updates from A2 MILK and ENDEAVOR GROUP,active,expired,commentary:youtube_transcript,youtube_transcript:asx-daily-rundown-atlassian-lifts-tech-a2-milk-recall-shock-accent-group-all-time-lows:88e960386e503796,0.74,0.82,short,2026-05-04T08:24:53+00:00,2026-05-04T08:24:53+00:00,,fanout_0011,50,candidate_expire_duplicate_fanout,dry_run_expire
601,VERITUS,risk,Negative trading updates from A2 MILK and ENDEAVOR GROUP,active,expired,commentary:youtube_transcript,youtube_transcript:asx-daily-rundown-atlassian-lifts-tech-a2-milk-recall-shock-accent-group-all-time-lows:88e960386e503796,0.74,0.82,short,2026-05-04T08:24:53+00:00,2026-05-04T08:24:53+00:00,,fanout_0011,50,candidate_expire_duplicate_fanout,dry_run_expire
602,PETTIMED,risk,Negative trading updates from A2 MILK and ENDEAVOR GROUP,active,expired,commentary:youtube_transcript,youtube_transcript:asx-daily-rundown-atlassian-lifts-tech-a2-milk-recall-shock-accent-group-all-time-lows:88e960386e503796,0.74,0.82,short,2026-05-04T08:24:54+00:00,2026-05-04T08:24:54+00:00,,fanout_0011,50,candidate_expire_duplicate_fanout,dry_run_expire
603,IMPEDIMED,risk,Negative trading updates from A2 MILK and ENDEAVOR GROUP,active,expired,commentary:youtube_transcript,youtube_transcript:asx-daily-rundown-atlassian-lifts-tech-a2-milk-recall-shock-accent-group-all-time-lows:88e960386e503796,0.74,0.82,short,2026-05-04T08:24:54+00:00,2026-05-04T08:24:54+00:00,,fanout_0011,50,candidate_expire_duplicate_fanout,dry_run_expire
604,INDE,risk,Negative trading updates from A2 MILK and ENDEAVOR GROUP,active,expired,commentary:youtube_transcript,youtube_transcript:asx-daily-rundown-atlassian-lifts-tech-a2-milk-recall-shock-accent-group-all-time-lows:88e960386e503796,0.74,0.82,short,2026-05-04T08:24:54+00:00,2026-05-04T08:24:54+00:00,,fanout_0011,50,candidate_expire_duplicate_fanout,dry_run_expire
605,PETT,risk,Negative trading updates from A2 MILK and ENDEAVOR GROUP,active,expired,commentary:youtube_transcript,youtube_transcript:asx-daily-rundown-atlassian-lifts-tech-a2-milk-recall-shock-accent-group-all-time-lows:88e960386e503796,0.74,0.82,short,2026-05-04T08:24:54+00:00,2026-05-04T08:24:54+00:00,,fanout_0011,50,candidate_expire_duplicate_fanout,dry_run_expire
606,C79,risk,Negative trading updates from A2 MILK and ENDEAVOR GROUP,active,expired,commentary:youtube_transcript,youtube_transcript:asx-daily-rundown-atlassian-lifts-tech-a2-milk-recall-shock-accent-group-all-time-lows:88e960386e503796,0.74,0.82,short,2026-05-04T08:24:54+00:00,2026-05-04T08:24:54+00:00,,fanout_0011,50,candidate_expire_duplicate_fanout,dry_run_expire
608,ACCENT GROUP,risk,Negative trading updates from A2 MILK and ENDEAVOR GROUP,active,expired,commentary:youtube_transcript,youtube_transcript:asx-daily-rundown-atlassian-lifts-tech-a2-milk-recall-shock-accent-group-all-time-lows:88e960386e503796,0.74,0.82,short,2026-05-04T08:24:55+00:00,2026-05-04T08:24:55+00:00,,fanout_0011,50,candidate_expire_duplicate_fanout,dry_run_expire
609,ASX,risk,Over issuance of shares by IMPEDIMED,active,expired,commentary:youtube_transcript,youtube_transcript:asx-daily-rundown-atlassian-lifts-tech-a2-milk-recall-shock-accent-group-all-time-lows:88e960386e503796,0.74,0.82,short,2026-05-04T08:24:55+00:00,2026-05-04T08:24:55+00:00,,fanout_0026,27,candidate_expire_duplicate_fanout,dry_run_expire
610,TXT,risk,Over issuance of shares by IMPEDIMED,active,expired,commentary:youtube_transcript,youtube_transcript:asx-daily-rundown-atlassian-lifts-tech-a2-milk-recall-shock-accent-group-all-time-lows:88e960386e503796,0.74,0.82,short,2026-05-04T08:24:55+00:00,2026-05-04T08:24:55+00:00,,fanout_0026,27,candidate_expire_duplicate_fanout,dry_run_expire
611,XTX,risk,Over issuance of shares by IMPEDIMED,active,expired,commentary:youtube_transcript,youtube_transcript:asx-daily-rundown-atlassian-lifts-tech-a2-milk-recall-shock-accent-group-all-time-lows:88e960386e503796,0.74,0.82,short,2026-05-04T08:24:55+00:00,2026-05-04T08:24:55+00:00,,fanout_0026,27,candidate_expire_duplicate_fanout,dry_run_expire
612,A2 MILK,risk,Over issuance of shares by IMPEDIMED,active,expired,commentary:youtube_transcript,youtube_transcript:asx-daily-rundown-atlassian-lifts-tech-a2-milk-recall-shock-accent-group-all-time-lows:88e960386e503796,0.74,0.82,short,2026-05-04T08:24:56+00:00,2026-05-04T08:24:56+00:00,,fanout_0026,27,candidate_expire_duplicate_fanout,dry_run_expire
613,ENDEAVOR GROUP,risk,Over issuance of shares by IMPEDIMED,active,expired,commentary:youtube_transcript,youtube_transcript:asx-daily-rundown-atlassian-lifts-tech-a2-milk-recall-shock-accent-group-all-time-lows:88e960386e503796,0.74,0.82,short,2026-05-04T08:24:56+00:00,2026-05-04T08:24:56+00:00,,fanout_0026,27,candidate_expire_duplicate_fanout,dry_run_expire
614,ATLASSIAN,risk,Over issuance of shares by IMPEDIMED,active,expired,commentary:youtube_transcript,youtube_transcript:asx-daily-rundown-atlassian-lifts-tech-a2-milk-recall-shock-accent-group-all-time-lows:88e960386e503796,0.74,0.82,short,2026-05-04T08:24:56+00:00,2026-05-04T08:24:56+00:00,,fanout_0026,27,candidate_expire_duplicate_fanout,dry_run_expire
615,NAB,risk,Over issuance of shares by IMPEDIMED,active,expired,commentary:youtube_transcript,youtube_transcript:asx-daily-rundown-atlassian-lifts-tech-a2-milk-recall-shock-accent-group-all-time-lows:88e960386e503796,0.74,0.82,short,2026-05-04T08:24:56+00:00,2026-05-04T08:24:56+00:00,,fanout_0026,27,candidate_expire_duplicate_fanout,dry_run_expire
616,BHP,risk,Over issuance of shares by IMPEDIMED,active,expired,commentary:youtube_transcript,youtube_transcript:asx-daily-rundown-atlassian-lifts-tech-a2-milk-recall-shock-accent-group-all-time-lows:88e960386e503796,0.74,0.82,short,2026-05-04T08:24:56+00:00,2026-05-04T08:24:56+00:00,,fanout_0026,27,candidate_expire_duplicate_fanout,dry_run_expire
617,KEY PETROLEUM,risk,Over issuance of shares by IMPEDIMED,active,expired,commentary:youtube_transcript,youtube_transcript:asx-daily-rundown-atlassian-lifts-tech-a2-milk-recall-shock-accent-group-all-time-lows:88e960386e503796,0.74,0.82,short,2026-05-04T08:24:56+00:00,2026-05-04T08:24:56+00:00,,fanout_0026,27,candidate_expire_duplicate_fanout,dry_run_expire
618,GCM CORPORATION,risk,Over issuance of shares by IMPEDIMED,active,expired,commentary:youtube_transcript,youtube_transcript:asx-daily-rundown-atlassian-lifts-tech-a2-milk-recall-shock-accent-group-all-time-lows:88e960386e503796,0.74,0.82,short,2026-05-04T08:24:56+00:00,2026-05-04T08:24:56+00:00,,fanout_0026,27,candidate_expire_duplicate_fanout,dry_run_expire
619,MARINO AND CO,risk,Over issuance of shares by IMPEDIMED,active,expired,commentary:youtube_transcript,youtube_transcript:asx-daily-rundown-atlassian-lifts-tech-a2-milk-recall-shock-accent-group-all-time-lows:88e960386e503796,0.74,0.82,short,2026-05-04T08:24:56+00:00,2026-05-04T08:24:56+00:00,,fanout_0026,27,candidate_expire_duplicate_fanout,dry_run_expire
620,CLARITY,risk,Over issuance of shares by IMPEDIMED,active,expired,commentary:youtube_transcript,youtube_transcript:asx-daily-rundown-atlassian-lifts-tech-a2-milk-recall-shock-accent-group-all-time-lows:88e960386e503796,0.74,0.82,short,2026-05-04T08:24:56+00:00,2026-05-04T08:24:56+00:00,,fanout_0026,27,candidate_expire_duplicate_fanout,dry_run_expire
621,WIN MEDALS,risk,Over issuance of shares by IMPEDIMED,active,expired,commentary:youtube_transcript,youtube_transcript:asx-daily-rundown-atlassian-lifts-tech-a2-milk-recall-shock-accent-group-all-time-lows:88e960386e503796,0.74,0.82,short,2026-05-04T08:24:57+00:00,2026-05-04T08:24:57+00:00,,fanout_0026,27,candidate_expire_duplicate_fanout,dry_run_expire
622,AXEN GROUP,risk,Over issuance of shares by IMPEDIMED,active,expired,commentary:youtube_transcript,youtube_transcript:asx-daily-rundown-atlassian-lifts-tech-a2-milk-recall-shock-accent-group-all-time-lows:88e960386e503796,0.74,0.82,short,2026-05-04T08:24:57+00:00,2026-05-04T08:24:57+00:00,,fanout_0026,27,candidate_expire_duplicate_fanout,dry_run_expire
623,STRICKLAND METALS,risk,Over issuance of shares by IMPEDIMED,active,expired,commentary:youtube_transcript,youtube_transcript:asx-daily-rundown-atlassian-lifts-tech-a2-milk-recall-shock-accent-group-all-time-lows:88e960386e503796,0.74,0.82,short,2026-05-04T08:24:58+00:00,2026-05-04T08:24:58+00:00,,fanout_0026,27,candidate_expire_duplicate_fanout,dry_run_expire
624,LION TOWN,risk,Over issuance of shares by IMPEDIMED,active,expired,commentary:youtube_transcript,youtube_transcript:asx-daily-rundown-atlassian-lifts-tech-a2-milk-recall-shock-accent-group-all-time-lows:88e960386e503796,0.74,0.82,short,2026-05-04T08:24:58+00:00,2026-05-04T08:24:58+00:00,,fanout_0026,27,candidate_expire_duplicate_fanout,dry_run_expire
625,IMRO,risk,Over issuance of shares by IMPEDIMED,active,expired,commentary:youtube_transcript,youtube_transcript:asx-daily-rundown-atlassian-lifts-tech-a2-milk-recall-shock-accent-group-all-time-lows:88e960386e503796,0.74,0.82,short,2026-05-04T08:24:58+00:00,2026-05-04T08:24:58+00:00,,fanout_0026,27,candidate_expire_duplicate_fanout,dry_run_expire
626,PENINSULA,risk,Over issuance of shares by IMPEDIMED,active,expired,commentary:youtube_transcript,youtube_transcript:asx-daily-rundown-atlassian-lifts-tech-a2-milk-recall-shock-accent-group-all-time-lows:88e960386e503796,0.74,0.82,short,2026-05-04T08:24:58+00:00,2026-05-04T08:24:58+00:00,,fanout_0026,27,candidate_expire_duplicate_fanout,dry_run_expire
627,BRAIN CHIP,risk,Over issuance of shares by IMPEDIMED,active,expired,commentary:youtube_transcript,youtube_transcript:asx-daily-rundown-atlassian-lifts-tech-a2-milk-recall-shock-accent-group-all-time-lows:88e960386e503796,0.74,0.82,short,2026-05-04T08:24:58+00:00,2026-05-04T08:24:58+00:00,,fanout_0026,27,candidate_expire_duplicate_fanout,dry_run_expire
628,VERITUS,risk,Over issuance of shares by IMPEDIMED,active,expired,commentary:youtube_transcript,youtube_transcript:asx-daily-rundown-atlassian-lifts-tech-a2-milk-recall-shock-accent-group-all-time-lows:88e960386e503796,0.74,0.82,short,2026-05-04T08:24:58+00:00,2026-05-04T08:24:58+00:00,,fanout_0026,27,candidate_expire_duplicate_fanout,dry_run_expire
629,PETTIMED,risk,Over issuance of shares by IMPEDIMED,active,expired,commentary:youtube_transcript,youtube_transcript:asx-daily-rundown-atlassian-lifts-tech-a2-milk-recall-shock-accent-group-all-time-lows:88e960386e503796,0.74,0.82,short,2026-05-04T08:24:58+00:00,2026-05-04T08:24:58+00:00,,fanout_0026,27,candidate_expire_duplicate_fanout,dry_run_expire
631,INDE,risk,Over issuance of shares by IMPEDIMED,active,expired,commentary:youtube_transcript,youtube_transcript:asx-daily-rundown-atlassian-lifts-tech-a2-milk-recall-shock-accent-group-all-time-lows:88e960386e503796,0.74,0.82,short,2026-05-04T08:24:58+00:00,2026-05-04T08:24:58+00:00,,fanout_0026,27,candidate_expire_duplicate_fanout,dry_run_expire
632,PETT,risk,Over issuance of shares by IMPEDIMED,active,expired,commentary:youtube_transcript,youtube_transcript:asx-daily-rundown-atlassian-lifts-tech-a2-milk-recall-shock-accent-group-all-time-lows:88e960386e503796,0.74,0.82,short,2026-05-04T08:24:58+00:00,2026-05-04T08:24:58+00:00,,fanout_0026,27,candidate_expire_duplicate_fanout,dry_run_expire
633,C79,risk,Over issuance of shares by IMPEDIMED,active,expired,commentary:youtube_transcript,youtube_transcript:asx-daily-rundown-atlassian-lifts-tech-a2-milk-recall-shock-accent-group-all-time-lows:88e960386e503796,0.74,0.82,short,2026-05-04T08:24:58+00:00,2026-05-04T08:24:58+00:00,,fanout_0026,27,candidate_expire_duplicate_fanout,dry_run_expire
634,A2M,risk,Over issuance of shares by IMPEDIMED,active,expired,commentary:youtube_transcript,youtube_transcript:asx-daily-rundown-atlassian-lifts-tech-a2-milk-recall-shock-accent-group-all-time-lows:88e960386e503796,0.74,0.82,short,2026-05-04T08:24:58+00:00,2026-05-04T08:24:58+00:00,,fanout_0026,27,candidate_expire_duplicate_fanout,dry_run_expire
635,ACCENT GROUP,risk,Over issuance of shares by IMPEDIMED,active,expired,commentary:youtube_transcript,youtube_transcript:asx-daily-rundown-atlassian-lifts-tech-a2-milk-recall-shock-accent-group-all-time-lows:88e960386e503796,0.74,0.82,short,2026-05-04T08:24:59+00:00,2026-05-04T08:24:59+00:00,,fanout_0026,27,candidate_expire_duplicate_fanout,dry_run_expire
636,ASX,risk,PETTIMED's capital raising at 1 cent per share,active,expired,commentary:youtube_transcript,youtube_transcript:asx-daily-rundown-atlassian-lifts-tech-a2-milk-recall-shock-accent-group-all-time-lows:88e960386e503796,0.79,0.91,short,2026-05-04T08:25:00+00:00,2026-05-04T08:25:00+00:00,,fanout_0001,67,candidate_expire_duplicate_fanout,dry_run_expire
637,TXT,risk,PETTIMED's capital raising at 1 cent per share,active,expired,commentary:youtube_transcript,youtube_transcript:asx-daily-rundown-atlassian-lifts-tech-a2-milk-recall-shock-accent-group-all-time-lows:88e960386e503796,0.79,0.91,short,2026-05-04T08:25:00+00:00,2026-05-04T08:25:00+00:00,,fanout_0001,67,candidate_expire_duplicate_fanout,dry_run_expire
638,XTX,risk,PETTIMED's capital raising at 1 cent per share,active,expired,commentary:youtube_transcript,youtube_transcript:asx-daily-rundown-atlassian-lifts-tech-a2-milk-recall-shock-accent-group-all-time-lows:88e960386e503796,0.79,0.91,short,2026-05-04T08:25:00+00:00,2026-05-04T08:25:00+00:00,,fanout_0001,67,candidate_expire_duplicate_fanout,dry_run_expire
639,A2 MILK,risk,PETTIMED's capital raising at 1 cent per share,active,expired,commentary:youtube_transcript,youtube_transcript:asx-daily-rundown-atlassian-lifts-tech-a2-milk-recall-shock-accent-group-all-time-lows:88e960386e503796,0.79,0.91,short,2026-05-04T08:25:00+00:00,2026-05-04T08:25:00+00:00,,fanout_0001,67,candidate_expire_duplicate_fanout,dry_run_expire
640,ENDEAVOR GROUP,risk,PETTIMED's capital raising at 1 cent per share,active,expired,commentary:youtube_transcript,youtube_transcript:asx-daily-rundown-atlassian-lifts-tech-a2-milk-recall-shock-accent-group-all-time-lows:88e960386e503796,0.79,0.91,short,2026-05-04T08:25:00+00:00,2026-05-04T08:25:00+00:00,,fanout_0001,67,candidate_expire_duplicate_fanout,dry_run_expire
641,ATLASSIAN,risk,PETTIMED's capital raising at 1 cent per share,active,expired,commentary:youtube_transcript,youtube_transcript:asx-daily-rundown-atlassian-lifts-tech-a2-milk-recall-shock-accent-group-all-time-lows:88e960386e503796,0.79,0.91,short,2026-05-04T08:25:00+00:00,2026-05-04T08:25:00+00:00,,fanout_0001,67,candidate_expire_duplicate_fanout,dry_run_expire
642,NAB,risk,PETTIMED's capital raising at 1 cent per share,active,expired,commentary:youtube_transcript,youtube_transcript:asx-daily-rundown-atlassian-lifts-tech-a2-milk-recall-shock-accent-group-all-time-lows:88e960386e503796,0.79,0.91,short,2026-05-04T08:25:01+00:00,2026-05-04T08:25:01+00:00,,fanout_0001,67,candidate_expire_duplicate_fanout,dry_run_expire
643,BHP,risk,PETTIMED's capital raising at 1 cent per share,active,expired,commentary:youtube_transcript,youtube_transcript:asx-daily-rundown-atlassian-lifts-tech-a2-milk-recall-shock-accent-group-all-time-lows:88e960386e503796,0.79,0.91,short,2026-05-04T08:25:01+00:00,2026-05-04T08:25:01+00:00,,fanout_0001,67,candidate_expire_duplicate_fanout,dry_run_expire
644,KEY PETROLEUM,risk,PETTIMED's capital raising at 1 cent per share,active,expired,commentary:youtube_transcript,youtube_transcript:asx-daily-rundown-atlassian-lifts-tech-a2-milk-recall-shock-accent-group-all-time-lows:88e960386e503796,0.79,0.91,short,2026-05-04T08:25:01+00:00,2026-05-04T08:25:01+00:00,,fanout_0001,67,candidate_expire_duplicate_fanout,dry_run_expire
645,GCM CORPORATION,risk,PETTIMED's capital raising at 1 cent per share,active,expired,commentary:youtube_transcript,youtube_transcript:asx-daily-rundown-atlassian-lifts-tech-a2-milk-recall-shock-accent-group-all-time-lows:88e960386e503796,0.79,0.91,short,2026-05-04T08:25:01+00:00,2026-05-04T08:25:01+00:00,,fanout_0001,67,candidate_expire_duplicate_fanout,dry_run_expire
646,MARINO AND CO,risk,PETTIMED's capital raising at 1 cent per share,active,expired,commentary:youtube_transcript,youtube_transcript:asx-daily-rundown-atlassian-lifts-tech-a2-milk-recall-shock-accent-group-all-time-lows:88e960386e503796,0.79,0.91,short,2026-05-04T08:25:02+00:00,2026-05-04T08:25:02+00:00,,fanout_0001,67,candidate_expire_duplicate_fanout,dry_run_expire
647,CLARITY,risk,PETTIMED's capital raising at 1 cent per share,active,expired,commentary:youtube_transcript,youtube_transcript:asx-daily-rundown-atlassian-lifts-tech-a2-milk-recall-shock-accent-group-all-time-lows:88e960386e503796,0.79,0.91,short,2026-05-04T08:25:02+00:00,2026-05-04T08:25:02+00:00,,fanout_0001,67,candidate_expire_duplicate_fanout,dry_run_expire
648,WIN MEDALS,risk,PETTIMED's capital raising at 1 cent per share,active,expired,commentary:youtube_transcript,youtube_transcript:asx-daily-rundown-atlassian-lifts-tech-a2-milk-recall-shock-accent-group-all-time-lows:88e960386e503796,0.79,0.91,short,2026-05-04T08:25:02+00:00,2026-05-04T08:25:02+00:00,,fanout_0001,67,candidate_expire_duplicate_fanout,dry_run_expire
649,AXEN GROUP,risk,PETTIMED's capital raising at 1 cent per share,active,expired,commentary:youtube_transcript,youtube_transcript:asx-daily-rundown-atlassian-lifts-tech-a2-milk-recall-shock-accent-group-all-time-lows:88e960386e503796,0.79,0.91,short,2026-05-04T08:25:02+00:00,2026-05-04T08:25:02+00:00,,fanout_0001,67,candidate_expire_duplicate_fanout,dry_run_expire
650,STRICKLAND METALS,risk,PETTIMED's capital raising at 1 cent per share,active,expired,commentary:youtube_transcript,youtube_transcript:asx-daily-rundown-atlassian-lifts-tech-a2-milk-recall-shock-accent-group-all-time-lows:88e960386e503796,0.79,0.91,short,2026-05-04T08:25:02+00:00,2026-05-04T08:25:02+00:00,,fanout_0001,67,candidate_expire_duplicate_fanout,dry_run_expire
651,LION TOWN,risk,PETTIMED's capital raising at 1 cent per share,active,expired,commentary:youtube_transcript,youtube_transcript:asx-daily-rundown-atlassian-lifts-tech-a2-milk-recall-shock-accent-group-all-time-lows:88e960386e503796,0.79,0.91,short,2026-05-04T08:25:02+00:00,2026-05-04T08:25:02+00:00,,fanout_0001,67,candidate_expire_duplicate_fanout,dry_run_expire
652,IMRO,risk,PETTIMED's capital raising at 1 cent per share,active,expired,commentary:youtube_transcript,youtube_transcript:asx-daily-rundown-atlassian-lifts-tech-a2-milk-recall-shock-accent-group-all-time-lows:88e960386e503796,0.79,0.91,short,2026-05-04T08:25:02+00:00,2026-05-04T08:25:02+00:00,,fanout_0001,67,candidate_expire_duplicate_fanout,dry_run_expire
653,PENINSULA,risk,PETTIMED's capital raising at 1 cent per share,active,expired,commentary:youtube_transcript,youtube_transcript:asx-daily-rundown-atlassian-lifts-tech-a2-milk-recall-shock-accent-group-all-time-lows:88e960386e503796,0.79,0.91,short,2026-05-04T08:25:03+00:00,2026-05-04T08:25:03+00:00,,fanout_0001,67,candidate_expire_duplicate_fanout,dry_run_expire
654,BRAIN CHIP,risk,PETTIMED's capital raising at 1 cent per share,active,expired,commentary:youtube_transcript,youtube_transcript:asx-daily-rundown-atlassian-lifts-tech-a2-milk-recall-shock-accent-group-all-time-lows:88e960386e503796,0.79,0.91,short,2026-05-04T08:25:03+00:00,2026-05-04T08:25:03+00:00,,fanout_0001,67,candidate_expire_duplicate_fanout,dry_run_expire
655,VERITUS,risk,PETTIMED's capital raising at 1 cent per share,active,expired,commentary:youtube_transcript,youtube_transcript:asx-daily-rundown-atlassian-lifts-tech-a2-milk-recall-shock-accent-group-all-time-lows:88e960386e503796,0.79,0.91,short,2026-05-04T08:25:03+00:00,2026-05-04T08:25:03+00:00,,fanout_0001,67,candidate_expire_duplicate_fanout,dry_run_expire
657,IMPEDIMED,risk,PETTIMED's capital raising at 1 cent per share,active,expired,commentary:youtube_transcript,youtube_transcript:asx-daily-rundown-atlassian-lifts-tech-a2-milk-recall-shock-accent-group-all-time-lows:88e960386e503796,0.79,0.91,short,2026-05-04T08:25:03+00:00,2026-05-04T08:25:03+00:00,,fanout_0001,67,candidate_expire_duplicate_fanout,dry_run_expire
658,INDE,risk,PETTIMED's capital raising at 1 cent per share,active,expired,commentary:youtube_transcript,youtube_transcript:asx-daily-rundown-atlassian-lifts-tech-a2-milk-recall-shock-accent-group-all-time-lows:88e960386e503796,0.79,0.91,short,2026-05-04T08:25:04+00:00,2026-05-04T08:25:04+00:00,,fanout_0001,67,candidate_expire_duplicate_fanout,dry_run_expire
660,C79,risk,PETTIMED's capital raising at 1 cent per share,active,expired,commentary:youtube_transcript,youtube_transcript:asx-daily-rundown-atlassian-lifts-tech-a2-milk-recall-shock-accent-group-all-time-lows:88e960386e503796,0.79,0.91,short,2026-05-04T08:25:04+00:00,2026-05-04T08:25:04+00:00,,fanout_0001,67,candidate_expire_duplicate_fanout,dry_run_expire
661,A2M,risk,PETTIMED's capital raising at 1 cent per share,active,expired,commentary:youtube_transcript,youtube_transcript:asx-daily-rundown-atlassian-lifts-tech-a2-milk-recall-shock-accent-group-all-time-lows:88e960386e503796,0.79,0.91,short,2026-05-04T08:25:04+00:00,2026-05-04T08:25:04+00:00,,fanout_0001,67,candidate_expire_duplicate_fanout,dry_run_expire
662,ACCENT GROUP,risk,PETTIMED's capital raising at 1 cent per share,active,expired,commentary:youtube_transcript,youtube_transcript:asx-daily-rundown-atlassian-lifts-tech-a2-milk-recall-shock-accent-group-all-time-lows:88e960386e503796,0.79,0.91,short,2026-05-04T08:25:04+00:00,2026-05-04T08:25:04+00:00,,fanout_0001,67,candidate_expire_duplicate_fanout,dry_run_expire
663,ASX,risk,A2 MILK's product recall and negative market reaction,active,expired,commentary:youtube_transcript,youtube_transcript:asx-daily-rundown-atlassian-lifts-tech-a2-milk-recall-shock-accent-group-all-time-lows:88e960386e503796,0.74,0.82,short,2026-05-04T08:25:04+00:00,2026-05-04T08:25:04+00:00,,fanout_0017,41,candidate_expire_duplicate_fanout,dry_run_expire
664,TXT,risk,A2 MILK's product recall and negative market reaction,active,expired,commentary:youtube_transcript,youtube_transcript:asx-daily-rundown-atlassian-lifts-tech-a2-milk-recall-shock-accent-group-all-time-lows:88e960386e503796,0.74,0.82,short,2026-05-04T08:25:04+00:00,2026-05-04T08:25:04+00:00,,fanout_0017,41,candidate_expire_duplicate_fanout,dry_run_expire
665,XTX,risk,A2 MILK's product recall and negative market reaction,active,expired,commentary:youtube_transcript,youtube_transcript:asx-daily-rundown-atlassian-lifts-tech-a2-milk-recall-shock-accent-group-all-time-lows:88e960386e503796,0.74,0.82,short,2026-05-04T08:25:04+00:00,2026-05-04T08:25:04+00:00,,fanout_0017,41,candidate_expire_duplicate_fanout,dry_run_expire
667,ENDEAVOR GROUP,risk,A2 MILK's product recall and negative market reaction,active,expired,commentary:youtube_transcript,youtube_transcript:asx-daily-rundown-atlassian-lifts-tech-a2-milk-recall-shock-accent-group-all-time-lows:88e960386e503796,0.74,0.82,short,2026-05-04T08:25:05+00:00,2026-05-04T08:25:05+00:00,,fanout_0017,41,candidate_expire_duplicate_fanout,dry_run_expire
668,END,observed_fact,Atlassian's share price is up about 30% due to better-than-expected results,active,expired,commentary:youtube_transcript,youtube_transcript:asx-daily-rundown-atlassian-lifts-tech-a2-milk-recall-shock-accent-group-all-time-lows:88e960386e503796,0.8,0.71,short,2026-05-04T08:25:06+00:00,2026-05-04T08:25:06+00:00,,fanout_0007,50,candidate_expire_duplicate_fanout,dry_run_expire
669,COH,observed_fact,Atlassian's share price is up about 30% due to better-than-expected results,active,expired,commentary:youtube_transcript,youtube_transcript:asx-daily-rundown-atlassian-lifts-tech-a2-milk-recall-shock-accent-group-all-time-lows:88e960386e503796,0.8,0.71,short,2026-05-04T08:25:06+00:00,2026-05-04T08:25:06+00:00,,fanout_0007,50,candidate_expire_duplicate_fanout,dry_run_expire
670,WES,observed_fact,Atlassian's share price is up about 30% due to better-than-expected results,active,expired,commentary:youtube_transcript,youtube_transcript:asx-daily-rundown-atlassian-lifts-tech-a2-milk-recall-shock-accent-group-all-time-lows:88e960386e503796,0.8,0.71,short,2026-05-04T08:25:06+00:00,2026-05-04T08:25:06+00:00,,fanout_0007,50,candidate_expire_duplicate_fanout,dry_run_expire
671,WBC,observed_fact,Atlassian's share price is up about 30% due to better-than-expected results,active,expired,commentary:youtube_transcript,youtube_transcript:asx-daily-rundown-atlassian-lifts-tech-a2-milk-recall-shock-accent-group-all-time-lows:88e960386e503796,0.8,0.71,short,2026-05-04T08:25:06+00:00,2026-05-04T08:25:06+00:00,,fanout_0007,50,candidate_expire_duplicate_fanout,dry_run_expire
672,KEY,observed_fact,Atlassian's share price is up about 30% due to better-than-expected results,active,expired,commentary:youtube_transcript,youtube_transcript:asx-daily-rundown-atlassian-lifts-tech-a2-milk-recall-shock-accent-group-all-time-lows:88e960386e503796,0.8,0.71,short,2026-05-04T08:25:06+00:00,2026-05-04T08:25:06+00:00,,fanout_0007,50,candidate_expire_duplicate_fanout,dry_run_expire
673,GCM,observed_fact,Atlassian's share price is up about 30% due to better-than-expected results,active,expired,commentary:youtube_transcript,youtube_transcript:asx-daily-rundown-atlassian-lifts-tech-a2-milk-recall-shock-accent-group-all-time-lows:88e960386e503796,0.8,0.71,short,2026-05-04T08:25:06+00:00,2026-05-04T08:25:06+00:00,,fanout_0007,50,candidate_expire_duplicate_fanout,dry_run_expire
674,MAR,observed_fact,Atlassian's share price is up about 30% due to better-than-expected results,active,expired,commentary:youtube_transcript,youtube_transcript:asx-daily-rundown-atlassian-lifts-tech-a2-milk-recall-shock-accent-group-all-time-lows:88e960386e503796,0.8,0.71,short,2026-05-04T08:25:07+00:00,2026-05-04T08:25:07+00:00,,fanout_0007,50,candidate_expire_duplicate_fanout,dry_run_expire
675,CLT,observed_fact,Atlassian's share price is up about 30% due to better-than-expected results,active,expired,commentary:youtube_transcript,youtube_transcript:asx-daily-rundown-atlassian-lifts-tech-a2-milk-recall-shock-accent-group-all-time-lows:88e960386e503796,0.8,0.71,short,2026-05-04T08:25:08+00:00,2026-05-04T08:25:08+00:00,,fanout_0007,50,candidate_expire_duplicate_fanout,dry_run_expire
676,WIN,observed_fact,Atlassian's share price is up about 30% due to better-than-expected results,active,expired,commentary:youtube_transcript,youtube_transcript:asx-daily-rundown-atlassian-lifts-tech-a2-milk-recall-shock-accent-group-all-time-lows:88e960386e503796,0.8,0.71,short,2026-05-04T08:25:08+00:00,2026-05-04T08:25:08+00:00,,fanout_0007,50,candidate_expire_duplicate_fanout,dry_run_expire
677,SKT,observed_fact,Atlassian's share price is up about 30% due to better-than-expected results,active,expired,commentary:youtube_transcript,youtube_transcript:asx-daily-rundown-atlassian-lifts-tech-a2-milk-recall-shock-accent-group-all-time-lows:88e960386e503796,0.8,0.71,short,2026-05-04T08:25:08+00:00,2026-05-04T08:25:08+00:00,,fanout_0007,50,candidate_expire_duplicate_fanout,dry_run_expire
678,VCE,observed_fact,Atlassian's share price is up about 30% due to better-than-expected results,active,expired,commentary:youtube_transcript,youtube_transcript:asx-daily-rundown-atlassian-lifts-tech-a2-milk-recall-shock-accent-group-all-time-lows:88e960386e503796,0.8,0.71,short,2026-05-04T08:25:08+00:00,2026-05-04T08:25:08+00:00,,fanout_0007,50,candidate_expire_duplicate_fanout,dry_run_expire
679,SNW,observed_fact,Atlassian's share price is up about 30% due to better-than-expected results,active,expired,commentary:youtube_transcript,youtube_transcript:asx-daily-rundown-atlassian-lifts-tech-a2-milk-recall-shock-accent-group-all-time-lows:88e960386e503796,0.8,0.71,short,2026-05-04T08:25:08+00:00,2026-05-04T08:25:08+00:00,,fanout_0007,50,candidate_expire_duplicate_fanout,dry_run_expire
680,LON,observed_fact,Atlassian's share price is up about 30% due to better-than-expected results,active,expired,commentary:youtube_transcript,youtube_transcript:asx-daily-rundown-atlassian-lifts-tech-a2-milk-recall-shock-accent-group-all-time-lows:88e960386e503796,0.8,0.71,short,2026-05-04T08:25:08+00:00,2026-05-04T08:25:08+00:00,,fanout_0007,50,candidate_expire_duplicate_fanout,dry_run_expire
681,PET,observed_fact,Atlassian's share price is up about 30% due to better-than-expected results,active,expired,commentary:youtube_transcript,youtube_transcript:asx-daily-rundown-atlassian-lifts-tech-a2-milk-recall-shock-accent-group-all-time-lows:88e960386e503796,0.8,0.71,short,2026-05-04T08:25:08+00:00,2026-05-04T08:25:08+00:00,,fanout_0007,50,candidate_expire_duplicate_fanout,dry_run_expire
682,STK,observed_fact,Atlassian's share price is up about 30% due to better-than-expected results,active,expired,commentary:youtube_transcript,youtube_transcript:asx-daily-rundown-atlassian-lifts-tech-a2-milk-recall-shock-accent-group-all-time-lows:88e960386e503796,0.8,0.71,short,2026-05-04T08:25:08+00:00,2026-05-04T08:25:08+00:00,,fanout_0007,50,candidate_expire_duplicate_fanout,dry_run_expire
709,ASX,observed_fact,"NAB's half-year results were not good, showing very little growth",active,expired,commentary:youtube_transcript,youtube_transcript:asx-daily-rundown-atlassian-lifts-tech-a2-milk-recall-shock-accent-group-all-time-lows:88e960386e503796,0.79,0.66,short,2026-05-04T08:25:12+00:00,2026-05-04T08:25:12+00:00,,fanout_0020,34,candidate_expire_duplicate_fanout,dry_run_expire
710,TXT,observed_fact,"NAB's half-year results were not good, showing very little growth",active,expired,commentary:youtube_transcript,youtube_transcript:asx-daily-rundown-atlassian-lifts-tech-a2-milk-recall-shock-accent-group-all-time-lows:88e960386e503796,0.79,0.66,short,2026-05-04T08:25:12+00:00,2026-05-04T08:25:12+00:00,,fanout_0020,34,candidate_expire_duplicate_fanout,dry_run_expire
711,XTX,observed_fact,"NAB's half-year results were not good, showing very little growth",active,expired,commentary:youtube_transcript,youtube_transcript:asx-daily-rundown-atlassian-lifts-tech-a2-milk-recall-shock-accent-group-all-time-lows:88e960386e503796,0.79,0.66,short,2026-05-04T08:25:13+00:00,2026-05-04T08:25:13+00:00,,fanout_0020,34,candidate_expire_duplicate_fanout,dry_run_expire
712,A2M,observed_fact,"NAB's half-year results were not good, showing very little growth",active,expired,commentary:youtube_transcript,youtube_transcript:asx-daily-rundown-atlassian-lifts-tech-a2-milk-recall-shock-accent-group-all-time-lows:88e960386e503796,0.79,0.66,short,2026-05-04T08:25:13+00:00,2026-05-04T08:25:13+00:00,,fanout_0020,34,candidate_expire_duplicate_fanout,dry_run_expire
713,END,observed_fact,"NAB's half-year results were not good, showing very little growth",active,expired,commentary:youtube_transcript,youtube_transcript:asx-daily-rundown-atlassian-lifts-tech-a2-milk-recall-shock-accent-group-all-time-lows:88e960386e503796,0.79,0.66,short,2026-05-04T08:25:13+00:00,2026-05-04T08:25:13+00:00,,fanout_0020,34,candidate_expire_duplicate_fanout,dry_run_expire
714,COH,observed_fact,"NAB's half-year results were not good, showing very little growth",active,expired,commentary:youtube_transcript,youtube_transcript:asx-daily-rundown-atlassian-lifts-tech-a2-milk-recall-shock-accent-group-all-time-lows:88e960386e503796,0.79,0.66,short,2026-05-04T08:25:13+00:00,2026-05-04T08:25:13+00:00,,fanout_0020,34,candidate_expire_duplicate_fanout,dry_run_expire
715,WES,observed_fact,"NAB's half-year results were not good, showing very little growth",active,expired,commentary:youtube_transcript,youtube_transcript:asx-daily-rundown-atlassian-lifts-tech-a2-milk-recall-shock-accent-group-all-time-lows:88e960386e503796,0.79,0.66,short,2026-05-04T08:25:13+00:00,2026-05-04T08:25:13+00:00,,fanout_0020,34,candidate_expire_duplicate_fanout,dry_run_expire
716,BHP,observed_fact,"NAB's half-year results were not good, showing very little growth",active,expired,commentary:youtube_transcript,youtube_transcript:asx-daily-rundown-atlassian-lifts-tech-a2-milk-recall-shock-accent-group-all-time-lows:88e960386e503796,0.79,0.66,short,2026-05-04T08:25:13+00:00,2026-05-04T08:25:13+00:00,,fanout_0020,34,candidate_expire_duplicate_fanout,dry_run_expire
718,WBC,observed_fact,"NAB's half-year results were not good, showing very little growth",active,expired,commentary:youtube_transcript,youtube_transcript:asx-daily-rundown-atlassian-lifts-tech-a2-milk-recall-shock-accent-group-all-time-lows:88e960386e503796,0.79,0.66,short,2026-05-04T08:25:13+00:00,2026-05-04T08:25:13+00:00,,fanout_0020,34,candidate_expire_duplicate_fanout,dry_run_expire
719,KEY,observed_fact,"NAB's half-year results were not good, showing very little growth",active,expired,commentary:youtube_transcript,youtube_transcript:asx-daily-rundown-atlassian-lifts-tech-a2-milk-recall-shock-accent-group-all-time-lows:88e960386e503796,0.79,0.66,short,2026-05-04T08:25:13+00:00,2026-05-04T08:25:13+00:00,,fanout_0020,34,candidate_expire_duplicate_fanout,dry_run_expire
720,GCM,observed_fact,"NAB's half-year results were not good, showing very little growth",active,expired,commentary:youtube_transcript,youtube_transcript:asx-daily-rundown-atlassian-lifts-tech-a2-milk-recall-shock-accent-group-all-time-lows:88e960386e503796,0.79,0.66,short,2026-05-04T08:25:13+00:00,2026-05-04T08:25:13+00:00,,fanout_0020,34,candidate_expire_duplicate_fanout,dry_run_expire
721,MAR,observed_fact,"NAB's half-year results were not good, showing very little growth",active,expired,commentary:youtube_transcript,youtube_transcript:asx-daily-rundown-atlassian-lifts-tech-a2-milk-recall-shock-accent-group-all-time-lows:88e960386e503796,0.79,0.66,short,2026-05-04T08:25:13+00:00,2026-05-04T08:25:13+00:00,,fanout_0020,34,candidate_expire_duplicate_fanout,dry_run_expire
722,CLT,observed_fact,"NAB's half-year results were not good, showing very little growth",active,expired,commentary:youtube_transcript,youtube_transcript:asx-daily-rundown-atlassian-lifts-tech-a2-milk-recall-shock-accent-group-all-time-lows:88e960386e503796,0.79,0.66,short,2026-05-04T08:25:13+00:00,2026-05-04T08:25:13+00:00,,fanout_0020,34,candidate_expire_duplicate_fanout,dry_run_expire
723,WIN,observed_fact,"NAB's half-year results were not good, showing very little growth",active,expired,commentary:youtube_transcript,youtube_transcript:asx-daily-rundown-atlassian-lifts-tech-a2-milk-recall-shock-accent-group-all-time-lows:88e960386e503796,0.79,0.66,short,2026-05-04T08:25:13+00:00,2026-05-04T08:25:13+00:00,,fanout_0020,34,candidate_expire_duplicate_fanout,dry_run_expire
724,SKT,observed_fact,"NAB's half-year results were not good, showing very little growth",active,expired,commentary:youtube_transcript,youtube_transcript:asx-daily-rundown-atlassian-lifts-tech-a2-milk-recall-shock-accent-group-all-time-lows:88e960386e503796,0.79,0.66,short,2026-05-04T08:25:14+00:00,2026-05-04T08:25:14+00:00,,fanout_0020,34,candidate_expire_duplicate_fanout,dry_run_expire
725,VCE,observed_fact,"NAB's half-year results were not good, showing very little growth",active,expired,commentary:youtube_transcript,youtube_transcript:asx-daily-rundown-atlassian-lifts-tech-a2-milk-recall-shock-accent-group-all-time-lows:88e960386e503796,0.79,0.66,short,2026-05-04T08:25:14+00:00,2026-05-04T08:25:14+00:00,,fanout_0020,34,candidate_expire_duplicate_fanout,dry_run_expire
726,SNW,observed_fact,"NAB's half-year results were not good, showing very little growth",active,expired,commentary:youtube_transcript,youtube_transcript:asx-daily-rundown-atlassian-lifts-tech-a2-milk-recall-shock-accent-group-all-time-lows:88e960386e503796,0.79,0.66,short,2026-05-04T08:25:14+00:00,2026-05-04T08:25:14+00:00,,fanout_0020,34,candidate_expire_duplicate_fanout,dry_run_expire
727,LON,observed_fact,"NAB's half-year results were not good, showing very little growth",active,expired,commentary:youtube_transcript,youtube_transcript:asx-daily-rundown-atlassian-lifts-tech-a2-milk-recall-shock-accent-group-all-time-lows:88e960386e503796,0.79,0.66,short,2026-05-04T08:25:14+00:00,2026-05-04T08:25:14+00:00,,fanout_0020,34,candidate_expire_duplicate_fanout,dry_run_expire
728,PET,observed_fact,"NAB's half-year results were not good, showing very little growth",active,expired,commentary:youtube_transcript,youtube_transcript:asx-daily-rundown-atlassian-lifts-tech-a2-milk-recall-shock-accent-group-all-time-lows:88e960386e503796,0.79,0.66,short,2026-05-04T08:25:15+00:00,2026-05-04T08:25:15+00:00,,fanout_0020,34,candidate_expire_duplicate_fanout,dry_run_expire
729,STK,observed_fact,"NAB's half-year results were not good, showing very little growth",active,expired,commentary:youtube_transcript,youtube_transcript:asx-daily-rundown-atlassian-lifts-tech-a2-milk-recall-shock-accent-group-all-time-lows:88e960386e503796,0.79,0.66,short,2026-05-04T08:25:15+00:00,2026-05-04T08:25:15+00:00,,fanout_0020,34,candidate_expire_duplicate_fanout,dry_run_expire
730,INDE,observed_fact,"NAB's half-year results were not good, showing very little growth",active,expired,commentary:youtube_transcript,youtube_transcript:asx-daily-rundown-atlassian-lifts-tech-a2-milk-recall-shock-accent-group-all-time-lows:88e960386e503796,0.79,0.66,short,2026-05-04T08:25:15+00:00,2026-05-04T08:25:15+00:00,,fanout_0020,34,candidate_expire_duplicate_fanout,dry_run_expire
731,PETT,observed_fact,"NAB's half-year results were not good, showing very little growth",active,expired,commentary:youtube_transcript,youtube_transcript:asx-daily-rundown-atlassian-lifts-tech-a2-milk-recall-shock-accent-group-all-time-lows:88e960386e503796,0.79,0.66,short,2026-05-04T08:25:15+00:00,2026-05-04T08:25:15+00:00,,fanout_0020,34,candidate_expire_duplicate_fanout,dry_run_expire
732,C79,observed_fact,"NAB's half-year results were not good, showing very little growth",active,expired,commentary:youtube_transcript,youtube_transcript:asx-daily-rundown-atlassian-lifts-tech-a2-milk-recall-shock-accent-group-all-time-lows:88e960386e503796,0.79,0.66,short,2026-05-04T08:25:15+00:00,2026-05-04T08:25:15+00:00,,fanout_0020,34,candidate_expire_duplicate_fanout,dry_run_expire
733,A2 MILK,observed_fact,"NAB's half-year results were not good, showing very little growth",active,expired,commentary:youtube_transcript,youtube_transcript:asx-daily-rundown-atlassian-lifts-tech-a2-milk-recall-shock-accent-group-all-time-lows:88e960386e503796,0.79,0.66,short,2026-05-04T08:25:15+00:00,2026-05-04T08:25:15+00:00,,fanout_0020,34,candidate_expire_duplicate_fanout,dry_run_expire
734,ACCENT GROUP,observed_fact,"NAB's half-year results were not good, showing very little growth",active,expired,commentary:youtube_transcript,youtube_transcript:asx-daily-rundown-atlassian-lifts-tech-a2-milk-recall-shock-accent-group-all-time-lows:88e960386e503796,0.79,0.66,short,2026-05-04T08:25:15+00:00,2026-05-04T08:25:15+00:00,,fanout_0020,34,candidate_expire_duplicate_fanout,dry_run_expire
735,ATLASSIAN,risk,A2 MILK's product recall and negative market reaction,active,expired,commentary:youtube_transcript,youtube_transcript:asx-daily-rundown-atlassian-lifts-tech-a2-milk-recall-shock-accent-group-all-time-lows:88e960386e503796,0.74,0.82,short,2026-05-04T08:25:05+00:00,2026-05-04T08:25:05+00:00,,fanout_0017,41,candidate_expire_duplicate_fanout,dry_run_expire
736,NAB,risk,A2 MILK's product recall and negative market reaction,active,expired,commentary:youtube_transcript,youtube_transcript:asx-daily-rundown-atlassian-lifts-tech-a2-milk-recall-shock-accent-group-all-time-lows:88e960386e503796,0.74,0.82,short,2026-05-04T08:25:16+00:00,2026-05-04T08:25:16+00:00,,fanout_0017,41,candidate_expire_duplicate_fanout,dry_run_expire
737,BHP,risk,A2 MILK's product recall and negative market reaction,active,expired,commentary:youtube_transcript,youtube_transcript:asx-daily-rundown-atlassian-lifts-tech-a2-milk-recall-shock-accent-group-all-time-lows:88e960386e503796,0.74,0.82,short,2026-05-04T08:25:16+00:00,2026-05-04T08:25:16+00:00,,fanout_0017,41,candidate_expire_duplicate_fanout,dry_run_expire
738,KEY PETROLEUM,risk,A2 MILK's product recall and negative market reaction,active,expired,commentary:youtube_transcript,youtube_transcript:asx-daily-rundown-atlassian-lifts-tech-a2-milk-recall-shock-accent-group-all-time-lows:88e960386e503796,0.74,0.82,short,2026-05-04T08:25:16+00:00,2026-05-04T08:25:16+00:00,,fanout_0017,41,candidate_expire_duplicate_fanout,dry_run_expire
739,GCM CORPORATION,risk,A2 MILK's product recall and negative market reaction,active,expired,commentary:youtube_transcript,youtube_transcript:asx-daily-rundown-atlassian-lifts-tech-a2-milk-recall-shock-accent-group-all-time-lows:88e960386e503796,0.74,0.82,short,2026-05-04T08:25:16+00:00,2026-05-04T08:25:16+00:00,,fanout_0017,41,candidate_expire_duplicate_fanout,dry_run_expire
740,MARINO AND CO,risk,A2 MILK's product recall and negative market reaction,active,expired,commentary:youtube_transcript,youtube_transcript:asx-daily-rundown-atlassian-lifts-tech-a2-milk-recall-shock-accent-group-all-time-lows:88e960386e503796,0.74,0.82,short,2026-05-04T08:25:16+00:00,2026-05-04T08:25:16+00:00,,fanout_0017,41,candidate_expire_duplicate_fanout,dry_run_expire
741,CLARITY,risk,A2 MILK's product recall and negative market reaction,active,expired,commentary:youtube_transcript,youtube_transcript:asx-daily-rundown-atlassian-lifts-tech-a2-milk-recall-shock-accent-group-all-time-lows:88e960386e503796,0.74,0.82,short,2026-05-04T08:25:16+00:00,2026-05-04T08:25:16+00:00,,fanout_0017,41,candidate_expire_duplicate_fanout,dry_run_expire
742,WIN MEDALS,risk,A2 MILK's product recall and negative market reaction,active,expired,commentary:youtube_transcript,youtube_transcript:asx-daily-rundown-atlassian-lifts-tech-a2-milk-recall-shock-accent-group-all-time-lows:88e960386e503796,0.74,0.82,short,2026-05-04T08:25:16+00:00,2026-05-04T08:25:16+00:00,,fanout_0017,41,candidate_expire_duplicate_fanout,dry_run_expire
743,AXEN GROUP,risk,A2 MILK's product recall and negative market reaction,active,expired,commentary:youtube_transcript,youtube_transcript:asx-daily-rundown-atlassian-lifts-tech-a2-milk-recall-shock-accent-group-all-time-lows:88e960386e503796,0.74,0.82,short,2026-05-04T08:25:16+00:00,2026-05-04T08:25:16+00:00,,fanout_0017,41,candidate_expire_duplicate_fanout,dry_run_expire
744,STRICKLAND METALS,risk,A2 MILK's product recall and negative market reaction,active,expired,commentary:youtube_transcript,youtube_transcript:asx-daily-rundown-atlassian-lifts-tech-a2-milk-recall-shock-accent-group-all-time-lows:88e960386e503796,0.74,0.82,short,2026-05-04T08:25:16+00:00,2026-05-04T08:25:16+00:00,,fanout_0017,41,candidate_expire_duplicate_fanout,dry_run_expire
745,LION TOWN,risk,A2 MILK's product recall and negative market reaction,active,expired,commentary:youtube_transcript,youtube_transcript:asx-daily-rundown-atlassian-lifts-tech-a2-milk-recall-shock-accent-group-all-time-lows:88e960386e503796,0.74,0.82,short,2026-05-04T08:25:17+00:00,2026-05-04T08:25:17+00:00,,fanout_0017,41,candidate_expire_duplicate_fanout,dry_run_expire
746,IMRO,risk,A2 MILK's product recall and negative market reaction,active,expired,commentary:youtube_transcript,youtube_transcript:asx-daily-rundown-atlassian-lifts-tech-a2-milk-recall-shock-accent-group-all-time-lows:88e960386e503796,0.74,0.82,short,2026-05-04T08:25:17+00:00,2026-05-04T08:25:17+00:00,,fanout_0017,41,candidate_expire_duplicate_fanout,dry_run_expire
747,PENINSULA,risk,A2 MILK's product recall and negative market reaction,active,expired,commentary:youtube_transcript,youtube_transcript:asx-daily-rundown-atlassian-lifts-tech-a2-milk-recall-shock-accent-group-all-time-lows:88e960386e503796,0.74,0.82,short,2026-05-04T08:25:17+00:00,2026-05-04T08:25:17+00:00,,fanout_0017,41,candidate_expire_duplicate_fanout,dry_run_expire
748,BRAIN CHIP,risk,A2 MILK's product recall and negative market reaction,active,expired,commentary:youtube_transcript,youtube_transcript:asx-daily-rundown-atlassian-lifts-tech-a2-milk-recall-shock-accent-group-all-time-lows:88e960386e503796,0.74,0.82,short,2026-05-04T08:25:17+00:00,2026-05-04T08:25:17+00:00,,fanout_0017,41,candidate_expire_duplicate_fanout,dry_run_expire
749,VERITUS,risk,A2 MILK's product recall and negative market reaction,active,expired,commentary:youtube_transcript,youtube_transcript:asx-daily-rundown-atlassian-lifts-tech-a2-milk-recall-shock-accent-group-all-time-lows:88e960386e503796,0.74,0.82,short,2026-05-04T08:25:18+00:00,2026-05-04T08:25:18+00:00,,fanout_0017,41,candidate_expire_duplicate_fanout,dry_run_expire
750,PETTIMED,risk,A2 MILK's product recall and negative market reaction,active,expired,commentary:youtube_transcript,youtube_transcript:asx-daily-rundown-atlassian-lifts-tech-a2-milk-recall-shock-accent-group-all-time-lows:88e960386e503796,0.74,0.82,short,2026-05-04T08:25:18+00:00,2026-05-04T08:25:18+00:00,,fanout_0017,41,candidate_expire_duplicate_fanout,dry_run_expire
766,END,observed_fact,Pettimed's share price is down 35.71%,active,expired,commentary:youtube_transcript,youtube_transcript:asx-daily-rundown-atlassian-lifts-tech-a2-milk-recall-shock-accent-group-all-time-lows:88e960386e503796,0.82,0.71,short,2026-05-04T08:25:22+00:00,2026-05-04T08:25:22+00:00,,fanout_0012,50,candidate_expire_duplicate_fanout,dry_run_expire
767,COH,observed_fact,Pettimed's share price is down 35.71%,active,expired,commentary:youtube_transcript,youtube_transcript:asx-daily-rundown-atlassian-lifts-tech-a2-milk-recall-shock-accent-group-all-time-lows:88e960386e503796,0.82,0.71,short,2026-05-04T08:25:22+00:00,2026-05-04T08:25:22+00:00,,fanout_0012,50,candidate_expire_duplicate_fanout,dry_run_expire
768,WES,observed_fact,Pettimed's share price is down 35.71%,active,expired,commentary:youtube_transcript,youtube_transcript:asx-daily-rundown-atlassian-lifts-tech-a2-milk-recall-shock-accent-group-all-time-lows:88e960386e503796,0.82,0.71,short,2026-05-04T08:25:23+00:00,2026-05-04T08:25:23+00:00,,fanout_0012,50,candidate_expire_duplicate_fanout,dry_run_expire
769,WBC,observed_fact,Pettimed's share price is down 35.71%,active,expired,commentary:youtube_transcript,youtube_transcript:asx-daily-rundown-atlassian-lifts-tech-a2-milk-recall-shock-accent-group-all-time-lows:88e960386e503796,0.82,0.71,short,2026-05-04T08:25:23+00:00,2026-05-04T08:25:23+00:00,,fanout_0012,50,candidate_expire_duplicate_fanout,dry_run_expire
770,KEY,observed_fact,Pettimed's share price is down 35.71%,active,expired,commentary:youtube_transcript,youtube_transcript:asx-daily-rundown-atlassian-lifts-tech-a2-milk-recall-shock-accent-group-all-time-lows:88e960386e503796,0.82,0.71,short,2026-05-04T08:25:23+00:00,2026-05-04T08:25:23+00:00,,fanout_0012,50,candidate_expire_duplicate_fanout,dry_run_expire
771,GCM,observed_fact,Pettimed's share price is down 35.71%,active,expired,commentary:youtube_transcript,youtube_transcript:asx-daily-rundown-atlassian-lifts-tech-a2-milk-recall-shock-accent-group-all-time-lows:88e960386e503796,0.82,0.71,short,2026-05-04T08:25:23+00:00,2026-05-04T08:25:23+00:00,,fanout_0012,50,candidate_expire_duplicate_fanout,dry_run_expire
772,MAR,observed_fact,Pettimed's share price is down 35.71%,active,expired,commentary:youtube_transcript,youtube_transcript:asx-daily-rundown-atlassian-lifts-tech-a2-milk-recall-shock-accent-group-all-time-lows:88e960386e503796,0.82,0.71,short,2026-05-04T08:25:23+00:00,2026-05-04T08:25:23+00:00,,fanout_0012,50,candidate_expire_duplicate_fanout,dry_run_expire
773,CLT,observed_fact,Pettimed's share price is down 35.71%,active,expired,commentary:youtube_transcript,youtube_transcript:asx-daily-rundown-atlassian-lifts-tech-a2-milk-recall-shock-accent-group-all-time-lows:88e960386e503796,0.82,0.71,short,2026-05-04T08:25:24+00:00,2026-05-04T08:25:24+00:00,,fanout_0012,50,candidate_expire_duplicate_fanout,dry_run_expire
774,WIN,observed_fact,Pettimed's share price is down 35.71%,active,expired,commentary:youtube_transcript,youtube_transcript:asx-daily-rundown-atlassian-lifts-tech-a2-milk-recall-shock-accent-group-all-time-lows:88e960386e503796,0.82,0.71,short,2026-05-04T08:25:24+00:00,2026-05-04T08:25:24+00:00,,fanout_0012,50,candidate_expire_duplicate_fanout,dry_run_expire
775,SKT,observed_fact,Pettimed's share price is down 35.71%,active,expired,commentary:youtube_transcript,youtube_transcript:asx-daily-rundown-atlassian-lifts-tech-a2-milk-recall-shock-accent-group-all-time-lows:88e960386e503796,0.82,0.71,short,2026-05-04T08:25:24+00:00,2026-05-04T08:25:24+00:00,,fanout_0012,50,candidate_expire_duplicate_fanout,dry_run_expire
776,VCE,observed_fact,Pettimed's share price is down 35.71%,active,expired,commentary:youtube_transcript,youtube_transcript:asx-daily-rundown-atlassian-lifts-tech-a2-milk-recall-shock-accent-group-all-time-lows:88e960386e503796,0.82,0.71,short,2026-05-04T08:25:24+00:00,2026-05-04T08:25:24+00:00,,fanout_0012,50,candidate_expire_duplicate_fanout,dry_run_expire
777,SNW,observed_fact,Pettimed's share price is down 35.71%,active,expired,commentary:youtube_transcript,youtube_transcript:asx-daily-rundown-atlassian-lifts-tech-a2-milk-recall-shock-accent-group-all-time-lows:88e960386e503796,0.82,0.71,short,2026-05-04T08:25:24+00:00,2026-05-04T08:25:24+00:00,,fanout_0012,50,candidate_expire_duplicate_fanout,dry_run_expire
778,LON,observed_fact,Pettimed's share price is down 35.71%,active,expired,commentary:youtube_transcript,youtube_transcript:asx-daily-rundown-atlassian-lifts-tech-a2-milk-recall-shock-accent-group-all-time-lows:88e960386e503796,0.82,0.71,short,2026-05-04T08:25:24+00:00,2026-05-04T08:25:24+00:00,,fanout_0012,50,candidate_expire_duplicate_fanout,dry_run_expire
780,STK,observed_fact,Pettimed's share price is down 35.71%,active,expired,commentary:youtube_transcript,youtube_transcript:asx-daily-rundown-atlassian-lifts-tech-a2-milk-recall-shock-accent-group-all-time-lows:88e960386e503796,0.82,0.71,short,2026-05-04T08:25:24+00:00,2026-05-04T08:25:24+00:00,,fanout_0012,50,candidate_expire_duplicate_fanout,dry_run_expire
796,END,observed_fact,Chrysos Corporation's share price fell 6.39% despite a positive trading update,active,expired,commentary:youtube_transcript,youtube_transcript:asx-daily-rundown-atlassian-lifts-tech-a2-milk-recall-shock-accent-group-all-time-lows:88e960386e503796,0.8,0.71,short,2026-05-04T08:25:31+00:00,2026-05-04T08:25:31+00:00,,fanout_0008,50,candidate_expire_duplicate_fanout,dry_run_expire
797,COH,observed_fact,Chrysos Corporation's share price fell 6.39% despite a positive trading update,active,expired,commentary:youtube_transcript,youtube_transcript:asx-daily-rundown-atlassian-lifts-tech-a2-milk-recall-shock-accent-group-all-time-lows:88e960386e503796,0.8,0.71,short,2026-05-04T08:25:31+00:00,2026-05-04T08:25:31+00:00,,fanout_0008,50,candidate_expire_duplicate_fanout,dry_run_expire
798,WES,observed_fact,Chrysos Corporation's share price fell 6.39% despite a positive trading update,active,expired,commentary:youtube_transcript,youtube_transcript:asx-daily-rundown-atlassian-lifts-tech-a2-milk-recall-shock-accent-group-all-time-lows:88e960386e503796,0.8,0.71,short,2026-05-04T08:25:31+00:00,2026-05-04T08:25:31+00:00,,fanout_0008,50,candidate_expire_duplicate_fanout,dry_run_expire
799,WBC,observed_fact,Chrysos Corporation's share price fell 6.39% despite a positive trading update,active,expired,commentary:youtube_transcript,youtube_transcript:asx-daily-rundown-atlassian-lifts-tech-a2-milk-recall-shock-accent-group-all-time-lows:88e960386e503796,0.8,0.71,short,2026-05-04T08:25:31+00:00,2026-05-04T08:25:31+00:00,,fanout_0008,50,candidate_expire_duplicate_fanout,dry_run_expire
800,KEY,observed_fact,Chrysos Corporation's share price fell 6.39% despite a positive trading update,active,expired,commentary:youtube_transcript,youtube_transcript:asx-daily-rundown-atlassian-lifts-tech-a2-milk-recall-shock-accent-group-all-time-lows:88e960386e503796,0.8,0.71,short,2026-05-04T08:25:32+00:00,2026-05-04T08:25:32+00:00,,fanout_0008,50,candidate_expire_duplicate_fanout,dry_run_expire
802,MAR,observed_fact,Chrysos Corporation's share price fell 6.39% despite a positive trading update,active,expired,commentary:youtube_transcript,youtube_transcript:asx-daily-rundown-atlassian-lifts-tech-a2-milk-recall-shock-accent-group-all-time-lows:88e960386e503796,0.8,0.71,short,2026-05-04T08:25:32+00:00,2026-05-04T08:25:32+00:00,,fanout_0008,50,candidate_expire_duplicate_fanout,dry_run_expire
803,CLT,observed_fact,Chrysos Corporation's share price fell 6.39% despite a positive trading update,active,expired,commentary:youtube_transcript,youtube_transcript:asx-daily-rundown-atlassian-lifts-tech-a2-milk-recall-shock-accent-group-all-time-lows:88e960386e503796,0.8,0.71,short,2026-05-04T08:25:32+00:00,2026-05-04T08:25:32+00:00,,fanout_0008,50,candidate_expire_duplicate_fanout,dry_run_expire
804,WIN,observed_fact,Chrysos Corporation's share price fell 6.39% despite a positive trading update,active,expired,commentary:youtube_transcript,youtube_transcript:asx-daily-rundown-atlassian-lifts-tech-a2-milk-recall-shock-accent-group-all-time-lows:88e960386e503796,0.8,0.71,short,2026-05-04T08:25:32+00:00,2026-05-04T08:25:32+00:00,,fanout_0008,50,candidate_expire_duplicate_fanout,dry_run_expire
805,SKT,observed_fact,Chrysos Corporation's share price fell 6.39% despite a positive trading update,active,expired,commentary:youtube_transcript,youtube_transcript:asx-daily-rundown-atlassian-lifts-tech-a2-milk-recall-shock-accent-group-all-time-lows:88e960386e503796,0.8,0.71,short,2026-05-04T08:25:33+00:00,2026-05-04T08:25:33+00:00,,fanout_0008,50,candidate_expire_duplicate_fanout,dry_run_expire
806,VCE,observed_fact,Chrysos Corporation's share price fell 6.39% despite a positive trading update,active,expired,commentary:youtube_transcript,youtube_transcript:asx-daily-rundown-atlassian-lifts-tech-a2-milk-recall-shock-accent-group-all-time-lows:88e960386e503796,0.8,0.71,short,2026-05-04T08:25:33+00:00,2026-05-04T08:25:33+00:00,,fanout_0008,50,candidate_expire_duplicate_fanout,dry_run_expire
807,SNW,observed_fact,Chrysos Corporation's share price fell 6.39% despite a positive trading update,active,expired,commentary:youtube_transcript,youtube_transcript:asx-daily-rundown-atlassian-lifts-tech-a2-milk-recall-shock-accent-group-all-time-lows:88e960386e503796,0.8,0.71,short,2026-05-04T08:25:33+00:00,2026-05-04T08:25:33+00:00,,fanout_0008,50,candidate_expire_duplicate_fanout,dry_run_expire
808,LON,observed_fact,Chrysos Corporation's share price fell 6.39% despite a positive trading update,active,expired,commentary:youtube_transcript,youtube_transcript:asx-daily-rundown-atlassian-lifts-tech-a2-milk-recall-shock-accent-group-all-time-lows:88e960386e503796,0.8,0.71,short,2026-05-04T08:25:34+00:00,2026-05-04T08:25:34+00:00,,fanout_0008,50,candidate_expire_duplicate_fanout,dry_run_expire
809,PET,observed_fact,Chrysos Corporation's share price fell 6.39% despite a positive trading update,active,expired,commentary:youtube_transcript,youtube_transcript:asx-daily-rundown-atlassian-lifts-tech-a2-milk-recall-shock-accent-group-all-time-lows:88e960386e503796,0.8,0.71,short,2026-05-04T08:25:34+00:00,2026-05-04T08:25:34+00:00,,fanout_0008,50,candidate_expire_duplicate_fanout,dry_run_expire
810,STK,observed_fact,Chrysos Corporation's share price fell 6.39% despite a positive trading update,active,expired,commentary:youtube_transcript,youtube_transcript:asx-daily-rundown-atlassian-lifts-tech-a2-milk-recall-shock-accent-group-all-time-lows:88e960386e503796,0.8,0.71,short,2026-05-04T08:25:34+00:00,2026-05-04T08:25:34+00:00,,fanout_0008,50,candidate_expire_duplicate_fanout,dry_run_expire
811,END,observed_fact,A2 MILK's share price dropped 10% due to a product recall,active,expired,commentary:youtube_transcript,youtube_transcript:asx-daily-rundown-atlassian-lifts-tech-a2-milk-recall-shock-accent-group-all-time-lows:88e960386e503796,0.82,0.71,short,2026-05-04T08:25:36+00:00,2026-05-04T08:25:36+00:00,,fanout_0002,50,candidate_expire_duplicate_fanout,dry_run_expire
812,COH,observed_fact,A2 MILK's share price dropped 10% due to a product recall,active,expired,commentary:youtube_transcript,youtube_transcript:asx-daily-rundown-atlassian-lifts-tech-a2-milk-recall-shock-accent-group-all-time-lows:88e960386e503796,0.82,0.71,short,2026-05-04T08:25:36+00:00,2026-05-04T08:25:36+00:00,,fanout_0002,50,candidate_expire_duplicate_fanout,dry_run_expire
813,WES,observed_fact,A2 MILK's share price dropped 10% due to a product recall,active,expired,commentary:youtube_transcript,youtube_transcript:asx-daily-rundown-atlassian-lifts-tech-a2-milk-recall-shock-accent-group-all-time-lows:88e960386e503796,0.82,0.71,short,2026-05-04T08:25:36+00:00,2026-05-04T08:25:36+00:00,,fanout_0002,50,candidate_expire_duplicate_fanout,dry_run_expire
814,WBC,observed_fact,A2 MILK's share price dropped 10% due to a product recall,active,expired,commentary:youtube_transcript,youtube_transcript:asx-daily-rundown-atlassian-lifts-tech-a2-milk-recall-shock-accent-group-all-time-lows:88e960386e503796,0.82,0.71,short,2026-05-04T08:25:36+00:00,2026-05-04T08:25:36+00:00,,fanout_0002,50,candidate_expire_duplicate_fanout,dry_run_expire
815,KEY,observed_fact,A2 MILK's share price dropped 10% due to a product recall,active,expired,commentary:youtube_transcript,youtube_transcript:asx-daily-rundown-atlassian-lifts-tech-a2-milk-recall-shock-accent-group-all-time-lows:88e960386e503796,0.82,0.71,short,2026-05-04T08:25:36+00:00,2026-05-04T08:25:36+00:00,,fanout_0002,50,candidate_expire_duplicate_fanout,dry_run_expire
816,GCM,observed_fact,A2 MILK's share price dropped 10% due to a product recall,active,expired,commentary:youtube_transcript,youtube_transcript:asx-daily-rundown-atlassian-lifts-tech-a2-milk-recall-shock-accent-group-all-time-lows:88e960386e503796,0.82,0.71,short,2026-05-04T08:25:37+00:00,2026-05-04T08:25:37+00:00,,fanout_0002,50,candidate_expire_duplicate_fanout,dry_run_expire
817,MAR,observed_fact,A2 MILK's share price dropped 10% due to a product recall,active,expired,commentary:youtube_transcript,youtube_transcript:asx-daily-rundown-atlassian-lifts-tech-a2-milk-recall-shock-accent-group-all-time-lows:88e960386e503796,0.82,0.71,short,2026-05-04T08:25:37+00:00,2026-05-04T08:25:37+00:00,,fanout_0002,50,candidate_expire_duplicate_fanout,dry_run_expire
818,CLT,observed_fact,A2 MILK's share price dropped 10% due to a product recall,active,expired,commentary:youtube_transcript,youtube_transcript:asx-daily-rundown-atlassian-lifts-tech-a2-milk-recall-shock-accent-group-all-time-lows:88e960386e503796,0.82,0.71,short,2026-05-04T08:25:37+00:00,2026-05-04T08:25:37+00:00,,fanout_0002,50,candidate_expire_duplicate_fanout,dry_run_expire
819,WIN,observed_fact,A2 MILK's share price dropped 10% due to a product recall,active,expired,commentary:youtube_transcript,youtube_transcript:asx-daily-rundown-atlassian-lifts-tech-a2-milk-recall-shock-accent-group-all-time-lows:88e960386e503796,0.82,0.71,short,2026-05-04T08:25:37+00:00,2026-05-04T08:25:37+00:00,,fanout_0002,50,candidate_expire_duplicate_fanout,dry_run_expire
820,SKT,observed_fact,A2 MILK's share price dropped 10% due to a product recall,active,expired,commentary:youtube_transcript,youtube_transcript:asx-daily-rundown-atlassian-lifts-tech-a2-milk-recall-shock-accent-group-all-time-lows:88e960386e503796,0.82,0.71,short,2026-05-04T08:25:37+00:00,2026-05-04T08:25:37+00:00,,fanout_0002,50,candidate_expire_duplicate_fanout,dry_run_expire
821,VCE,observed_fact,A2 MILK's share price dropped 10% due to a product recall,active,expired,commentary:youtube_transcript,youtube_transcript:asx-daily-rundown-atlassian-lifts-tech-a2-milk-recall-shock-accent-group-all-time-lows:88e960386e503796,0.82,0.71,short,2026-05-04T08:25:37+00:00,2026-05-04T08:25:37+00:00,,fanout_0002,50,candidate_expire_duplicate_fanout,dry_run_expire
822,SNW,observed_fact,A2 MILK's share price dropped 10% due to a product recall,active,expired,commentary:youtube_transcript,youtube_transcript:asx-daily-rundown-atlassian-lifts-tech-a2-milk-recall-shock-accent-group-all-time-lows:88e960386e503796,0.82,0.71,short,2026-05-04T08:25:37+00:00,2026-05-04T08:25:37+00:00,,fanout_0002,50,candidate_expire_duplicate_fanout,dry_run_expire
823,LON,observed_fact,A2 MILK's share price dropped 10% due to a product recall,active,expired,commentary:youtube_transcript,youtube_transcript:asx-daily-rundown-atlassian-lifts-tech-a2-milk-recall-shock-accent-group-all-time-lows:88e960386e503796,0.82,0.71,short,2026-05-04T08:25:38+00:00,2026-05-04T08:25:38+00:00,,fanout_0002,50,candidate_expire_duplicate_fanout,dry_run_expire
824,PET,observed_fact,A2 MILK's share price dropped 10% due to a product recall,active,expired,commentary:youtube_transcript,youtube_transcript:asx-daily-rundown-atlassian-lifts-tech-a2-milk-recall-shock-accent-group-all-time-lows:88e960386e503796,0.82,0.71,short,2026-05-04T08:25:38+00:00,2026-05-04T08:25:38+00:00,,fanout_0002,50,candidate_expire_duplicate_fanout,dry_run_expire
825,STK,observed_fact,A2 MILK's share price dropped 10% due to a product recall,active,expired,commentary:youtube_transcript,youtube_transcript:asx-daily-rundown-atlassian-lifts-tech-a2-milk-recall-shock-accent-group-all-time-lows:88e960386e503796,0.82,0.71,short,2026-05-04T08:25:38+00:00,2026-05-04T08:25:38+00:00,,fanout_0002,50,candidate_expire_duplicate_fanout,dry_run_expire
826,END,observed_fact,A2 MILK's share price has dropped from almost $10 back to $6.59 in a few months,active,expired,commentary:youtube_transcript,youtube_transcript:asx-daily-rundown-atlassian-lifts-tech-a2-milk-recall-shock-accent-group-all-time-lows:88e960386e503796,0.82,0.71,short,2026-05-04T08:25:39+00:00,2026-05-04T08:25:39+00:00,,fanout_0003,50,candidate_expire_duplicate_fanout,dry_run_expire
827,COH,observed_fact,A2 MILK's share price has dropped from almost $10 back to $6.59 in a few months,active,expired,commentary:youtube_transcript,youtube_transcript:asx-daily-rundown-atlassian-lifts-tech-a2-milk-recall-shock-accent-group-all-time-lows:88e960386e503796,0.82,0.71,short,2026-05-04T08:25:40+00:00,2026-05-04T08:25:40+00:00,,fanout_0003,50,candidate_expire_duplicate_fanout,dry_run_expire
828,WES,observed_fact,A2 MILK's share price has dropped from almost $10 back to $6.59 in a few months,active,expired,commentary:youtube_transcript,youtube_transcript:asx-daily-rundown-atlassian-lifts-tech-a2-milk-recall-shock-accent-group-all-time-lows:88e960386e503796,0.82,0.71,short,2026-05-04T08:25:41+00:00,2026-05-04T08:25:41+00:00,,fanout_0003,50,candidate_expire_duplicate_fanout,dry_run_expire
829,WBC,observed_fact,A2 MILK's share price has dropped from almost $10 back to $6.59 in a few months,active,expired,commentary:youtube_transcript,youtube_transcript:asx-daily-rundown-atlassian-lifts-tech-a2-milk-recall-shock-accent-group-all-time-lows:88e960386e503796,0.82,0.71,short,2026-05-04T08:25:41+00:00,2026-05-04T08:25:41+00:00,,fanout_0003,50,candidate_expire_duplicate_fanout,dry_run_expire
830,KEY,observed_fact,A2 MILK's share price has dropped from almost $10 back to $6.59 in a few months,active,expired,commentary:youtube_transcript,youtube_transcript:asx-daily-rundown-atlassian-lifts-tech-a2-milk-recall-shock-accent-group-all-time-lows:88e960386e503796,0.82,0.71,short,2026-05-04T08:25:41+00:00,2026-05-04T08:25:41+00:00,,fanout_0003,50,candidate_expire_duplicate_fanout,dry_run_expire
831,GCM,observed_fact,A2 MILK's share price has dropped from almost $10 back to $6.59 in a few months,active,expired,commentary:youtube_transcript,youtube_transcript:asx-daily-rundown-atlassian-lifts-tech-a2-milk-recall-shock-accent-group-all-time-lows:88e960386e503796,0.82,0.71,short,2026-05-04T08:25:41+00:00,2026-05-04T08:25:41+00:00,,fanout_0003,50,candidate_expire_duplicate_fanout,dry_run_expire
832,MAR,observed_fact,A2 MILK's share price has dropped from almost $10 back to $6.59 in a few months,active,expired,commentary:youtube_transcript,youtube_transcript:asx-daily-rundown-atlassian-lifts-tech-a2-milk-recall-shock-accent-group-all-time-lows:88e960386e503796,0.82,0.71,short,2026-05-04T08:25:41+00:00,2026-05-04T08:25:41+00:00,,fanout_0003,50,candidate_expire_duplicate_fanout,dry_run_expire
833,CLT,observed_fact,A2 MILK's share price has dropped from almost $10 back to $6.59 in a few months,active,expired,commentary:youtube_transcript,youtube_transcript:asx-daily-rundown-atlassian-lifts-tech-a2-milk-recall-shock-accent-group-all-time-lows:88e960386e503796,0.82,0.71,short,2026-05-04T08:25:41+00:00,2026-05-04T08:25:41+00:00,,fanout_0003,50,candidate_expire_duplicate_fanout,dry_run_expire
834,WIN,observed_fact,A2 MILK's share price has dropped from almost $10 back to $6.59 in a few months,active,expired,commentary:youtube_transcript,youtube_transcript:asx-daily-rundown-atlassian-lifts-tech-a2-milk-recall-shock-accent-group-all-time-lows:88e960386e503796,0.82,0.71,short,2026-05-04T08:25:42+00:00,2026-05-04T08:25:42+00:00,,fanout_0003,50,candidate_expire_duplicate_fanout,dry_run_expire
835,SKT,observed_fact,A2 MILK's share price has dropped from almost $10 back to $6.59 in a few months,active,expired,commentary:youtube_transcript,youtube_transcript:asx-daily-rundown-atlassian-lifts-tech-a2-milk-recall-shock-accent-group-all-time-lows:88e960386e503796,0.82,0.71,short,2026-05-04T08:25:42+00:00,2026-05-04T08:25:42+00:00,,fanout_0003,50,candidate_expire_duplicate_fanout,dry_run_expire
836,VCE,observed_fact,A2 MILK's share price has dropped from almost $10 back to $6.59 in a few months,active,expired,commentary:youtube_transcript,youtube_transcript:asx-daily-rundown-atlassian-lifts-tech-a2-milk-recall-shock-accent-group-all-time-lows:88e960386e503796,0.82,0.71,short,2026-05-04T08:25:42+00:00,2026-05-04T08:25:42+00:00,,fanout_0003,50,candidate_expire_duplicate_fanout,dry_run_expire
837,SNW,observed_fact,A2 MILK's share price has dropped from almost $10 back to $6.59 in a few months,active,expired,commentary:youtube_transcript,youtube_transcript:asx-daily-rundown-atlassian-lifts-tech-a2-milk-recall-shock-accent-group-all-time-lows:88e960386e503796,0.82,0.71,short,2026-05-04T08:25:42+00:00,2026-05-04T08:25:42+00:00,,fanout_0003,50,candidate_expire_duplicate_fanout,dry_run_expire
838,LON,observed_fact,A2 MILK's share price has dropped from almost $10 back to $6.59 in a few months,active,expired,commentary:youtube_transcript,youtube_transcript:asx-daily-rundown-atlassian-lifts-tech-a2-milk-recall-shock-accent-group-all-time-lows:88e960386e503796,0.82,0.71,short,2026-05-04T08:25:42+00:00,2026-05-04T08:25:42+00:00,,fanout_0003,50,candidate_expire_duplicate_fanout,dry_run_expire
839,PET,observed_fact,A2 MILK's share price has dropped from almost $10 back to $6.59 in a few months,active,expired,commentary:youtube_transcript,youtube_transcript:asx-daily-rundown-atlassian-lifts-tech-a2-milk-recall-shock-accent-group-all-time-lows:88e960386e503796,0.82,0.71,short,2026-05-04T08:25:43+00:00,2026-05-04T08:25:43+00:00,,fanout_0003,50,candidate_expire_duplicate_fanout,dry_run_expire
840,STK,observed_fact,A2 MILK's share price has dropped from almost $10 back to $6.59 in a few months,active,expired,commentary:youtube_transcript,youtube_transcript:asx-daily-rundown-atlassian-lifts-tech-a2-milk-recall-shock-accent-group-all-time-lows:88e960386e503796,0.82,0.71,short,2026-05-04T08:25:43+00:00,2026-05-04T08:25:43+00:00,,fanout_0003,50,candidate_expire_duplicate_fanout,dry_run_expire
856,END,observed_fact,ACCENT GROUP's share price is down 12.9% after a downgrade announcement,active,expired,commentary:youtube_transcript,youtube_transcript:asx-daily-rundown-atlassian-lifts-tech-a2-milk-recall-shock-accent-group-all-time-lows:88e960386e503796,0.83,0.71,short,2026-05-04T08:25:51+00:00,2026-05-04T08:25:51+00:00,,fanout_0006,50,candidate_expire_duplicate_fanout,dry_run_expire
857,COH,observed_fact,ACCENT GROUP's share price is down 12.9% after a downgrade announcement,active,expired,commentary:youtube_transcript,youtube_transcript:asx-daily-rundown-atlassian-lifts-tech-a2-milk-recall-shock-accent-group-all-time-lows:88e960386e503796,0.83,0.71,short,2026-05-04T08:25:51+00:00,2026-05-04T08:25:51+00:00,,fanout_0006,50,candidate_expire_duplicate_fanout,dry_run_expire
858,WES,observed_fact,ACCENT GROUP's share price is down 12.9% after a downgrade announcement,active,expired,commentary:youtube_transcript,youtube_transcript:asx-daily-rundown-atlassian-lifts-tech-a2-milk-recall-shock-accent-group-all-time-lows:88e960386e503796,0.83,0.71,short,2026-05-04T08:25:51+00:00,2026-05-04T08:25:51+00:00,,fanout_0006,50,candidate_expire_duplicate_fanout,dry_run_expire
859,WBC,observed_fact,ACCENT GROUP's share price is down 12.9% after a downgrade announcement,active,expired,commentary:youtube_transcript,youtube_transcript:asx-daily-rundown-atlassian-lifts-tech-a2-milk-recall-shock-accent-group-all-time-lows:88e960386e503796,0.83,0.71,short,2026-05-04T08:25:51+00:00,2026-05-04T08:25:51+00:00,,fanout_0006,50,candidate_expire_duplicate_fanout,dry_run_expire
860,KEY,observed_fact,ACCENT GROUP's share price is down 12.9% after a downgrade announcement,active,expired,commentary:youtube_transcript,youtube_transcript:asx-daily-rundown-atlassian-lifts-tech-a2-milk-recall-shock-accent-group-all-time-lows:88e960386e503796,0.83,0.71,short,2026-05-04T08:25:52+00:00,2026-05-04T08:25:52+00:00,,fanout_0006,50,candidate_expire_duplicate_fanout,dry_run_expire
861,GCM,observed_fact,ACCENT GROUP's share price is down 12.9% after a downgrade announcement,active,expired,commentary:youtube_transcript,youtube_transcript:asx-daily-rundown-atlassian-lifts-tech-a2-milk-recall-shock-accent-group-all-time-lows:88e960386e503796,0.83,0.71,short,2026-05-04T08:25:53+00:00,2026-05-04T08:25:53+00:00,,fanout_0006,50,candidate_expire_duplicate_fanout,dry_run_expire
862,MAR,observed_fact,ACCENT GROUP's share price is down 12.9% after a downgrade announcement,active,expired,commentary:youtube_transcript,youtube_transcript:asx-daily-rundown-atlassian-lifts-tech-a2-milk-recall-shock-accent-group-all-time-lows:88e960386e503796,0.83,0.71,short,2026-05-04T08:25:53+00:00,2026-05-04T08:25:53+00:00,,fanout_0006,50,candidate_expire_duplicate_fanout,dry_run_expire
863,CLT,observed_fact,ACCENT GROUP's share price is down 12.9% after a downgrade announcement,active,expired,commentary:youtube_transcript,youtube_transcript:asx-daily-rundown-atlassian-lifts-tech-a2-milk-recall-shock-accent-group-all-time-lows:88e960386e503796,0.83,0.71,short,2026-05-04T08:25:53+00:00,2026-05-04T08:25:53+00:00,,fanout_0006,50,candidate_expire_duplicate_fanout,dry_run_expire
864,WIN,observed_fact,ACCENT GROUP's share price is down 12.9% after a downgrade announcement,active,expired,commentary:youtube_transcript,youtube_transcript:asx-daily-rundown-atlassian-lifts-tech-a2-milk-recall-shock-accent-group-all-time-lows:88e960386e503796,0.83,0.71,short,2026-05-04T08:25:53+00:00,2026-05-04T08:25:53+00:00,,fanout_0006,50,candidate_expire_duplicate_fanout,dry_run_expire
865,SKT,observed_fact,ACCENT GROUP's share price is down 12.9% after a downgrade announcement,active,expired,commentary:youtube_transcript,youtube_transcript:asx-daily-rundown-atlassian-lifts-tech-a2-milk-recall-shock-accent-group-all-time-lows:88e960386e503796,0.83,0.71,short,2026-05-04T08:25:53+00:00,2026-05-04T08:25:53+00:00,,fanout_0006,50,candidate_expire_duplicate_fanout,dry_run_expire
866,VCE,observed_fact,ACCENT GROUP's share price is down 12.9% after a downgrade announcement,active,expired,commentary:youtube_transcript,youtube_transcript:asx-daily-rundown-atlassian-lifts-tech-a2-milk-recall-shock-accent-group-all-time-lows:88e960386e503796,0.83,0.71,short,2026-05-04T08:25:53+00:00,2026-05-04T08:25:53+00:00,,fanout_0006,50,candidate_expire_duplicate_fanout,dry_run_expire
867,SNW,observed_fact,ACCENT GROUP's share price is down 12.9% after a downgrade announcement,active,expired,commentary:youtube_transcript,youtube_transcript:asx-daily-rundown-atlassian-lifts-tech-a2-milk-recall-shock-accent-group-all-time-lows:88e960386e503796,0.83,0.71,short,2026-05-04T08:25:53+00:00,2026-05-04T08:25:53+00:00,,fanout_0006,50,candidate_expire_duplicate_fanout,dry_run_expire
868,LON,observed_fact,ACCENT GROUP's share price is down 12.9% after a downgrade announcement,active,expired,commentary:youtube_transcript,youtube_transcript:asx-daily-rundown-atlassian-lifts-tech-a2-milk-recall-shock-accent-group-all-time-lows:88e960386e503796,0.83,0.71,short,2026-05-04T08:25:53+00:00,2026-05-04T08:25:53+00:00,,fanout_0006,50,candidate_expire_duplicate_fanout,dry_run_expire
869,PET,observed_fact,ACCENT GROUP's share price is down 12.9% after a downgrade announcement,active,expired,commentary:youtube_transcript,youtube_transcript:asx-daily-rundown-atlassian-lifts-tech-a2-milk-recall-shock-accent-group-all-time-lows:88e960386e503796,0.83,0.71,short,2026-05-04T08:25:53+00:00,2026-05-04T08:25:53+00:00,,fanout_0006,50,candidate_expire_duplicate_fanout,dry_run_expire
870,STK,observed_fact,ACCENT GROUP's share price is down 12.9% after a downgrade announcement,active,expired,commentary:youtube_transcript,youtube_transcript:asx-daily-rundown-atlassian-lifts-tech-a2-milk-recall-shock-accent-group-all-time-lows:88e960386e503796,0.83,0.71,short,2026-05-04T08:25:54+00:00,2026-05-04T08:25:54+00:00,,fanout_0006,50,candidate_expire_duplicate_fanout,dry_run_expire
871,END,observed_fact,ACCENT GROUP's EBIT for the second half has been decreased by $7 million,active,expired,commentary:youtube_transcript,youtube_transcript:asx-daily-rundown-atlassian-lifts-tech-a2-milk-recall-shock-accent-group-all-time-lows:88e960386e503796,0.82,0.62,short,2026-05-04T08:25:55+00:00,2026-05-04T08:25:55+00:00,,fanout_0005,50,candidate_expire_duplicate_fanout,dry_run_expire
872,COH,observed_fact,ACCENT GROUP's EBIT for the second half has been decreased by $7 million,active,expired,commentary:youtube_transcript,youtube_transcript:asx-daily-rundown-atlassian-lifts-tech-a2-milk-recall-shock-accent-group-all-time-lows:88e960386e503796,0.82,0.62,short,2026-05-04T08:25:56+00:00,2026-05-04T08:25:56+00:00,,fanout_0005,50,candidate_expire_duplicate_fanout,dry_run_expire
873,WES,observed_fact,ACCENT GROUP's EBIT for the second half has been decreased by $7 million,active,expired,commentary:youtube_transcript,youtube_transcript:asx-daily-rundown-atlassian-lifts-tech-a2-milk-recall-shock-accent-group-all-time-lows:88e960386e503796,0.82,0.62,short,2026-05-04T08:25:56+00:00,2026-05-04T08:25:56+00:00,,fanout_0005,50,candidate_expire_duplicate_fanout,dry_run_expire
874,WBC,observed_fact,ACCENT GROUP's EBIT for the second half has been decreased by $7 million,active,expired,commentary:youtube_transcript,youtube_transcript:asx-daily-rundown-atlassian-lifts-tech-a2-milk-recall-shock-accent-group-all-time-lows:88e960386e503796,0.82,0.62,short,2026-05-04T08:25:56+00:00,2026-05-04T08:25:56+00:00,,fanout_0005,50,candidate_expire_duplicate_fanout,dry_run_expire
875,KEY,observed_fact,ACCENT GROUP's EBIT for the second half has been decreased by $7 million,active,expired,commentary:youtube_transcript,youtube_transcript:asx-daily-rundown-atlassian-lifts-tech-a2-milk-recall-shock-accent-group-all-time-lows:88e960386e503796,0.82,0.62,short,2026-05-04T08:25:56+00:00,2026-05-04T08:25:56+00:00,,fanout_0005,50,candidate_expire_duplicate_fanout,dry_run_expire
876,GCM,observed_fact,ACCENT GROUP's EBIT for the second half has been decreased by $7 million,active,expired,commentary:youtube_transcript,youtube_transcript:asx-daily-rundown-atlassian-lifts-tech-a2-milk-recall-shock-accent-group-all-time-lows:88e960386e503796,0.82,0.62,short,2026-05-04T08:25:56+00:00,2026-05-04T08:25:56+00:00,,fanout_0005,50,candidate_expire_duplicate_fanout,dry_run_expire
877,MAR,observed_fact,ACCENT GROUP's EBIT for the second half has been decreased by $7 million,active,expired,commentary:youtube_transcript,youtube_transcript:asx-daily-rundown-atlassian-lifts-tech-a2-milk-recall-shock-accent-group-all-time-lows:88e960386e503796,0.82,0.62,short,2026-05-04T08:25:56+00:00,2026-05-04T08:25:56+00:00,,fanout_0005,50,candidate_expire_duplicate_fanout,dry_run_expire
878,CLT,observed_fact,ACCENT GROUP's EBIT for the second half has been decreased by $7 million,active,expired,commentary:youtube_transcript,youtube_transcript:asx-daily-rundown-atlassian-lifts-tech-a2-milk-recall-shock-accent-group-all-time-lows:88e960386e503796,0.82,0.62,short,2026-05-04T08:25:57+00:00,2026-05-04T08:25:57+00:00,,fanout_0005,50,candidate_expire_duplicate_fanout,dry_run_expire
879,WIN,observed_fact,ACCENT GROUP's EBIT for the second half has been decreased by $7 million,active,expired,commentary:youtube_transcript,youtube_transcript:asx-daily-rundown-atlassian-lifts-tech-a2-milk-recall-shock-accent-group-all-time-lows:88e960386e503796,0.82,0.62,short,2026-05-04T08:25:57+00:00,2026-05-04T08:25:57+00:00,,fanout_0005,50,candidate_expire_duplicate_fanout,dry_run_expire
880,SKT,observed_fact,ACCENT GROUP's EBIT for the second half has been decreased by $7 million,active,expired,commentary:youtube_transcript,youtube_transcript:asx-daily-rundown-atlassian-lifts-tech-a2-milk-recall-shock-accent-group-all-time-lows:88e960386e503796,0.82,0.62,short,2026-05-04T08:25:57+00:00,2026-05-04T08:25:57+00:00,,fanout_0005,50,candidate_expire_duplicate_fanout,dry_run_expire
881,VCE,observed_fact,ACCENT GROUP's EBIT for the second half has been decreased by $7 million,active,expired,commentary:youtube_transcript,youtube_transcript:asx-daily-rundown-atlassian-lifts-tech-a2-milk-recall-shock-accent-group-all-time-lows:88e960386e503796,0.82,0.62,short,2026-05-04T08:25:57+00:00,2026-05-04T08:25:57+00:00,,fanout_0005,50,candidate_expire_duplicate_fanout,dry_run_expire
882,SNW,observed_fact,ACCENT GROUP's EBIT for the second half has been decreased by $7 million,active,expired,commentary:youtube_transcript,youtube_transcript:asx-daily-rundown-atlassian-lifts-tech-a2-milk-recall-shock-accent-group-all-time-lows:88e960386e503796,0.82,0.62,short,2026-05-04T08:25:58+00:00,2026-05-04T08:25:58+00:00,,fanout_0005,50,candidate_expire_duplicate_fanout,dry_run_expire
883,LON,observed_fact,ACCENT GROUP's EBIT for the second half has been decreased by $7 million,active,expired,commentary:youtube_transcript,youtube_transcript:asx-daily-rundown-atlassian-lifts-tech-a2-milk-recall-shock-accent-group-all-time-lows:88e960386e503796,0.82,0.62,short,2026-05-04T08:25:58+00:00,2026-05-04T08:25:58+00:00,,fanout_0005,50,candidate_expire_duplicate_fanout,dry_run_expire
884,PET,observed_fact,ACCENT GROUP's EBIT for the second half has been decreased by $7 million,active,expired,commentary:youtube_transcript,youtube_transcript:asx-daily-rundown-atlassian-lifts-tech-a2-milk-recall-shock-accent-group-all-time-lows:88e960386e503796,0.82,0.62,short,2026-05-04T08:25:58+00:00,2026-05-04T08:25:58+00:00,,fanout_0005,50,candidate_expire_duplicate_fanout,dry_run_expire
885,STK,observed_fact,ACCENT GROUP's EBIT for the second half has been decreased by $7 million,active,expired,commentary:youtube_transcript,youtube_transcript:asx-daily-rundown-atlassian-lifts-tech-a2-milk-recall-shock-accent-group-all-time-lows:88e960386e503796,0.82,0.62,short,2026-05-04T08:25:58+00:00,2026-05-04T08:25:58+00:00,,fanout_0005,50,candidate_expire_duplicate_fanout,dry_run_expire
886,ASX,catalyst,Atlassian's strong performance due to better-than-expected results,active,expired,commentary:youtube_transcript,youtube_transcript:asx-daily-rundown-atlassian-lifts-tech-a2-milk-recall-shock-accent-group-all-time-lows:88e960386e503796,0.72,0.82,short,2026-05-04T08:25:59+00:00,2026-05-04T08:25:59+00:00,,fanout_0031,26,candidate_expire_duplicate_fanout,dry_run_expire
887,TXT,catalyst,Atlassian's strong performance due to better-than-expected results,active,expired,commentary:youtube_transcript,youtube_transcript:asx-daily-rundown-atlassian-lifts-tech-a2-milk-recall-shock-accent-group-all-time-lows:88e960386e503796,0.72,0.82,short,2026-05-04T08:25:59+00:00,2026-05-04T08:25:59+00:00,,fanout_0031,26,candidate_expire_duplicate_fanout,dry_run_expire
888,XTX,catalyst,Atlassian's strong performance due to better-than-expected results,active,expired,commentary:youtube_transcript,youtube_transcript:asx-daily-rundown-atlassian-lifts-tech-a2-milk-recall-shock-accent-group-all-time-lows:88e960386e503796,0.72,0.82,short,2026-05-04T08:25:59+00:00,2026-05-04T08:25:59+00:00,,fanout_0031,26,candidate_expire_duplicate_fanout,dry_run_expire
889,A2M,catalyst,Atlassian's strong performance due to better-than-expected results,active,expired,commentary:youtube_transcript,youtube_transcript:asx-daily-rundown-atlassian-lifts-tech-a2-milk-recall-shock-accent-group-all-time-lows:88e960386e503796,0.72,0.82,short,2026-05-04T08:25:59+00:00,2026-05-04T08:25:59+00:00,,fanout_0031,26,candidate_expire_duplicate_fanout,dry_run_expire
890,END,catalyst,Atlassian's strong performance due to better-than-expected results,active,expired,commentary:youtube_transcript,youtube_transcript:asx-daily-rundown-atlassian-lifts-tech-a2-milk-recall-shock-accent-group-all-time-lows:88e960386e503796,0.72,0.82,short,2026-05-04T08:26:00+00:00,2026-05-04T08:26:00+00:00,,fanout_0031,26,candidate_expire_duplicate_fanout,dry_run_expire
891,COH,catalyst,Atlassian's strong performance due to better-than-expected results,active,expired,commentary:youtube_transcript,youtube_transcript:asx-daily-rundown-atlassian-lifts-tech-a2-milk-recall-shock-accent-group-all-time-lows:88e960386e503796,0.72,0.82,short,2026-05-04T08:26:00+00:00,2026-05-04T08:26:00+00:00,,fanout_0031,26,candidate_expire_duplicate_fanout,dry_run_expire
892,WES,catalyst,Atlassian's strong performance due to better-than-expected results,active,expired,commentary:youtube_transcript,youtube_transcript:asx-daily-rundown-atlassian-lifts-tech-a2-milk-recall-shock-accent-group-all-time-lows:88e960386e503796,0.72,0.82,short,2026-05-04T08:26:01+00:00,2026-05-04T08:26:01+00:00,,fanout_0031,26,candidate_expire_duplicate_fanout,dry_run_expire
893,BHP,catalyst,Atlassian's strong performance due to better-than-expected results,active,expired,commentary:youtube_transcript,youtube_transcript:asx-daily-rundown-atlassian-lifts-tech-a2-milk-recall-shock-accent-group-all-time-lows:88e960386e503796,0.72,0.82,short,2026-05-04T08:26:01+00:00,2026-05-04T08:26:01+00:00,,fanout_0031,26,candidate_expire_duplicate_fanout,dry_run_expire
894,NAB,catalyst,Atlassian's strong performance due to better-than-expected results,active,expired,commentary:youtube_transcript,youtube_transcript:asx-daily-rundown-atlassian-lifts-tech-a2-milk-recall-shock-accent-group-all-time-lows:88e960386e503796,0.72,0.82,short,2026-05-04T08:26:01+00:00,2026-05-04T08:26:01+00:00,,fanout_0031,26,candidate_expire_duplicate_fanout,dry_run_expire
895,WBC,catalyst,Atlassian's strong performance due to better-than-expected results,active,expired,commentary:youtube_transcript,youtube_transcript:asx-daily-rundown-atlassian-lifts-tech-a2-milk-recall-shock-accent-group-all-time-lows:88e960386e503796,0.72,0.82,short,2026-05-04T08:26:01+00:00,2026-05-04T08:26:01+00:00,,fanout_0031,26,candidate_expire_duplicate_fanout,dry_run_expire
896,KEY,catalyst,Atlassian's strong performance due to better-than-expected results,active,expired,commentary:youtube_transcript,youtube_transcript:asx-daily-rundown-atlassian-lifts-tech-a2-milk-recall-shock-accent-group-all-time-lows:88e960386e503796,0.72,0.82,short,2026-05-04T08:26:01+00:00,2026-05-04T08:26:01+00:00,,fanout_0031,26,candidate_expire_duplicate_fanout,dry_run_expire
897,GCM,catalyst,Atlassian's strong performance due to better-than-expected results,active,expired,commentary:youtube_transcript,youtube_transcript:asx-daily-rundown-atlassian-lifts-tech-a2-milk-recall-shock-accent-group-all-time-lows:88e960386e503796,0.72,0.82,short,2026-05-04T08:26:01+00:00,2026-05-04T08:26:01+00:00,,fanout_0031,26,candidate_expire_duplicate_fanout,dry_run_expire
898,MAR,catalyst,Atlassian's strong performance due to better-than-expected results,active,expired,commentary:youtube_transcript,youtube_transcript:asx-daily-rundown-atlassian-lifts-tech-a2-milk-recall-shock-accent-group-all-time-lows:88e960386e503796,0.72,0.82,short,2026-05-04T08:26:01+00:00,2026-05-04T08:26:01+00:00,,fanout_0031,26,candidate_expire_duplicate_fanout,dry_run_expire
899,CLT,catalyst,Atlassian's strong performance due to better-than-expected results,active,expired,commentary:youtube_transcript,youtube_transcript:asx-daily-rundown-atlassian-lifts-tech-a2-milk-recall-shock-accent-group-all-time-lows:88e960386e503796,0.72,0.82,short,2026-05-04T08:26:02+00:00,2026-05-04T08:26:02+00:00,,fanout_0031,26,candidate_expire_duplicate_fanout,dry_run_expire
900,WIN,catalyst,Atlassian's strong performance due to better-than-expected results,active,expired,commentary:youtube_transcript,youtube_transcript:asx-daily-rundown-atlassian-lifts-tech-a2-milk-recall-shock-accent-group-all-time-lows:88e960386e503796,0.72,0.82,short,2026-05-04T08:26:02+00:00,2026-05-04T08:26:02+00:00,,fanout_0031,26,candidate_expire_duplicate_fanout,dry_run_expire
901,SKT,catalyst,Atlassian's strong performance due to better-than-expected results,active,expired,commentary:youtube_transcript,youtube_transcript:asx-daily-rundown-atlassian-lifts-tech-a2-milk-recall-shock-accent-group-all-time-lows:88e960386e503796,0.72,0.82,short,2026-05-04T08:26:02+00:00,2026-05-04T08:26:02+00:00,,fanout_0031,26,candidate_expire_duplicate_fanout,dry_run_expire
902,VCE,catalyst,Atlassian's strong performance due to better-than-expected results,active,expired,commentary:youtube_transcript,youtube_transcript:asx-daily-rundown-atlassian-lifts-tech-a2-milk-recall-shock-accent-group-all-time-lows:88e960386e503796,0.72,0.82,short,2026-05-04T08:26:02+00:00,2026-05-04T08:26:02+00:00,,fanout_0031,26,candidate_expire_duplicate_fanout,dry_run_expire
903,SNW,catalyst,Atlassian's strong performance due to better-than-expected results,active,expired,commentary:youtube_transcript,youtube_transcript:asx-daily-rundown-atlassian-lifts-tech-a2-milk-recall-shock-accent-group-all-time-lows:88e960386e503796,0.72,0.82,short,2026-05-04T08:26:02+00:00,2026-05-04T08:26:02+00:00,,fanout_0031,26,candidate_expire_duplicate_fanout,dry_run_expire
904,LON,catalyst,Atlassian's strong performance due to better-than-expected results,active,expired,commentary:youtube_transcript,youtube_transcript:asx-daily-rundown-atlassian-lifts-tech-a2-milk-recall-shock-accent-group-all-time-lows:88e960386e503796,0.72,0.82,short,2026-05-04T08:26:03+00:00,2026-05-04T08:26:03+00:00,,fanout_0031,26,candidate_expire_duplicate_fanout,dry_run_expire
905,PET,catalyst,Atlassian's strong performance due to better-than-expected results,active,expired,commentary:youtube_transcript,youtube_transcript:asx-daily-rundown-atlassian-lifts-tech-a2-milk-recall-shock-accent-group-all-time-lows:88e960386e503796,0.72,0.82,short,2026-05-04T08:26:03+00:00,2026-05-04T08:26:03+00:00,,fanout_0031,26,candidate_expire_duplicate_fanout,dry_run_expire
906,STK,catalyst,Atlassian's strong performance due to better-than-expected results,active,expired,commentary:youtube_transcript,youtube_transcript:asx-daily-rundown-atlassian-lifts-tech-a2-milk-recall-shock-accent-group-all-time-lows:88e960386e503796,0.72,0.82,short,2026-05-04T08:26:03+00:00,2026-05-04T08:26:03+00:00,,fanout_0031,26,candidate_expire_duplicate_fanout,dry_run_expire
907,INDE,catalyst,Atlassian's strong performance due to better-than-expected results,active,expired,commentary:youtube_transcript,youtube_transcript:asx-daily-rundown-atlassian-lifts-tech-a2-milk-recall-shock-accent-group-all-time-lows:88e960386e503796,0.72,0.82,short,2026-05-04T08:26:03+00:00,2026-05-04T08:26:03+00:00,,fanout_0031,26,candidate_expire_duplicate_fanout,dry_run_expire
908,PETT,catalyst,Atlassian's strong performance due to better-than-expected results,active,expired,commentary:youtube_transcript,youtube_transcript:asx-daily-rundown-atlassian-lifts-tech-a2-milk-recall-shock-accent-group-all-time-lows:88e960386e503796,0.72,0.82,short,2026-05-04T08:26:04+00:00,2026-05-04T08:26:04+00:00,,fanout_0031,26,candidate_expire_duplicate_fanout,dry_run_expire
909,C79,catalyst,Atlassian's strong performance due to better-than-expected results,active,expired,commentary:youtube_transcript,youtube_transcript:asx-daily-rundown-atlassian-lifts-tech-a2-milk-recall-shock-accent-group-all-time-lows:88e960386e503796,0.72,0.82,short,2026-05-04T08:26:04+00:00,2026-05-04T08:26:04+00:00,,fanout_0031,26,candidate_expire_duplicate_fanout,dry_run_expire
910,A2 MILK,catalyst,Atlassian's strong performance due to better-than-expected results,active,expired,commentary:youtube_transcript,youtube_transcript:asx-daily-rundown-atlassian-lifts-tech-a2-milk-recall-shock-accent-group-all-time-lows:88e960386e503796,0.72,0.82,short,2026-05-04T08:26:04+00:00,2026-05-04T08:26:04+00:00,,fanout_0031,26,candidate_expire_duplicate_fanout,dry_run_expire
911,ACCENT GROUP,catalyst,Atlassian's strong performance due to better-than-expected results,active,expired,commentary:youtube_transcript,youtube_transcript:asx-daily-rundown-atlassian-lifts-tech-a2-milk-recall-shock-accent-group-all-time-lows:88e960386e503796,0.72,0.82,short,2026-05-04T08:26:04+00:00,2026-05-04T08:26:04+00:00,,fanout_0031,26,candidate_expire_duplicate_fanout,dry_run_expire
938,END,catalyst,Positive trading update for Chrysos Corporation,active,expired,commentary:youtube_transcript,youtube_transcript:asx-daily-rundown-atlassian-lifts-tech-a2-milk-recall-shock-accent-group-all-time-lows:88e960386e503796,0.72,0.82,short,2026-05-04T08:26:10+00:00,2026-05-04T08:26:10+00:00,,fanout_0016,42,candidate_expire_duplicate_fanout,dry_run_expire
939,COH,catalyst,Positive trading update for Chrysos Corporation,active,expired,commentary:youtube_transcript,youtube_transcript:asx-daily-rundown-atlassian-lifts-tech-a2-milk-recall-shock-accent-group-all-time-lows:88e960386e503796,0.72,0.82,short,2026-05-04T08:26:10+00:00,2026-05-04T08:26:10+00:00,,fanout_0016,42,candidate_expire_duplicate_fanout,dry_run_expire
940,WES,catalyst,Positive trading update for Chrysos Corporation,active,expired,commentary:youtube_transcript,youtube_transcript:asx-daily-rundown-atlassian-lifts-tech-a2-milk-recall-shock-accent-group-all-time-lows:88e960386e503796,0.72,0.82,short,2026-05-04T08:26:10+00:00,2026-05-04T08:26:10+00:00,,fanout_0016,42,candidate_expire_duplicate_fanout,dry_run_expire
941,WBC,catalyst,Positive trading update for Chrysos Corporation,active,expired,commentary:youtube_transcript,youtube_transcript:asx-daily-rundown-atlassian-lifts-tech-a2-milk-recall-shock-accent-group-all-time-lows:88e960386e503796,0.72,0.82,short,2026-05-04T08:26:11+00:00,2026-05-04T08:26:11+00:00,,fanout_0016,42,candidate_expire_duplicate_fanout,dry_run_expire
942,KEY,catalyst,Positive trading update for Chrysos Corporation,active,expired,commentary:youtube_transcript,youtube_transcript:asx-daily-rundown-atlassian-lifts-tech-a2-milk-recall-shock-accent-group-all-time-lows:88e960386e503796,0.72,0.82,short,2026-05-04T08:26:11+00:00,2026-05-04T08:26:11+00:00,,fanout_0016,42,candidate_expire_duplicate_fanout,dry_run_expire
944,MAR,catalyst,Positive trading update for Chrysos Corporation,active,expired,commentary:youtube_transcript,youtube_transcript:asx-daily-rundown-atlassian-lifts-tech-a2-milk-recall-shock-accent-group-all-time-lows:88e960386e503796,0.72,0.82,short,2026-05-04T08:26:12+00:00,2026-05-04T08:26:12+00:00,,fanout_0016,42,candidate_expire_duplicate_fanout,dry_run_expire
945,CLT,catalyst,Positive trading update for Chrysos Corporation,active,expired,commentary:youtube_transcript,youtube_transcript:asx-daily-rundown-atlassian-lifts-tech-a2-milk-recall-shock-accent-group-all-time-lows:88e960386e503796,0.72,0.82,short,2026-05-04T08:26:12+00:00,2026-05-04T08:26:12+00:00,,fanout_0016,42,candidate_expire_duplicate_fanout,dry_run_expire
946,WIN,catalyst,Positive trading update for Chrysos Corporation,active,expired,commentary:youtube_transcript,youtube_transcript:asx-daily-rundown-atlassian-lifts-tech-a2-milk-recall-shock-accent-group-all-time-lows:88e960386e503796,0.72,0.82,short,2026-05-04T08:26:12+00:00,2026-05-04T08:26:12+00:00,,fanout_0016,42,candidate_expire_duplicate_fanout,dry_run_expire
947,SKT,catalyst,Positive trading update for Chrysos Corporation,active,expired,commentary:youtube_transcript,youtube_transcript:asx-daily-rundown-atlassian-lifts-tech-a2-milk-recall-shock-accent-group-all-time-lows:88e960386e503796,0.72,0.82,short,2026-05-04T08:26:12+00:00,2026-05-04T08:26:12+00:00,,fanout_0016,42,candidate_expire_duplicate_fanout,dry_run_expire
948,VCE,catalyst,Positive trading update for Chrysos Corporation,active,expired,commentary:youtube_transcript,youtube_transcript:asx-daily-rundown-atlassian-lifts-tech-a2-milk-recall-shock-accent-group-all-time-lows:88e960386e503796,0.72,0.82,short,2026-05-04T08:26:13+00:00,2026-05-04T08:26:13+00:00,,fanout_0016,42,candidate_expire_duplicate_fanout,dry_run_expire
949,SNW,catalyst,Positive trading update for Chrysos Corporation,active,expired,commentary:youtube_transcript,youtube_transcript:asx-daily-rundown-atlassian-lifts-tech-a2-milk-recall-shock-accent-group-all-time-lows:88e960386e503796,0.72,0.82,short,2026-05-04T08:26:13+00:00,2026-05-04T08:26:13+00:00,,fanout_0016,42,candidate_expire_duplicate_fanout,dry_run_expire
950,LON,catalyst,Positive trading update for Chrysos Corporation,active,expired,commentary:youtube_transcript,youtube_transcript:asx-daily-rundown-atlassian-lifts-tech-a2-milk-recall-shock-accent-group-all-time-lows:88e960386e503796,0.72,0.82,short,2026-05-04T08:26:13+00:00,2026-05-04T08:26:13+00:00,,fanout_0016,42,candidate_expire_duplicate_fanout,dry_run_expire
951,PET,catalyst,Positive trading update for Chrysos Corporation,active,expired,commentary:youtube_transcript,youtube_transcript:asx-daily-rundown-atlassian-lifts-tech-a2-milk-recall-shock-accent-group-all-time-lows:88e960386e503796,0.72,0.82,short,2026-05-04T08:26:14+00:00,2026-05-04T08:26:14+00:00,,fanout_0016,42,candidate_expire_duplicate_fanout,dry_run_expire
952,STK,catalyst,Positive trading update for Chrysos Corporation,active,expired,commentary:youtube_transcript,youtube_transcript:asx-daily-rundown-atlassian-lifts-tech-a2-milk-recall-shock-accent-group-all-time-lows:88e960386e503796,0.72,0.82,short,2026-05-04T08:26:14+00:00,2026-05-04T08:26:14+00:00,,fanout_0016,42,candidate_expire_duplicate_fanout,dry_run_expire
953,END,catalyst,A2 MILK's product recall,active,expired,commentary:youtube_transcript,youtube_transcript:asx-daily-rundown-atlassian-lifts-tech-a2-milk-recall-shock-accent-group-all-time-lows:88e960386e503796,0.7,0.74,short,2026-05-04T08:26:16+00:00,2026-05-04T08:26:16+00:00,,fanout_0014,42,candidate_expire_duplicate_fanout,dry_run_expire
954,COH,catalyst,A2 MILK's product recall,active,expired,commentary:youtube_transcript,youtube_transcript:asx-daily-rundown-atlassian-lifts-tech-a2-milk-recall-shock-accent-group-all-time-lows:88e960386e503796,0.7,0.74,short,2026-05-04T08:26:16+00:00,2026-05-04T08:26:16+00:00,,fanout_0014,42,candidate_expire_duplicate_fanout,dry_run_expire
955,WES,catalyst,A2 MILK's product recall,active,expired,commentary:youtube_transcript,youtube_transcript:asx-daily-rundown-atlassian-lifts-tech-a2-milk-recall-shock-accent-group-all-time-lows:88e960386e503796,0.7,0.74,short,2026-05-04T08:26:17+00:00,2026-05-04T08:26:17+00:00,,fanout_0014,42,candidate_expire_duplicate_fanout,dry_run_expire
956,WBC,catalyst,A2 MILK's product recall,active,expired,commentary:youtube_transcript,youtube_transcript:asx-daily-rundown-atlassian-lifts-tech-a2-milk-recall-shock-accent-group-all-time-lows:88e960386e503796,0.7,0.74,short,2026-05-04T08:26:17+00:00,2026-05-04T08:26:17+00:00,,fanout_0014,42,candidate_expire_duplicate_fanout,dry_run_expire
957,KEY,catalyst,A2 MILK's product recall,active,expired,commentary:youtube_transcript,youtube_transcript:asx-daily-rundown-atlassian-lifts-tech-a2-milk-recall-shock-accent-group-all-time-lows:88e960386e503796,0.7,0.74,short,2026-05-04T08:26:17+00:00,2026-05-04T08:26:17+00:00,,fanout_0014,42,candidate_expire_duplicate_fanout,dry_run_expire
958,GCM,catalyst,A2 MILK's product recall,active,expired,commentary:youtube_transcript,youtube_transcript:asx-daily-rundown-atlassian-lifts-tech-a2-milk-recall-shock-accent-group-all-time-lows:88e960386e503796,0.7,0.74,short,2026-05-04T08:26:17+00:00,2026-05-04T08:26:17+00:00,,fanout_0014,42,candidate_expire_duplicate_fanout,dry_run_expire
959,MAR,catalyst,A2 MILK's product recall,active,expired,commentary:youtube_transcript,youtube_transcript:asx-daily-rundown-atlassian-lifts-tech-a2-milk-recall-shock-accent-group-all-time-lows:88e960386e503796,0.7,0.74,short,2026-05-04T08:26:18+00:00,2026-05-04T08:26:18+00:00,,fanout_0014,42,candidate_expire_duplicate_fanout,dry_run_expire
960,CLT,catalyst,A2 MILK's product recall,active,expired,commentary:youtube_transcript,youtube_transcript:asx-daily-rundown-atlassian-lifts-tech-a2-milk-recall-shock-accent-group-all-time-lows:88e960386e503796,0.7,0.74,short,2026-05-04T08:26:19+00:00,2026-05-04T08:26:19+00:00,,fanout_0014,42,candidate_expire_duplicate_fanout,dry_run_expire
961,WIN,catalyst,A2 MILK's product recall,active,expired,commentary:youtube_transcript,youtube_transcript:asx-daily-rundown-atlassian-lifts-tech-a2-milk-recall-shock-accent-group-all-time-lows:88e960386e503796,0.7,0.74,short,2026-05-04T08:26:19+00:00,2026-05-04T08:26:19+00:00,,fanout_0014,42,candidate_expire_duplicate_fanout,dry_run_expire
962,SKT,catalyst,A2 MILK's product recall,active,expired,commentary:youtube_transcript,youtube_transcript:asx-daily-rundown-atlassian-lifts-tech-a2-milk-recall-shock-accent-group-all-time-lows:88e960386e503796,0.7,0.74,short,2026-05-04T08:26:19+00:00,2026-05-04T08:26:19+00:00,,fanout_0014,42,candidate_expire_duplicate_fanout,dry_run_expire
963,VCE,catalyst,A2 MILK's product recall,active,expired,commentary:youtube_transcript,youtube_transcript:asx-daily-rundown-atlassian-lifts-tech-a2-milk-recall-shock-accent-group-all-time-lows:88e960386e503796,0.7,0.74,short,2026-05-04T08:26:19+00:00,2026-05-04T08:26:19+00:00,,fanout_0014,42,candidate_expire_duplicate_fanout,dry_run_expire
964,SNW,catalyst,A2 MILK's product recall,active,expired,commentary:youtube_transcript,youtube_transcript:asx-daily-rundown-atlassian-lifts-tech-a2-milk-recall-shock-accent-group-all-time-lows:88e960386e503796,0.7,0.74,short,2026-05-04T08:26:19+00:00,2026-05-04T08:26:19+00:00,,fanout_0014,42,candidate_expire_duplicate_fanout,dry_run_expire
965,LON,catalyst,A2 MILK's product recall,active,expired,commentary:youtube_transcript,youtube_transcript:asx-daily-rundown-atlassian-lifts-tech-a2-milk-recall-shock-accent-group-all-time-lows:88e960386e503796,0.7,0.74,short,2026-05-04T08:26:19+00:00,2026-05-04T08:26:19+00:00,,fanout_0014,42,candidate_expire_duplicate_fanout,dry_run_expire
966,PET,catalyst,A2 MILK's product recall,active,expired,commentary:youtube_transcript,youtube_transcript:asx-daily-rundown-atlassian-lifts-tech-a2-milk-recall-shock-accent-group-all-time-lows:88e960386e503796,0.7,0.74,short,2026-05-04T08:26:19+00:00,2026-05-04T08:26:19+00:00,,fanout_0014,42,candidate_expire_duplicate_fanout,dry_run_expire
967,STK,catalyst,A2 MILK's product recall,active,expired,commentary:youtube_transcript,youtube_transcript:asx-daily-rundown-atlassian-lifts-tech-a2-milk-recall-shock-accent-group-all-time-lows:88e960386e503796,0.7,0.74,short,2026-05-04T08:26:19+00:00,2026-05-04T08:26:19+00:00,,fanout_0014,42,candidate_expire_duplicate_fanout,dry_run_expire
968,END,catalyst,Voluntary recall of three batches of A2 Platinum USA label infant milk formula manufactured by Liz Sinlay,active,expired,commentary:youtube_transcript,youtube_transcript:asx-daily-rundown-atlassian-lifts-tech-a2-milk-recall-shock-accent-group-all-time-lows:88e960386e503796,0.72,0.82,short,2026-05-04T08:26:21+00:00,2026-05-04T08:26:21+00:00,,fanout_0013,50,candidate_expire_duplicate_fanout,dry_run_expire
969,COH,catalyst,Voluntary recall of three batches of A2 Platinum USA label infant milk formula manufactured by Liz Sinlay,active,expired,commentary:youtube_transcript,youtube_transcript:asx-daily-rundown-atlassian-lifts-tech-a2-milk-recall-shock-accent-group-all-time-lows:88e960386e503796,0.72,0.82,short,2026-05-04T08:26:21+00:00,2026-05-04T08:26:21+00:00,,fanout_0013,50,candidate_expire_duplicate_fanout,dry_run_expire
970,WES,catalyst,Voluntary recall of three batches of A2 Platinum USA label infant milk formula manufactured by Liz Sinlay,active,expired,commentary:youtube_transcript,youtube_transcript:asx-daily-rundown-atlassian-lifts-tech-a2-milk-recall-shock-accent-group-all-time-lows:88e960386e503796,0.72,0.82,short,2026-05-04T08:26:21+00:00,2026-05-04T08:26:21+00:00,,fanout_0013,50,candidate_expire_duplicate_fanout,dry_run_expire
971,WBC,catalyst,Voluntary recall of three batches of A2 Platinum USA label infant milk formula manufactured by Liz Sinlay,active,expired,commentary:youtube_transcript,youtube_transcript:asx-daily-rundown-atlassian-lifts-tech-a2-milk-recall-shock-accent-group-all-time-lows:88e960386e503796,0.72,0.82,short,2026-05-04T08:26:21+00:00,2026-05-04T08:26:21+00:00,,fanout_0013,50,candidate_expire_duplicate_fanout,dry_run_expire
972,KEY,catalyst,Voluntary recall of three batches of A2 Platinum USA label infant milk formula manufactured by Liz Sinlay,active,expired,commentary:youtube_transcript,youtube_transcript:asx-daily-rundown-atlassian-lifts-tech-a2-milk-recall-shock-accent-group-all-time-lows:88e960386e503796,0.72,0.82,short,2026-05-04T08:26:21+00:00,2026-05-04T08:26:21+00:00,,fanout_0013,50,candidate_expire_duplicate_fanout,dry_run_expire
973,GCM,catalyst,Voluntary recall of three batches of A2 Platinum USA label infant milk formula manufactured by Liz Sinlay,active,expired,commentary:youtube_transcript,youtube_transcript:asx-daily-rundown-atlassian-lifts-tech-a2-milk-recall-shock-accent-group-all-time-lows:88e960386e503796,0.72,0.82,short,2026-05-04T08:26:22+00:00,2026-05-04T08:26:22+00:00,,fanout_0013,50,candidate_expire_duplicate_fanout,dry_run_expire
974,MAR,catalyst,Voluntary recall of three batches of A2 Platinum USA label infant milk formula manufactured by Liz Sinlay,active,expired,commentary:youtube_transcript,youtube_transcript:asx-daily-rundown-atlassian-lifts-tech-a2-milk-recall-shock-accent-group-all-time-lows:88e960386e503796,0.72,0.82,short,2026-05-04T08:26:22+00:00,2026-05-04T08:26:22+00:00,,fanout_0013,50,candidate_expire_duplicate_fanout,dry_run_expire
975,CLT,catalyst,Voluntary recall of three batches of A2 Platinum USA label infant milk formula manufactured by Liz Sinlay,active,expired,commentary:youtube_transcript,youtube_transcript:asx-daily-rundown-atlassian-lifts-tech-a2-milk-recall-shock-accent-group-all-time-lows:88e960386e503796,0.72,0.82,short,2026-05-04T08:26:22+00:00,2026-05-04T08:26:22+00:00,,fanout_0013,50,candidate_expire_duplicate_fanout,dry_run_expire
976,WIN,catalyst,Voluntary recall of three batches of A2 Platinum USA label infant milk formula manufactured by Liz Sinlay,active,expired,commentary:youtube_transcript,youtube_transcript:asx-daily-rundown-atlassian-lifts-tech-a2-milk-recall-shock-accent-group-all-time-lows:88e960386e503796,0.72,0.82,short,2026-05-04T08:26:22+00:00,2026-05-04T08:26:22+00:00,,fanout_0013,50,candidate_expire_duplicate_fanout,dry_run_expire
977,SKT,catalyst,Voluntary recall of three batches of A2 Platinum USA label infant milk formula manufactured by Liz Sinlay,active,expired,commentary:youtube_transcript,youtube_transcript:asx-daily-rundown-atlassian-lifts-tech-a2-milk-recall-shock-accent-group-all-time-lows:88e960386e503796,0.72,0.82,short,2026-05-04T08:26:22+00:00,2026-05-04T08:26:22+00:00,,fanout_0013,50,candidate_expire_duplicate_fanout,dry_run_expire
978,VCE,catalyst,Voluntary recall of three batches of A2 Platinum USA label infant milk formula manufactured by Liz Sinlay,active,expired,commentary:youtube_transcript,youtube_transcript:asx-daily-rundown-atlassian-lifts-tech-a2-milk-recall-shock-accent-group-all-time-lows:88e960386e503796,0.72,0.82,short,2026-05-04T08:26:22+00:00,2026-05-04T08:26:22+00:00,,fanout_0013,50,candidate_expire_duplicate_fanout,dry_run_expire
979,SNW,catalyst,Voluntary recall of three batches of A2 Platinum USA label infant milk formula manufactured by Liz Sinlay,active,expired,commentary:youtube_transcript,youtube_transcript:asx-daily-rundown-atlassian-lifts-tech-a2-milk-recall-shock-accent-group-all-time-lows:88e960386e503796,0.72,0.82,short,2026-05-04T08:26:22+00:00,2026-05-04T08:26:22+00:00,,fanout_0013,50,candidate_expire_duplicate_fanout,dry_run_expire
980,LON,catalyst,Voluntary recall of three batches of A2 Platinum USA label infant milk formula manufactured by Liz Sinlay,active,expired,commentary:youtube_transcript,youtube_transcript:asx-daily-rundown-atlassian-lifts-tech-a2-milk-recall-shock-accent-group-all-time-lows:88e960386e503796,0.72,0.82,short,2026-05-04T08:26:23+00:00,2026-05-04T08:26:23+00:00,,fanout_0013,50,candidate_expire_duplicate_fanout,dry_run_expire
981,PET,catalyst,Voluntary recall of three batches of A2 Platinum USA label infant milk formula manufactured by Liz Sinlay,active,expired,commentary:youtube_transcript,youtube_transcript:asx-daily-rundown-atlassian-lifts-tech-a2-milk-recall-shock-accent-group-all-time-lows:88e960386e503796,0.72,0.82,short,2026-05-04T08:26:24+00:00,2026-05-04T08:26:24+00:00,,fanout_0013,50,candidate_expire_duplicate_fanout,dry_run_expire
982,STK,catalyst,Voluntary recall of three batches of A2 Platinum USA label infant milk formula manufactured by Liz Sinlay,active,expired,commentary:youtube_transcript,youtube_transcript:asx-daily-rundown-atlassian-lifts-tech-a2-milk-recall-shock-accent-group-all-time-lows:88e960386e503796,0.72,0.82,short,2026-05-04T08:26:24+00:00,2026-05-04T08:26:24+00:00,,fanout_0013,50,candidate_expire_duplicate_fanout,dry_run_expire
983,END,catalyst,ACCENT GROUP's downgrade announcement,active,expired,commentary:youtube_transcript,youtube_transcript:asx-daily-rundown-atlassian-lifts-tech-a2-milk-recall-shock-accent-group-all-time-lows:88e960386e503796,0.72,0.91,short,2026-05-04T08:26:24+00:00,2026-05-04T08:26:24+00:00,,fanout_0004,50,candidate_expire_duplicate_fanout,dry_run_expire
984,COH,catalyst,ACCENT GROUP's downgrade announcement,active,expired,commentary:youtube_transcript,youtube_transcript:asx-daily-rundown-atlassian-lifts-tech-a2-milk-recall-shock-accent-group-all-time-lows:88e960386e503796,0.72,0.91,short,2026-05-04T08:26:25+00:00,2026-05-04T08:26:25+00:00,,fanout_0004,50,candidate_expire_duplicate_fanout,dry_run_expire
985,WES,catalyst,ACCENT GROUP's downgrade announcement,active,expired,commentary:youtube_transcript,youtube_transcript:asx-daily-rundown-atlassian-lifts-tech-a2-milk-recall-shock-accent-group-all-time-lows:88e960386e503796,0.72,0.91,short,2026-05-04T08:26:25+00:00,2026-05-04T08:26:25+00:00,,fanout_0004,50,candidate_expire_duplicate_fanout,dry_run_expire
986,WBC,catalyst,ACCENT GROUP's downgrade announcement,active,expired,commentary:youtube_transcript,youtube_transcript:asx-daily-rundown-atlassian-lifts-tech-a2-milk-recall-shock-accent-group-all-time-lows:88e960386e503796,0.72,0.91,short,2026-05-04T08:26:26+00:00,2026-05-04T08:26:26+00:00,,fanout_0004,50,candidate_expire_duplicate_fanout,dry_run_expire
987,KEY,catalyst,ACCENT GROUP's downgrade announcement,active,expired,commentary:youtube_transcript,youtube_transcript:asx-daily-rundown-atlassian-lifts-tech-a2-milk-recall-shock-accent-group-all-time-lows:88e960386e503796,0.72,0.91,short,2026-05-04T08:26:26+00:00,2026-05-04T08:26:26+00:00,,fanout_0004,50,candidate_expire_duplicate_fanout,dry_run_expire
988,GCM,catalyst,ACCENT GROUP's downgrade announcement,active,expired,commentary:youtube_transcript,youtube_transcript:asx-daily-rundown-atlassian-lifts-tech-a2-milk-recall-shock-accent-group-all-time-lows:88e960386e503796,0.72,0.91,short,2026-05-04T08:26:26+00:00,2026-05-04T08:26:26+00:00,,fanout_0004,50,candidate_expire_duplicate_fanout,dry_run_expire
989,MAR,catalyst,ACCENT GROUP's downgrade announcement,active,expired,commentary:youtube_transcript,youtube_transcript:asx-daily-rundown-atlassian-lifts-tech-a2-milk-recall-shock-accent-group-all-time-lows:88e960386e503796,0.72,0.91,short,2026-05-04T08:26:26+00:00,2026-05-04T08:26:26+00:00,,fanout_0004,50,candidate_expire_duplicate_fanout,dry_run_expire
990,CLT,catalyst,ACCENT GROUP's downgrade announcement,active,expired,commentary:youtube_transcript,youtube_transcript:asx-daily-rundown-atlassian-lifts-tech-a2-milk-recall-shock-accent-group-all-time-lows:88e960386e503796,0.72,0.91,short,2026-05-04T08:26:26+00:00,2026-05-04T08:26:26+00:00,,fanout_0004,50,candidate_expire_duplicate_fanout,dry_run_expire
991,WIN,catalyst,ACCENT GROUP's downgrade announcement,active,expired,commentary:youtube_transcript,youtube_transcript:asx-daily-rundown-atlassian-lifts-tech-a2-milk-recall-shock-accent-group-all-time-lows:88e960386e503796,0.72,0.91,short,2026-05-04T08:26:26+00:00,2026-05-04T08:26:26+00:00,,fanout_0004,50,candidate_expire_duplicate_fanout,dry_run_expire
992,SKT,catalyst,ACCENT GROUP's downgrade announcement,active,expired,commentary:youtube_transcript,youtube_transcript:asx-daily-rundown-atlassian-lifts-tech-a2-milk-recall-shock-accent-group-all-time-lows:88e960386e503796,0.72,0.91,short,2026-05-04T08:26:26+00:00,2026-05-04T08:26:26+00:00,,fanout_0004,50,candidate_expire_duplicate_fanout,dry_run_expire
993,VCE,catalyst,ACCENT GROUP's downgrade announcement,active,expired,commentary:youtube_transcript,youtube_transcript:asx-daily-rundown-atlassian-lifts-tech-a2-milk-recall-shock-accent-group-all-time-lows:88e960386e503796,0.72,0.91,short,2026-05-04T08:26:27+00:00,2026-05-04T08:26:27+00:00,,fanout_0004,50,candidate_expire_duplicate_fanout,dry_run_expire
994,SNW,catalyst,ACCENT GROUP's downgrade announcement,active,expired,commentary:youtube_transcript,youtube_transcript:asx-daily-rundown-atlassian-lifts-tech-a2-milk-recall-shock-accent-group-all-time-lows:88e960386e503796,0.72,0.91,short,2026-05-04T08:26:27+00:00,2026-05-04T08:26:27+00:00,,fanout_0004,50,candidate_expire_duplicate_fanout,dry_run_expire
995,LON,catalyst,ACCENT GROUP's downgrade announcement,active,expired,commentary:youtube_transcript,youtube_transcript:asx-daily-rundown-atlassian-lifts-tech-a2-milk-recall-shock-accent-group-all-time-lows:88e960386e503796,0.72,0.91,short,2026-05-04T08:26:27+00:00,2026-05-04T08:26:27+00:00,,fanout_0004,50,candidate_expire_duplicate_fanout,dry_run_expire
996,PET,catalyst,ACCENT GROUP's downgrade announcement,active,expired,commentary:youtube_transcript,youtube_transcript:asx-daily-rundown-atlassian-lifts-tech-a2-milk-recall-shock-accent-group-all-time-lows:88e960386e503796,0.72,0.91,short,2026-05-04T08:26:27+00:00,2026-05-04T08:26:27+00:00,,fanout_0004,50,candidate_expire_duplicate_fanout,dry_run_expire
997,STK,catalyst,ACCENT GROUP's downgrade announcement,active,expired,commentary:youtube_transcript,youtube_transcript:asx-daily-rundown-atlassian-lifts-tech-a2-milk-recall-shock-accent-group-all-time-lows:88e960386e503796,0.72,0.91,short,2026-05-04T08:26:27+00:00,2026-05-04T08:26:27+00:00,,fanout_0004,50,candidate_expire_duplicate_fanout,dry_run_expire
998,ASX,risk,AI fears impacting Atlassian's share price,active,expired,commentary:youtube_transcript,youtube_transcript:asx-daily-rundown-atlassian-lifts-tech-a2-milk-recall-shock-accent-group-all-time-lows:88e960386e503796,0.74,0.91,short,2026-05-04T08:26:29+00:00,2026-05-04T08:26:29+00:00,,fanout_0030,26,candidate_expire_duplicate_fanout,dry_run_expire
999,TXT,risk,AI fears impacting Atlassian's share price,active,expired,commentary:youtube_transcript,youtube_transcript:asx-daily-rundown-atlassian-lifts-tech-a2-milk-recall-shock-accent-group-all-time-lows:88e960386e503796,0.74,0.91,short,2026-05-04T08:26:29+00:00,2026-05-04T08:26:29+00:00,,fanout_0030,26,candidate_expire_duplicate_fanout,dry_run_expire
1000,XTX,risk,AI fears impacting Atlassian's share price,active,expired,commentary:youtube_transcript,youtube_transcript:asx-daily-rundown-atlassian-lifts-tech-a2-milk-recall-shock-accent-group-all-time-lows:88e960386e503796,0.74,0.91,short,2026-05-04T08:26:29+00:00,2026-05-04T08:26:29+00:00,,fanout_0030,26,candidate_expire_duplicate_fanout,dry_run_expire
1001,A2M,risk,AI fears impacting Atlassian's share price,active,expired,commentary:youtube_transcript,youtube_transcript:asx-daily-rundown-atlassian-lifts-tech-a2-milk-recall-shock-accent-group-all-time-lows:88e960386e503796,0.74,0.91,short,2026-05-04T08:26:29+00:00,2026-05-04T08:26:29+00:00,,fanout_0030,26,candidate_expire_duplicate_fanout,dry_run_expire
1002,END,risk,AI fears impacting Atlassian's share price,active,expired,commentary:youtube_transcript,youtube_transcript:asx-daily-rundown-atlassian-lifts-tech-a2-milk-recall-shock-accent-group-all-time-lows:88e960386e503796,0.74,0.91,short,2026-05-04T08:26:29+00:00,2026-05-04T08:26:29+00:00,,fanout_0030,26,candidate_expire_duplicate_fanout,dry_run_expire
1003,COH,risk,AI fears impacting Atlassian's share price,active,expired,commentary:youtube_transcript,youtube_transcript:asx-daily-rundown-atlassian-lifts-tech-a2-milk-recall-shock-accent-group-all-time-lows:88e960386e503796,0.74,0.91,short,2026-05-04T08:26:29+00:00,2026-05-04T08:26:29+00:00,,fanout_0030,26,candidate_expire_duplicate_fanout,dry_run_expire
1004,WES,risk,AI fears impacting Atlassian's share price,active,expired,commentary:youtube_transcript,youtube_transcript:asx-daily-rundown-atlassian-lifts-tech-a2-milk-recall-shock-accent-group-all-time-lows:88e960386e503796,0.74,0.91,short,2026-05-04T08:26:29+00:00,2026-05-04T08:26:29+00:00,,fanout_0030,26,candidate_expire_duplicate_fanout,dry_run_expire
1005,BHP,risk,AI fears impacting Atlassian's share price,active,expired,commentary:youtube_transcript,youtube_transcript:asx-daily-rundown-atlassian-lifts-tech-a2-milk-recall-shock-accent-group-all-time-lows:88e960386e503796,0.74,0.91,short,2026-05-04T08:26:29+00:00,2026-05-04T08:26:29+00:00,,fanout_0030,26,candidate_expire_duplicate_fanout,dry_run_expire
1006,NAB,risk,AI fears impacting Atlassian's share price,active,expired,commentary:youtube_transcript,youtube_transcript:asx-daily-rundown-atlassian-lifts-tech-a2-milk-recall-shock-accent-group-all-time-lows:88e960386e503796,0.74,0.91,short,2026-05-04T08:26:29+00:00,2026-05-04T08:26:29+00:00,,fanout_0030,26,candidate_expire_duplicate_fanout,dry_run_expire
1007,WBC,risk,AI fears impacting Atlassian's share price,active,expired,commentary:youtube_transcript,youtube_transcript:asx-daily-rundown-atlassian-lifts-tech-a2-milk-recall-shock-accent-group-all-time-lows:88e960386e503796,0.74,0.91,short,2026-05-04T08:26:29+00:00,2026-05-04T08:26:29+00:00,,fanout_0030,26,candidate_expire_duplicate_fanout,dry_run_expire
1008,KEY,risk,AI fears impacting Atlassian's share price,active,expired,commentary:youtube_transcript,youtube_transcript:asx-daily-rundown-atlassian-lifts-tech-a2-milk-recall-shock-accent-group-all-time-lows:88e960386e503796,0.74,0.91,short,2026-05-04T08:26:29+00:00,2026-05-04T08:26:29+00:00,,fanout_0030,26,candidate_expire_duplicate_fanout,dry_run_expire
1009,GCM,risk,AI fears impacting Atlassian's share price,active,expired,commentary:youtube_transcript,youtube_transcript:asx-daily-rundown-atlassian-lifts-tech-a2-milk-recall-shock-accent-group-all-time-lows:88e960386e503796,0.74,0.91,short,2026-05-04T08:26:30+00:00,2026-05-04T08:26:30+00:00,,fanout_0030,26,candidate_expire_duplicate_fanout,dry_run_expire
1010,MAR,risk,AI fears impacting Atlassian's share price,active,expired,commentary:youtube_transcript,youtube_transcript:asx-daily-rundown-atlassian-lifts-tech-a2-milk-recall-shock-accent-group-all-time-lows:88e960386e503796,0.74,0.91,short,2026-05-04T08:26:30+00:00,2026-05-04T08:26:30+00:00,,fanout_0030,26,candidate_expire_duplicate_fanout,dry_run_expire
1011,CLT,risk,AI fears impacting Atlassian's share price,active,expired,commentary:youtube_transcript,youtube_transcript:asx-daily-rundown-atlassian-lifts-tech-a2-milk-recall-shock-accent-group-all-time-lows:88e960386e503796,0.74,0.91,short,2026-05-04T08:26:31+00:00,2026-05-04T08:26:31+00:00,,fanout_0030,26,candidate_expire_duplicate_fanout,dry_run_expire
1012,WIN,risk,AI fears impacting Atlassian's share price,active,expired,commentary:youtube_transcript,youtube_transcript:asx-daily-rundown-atlassian-lifts-tech-a2-milk-recall-shock-accent-group-all-time-lows:88e960386e503796,0.74,0.91,short,2026-05-04T08:26:31+00:00,2026-05-04T08:26:31+00:00,,fanout_0030,26,candidate_expire_duplicate_fanout,dry_run_expire
1013,SKT,risk,AI fears impacting Atlassian's share price,active,expired,commentary:youtube_transcript,youtube_transcript:asx-daily-rundown-atlassian-lifts-tech-a2-milk-recall-shock-accent-group-all-time-lows:88e960386e503796,0.74,0.91,short,2026-05-04T08:26:31+00:00,2026-05-04T08:26:31+00:00,,fanout_0030,26,candidate_expire_duplicate_fanout,dry_run_expire
1014,VCE,risk,AI fears impacting Atlassian's share price,active,expired,commentary:youtube_transcript,youtube_transcript:asx-daily-rundown-atlassian-lifts-tech-a2-milk-recall-shock-accent-group-all-time-lows:88e960386e503796,0.74,0.91,short,2026-05-04T08:26:31+00:00,2026-05-04T08:26:31+00:00,,fanout_0030,26,candidate_expire_duplicate_fanout,dry_run_expire
1015,SNW,risk,AI fears impacting Atlassian's share price,active,expired,commentary:youtube_transcript,youtube_transcript:asx-daily-rundown-atlassian-lifts-tech-a2-milk-recall-shock-accent-group-all-time-lows:88e960386e503796,0.74,0.91,short,2026-05-04T08:26:31+00:00,2026-05-04T08:26:31+00:00,,fanout_0030,26,candidate_expire_duplicate_fanout,dry_run_expire
1016,LON,risk,AI fears impacting Atlassian's share price,active,expired,commentary:youtube_transcript,youtube_transcript:asx-daily-rundown-atlassian-lifts-tech-a2-milk-recall-shock-accent-group-all-time-lows:88e960386e503796,0.74,0.91,short,2026-05-04T08:26:31+00:00,2026-05-04T08:26:31+00:00,,fanout_0030,26,candidate_expire_duplicate_fanout,dry_run_expire
1017,PET,risk,AI fears impacting Atlassian's share price,active,expired,commentary:youtube_transcript,youtube_transcript:asx-daily-rundown-atlassian-lifts-tech-a2-milk-recall-shock-accent-group-all-time-lows:88e960386e503796,0.74,0.91,short,2026-05-04T08:26:31+00:00,2026-05-04T08:26:31+00:00,,fanout_0030,26,candidate_expire_duplicate_fanout,dry_run_expire
1018,STK,risk,AI fears impacting Atlassian's share price,active,expired,commentary:youtube_transcript,youtube_transcript:asx-daily-rundown-atlassian-lifts-tech-a2-milk-recall-shock-accent-group-all-time-lows:88e960386e503796,0.74,0.91,short,2026-05-04T08:26:31+00:00,2026-05-04T08:26:31+00:00,,fanout_0030,26,candidate_expire_duplicate_fanout,dry_run_expire
1019,INDE,risk,AI fears impacting Atlassian's share price,active,expired,commentary:youtube_transcript,youtube_transcript:asx-daily-rundown-atlassian-lifts-tech-a2-milk-recall-shock-accent-group-all-time-lows:88e960386e503796,0.74,0.91,short,2026-05-04T08:26:31+00:00,2026-05-04T08:26:31+00:00,,fanout_0030,26,candidate_expire_duplicate_fanout,dry_run_expire
1020,PETT,risk,AI fears impacting Atlassian's share price,active,expired,commentary:youtube_transcript,youtube_transcript:asx-daily-rundown-atlassian-lifts-tech-a2-milk-recall-shock-accent-group-all-time-lows:88e960386e503796,0.74,0.91,short,2026-05-04T08:26:31+00:00,2026-05-04T08:26:31+00:00,,fanout_0030,26,candidate_expire_duplicate_fanout,dry_run_expire
1021,C79,risk,AI fears impacting Atlassian's share price,active,expired,commentary:youtube_transcript,youtube_transcript:asx-daily-rundown-atlassian-lifts-tech-a2-milk-recall-shock-accent-group-all-time-lows:88e960386e503796,0.74,0.91,short,2026-05-04T08:26:32+00:00,2026-05-04T08:26:32+00:00,,fanout_0030,26,candidate_expire_duplicate_fanout,dry_run_expire
1022,A2 MILK,risk,AI fears impacting Atlassian's share price,active,expired,commentary:youtube_transcript,youtube_transcript:asx-daily-rundown-atlassian-lifts-tech-a2-milk-recall-shock-accent-group-all-time-lows:88e960386e503796,0.74,0.91,short,2026-05-04T08:26:32+00:00,2026-05-04T08:26:32+00:00,,fanout_0030,26,candidate_expire_duplicate_fanout,dry_run_expire
1023,ACCENT GROUP,risk,AI fears impacting Atlassian's share price,active,expired,commentary:youtube_transcript,youtube_transcript:asx-daily-rundown-atlassian-lifts-tech-a2-milk-recall-shock-accent-group-all-time-lows:88e960386e503796,0.74,0.91,short,2026-05-04T08:26:32+00:00,2026-05-04T08:26:32+00:00,,fanout_0030,26,candidate_expire_duplicate_fanout,dry_run_expire
1025,COH,risk,Negative trading updates from A2 MILK and Endeavor Group,active,expired,commentary:youtube_transcript,youtube_transcript:asx-daily-rundown-atlassian-lifts-tech-a2-milk-recall-shock-accent-group-all-time-lows:88e960386e503796,0.74,0.82,short,2026-05-04T08:26:33+00:00,2026-05-04T08:26:33+00:00,,fanout_0011,50,candidate_expire_duplicate_fanout,dry_run_expire
1026,WES,risk,Negative trading updates from A2 MILK and Endeavor Group,active,expired,commentary:youtube_transcript,youtube_transcript:asx-daily-rundown-atlassian-lifts-tech-a2-milk-recall-shock-accent-group-all-time-lows:88e960386e503796,0.74,0.82,short,2026-05-04T08:26:33+00:00,2026-05-04T08:26:33+00:00,,fanout_0011,50,candidate_expire_duplicate_fanout,dry_run_expire
1027,WBC,risk,Negative trading updates from A2 MILK and Endeavor Group,active,expired,commentary:youtube_transcript,youtube_transcript:asx-daily-rundown-atlassian-lifts-tech-a2-milk-recall-shock-accent-group-all-time-lows:88e960386e503796,0.74,0.82,short,2026-05-04T08:26:34+00:00,2026-05-04T08:26:34+00:00,,fanout_0011,50,candidate_expire_duplicate_fanout,dry_run_expire
1028,KEY,risk,Negative trading updates from A2 MILK and Endeavor Group,active,expired,commentary:youtube_transcript,youtube_transcript:asx-daily-rundown-atlassian-lifts-tech-a2-milk-recall-shock-accent-group-all-time-lows:88e960386e503796,0.74,0.82,short,2026-05-04T08:26:34+00:00,2026-05-04T08:26:34+00:00,,fanout_0011,50,candidate_expire_duplicate_fanout,dry_run_expire
1029,GCM,risk,Negative trading updates from A2 MILK and Endeavor Group,active,expired,commentary:youtube_transcript,youtube_transcript:asx-daily-rundown-atlassian-lifts-tech-a2-milk-recall-shock-accent-group-all-time-lows:88e960386e503796,0.74,0.82,short,2026-05-04T08:26:34+00:00,2026-05-04T08:26:34+00:00,,fanout_0011,50,candidate_expire_duplicate_fanout,dry_run_expire
1030,MAR,risk,Negative trading updates from A2 MILK and Endeavor Group,active,expired,commentary:youtube_transcript,youtube_transcript:asx-daily-rundown-atlassian-lifts-tech-a2-milk-recall-shock-accent-group-all-time-lows:88e960386e503796,0.74,0.82,short,2026-05-04T08:26:34+00:00,2026-05-04T08:26:34+00:00,,fanout_0011,50,candidate_expire_duplicate_fanout,dry_run_expire
1031,CLT,risk,Negative trading updates from A2 MILK and Endeavor Group,active,expired,commentary:youtube_transcript,youtube_transcript:asx-daily-rundown-atlassian-lifts-tech-a2-milk-recall-shock-accent-group-all-time-lows:88e960386e503796,0.74,0.82,short,2026-05-04T08:26:34+00:00,2026-05-04T08:26:34+00:00,,fanout_0011,50,candidate_expire_duplicate_fanout,dry_run_expire
1032,WIN,risk,Negative trading updates from A2 MILK and Endeavor Group,active,expired,commentary:youtube_transcript,youtube_transcript:asx-daily-rundown-atlassian-lifts-tech-a2-milk-recall-shock-accent-group-all-time-lows:88e960386e503796,0.74,0.82,short,2026-05-04T08:26:34+00:00,2026-05-04T08:26:34+00:00,,fanout_0011,50,candidate_expire_duplicate_fanout,dry_run_expire
1033,SKT,risk,Negative trading updates from A2 MILK and Endeavor Group,active,expired,commentary:youtube_transcript,youtube_transcript:asx-daily-rundown-atlassian-lifts-tech-a2-milk-recall-shock-accent-group-all-time-lows:88e960386e503796,0.74,0.82,short,2026-05-04T08:26:34+00:00,2026-05-04T08:26:34+00:00,,fanout_0011,50,candidate_expire_duplicate_fanout,dry_run_expire
1034,VCE,risk,Negative trading updates from A2 MILK and Endeavor Group,active,expired,commentary:youtube_transcript,youtube_transcript:asx-daily-rundown-atlassian-lifts-tech-a2-milk-recall-shock-accent-group-all-time-lows:88e960386e503796,0.74,0.82,short,2026-05-04T08:26:34+00:00,2026-05-04T08:26:34+00:00,,fanout_0011,50,candidate_expire_duplicate_fanout,dry_run_expire
1035,SNW,risk,Negative trading updates from A2 MILK and Endeavor Group,active,expired,commentary:youtube_transcript,youtube_transcript:asx-daily-rundown-atlassian-lifts-tech-a2-milk-recall-shock-accent-group-all-time-lows:88e960386e503796,0.74,0.82,short,2026-05-04T08:26:34+00:00,2026-05-04T08:26:34+00:00,,fanout_0011,50,candidate_expire_duplicate_fanout,dry_run_expire
1036,LON,risk,Negative trading updates from A2 MILK and Endeavor Group,active,expired,commentary:youtube_transcript,youtube_transcript:asx-daily-rundown-atlassian-lifts-tech-a2-milk-recall-shock-accent-group-all-time-lows:88e960386e503796,0.74,0.82,short,2026-05-04T08:26:34+00:00,2026-05-04T08:26:34+00:00,,fanout_0011,50,candidate_expire_duplicate_fanout,dry_run_expire
1037,PET,risk,Negative trading updates from A2 MILK and Endeavor Group,active,expired,commentary:youtube_transcript,youtube_transcript:asx-daily-rundown-atlassian-lifts-tech-a2-milk-recall-shock-accent-group-all-time-lows:88e960386e503796,0.74,0.82,short,2026-05-04T08:26:35+00:00,2026-05-04T08:26:35+00:00,,fanout_0011,50,candidate_expire_duplicate_fanout,dry_run_expire
1038,STK,risk,Negative trading updates from A2 MILK and Endeavor Group,active,expired,commentary:youtube_transcript,youtube_transcript:asx-daily-rundown-atlassian-lifts-tech-a2-milk-recall-shock-accent-group-all-time-lows:88e960386e503796,0.74,0.82,short,2026-05-04T08:26:35+00:00,2026-05-04T08:26:35+00:00,,fanout_0011,50,candidate_expire_duplicate_fanout,dry_run_expire
1039,ASX,risk,Over issuance of shares by Pettimed leading to a significant drop in share price,active,expired,commentary:youtube_transcript,youtube_transcript:asx-daily-rundown-atlassian-lifts-tech-a2-milk-recall-shock-accent-group-all-time-lows:88e960386e503796,0.76,0.91,short,2026-05-04T08:26:36+00:00,2026-05-04T08:26:36+00:00,,fanout_0021,34,candidate_expire_duplicate_fanout,dry_run_expire
1040,TXT,risk,Over issuance of shares by Pettimed leading to a significant drop in share price,active,expired,commentary:youtube_transcript,youtube_transcript:asx-daily-rundown-atlassian-lifts-tech-a2-milk-recall-shock-accent-group-all-time-lows:88e960386e503796,0.76,0.91,short,2026-05-04T08:26:36+00:00,2026-05-04T08:26:36+00:00,,fanout_0021,34,candidate_expire_duplicate_fanout,dry_run_expire
1041,XTX,risk,Over issuance of shares by Pettimed leading to a significant drop in share price,active,expired,commentary:youtube_transcript,youtube_transcript:asx-daily-rundown-atlassian-lifts-tech-a2-milk-recall-shock-accent-group-all-time-lows:88e960386e503796,0.76,0.91,short,2026-05-04T08:26:36+00:00,2026-05-04T08:26:36+00:00,,fanout_0021,34,candidate_expire_duplicate_fanout,dry_run_expire
1042,A2M,risk,Over issuance of shares by Pettimed leading to a significant drop in share price,active,expired,commentary:youtube_transcript,youtube_transcript:asx-daily-rundown-atlassian-lifts-tech-a2-milk-recall-shock-accent-group-all-time-lows:88e960386e503796,0.76,0.91,short,2026-05-04T08:26:36+00:00,2026-05-04T08:26:36+00:00,,fanout_0021,34,candidate_expire_duplicate_fanout,dry_run_expire
1043,END,risk,Over issuance of shares by Pettimed leading to a significant drop in share price,active,expired,commentary:youtube_transcript,youtube_transcript:asx-daily-rundown-atlassian-lifts-tech-a2-milk-recall-shock-accent-group-all-time-lows:88e960386e503796,0.76,0.91,short,2026-05-04T08:26:36+00:00,2026-05-04T08:26:36+00:00,,fanout_0021,34,candidate_expire_duplicate_fanout,dry_run_expire
1044,COH,risk,Over issuance of shares by Pettimed leading to a significant drop in share price,active,expired,commentary:youtube_transcript,youtube_transcript:asx-daily-rundown-atlassian-lifts-tech-a2-milk-recall-shock-accent-group-all-time-lows:88e960386e503796,0.76,0.91,short,2026-05-04T08:26:36+00:00,2026-05-04T08:26:36+00:00,,fanout_0021,34,candidate_expire_duplicate_fanout,dry_run_expire
1045,WES,risk,Over issuance of shares by Pettimed leading to a significant drop in share price,active,expired,commentary:youtube_transcript,youtube_transcript:asx-daily-rundown-atlassian-lifts-tech-a2-milk-recall-shock-accent-group-all-time-lows:88e960386e503796,0.76,0.91,short,2026-05-04T08:26:37+00:00,2026-05-04T08:26:37+00:00,,fanout_0021,34,candidate_expire_duplicate_fanout,dry_run_expire
1046,BHP,risk,Over issuance of shares by Pettimed leading to a significant drop in share price,active,expired,commentary:youtube_transcript,youtube_transcript:asx-daily-rundown-atlassian-lifts-tech-a2-milk-recall-shock-accent-group-all-time-lows:88e960386e503796,0.76,0.91,short,2026-05-04T08:26:38+00:00,2026-05-04T08:26:38+00:00,,fanout_0021,34,candidate_expire_duplicate_fanout,dry_run_expire
1047,NAB,risk,Over issuance of shares by Pettimed leading to a significant drop in share price,active,expired,commentary:youtube_transcript,youtube_transcript:asx-daily-rundown-atlassian-lifts-tech-a2-milk-recall-shock-accent-group-all-time-lows:88e960386e503796,0.76,0.91,short,2026-05-04T08:26:38+00:00,2026-05-04T08:26:38+00:00,,fanout_0021,34,candidate_expire_duplicate_fanout,dry_run_expire
1048,WBC,risk,Over issuance of shares by Pettimed leading to a significant drop in share price,active,expired,commentary:youtube_transcript,youtube_transcript:asx-daily-rundown-atlassian-lifts-tech-a2-milk-recall-shock-accent-group-all-time-lows:88e960386e503796,0.76,0.91,short,2026-05-04T08:26:38+00:00,2026-05-04T08:26:38+00:00,,fanout_0021,34,candidate_expire_duplicate_fanout,dry_run_expire
1049,KEY,risk,Over issuance of shares by Pettimed leading to a significant drop in share price,active,expired,commentary:youtube_transcript,youtube_transcript:asx-daily-rundown-atlassian-lifts-tech-a2-milk-recall-shock-accent-group-all-time-lows:88e960386e503796,0.76,0.91,short,2026-05-04T08:26:38+00:00,2026-05-04T08:26:38+00:00,,fanout_0021,34,candidate_expire_duplicate_fanout,dry_run_expire
1050,GCM,risk,Over issuance of shares by Pettimed leading to a significant drop in share price,active,expired,commentary:youtube_transcript,youtube_transcript:asx-daily-rundown-atlassian-lifts-tech-a2-milk-recall-shock-accent-group-all-time-lows:88e960386e503796,0.76,0.91,short,2026-05-04T08:26:38+00:00,2026-05-04T08:26:38+00:00,,fanout_0021,34,candidate_expire_duplicate_fanout,dry_run_expire
1051,MAR,risk,Over issuance of shares by Pettimed leading to a significant drop in share price,active,expired,commentary:youtube_transcript,youtube_transcript:asx-daily-rundown-atlassian-lifts-tech-a2-milk-recall-shock-accent-group-all-time-lows:88e960386e503796,0.76,0.91,short,2026-05-04T08:26:38+00:00,2026-05-04T08:26:38+00:00,,fanout_0021,34,candidate_expire_duplicate_fanout,dry_run_expire
1052,CLT,risk,Over issuance of shares by Pettimed leading to a significant drop in share price,active,expired,commentary:youtube_transcript,youtube_transcript:asx-daily-rundown-atlassian-lifts-tech-a2-milk-recall-shock-accent-group-all-time-lows:88e960386e503796,0.76,0.91,short,2026-05-04T08:26:38+00:00,2026-05-04T08:26:38+00:00,,fanout_0021,34,candidate_expire_duplicate_fanout,dry_run_expire
1053,WIN,risk,Over issuance of shares by Pettimed leading to a significant drop in share price,active,expired,commentary:youtube_transcript,youtube_transcript:asx-daily-rundown-atlassian-lifts-tech-a2-milk-recall-shock-accent-group-all-time-lows:88e960386e503796,0.76,0.91,short,2026-05-04T08:26:39+00:00,2026-05-04T08:26:39+00:00,,fanout_0021,34,candidate_expire_duplicate_fanout,dry_run_expire
1054,SKT,risk,Over issuance of shares by Pettimed leading to a significant drop in share price,active,expired,commentary:youtube_transcript,youtube_transcript:asx-daily-rundown-atlassian-lifts-tech-a2-milk-recall-shock-accent-group-all-time-lows:88e960386e503796,0.76,0.91,short,2026-05-04T08:26:39+00:00,2026-05-04T08:26:39+00:00,,fanout_0021,34,candidate_expire_duplicate_fanout,dry_run_expire
1055,VCE,risk,Over issuance of shares by Pettimed leading to a significant drop in share price,active,expired,commentary:youtube_transcript,youtube_transcript:asx-daily-rundown-atlassian-lifts-tech-a2-milk-recall-shock-accent-group-all-time-lows:88e960386e503796,0.76,0.91,short,2026-05-04T08:26:40+00:00,2026-05-04T08:26:40+00:00,,fanout_0021,34,candidate_expire_duplicate_fanout,dry_run_expire
1056,SNW,risk,Over issuance of shares by Pettimed leading to a significant drop in share price,active,expired,commentary:youtube_transcript,youtube_transcript:asx-daily-rundown-atlassian-lifts-tech-a2-milk-recall-shock-accent-group-all-time-lows:88e960386e503796,0.76,0.91,short,2026-05-04T08:26:40+00:00,2026-05-04T08:26:40+00:00,,fanout_0021,34,candidate_expire_duplicate_fanout,dry_run_expire
1057,LON,risk,Over issuance of shares by Pettimed leading to a significant drop in share price,active,expired,commentary:youtube_transcript,youtube_transcript:asx-daily-rundown-atlassian-lifts-tech-a2-milk-recall-shock-accent-group-all-time-lows:88e960386e503796,0.76,0.91,short,2026-05-04T08:26:40+00:00,2026-05-04T08:26:40+00:00,,fanout_0021,34,candidate_expire_duplicate_fanout,dry_run_expire
1059,STK,risk,Over issuance of shares by Pettimed leading to a significant drop in share price,active,expired,commentary:youtube_transcript,youtube_transcript:asx-daily-rundown-atlassian-lifts-tech-a2-milk-recall-shock-accent-group-all-time-lows:88e960386e503796,0.76,0.91,short,2026-05-04T08:26:41+00:00,2026-05-04T08:26:41+00:00,,fanout_0021,34,candidate_expire_duplicate_fanout,dry_run_expire
1060,INDE,risk,Over issuance of shares by Pettimed leading to a significant drop in share price,active,expired,commentary:youtube_transcript,youtube_transcript:asx-daily-rundown-atlassian-lifts-tech-a2-milk-recall-shock-accent-group-all-time-lows:88e960386e503796,0.76,0.91,short,2026-05-04T08:26:41+00:00,2026-05-04T08:26:41+00:00,,fanout_0021,34,candidate_expire_duplicate_fanout,dry_run_expire
1062,C79,risk,Over issuance of shares by Pettimed leading to a significant drop in share price,active,expired,commentary:youtube_transcript,youtube_transcript:asx-daily-rundown-atlassian-lifts-tech-a2-milk-recall-shock-accent-group-all-time-lows:88e960386e503796,0.76,0.91,short,2026-05-04T08:26:42+00:00,2026-05-04T08:26:42+00:00,,fanout_0021,34,candidate_expire_duplicate_fanout,dry_run_expire
1063,A2 MILK,risk,Over issuance of shares by Pettimed leading to a significant drop in share price,active,expired,commentary:youtube_transcript,youtube_transcript:asx-daily-rundown-atlassian-lifts-tech-a2-milk-recall-shock-accent-group-all-time-lows:88e960386e503796,0.76,0.91,short,2026-05-04T08:26:42+00:00,2026-05-04T08:26:42+00:00,,fanout_0021,34,candidate_expire_duplicate_fanout,dry_run_expire
1064,ACCENT GROUP,risk,Over issuance of shares by Pettimed leading to a significant drop in share price,active,expired,commentary:youtube_transcript,youtube_transcript:asx-daily-rundown-atlassian-lifts-tech-a2-milk-recall-shock-accent-group-all-time-lows:88e960386e503796,0.76,0.91,short,2026-05-04T08:26:42+00:00,2026-05-04T08:26:42+00:00,,fanout_0021,34,candidate_expire_duplicate_fanout,dry_run_expire
1065,END,risk,Pettimed's capital raising at 1 cent per share,active,expired,commentary:youtube_transcript,youtube_transcript:asx-daily-rundown-atlassian-lifts-tech-a2-milk-recall-shock-accent-group-all-time-lows:88e960386e503796,0.79,0.91,short,2026-05-04T08:26:42+00:00,2026-05-04T08:26:42+00:00,,fanout_0001,67,candidate_expire_duplicate_fanout,dry_run_expire
1066,COH,risk,Pettimed's capital raising at 1 cent per share,active,expired,commentary:youtube_transcript,youtube_transcript:asx-daily-rundown-atlassian-lifts-tech-a2-milk-recall-shock-accent-group-all-time-lows:88e960386e503796,0.79,0.91,short,2026-05-04T08:26:42+00:00,2026-05-04T08:26:42+00:00,,fanout_0001,67,candidate_expire_duplicate_fanout,dry_run_expire
1067,WES,risk,Pettimed's capital raising at 1 cent per share,active,expired,commentary:youtube_transcript,youtube_transcript:asx-daily-rundown-atlassian-lifts-tech-a2-milk-recall-shock-accent-group-all-time-lows:88e960386e503796,0.79,0.91,short,2026-05-04T08:26:43+00:00,2026-05-04T08:26:43+00:00,,fanout_0001,67,candidate_expire_duplicate_fanout,dry_run_expire
1068,WBC,risk,Pettimed's capital raising at 1 cent per share,active,expired,commentary:youtube_transcript,youtube_transcript:asx-daily-rundown-atlassian-lifts-tech-a2-milk-recall-shock-accent-group-all-time-lows:88e960386e503796,0.79,0.91,short,2026-05-04T08:26:44+00:00,2026-05-04T08:26:44+00:00,,fanout_0001,67,candidate_expire_duplicate_fanout,dry_run_expire
1069,KEY,risk,Pettimed's capital raising at 1 cent per share,active,expired,commentary:youtube_transcript,youtube_transcript:asx-daily-rundown-atlassian-lifts-tech-a2-milk-recall-shock-accent-group-all-time-lows:88e960386e503796,0.79,0.91,short,2026-05-04T08:26:44+00:00,2026-05-04T08:26:44+00:00,,fanout_0001,67,candidate_expire_duplicate_fanout,dry_run_expire
1070,GCM,risk,Pettimed's capital raising at 1 cent per share,active,expired,commentary:youtube_transcript,youtube_transcript:asx-daily-rundown-atlassian-lifts-tech-a2-milk-recall-shock-accent-group-all-time-lows:88e960386e503796,0.79,0.91,short,2026-05-04T08:26:44+00:00,2026-05-04T08:26:44+00:00,,fanout_0001,67,candidate_expire_duplicate_fanout,dry_run_expire
1071,MAR,risk,Pettimed's capital raising at 1 cent per share,active,expired,commentary:youtube_transcript,youtube_transcript:asx-daily-rundown-atlassian-lifts-tech-a2-milk-recall-shock-accent-group-all-time-lows:88e960386e503796,0.79,0.91,short,2026-05-04T08:26:44+00:00,2026-05-04T08:26:44+00:00,,fanout_0001,67,candidate_expire_duplicate_fanout,dry_run_expire
1072,CLT,risk,Pettimed's capital raising at 1 cent per share,active,expired,commentary:youtube_transcript,youtube_transcript:asx-daily-rundown-atlassian-lifts-tech-a2-milk-recall-shock-accent-group-all-time-lows:88e960386e503796,0.79,0.91,short,2026-05-04T08:26:44+00:00,2026-05-04T08:26:44+00:00,,fanout_0001,67,candidate_expire_duplicate_fanout,dry_run_expire
1073,WIN,risk,Pettimed's capital raising at 1 cent per share,active,expired,commentary:youtube_transcript,youtube_transcript:asx-daily-rundown-atlassian-lifts-tech-a2-milk-recall-shock-accent-group-all-time-lows:88e960386e503796,0.79,0.91,short,2026-05-04T08:26:44+00:00,2026-05-04T08:26:44+00:00,,fanout_0001,67,candidate_expire_duplicate_fanout,dry_run_expire
1074,SKT,risk,Pettimed's capital raising at 1 cent per share,active,expired,commentary:youtube_transcript,youtube_transcript:asx-daily-rundown-atlassian-lifts-tech-a2-milk-recall-shock-accent-group-all-time-lows:88e960386e503796,0.79,0.91,short,2026-05-04T08:26:45+00:00,2026-05-04T08:26:45+00:00,,fanout_0001,67,candidate_expire_duplicate_fanout,dry_run_expire
1075,VCE,risk,Pettimed's capital raising at 1 cent per share,active,expired,commentary:youtube_transcript,youtube_transcript:asx-daily-rundown-atlassian-lifts-tech-a2-milk-recall-shock-accent-group-all-time-lows:88e960386e503796,0.79,0.91,short,2026-05-04T08:26:45+00:00,2026-05-04T08:26:45+00:00,,fanout_0001,67,candidate_expire_duplicate_fanout,dry_run_expire
1076,SNW,risk,Pettimed's capital raising at 1 cent per share,active,expired,commentary:youtube_transcript,youtube_transcript:asx-daily-rundown-atlassian-lifts-tech-a2-milk-recall-shock-accent-group-all-time-lows:88e960386e503796,0.79,0.91,short,2026-05-04T08:26:46+00:00,2026-05-04T08:26:46+00:00,,fanout_0001,67,candidate_expire_duplicate_fanout,dry_run_expire
1077,LON,risk,Pettimed's capital raising at 1 cent per share,active,expired,commentary:youtube_transcript,youtube_transcript:asx-daily-rundown-atlassian-lifts-tech-a2-milk-recall-shock-accent-group-all-time-lows:88e960386e503796,0.79,0.91,short,2026-05-04T08:26:46+00:00,2026-05-04T08:26:46+00:00,,fanout_0001,67,candidate_expire_duplicate_fanout,dry_run_expire
1079,STK,risk,Pettimed's capital raising at 1 cent per share,active,expired,commentary:youtube_transcript,youtube_transcript:asx-daily-rundown-atlassian-lifts-tech-a2-milk-recall-shock-accent-group-all-time-lows:88e960386e503796,0.79,0.91,short,2026-05-04T08:26:46+00:00,2026-05-04T08:26:46+00:00,,fanout_0001,67,candidate_expire_duplicate_fanout,dry_run_expire
1081,END,risk,A2 MILK's product recall and negative market reaction,active,expired,commentary:youtube_transcript,youtube_transcript:asx-daily-rundown-atlassian-lifts-tech-a2-milk-recall-shock-accent-group-all-time-lows:88e960386e503796,0.74,0.82,short,2026-05-04T08:26:48+00:00,2026-05-04T08:26:48+00:00,,fanout_0017,41,candidate_expire_duplicate_fanout,dry_run_expire
1082,COH,risk,A2 MILK's product recall and negative market reaction,active,expired,commentary:youtube_transcript,youtube_transcript:asx-daily-rundown-atlassian-lifts-tech-a2-milk-recall-shock-accent-group-all-time-lows:88e960386e503796,0.74,0.82,short,2026-05-04T08:26:48+00:00,2026-05-04T08:26:48+00:00,,fanout_0017,41,candidate_expire_duplicate_fanout,dry_run_expire
1083,WES,risk,A2 MILK's product recall and negative market reaction,active,expired,commentary:youtube_transcript,youtube_transcript:asx-daily-rundown-atlassian-lifts-tech-a2-milk-recall-shock-accent-group-all-time-lows:88e960386e503796,0.74,0.82,short,2026-05-04T08:26:49+00:00,2026-05-04T08:26:49+00:00,,fanout_0017,41,candidate_expire_duplicate_fanout,dry_run_expire
1084,WBC,risk,A2 MILK's product recall and negative market reaction,active,expired,commentary:youtube_transcript,youtube_transcript:asx-daily-rundown-atlassian-lifts-tech-a2-milk-recall-shock-accent-group-all-time-lows:88e960386e503796,0.74,0.82,short,2026-05-04T08:26:49+00:00,2026-05-04T08:26:49+00:00,,fanout_0017,41,candidate_expire_duplicate_fanout,dry_run_expire
1085,KEY,risk,A2 MILK's product recall and negative market reaction,active,expired,commentary:youtube_transcript,youtube_transcript:asx-daily-rundown-atlassian-lifts-tech-a2-milk-recall-shock-accent-group-all-time-lows:88e960386e503796,0.74,0.82,short,2026-05-04T08:26:49+00:00,2026-05-04T08:26:49+00:00,,fanout_0017,41,candidate_expire_duplicate_fanout,dry_run_expire
1086,GCM,risk,A2 MILK's product recall and negative market reaction,active,expired,commentary:youtube_transcript,youtube_transcript:asx-daily-rundown-atlassian-lifts-tech-a2-milk-recall-shock-accent-group-all-time-lows:88e960386e503796,0.74,0.82,short,2026-05-04T08:26:49+00:00,2026-05-04T08:26:49+00:00,,fanout_0017,41,candidate_expire_duplicate_fanout,dry_run_expire
1087,MAR,risk,A2 MILK's product recall and negative market reaction,active,expired,commentary:youtube_transcript,youtube_transcript:asx-daily-rundown-atlassian-lifts-tech-a2-milk-recall-shock-accent-group-all-time-lows:88e960386e503796,0.74,0.82,short,2026-05-04T08:26:49+00:00,2026-05-04T08:26:49+00:00,,fanout_0017,41,candidate_expire_duplicate_fanout,dry_run_expire
1088,CLT,risk,A2 MILK's product recall and negative market reaction,active,expired,commentary:youtube_transcript,youtube_transcript:asx-daily-rundown-atlassian-lifts-tech-a2-milk-recall-shock-accent-group-all-time-lows:88e960386e503796,0.74,0.82,short,2026-05-04T08:26:50+00:00,2026-05-04T08:26:50+00:00,,fanout_0017,41,candidate_expire_duplicate_fanout,dry_run_expire
1089,WIN,risk,A2 MILK's product recall and negative market reaction,active,expired,commentary:youtube_transcript,youtube_transcript:asx-daily-rundown-atlassian-lifts-tech-a2-milk-recall-shock-accent-group-all-time-lows:88e960386e503796,0.74,0.82,short,2026-05-04T08:26:51+00:00,2026-05-04T08:26:51+00:00,,fanout_0017,41,candidate_expire_duplicate_fanout,dry_run_expire
1090,SKT,risk,A2 MILK's product recall and negative market reaction,active,expired,commentary:youtube_transcript,youtube_transcript:asx-daily-rundown-atlassian-lifts-tech-a2-milk-recall-shock-accent-group-all-time-lows:88e960386e503796,0.74,0.82,short,2026-05-04T08:26:51+00:00,2026-05-04T08:26:51+00:00,,fanout_0017,41,candidate_expire_duplicate_fanout,dry_run_expire
1091,VCE,risk,A2 MILK's product recall and negative market reaction,active,expired,commentary:youtube_transcript,youtube_transcript:asx-daily-rundown-atlassian-lifts-tech-a2-milk-recall-shock-accent-group-all-time-lows:88e960386e503796,0.74,0.82,short,2026-05-04T08:26:51+00:00,2026-05-04T08:26:51+00:00,,fanout_0017,41,candidate_expire_duplicate_fanout,dry_run_expire
1092,SNW,risk,A2 MILK's product recall and negative market reaction,active,expired,commentary:youtube_transcript,youtube_transcript:asx-daily-rundown-atlassian-lifts-tech-a2-milk-recall-shock-accent-group-all-time-lows:88e960386e503796,0.74,0.82,short,2026-05-04T08:26:51+00:00,2026-05-04T08:26:51+00:00,,fanout_0017,41,candidate_expire_duplicate_fanout,dry_run_expire
1093,LON,risk,A2 MILK's product recall and negative market reaction,active,expired,commentary:youtube_transcript,youtube_transcript:asx-daily-rundown-atlassian-lifts-tech-a2-milk-recall-shock-accent-group-all-time-lows:88e960386e503796,0.74,0.82,short,2026-05-04T08:26:51+00:00,2026-05-04T08:26:51+00:00,,fanout_0017,41,candidate_expire_duplicate_fanout,dry_run_expire
1094,PET,risk,A2 MILK's product recall and negative market reaction,active,expired,commentary:youtube_transcript,youtube_transcript:asx-daily-rundown-atlassian-lifts-tech-a2-milk-recall-shock-accent-group-all-time-lows:88e960386e503796,0.74,0.82,short,2026-05-04T08:26:51+00:00,2026-05-04T08:26:51+00:00,,fanout_0017,41,candidate_expire_duplicate_fanout,dry_run_expire
1095,STK,risk,A2 MILK's product recall and negative market reaction,active,expired,commentary:youtube_transcript,youtube_transcript:asx-daily-rundown-atlassian-lifts-tech-a2-milk-recall-shock-accent-group-all-time-lows:88e960386e503796,0.74,0.82,short,2026-05-04T08:26:51+00:00,2026-05-04T08:26:51+00:00,,fanout_0017,41,candidate_expire_duplicate_fanout,dry_run_expire
1096,INDE,risk,A2 MILK's product recall and negative market reaction,active,expired,commentary:youtube_transcript,youtube_transcript:asx-daily-rundown-atlassian-lifts-tech-a2-milk-recall-shock-accent-group-all-time-lows:88e960386e503796,0.74,0.82,short,2026-05-04T08:26:51+00:00,2026-05-04T08:26:51+00:00,,fanout_0017,41,candidate_expire_duplicate_fanout,dry_run_expire
1097,PETT,risk,A2 MILK's product recall and negative market reaction,active,expired,commentary:youtube_transcript,youtube_transcript:asx-daily-rundown-atlassian-lifts-tech-a2-milk-recall-shock-accent-group-all-time-lows:88e960386e503796,0.74,0.82,short,2026-05-04T08:26:51+00:00,2026-05-04T08:26:51+00:00,,fanout_0017,41,candidate_expire_duplicate_fanout,dry_run_expire
1098,C79,risk,A2 MILK's product recall and negative market reaction,active,expired,commentary:youtube_transcript,youtube_transcript:asx-daily-rundown-atlassian-lifts-tech-a2-milk-recall-shock-accent-group-all-time-lows:88e960386e503796,0.74,0.82,short,2026-05-04T08:26:51+00:00,2026-05-04T08:26:51+00:00,,fanout_0017,41,candidate_expire_duplicate_fanout,dry_run_expire
1099,ACCENT GROUP,risk,A2 MILK's product recall and negative market reaction,active,expired,commentary:youtube_transcript,youtube_transcript:asx-daily-rundown-atlassian-lifts-tech-a2-milk-recall-shock-accent-group-all-time-lows:88e960386e503796,0.74,0.82,short,2026-05-04T08:26:52+00:00,2026-05-04T08:26:52+00:00,,fanout_0017,41,candidate_expire_duplicate_fanout,dry_run_expire
1100,ASX,risk,Chrysos Corporation's unexpected negative market reaction to a positive update,active,expired,commentary:youtube_transcript,youtube_transcript:asx-daily-rundown-atlassian-lifts-tech-a2-milk-recall-shock-accent-group-all-time-lows:88e960386e503796,0.74,0.82,short,2026-05-04T08:26:52+00:00,2026-05-04T08:26:52+00:00,,fanout_0032,26,candidate_expire_duplicate_fanout,dry_run_expire
1101,TXT,risk,Chrysos Corporation's unexpected negative market reaction to a positive update,active,expired,commentary:youtube_transcript,youtube_transcript:asx-daily-rundown-atlassian-lifts-tech-a2-milk-recall-shock-accent-group-all-time-lows:88e960386e503796,0.74,0.82,short,2026-05-04T08:26:53+00:00,2026-05-04T08:26:53+00:00,,fanout_0032,26,candidate_expire_duplicate_fanout,dry_run_expire
1102,XTX,risk,Chrysos Corporation's unexpected negative market reaction to a positive update,active,expired,commentary:youtube_transcript,youtube_transcript:asx-daily-rundown-atlassian-lifts-tech-a2-milk-recall-shock-accent-group-all-time-lows:88e960386e503796,0.74,0.82,short,2026-05-04T08:26:53+00:00,2026-05-04T08:26:53+00:00,,fanout_0032,26,candidate_expire_duplicate_fanout,dry_run_expire
1103,A2M,risk,Chrysos Corporation's unexpected negative market reaction to a positive update,active,expired,commentary:youtube_transcript,youtube_transcript:asx-daily-rundown-atlassian-lifts-tech-a2-milk-recall-shock-accent-group-all-time-lows:88e960386e503796,0.74,0.82,short,2026-05-04T08:26:53+00:00,2026-05-04T08:26:53+00:00,,fanout_0032,26,candidate_expire_duplicate_fanout,dry_run_expire
1104,END,risk,Chrysos Corporation's unexpected negative market reaction to a positive update,active,expired,commentary:youtube_transcript,youtube_transcript:asx-daily-rundown-atlassian-lifts-tech-a2-milk-recall-shock-accent-group-all-time-lows:88e960386e503796,0.74,0.82,short,2026-05-04T08:26:53+00:00,2026-05-04T08:26:53+00:00,,fanout_0032,26,candidate_expire_duplicate_fanout,dry_run_expire
1105,COH,risk,Chrysos Corporation's unexpected negative market reaction to a positive update,active,expired,commentary:youtube_transcript,youtube_transcript:asx-daily-rundown-atlassian-lifts-tech-a2-milk-recall-shock-accent-group-all-time-lows:88e960386e503796,0.74,0.82,short,2026-05-04T08:26:53+00:00,2026-05-04T08:26:53+00:00,,fanout_0032,26,candidate_expire_duplicate_fanout,dry_run_expire
1106,WES,risk,Chrysos Corporation's unexpected negative market reaction to a positive update,active,expired,commentary:youtube_transcript,youtube_transcript:asx-daily-rundown-atlassian-lifts-tech-a2-milk-recall-shock-accent-group-all-time-lows:88e960386e503796,0.74,0.82,short,2026-05-04T08:26:53+00:00,2026-05-04T08:26:53+00:00,,fanout_0032,26,candidate_expire_duplicate_fanout,dry_run_expire
1107,BHP,risk,Chrysos Corporation's unexpected negative market reaction to a positive update,active,expired,commentary:youtube_transcript,youtube_transcript:asx-daily-rundown-atlassian-lifts-tech-a2-milk-recall-shock-accent-group-all-time-lows:88e960386e503796,0.74,0.82,short,2026-05-04T08:26:53+00:00,2026-05-04T08:26:53+00:00,,fanout_0032,26,candidate_expire_duplicate_fanout,dry_run_expire
1108,NAB,risk,Chrysos Corporation's unexpected negative market reaction to a positive update,active,expired,commentary:youtube_transcript,youtube_transcript:asx-daily-rundown-atlassian-lifts-tech-a2-milk-recall-shock-accent-group-all-time-lows:88e960386e503796,0.74,0.82,short,2026-05-04T08:26:53+00:00,2026-05-04T08:26:53+00:00,,fanout_0032,26,candidate_expire_duplicate_fanout,dry_run_expire
1109,WBC,risk,Chrysos Corporation's unexpected negative market reaction to a positive update,active,expired,commentary:youtube_transcript,youtube_transcript:asx-daily-rundown-atlassian-lifts-tech-a2-milk-recall-shock-accent-group-all-time-lows:88e960386e503796,0.74,0.82,short,2026-05-04T08:26:53+00:00,2026-05-04T08:26:53+00:00,,fanout_0032,26,candidate_expire_duplicate_fanout,dry_run_expire
1110,KEY,risk,Chrysos Corporation's unexpected negative market reaction to a positive update,active,expired,commentary:youtube_transcript,youtube_transcript:asx-daily-rundown-atlassian-lifts-tech-a2-milk-recall-shock-accent-group-all-time-lows:88e960386e503796,0.74,0.82,short,2026-05-04T08:26:53+00:00,2026-05-04T08:26:53+00:00,,fanout_0032,26,candidate_expire_duplicate_fanout,dry_run_expire
1112,MAR,risk,Chrysos Corporation's unexpected negative market reaction to a positive update,active,expired,commentary:youtube_transcript,youtube_transcript:asx-daily-rundown-atlassian-lifts-tech-a2-milk-recall-shock-accent-group-all-time-lows:88e960386e503796,0.74,0.82,short,2026-05-04T08:26:53+00:00,2026-05-04T08:26:53+00:00,,fanout_0032,26,candidate_expire_duplicate_fanout,dry_run_expire
1113,CLT,risk,Chrysos Corporation's unexpected negative market reaction to a positive update,active,expired,commentary:youtube_transcript,youtube_transcript:asx-daily-rundown-atlassian-lifts-tech-a2-milk-recall-shock-accent-group-all-time-lows:88e960386e503796,0.74,0.82,short,2026-05-04T08:26:54+00:00,2026-05-04T08:26:54+00:00,,fanout_0032,26,candidate_expire_duplicate_fanout,dry_run_expire
1114,WIN,risk,Chrysos Corporation's unexpected negative market reaction to a positive update,active,expired,commentary:youtube_transcript,youtube_transcript:asx-daily-rundown-atlassian-lifts-tech-a2-milk-recall-shock-accent-group-all-time-lows:88e960386e503796,0.74,0.82,short,2026-05-04T08:26:54+00:00,2026-05-04T08:26:54+00:00,,fanout_0032,26,candidate_expire_duplicate_fanout,dry_run_expire
1115,SKT,risk,Chrysos Corporation's unexpected negative market reaction to a positive update,active,expired,commentary:youtube_transcript,youtube_transcript:asx-daily-rundown-atlassian-lifts-tech-a2-milk-recall-shock-accent-group-all-time-lows:88e960386e503796,0.74,0.82,short,2026-05-04T08:26:54+00:00,2026-05-04T08:26:54+00:00,,fanout_0032,26,candidate_expire_duplicate_fanout,dry_run_expire
1116,VCE,risk,Chrysos Corporation's unexpected negative market reaction to a positive update,active,expired,commentary:youtube_transcript,youtube_transcript:asx-daily-rundown-atlassian-lifts-tech-a2-milk-recall-shock-accent-group-all-time-lows:88e960386e503796,0.74,0.82,short,2026-05-04T08:26:54+00:00,2026-05-04T08:26:54+00:00,,fanout_0032,26,candidate_expire_duplicate_fanout,dry_run_expire
1117,SNW,risk,Chrysos Corporation's unexpected negative market reaction to a positive update,active,expired,commentary:youtube_transcript,youtube_transcript:asx-daily-rundown-atlassian-lifts-tech-a2-milk-recall-shock-accent-group-all-time-lows:88e960386e503796,0.74,0.82,short,2026-05-04T08:26:54+00:00,2026-05-04T08:26:54+00:00,,fanout_0032,26,candidate_expire_duplicate_fanout,dry_run_expire
1118,LON,risk,Chrysos Corporation's unexpected negative market reaction to a positive update,active,expired,commentary:youtube_transcript,youtube_transcript:asx-daily-rundown-atlassian-lifts-tech-a2-milk-recall-shock-accent-group-all-time-lows:88e960386e503796,0.74,0.82,short,2026-05-04T08:26:55+00:00,2026-05-04T08:26:55+00:00,,fanout_0032,26,candidate_expire_duplicate_fanout,dry_run_expire
1119,PET,risk,Chrysos Corporation's unexpected negative market reaction to a positive update,active,expired,commentary:youtube_transcript,youtube_transcript:asx-daily-rundown-atlassian-lifts-tech-a2-milk-recall-shock-accent-group-all-time-lows:88e960386e503796,0.74,0.82,short,2026-05-04T08:26:55+00:00,2026-05-04T08:26:55+00:00,,fanout_0032,26,candidate_expire_duplicate_fanout,dry_run_expire
1120,STK,risk,Chrysos Corporation's unexpected negative market reaction to a positive update,active,expired,commentary:youtube_transcript,youtube_transcript:asx-daily-rundown-atlassian-lifts-tech-a2-milk-recall-shock-accent-group-all-time-lows:88e960386e503796,0.74,0.82,short,2026-05-04T08:26:55+00:00,2026-05-04T08:26:55+00:00,,fanout_0032,26,candidate_expire_duplicate_fanout,dry_run_expire
1121,INDE,risk,Chrysos Corporation's unexpected negative market reaction to a positive update,active,expired,commentary:youtube_transcript,youtube_transcript:asx-daily-rundown-atlassian-lifts-tech-a2-milk-recall-shock-accent-group-all-time-lows:88e960386e503796,0.74,0.82,short,2026-05-04T08:26:55+00:00,2026-05-04T08:26:55+00:00,,fanout_0032,26,candidate_expire_duplicate_fanout,dry_run_expire
1122,PETT,risk,Chrysos Corporation's unexpected negative market reaction to a positive update,active,expired,commentary:youtube_transcript,youtube_transcript:asx-daily-rundown-atlassian-lifts-tech-a2-milk-recall-shock-accent-group-all-time-lows:88e960386e503796,0.74,0.82,short,2026-05-04T08:26:55+00:00,2026-05-04T08:26:55+00:00,,fanout_0032,26,candidate_expire_duplicate_fanout,dry_run_expire
1124,A2 MILK,risk,Chrysos Corporation's unexpected negative market reaction to a positive update,active,expired,commentary:youtube_transcript,youtube_transcript:asx-daily-rundown-atlassian-lifts-tech-a2-milk-recall-shock-accent-group-all-time-lows:88e960386e503796,0.74,0.82,short,2026-05-04T08:26:55+00:00,2026-05-04T08:26:55+00:00,,fanout_0032,26,candidate_expire_duplicate_fanout,dry_run_expire
1125,ACCENT GROUP,risk,Chrysos Corporation's unexpected negative market reaction to a positive update,active,expired,commentary:youtube_transcript,youtube_transcript:asx-daily-rundown-atlassian-lifts-tech-a2-milk-recall-shock-accent-group-all-time-lows:88e960386e503796,0.74,0.82,short,2026-05-04T08:26:56+00:00,2026-05-04T08:26:56+00:00,,fanout_0032,26,candidate_expire_duplicate_fanout,dry_run_expire
1126,ASX,risk,Potential overreaction by the market to the recall announcement for A2 MILK,active,expired,commentary:youtube_transcript,youtube_transcript:asx-daily-rundown-atlassian-lifts-tech-a2-milk-recall-shock-accent-group-all-time-lows:88e960386e503796,0.74,0.82,short,2026-05-04T08:26:56+00:00,2026-05-04T08:26:56+00:00,,fanout_0022,34,candidate_expire_duplicate_fanout,dry_run_expire
1127,TXT,risk,Potential overreaction by the market to the recall announcement for A2 MILK,active,expired,commentary:youtube_transcript,youtube_transcript:asx-daily-rundown-atlassian-lifts-tech-a2-milk-recall-shock-accent-group-all-time-lows:88e960386e503796,0.74,0.82,short,2026-05-04T08:26:56+00:00,2026-05-04T08:26:56+00:00,,fanout_0022,34,candidate_expire_duplicate_fanout,dry_run_expire
1128,XTX,risk,Potential overreaction by the market to the recall announcement for A2 MILK,active,expired,commentary:youtube_transcript,youtube_transcript:asx-daily-rundown-atlassian-lifts-tech-a2-milk-recall-shock-accent-group-all-time-lows:88e960386e503796,0.74,0.82,short,2026-05-04T08:26:56+00:00,2026-05-04T08:26:56+00:00,,fanout_0022,34,candidate_expire_duplicate_fanout,dry_run_expire
1130,END,risk,Potential overreaction by the market to the recall announcement for A2 MILK,active,expired,commentary:youtube_transcript,youtube_transcript:asx-daily-rundown-atlassian-lifts-tech-a2-milk-recall-shock-accent-group-all-time-lows:88e960386e503796,0.74,0.82,short,2026-05-04T08:26:56+00:00,2026-05-04T08:26:56+00:00,,fanout_0022,34,candidate_expire_duplicate_fanout,dry_run_expire
1131,COH,risk,Potential overreaction by the market to the recall announcement for A2 MILK,active,expired,commentary:youtube_transcript,youtube_transcript:asx-daily-rundown-atlassian-lifts-tech-a2-milk-recall-shock-accent-group-all-time-lows:88e960386e503796,0.74,0.82,short,2026-05-04T08:26:56+00:00,2026-05-04T08:26:56+00:00,,fanout_0022,34,candidate_expire_duplicate_fanout,dry_run_expire
1132,WES,risk,Potential overreaction by the market to the recall announcement for A2 MILK,active,expired,commentary:youtube_transcript,youtube_transcript:asx-daily-rundown-atlassian-lifts-tech-a2-milk-recall-shock-accent-group-all-time-lows:88e960386e503796,0.74,0.82,short,2026-05-04T08:26:56+00:00,2026-05-04T08:26:56+00:00,,fanout_0022,34,candidate_expire_duplicate_fanout,dry_run_expire
1133,BHP,risk,Potential overreaction by the market to the recall announcement for A2 MILK,active,expired,commentary:youtube_transcript,youtube_transcript:asx-daily-rundown-atlassian-lifts-tech-a2-milk-recall-shock-accent-group-all-time-lows:88e960386e503796,0.74,0.82,short,2026-05-04T08:26:56+00:00,2026-05-04T08:26:56+00:00,,fanout_0022,34,candidate_expire_duplicate_fanout,dry_run_expire
1134,NAB,risk,Potential overreaction by the market to the recall announcement for A2 MILK,active,expired,commentary:youtube_transcript,youtube_transcript:asx-daily-rundown-atlassian-lifts-tech-a2-milk-recall-shock-accent-group-all-time-lows:88e960386e503796,0.74,0.82,short,2026-05-04T08:26:57+00:00,2026-05-04T08:26:57+00:00,,fanout_0022,34,candidate_expire_duplicate_fanout,dry_run_expire
1135,WBC,risk,Potential overreaction by the market to the recall announcement for A2 MILK,active,expired,commentary:youtube_transcript,youtube_transcript:asx-daily-rundown-atlassian-lifts-tech-a2-milk-recall-shock-accent-group-all-time-lows:88e960386e503796,0.74,0.82,short,2026-05-04T08:26:57+00:00,2026-05-04T08:26:57+00:00,,fanout_0022,34,candidate_expire_duplicate_fanout,dry_run_expire
1136,KEY,risk,Potential overreaction by the market to the recall announcement for A2 MILK,active,expired,commentary:youtube_transcript,youtube_transcript:asx-daily-rundown-atlassian-lifts-tech-a2-milk-recall-shock-accent-group-all-time-lows:88e960386e503796,0.74,0.82,short,2026-05-04T08:26:57+00:00,2026-05-04T08:26:57+00:00,,fanout_0022,34,candidate_expire_duplicate_fanout,dry_run_expire
1137,GCM,risk,Potential overreaction by the market to the recall announcement for A2 MILK,active,expired,commentary:youtube_transcript,youtube_transcript:asx-daily-rundown-atlassian-lifts-tech-a2-milk-recall-shock-accent-group-all-time-lows:88e960386e503796,0.74,0.82,short,2026-05-04T08:26:58+00:00,2026-05-04T08:26:58+00:00,,fanout_0022,34,candidate_expire_duplicate_fanout,dry_run_expire
1138,MAR,risk,Potential overreaction by the market to the recall announcement for A2 MILK,active,expired,commentary:youtube_transcript,youtube_transcript:asx-daily-rundown-atlassian-lifts-tech-a2-milk-recall-shock-accent-group-all-time-lows:88e960386e503796,0.74,0.82,short,2026-05-04T08:26:58+00:00,2026-05-04T08:26:58+00:00,,fanout_0022,34,candidate_expire_duplicate_fanout,dry_run_expire
1139,CLT,risk,Potential overreaction by the market to the recall announcement for A2 MILK,active,expired,commentary:youtube_transcript,youtube_transcript:asx-daily-rundown-atlassian-lifts-tech-a2-milk-recall-shock-accent-group-all-time-lows:88e960386e503796,0.74,0.82,short,2026-05-04T08:26:58+00:00,2026-05-04T08:26:58+00:00,,fanout_0022,34,candidate_expire_duplicate_fanout,dry_run_expire
1140,WIN,risk,Potential overreaction by the market to the recall announcement for A2 MILK,active,expired,commentary:youtube_transcript,youtube_transcript:asx-daily-rundown-atlassian-lifts-tech-a2-milk-recall-shock-accent-group-all-time-lows:88e960386e503796,0.74,0.82,short,2026-05-04T08:26:58+00:00,2026-05-04T08:26:58+00:00,,fanout_0022,34,candidate_expire_duplicate_fanout,dry_run_expire
1141,SKT,risk,Potential overreaction by the market to the recall announcement for A2 MILK,active,expired,commentary:youtube_transcript,youtube_transcript:asx-daily-rundown-atlassian-lifts-tech-a2-milk-recall-shock-accent-group-all-time-lows:88e960386e503796,0.74,0.82,short,2026-05-04T08:26:58+00:00,2026-05-04T08:26:58+00:00,,fanout_0022,34,candidate_expire_duplicate_fanout,dry_run_expire
1142,VCE,risk,Potential overreaction by the market to the recall announcement for A2 MILK,active,expired,commentary:youtube_transcript,youtube_transcript:asx-daily-rundown-atlassian-lifts-tech-a2-milk-recall-shock-accent-group-all-time-lows:88e960386e503796,0.74,0.82,short,2026-05-04T08:26:58+00:00,2026-05-04T08:26:58+00:00,,fanout_0022,34,candidate_expire_duplicate_fanout,dry_run_expire
1143,SNW,risk,Potential overreaction by the market to the recall announcement for A2 MILK,active,expired,commentary:youtube_transcript,youtube_transcript:asx-daily-rundown-atlassian-lifts-tech-a2-milk-recall-shock-accent-group-all-time-lows:88e960386e503796,0.74,0.82,short,2026-05-04T08:26:58+00:00,2026-05-04T08:26:58+00:00,,fanout_0022,34,candidate_expire_duplicate_fanout,dry_run_expire
1144,LON,risk,Potential overreaction by the market to the recall announcement for A2 MILK,active,expired,commentary:youtube_transcript,youtube_transcript:asx-daily-rundown-atlassian-lifts-tech-a2-milk-recall-shock-accent-group-all-time-lows:88e960386e503796,0.74,0.82,short,2026-05-04T08:26:58+00:00,2026-05-04T08:26:58+00:00,,fanout_0022,34,candidate_expire_duplicate_fanout,dry_run_expire
1145,PET,risk,Potential overreaction by the market to the recall announcement for A2 MILK,active,expired,commentary:youtube_transcript,youtube_transcript:asx-daily-rundown-atlassian-lifts-tech-a2-milk-recall-shock-accent-group-all-time-lows:88e960386e503796,0.74,0.82,short,2026-05-04T08:26:58+00:00,2026-05-04T08:26:58+00:00,,fanout_0022,34,candidate_expire_duplicate_fanout,dry_run_expire
1146,STK,risk,Potential overreaction by the market to the recall announcement for A2 MILK,active,expired,commentary:youtube_transcript,youtube_transcript:asx-daily-rundown-atlassian-lifts-tech-a2-milk-recall-shock-accent-group-all-time-lows:88e960386e503796,0.74,0.82,short,2026-05-04T08:26:59+00:00,2026-05-04T08:26:59+00:00,,fanout_0022,34,candidate_expire_duplicate_fanout,dry_run_expire
1147,INDE,risk,Potential overreaction by the market to the recall announcement for A2 MILK,active,expired,commentary:youtube_transcript,youtube_transcript:asx-daily-rundown-atlassian-lifts-tech-a2-milk-recall-shock-accent-group-all-time-lows:88e960386e503796,0.74,0.82,short,2026-05-04T08:26:59+00:00,2026-05-04T08:26:59+00:00,,fanout_0022,34,candidate_expire_duplicate_fanout,dry_run_expire
1148,PETT,risk,Potential overreaction by the market to the recall announcement for A2 MILK,active,expired,commentary:youtube_transcript,youtube_transcript:asx-daily-rundown-atlassian-lifts-tech-a2-milk-recall-shock-accent-group-all-time-lows:88e960386e503796,0.74,0.82,short,2026-05-04T08:27:00+00:00,2026-05-04T08:27:00+00:00,,fanout_0022,34,candidate_expire_duplicate_fanout,dry_run_expire
1149,C79,risk,Potential overreaction by the market to the recall announcement for A2 MILK,active,expired,commentary:youtube_transcript,youtube_transcript:asx-daily-rundown-atlassian-lifts-tech-a2-milk-recall-shock-accent-group-all-time-lows:88e960386e503796,0.74,0.82,short,2026-05-04T08:27:00+00:00,2026-05-04T08:27:00+00:00,,fanout_0022,34,candidate_expire_duplicate_fanout,dry_run_expire
1151,ACCENT GROUP,risk,Potential overreaction by the market to the recall announcement for A2 MILK,active,expired,commentary:youtube_transcript,youtube_transcript:asx-daily-rundown-atlassian-lifts-tech-a2-milk-recall-shock-accent-group-all-time-lows:88e960386e503796,0.74,0.82,short,2026-05-04T08:27:00+00:00,2026-05-04T08:27:00+00:00,,fanout_0022,34,candidate_expire_duplicate_fanout,dry_run_expire
1152,ASX,risk,"ACCENT GROUP's share price approaching 50 cents, which is an all-time low for the company",active,expired,commentary:youtube_transcript,youtube_transcript:asx-daily-rundown-atlassian-lifts-tech-a2-milk-recall-shock-accent-group-all-time-lows:88e960386e503796,0.79,0.91,short,2026-05-04T08:27:00+00:00,2026-05-04T08:27:00+00:00,,fanout_0019,34,candidate_expire_duplicate_fanout,dry_run_expire
1153,TXT,risk,"ACCENT GROUP's share price approaching 50 cents, which is an all-time low for the company",active,expired,commentary:youtube_transcript,youtube_transcript:asx-daily-rundown-atlassian-lifts-tech-a2-milk-recall-shock-accent-group-all-time-lows:88e960386e503796,0.79,0.91,short,2026-05-04T08:27:00+00:00,2026-05-04T08:27:00+00:00,,fanout_0019,34,candidate_expire_duplicate_fanout,dry_run_expire
1154,XTX,risk,"ACCENT GROUP's share price approaching 50 cents, which is an all-time low for the company",active,expired,commentary:youtube_transcript,youtube_transcript:asx-daily-rundown-atlassian-lifts-tech-a2-milk-recall-shock-accent-group-all-time-lows:88e960386e503796,0.79,0.91,short,2026-05-04T08:27:00+00:00,2026-05-04T08:27:00+00:00,,fanout_0019,34,candidate_expire_duplicate_fanout,dry_run_expire
1155,A2M,risk,"ACCENT GROUP's share price approaching 50 cents, which is an all-time low for the company",active,expired,commentary:youtube_transcript,youtube_transcript:asx-daily-rundown-atlassian-lifts-tech-a2-milk-recall-shock-accent-group-all-time-lows:88e960386e503796,0.79,0.91,short,2026-05-04T08:27:00+00:00,2026-05-04T08:27:00+00:00,,fanout_0019,34,candidate_expire_duplicate_fanout,dry_run_expire
1156,END,risk,"ACCENT GROUP's share price approaching 50 cents, which is an all-time low for the company",active,expired,commentary:youtube_transcript,youtube_transcript:asx-daily-rundown-atlassian-lifts-tech-a2-milk-recall-shock-accent-group-all-time-lows:88e960386e503796,0.79,0.91,short,2026-05-04T08:27:00+00:00,2026-05-04T08:27:00+00:00,,fanout_0019,34,candidate_expire_duplicate_fanout,dry_run_expire
1157,COH,risk,"ACCENT GROUP's share price approaching 50 cents, which is an all-time low for the company",active,expired,commentary:youtube_transcript,youtube_transcript:asx-daily-rundown-atlassian-lifts-tech-a2-milk-recall-shock-accent-group-all-time-lows:88e960386e503796,0.79,0.91,short,2026-05-04T08:27:00+00:00,2026-05-04T08:27:00+00:00,,fanout_0019,34,candidate_expire_duplicate_fanout,dry_run_expire
1158,WES,risk,"ACCENT GROUP's share price approaching 50 cents, which is an all-time low for the company",active,expired,commentary:youtube_transcript,youtube_transcript:asx-daily-rundown-atlassian-lifts-tech-a2-milk-recall-shock-accent-group-all-time-lows:88e960386e503796,0.79,0.91,short,2026-05-04T08:27:01+00:00,2026-05-04T08:27:01+00:00,,fanout_0019,34,candidate_expire_duplicate_fanout,dry_run_expire
1159,BHP,risk,"ACCENT GROUP's share price approaching 50 cents, which is an all-time low for the company",active,expired,commentary:youtube_transcript,youtube_transcript:asx-daily-rundown-atlassian-lifts-tech-a2-milk-recall-shock-accent-group-all-time-lows:88e960386e503796,0.79,0.91,short,2026-05-04T08:27:02+00:00,2026-05-04T08:27:02+00:00,,fanout_0019,34,candidate_expire_duplicate_fanout,dry_run_expire
1160,NAB,risk,"ACCENT GROUP's share price approaching 50 cents, which is an all-time low for the company",active,expired,commentary:youtube_transcript,youtube_transcript:asx-daily-rundown-atlassian-lifts-tech-a2-milk-recall-shock-accent-group-all-time-lows:88e960386e503796,0.79,0.91,short,2026-05-04T08:27:02+00:00,2026-05-04T08:27:02+00:00,,fanout_0019,34,candidate_expire_duplicate_fanout,dry_run_expire
1161,WBC,risk,"ACCENT GROUP's share price approaching 50 cents, which is an all-time low for the company",active,expired,commentary:youtube_transcript,youtube_transcript:asx-daily-rundown-atlassian-lifts-tech-a2-milk-recall-shock-accent-group-all-time-lows:88e960386e503796,0.79,0.91,short,2026-05-04T08:27:02+00:00,2026-05-04T08:27:02+00:00,,fanout_0019,34,candidate_expire_duplicate_fanout,dry_run_expire
1162,KEY,risk,"ACCENT GROUP's share price approaching 50 cents, which is an all-time low for the company",active,expired,commentary:youtube_transcript,youtube_transcript:asx-daily-rundown-atlassian-lifts-tech-a2-milk-recall-shock-accent-group-all-time-lows:88e960386e503796,0.79,0.91,short,2026-05-04T08:27:02+00:00,2026-05-04T08:27:02+00:00,,fanout_0019,34,candidate_expire_duplicate_fanout,dry_run_expire
1163,GCM,risk,"ACCENT GROUP's share price approaching 50 cents, which is an all-time low for the company",active,expired,commentary:youtube_transcript,youtube_transcript:asx-daily-rundown-atlassian-lifts-tech-a2-milk-recall-shock-accent-group-all-time-lows:88e960386e503796,0.79,0.91,short,2026-05-04T08:27:02+00:00,2026-05-04T08:27:02+00:00,,fanout_0019,34,candidate_expire_duplicate_fanout,dry_run_expire
1164,MAR,risk,"ACCENT GROUP's share price approaching 50 cents, which is an all-time low for the company",active,expired,commentary:youtube_transcript,youtube_transcript:asx-daily-rundown-atlassian-lifts-tech-a2-milk-recall-shock-accent-group-all-time-lows:88e960386e503796,0.79,0.91,short,2026-05-04T08:27:03+00:00,2026-05-04T08:27:03+00:00,,fanout_0019,34,candidate_expire_duplicate_fanout,dry_run_expire
1165,CLT,risk,"ACCENT GROUP's share price approaching 50 cents, which is an all-time low for the company",active,expired,commentary:youtube_transcript,youtube_transcript:asx-daily-rundown-atlassian-lifts-tech-a2-milk-recall-shock-accent-group-all-time-lows:88e960386e503796,0.79,0.91,short,2026-05-04T08:27:03+00:00,2026-05-04T08:27:03+00:00,,fanout_0019,34,candidate_expire_duplicate_fanout,dry_run_expire
1166,WIN,risk,"ACCENT GROUP's share price approaching 50 cents, which is an all-time low for the company",active,expired,commentary:youtube_transcript,youtube_transcript:asx-daily-rundown-atlassian-lifts-tech-a2-milk-recall-shock-accent-group-all-time-lows:88e960386e503796,0.79,0.91,short,2026-05-04T08:27:04+00:00,2026-05-04T08:27:04+00:00,,fanout_0019,34,candidate_expire_duplicate_fanout,dry_run_expire
1167,SKT,risk,"ACCENT GROUP's share price approaching 50 cents, which is an all-time low for the company",active,expired,commentary:youtube_transcript,youtube_transcript:asx-daily-rundown-atlassian-lifts-tech-a2-milk-recall-shock-accent-group-all-time-lows:88e960386e503796,0.79,0.91,short,2026-05-04T08:27:04+00:00,2026-05-04T08:27:04+00:00,,fanout_0019,34,candidate_expire_duplicate_fanout,dry_run_expire
1168,VCE,risk,"ACCENT GROUP's share price approaching 50 cents, which is an all-time low for the company",active,expired,commentary:youtube_transcript,youtube_transcript:asx-daily-rundown-atlassian-lifts-tech-a2-milk-recall-shock-accent-group-all-time-lows:88e960386e503796,0.79,0.91,short,2026-05-04T08:27:04+00:00,2026-05-04T08:27:04+00:00,,fanout_0019,34,candidate_expire_duplicate_fanout,dry_run_expire
1169,SNW,risk,"ACCENT GROUP's share price approaching 50 cents, which is an all-time low for the company",active,expired,commentary:youtube_transcript,youtube_transcript:asx-daily-rundown-atlassian-lifts-tech-a2-milk-recall-shock-accent-group-all-time-lows:88e960386e503796,0.79,0.91,short,2026-05-04T08:27:04+00:00,2026-05-04T08:27:04+00:00,,fanout_0019,34,candidate_expire_duplicate_fanout,dry_run_expire
1170,LON,risk,"ACCENT GROUP's share price approaching 50 cents, which is an all-time low for the company",active,expired,commentary:youtube_transcript,youtube_transcript:asx-daily-rundown-atlassian-lifts-tech-a2-milk-recall-shock-accent-group-all-time-lows:88e960386e503796,0.79,0.91,short,2026-05-04T08:27:04+00:00,2026-05-04T08:27:04+00:00,,fanout_0019,34,candidate_expire_duplicate_fanout,dry_run_expire
1171,PET,risk,"ACCENT GROUP's share price approaching 50 cents, which is an all-time low for the company",active,expired,commentary:youtube_transcript,youtube_transcript:asx-daily-rundown-atlassian-lifts-tech-a2-milk-recall-shock-accent-group-all-time-lows:88e960386e503796,0.79,0.91,short,2026-05-04T08:27:04+00:00,2026-05-04T08:27:04+00:00,,fanout_0019,34,candidate_expire_duplicate_fanout,dry_run_expire
1172,STK,risk,"ACCENT GROUP's share price approaching 50 cents, which is an all-time low for the company",active,expired,commentary:youtube_transcript,youtube_transcript:asx-daily-rundown-atlassian-lifts-tech-a2-milk-recall-shock-accent-group-all-time-lows:88e960386e503796,0.79,0.91,short,2026-05-04T08:27:05+00:00,2026-05-04T08:27:05+00:00,,fanout_0019,34,candidate_expire_duplicate_fanout,dry_run_expire
1173,INDE,risk,"ACCENT GROUP's share price approaching 50 cents, which is an all-time low for the company",active,expired,commentary:youtube_transcript,youtube_transcript:asx-daily-rundown-atlassian-lifts-tech-a2-milk-recall-shock-accent-group-all-time-lows:88e960386e503796,0.79,0.91,short,2026-05-04T08:27:05+00:00,2026-05-04T08:27:05+00:00,,fanout_0019,34,candidate_expire_duplicate_fanout,dry_run_expire
1174,PETT,risk,"ACCENT GROUP's share price approaching 50 cents, which is an all-time low for the company",active,expired,commentary:youtube_transcript,youtube_transcript:asx-daily-rundown-atlassian-lifts-tech-a2-milk-recall-shock-accent-group-all-time-lows:88e960386e503796,0.79,0.91,short,2026-05-04T08:27:05+00:00,2026-05-04T08:27:05+00:00,,fanout_0019,34,candidate_expire_duplicate_fanout,dry_run_expire
1175,C79,risk,"ACCENT GROUP's share price approaching 50 cents, which is an all-time low for the company",active,expired,commentary:youtube_transcript,youtube_transcript:asx-daily-rundown-atlassian-lifts-tech-a2-milk-recall-shock-accent-group-all-time-lows:88e960386e503796,0.79,0.91,short,2026-05-04T08:27:05+00:00,2026-05-04T08:27:05+00:00,,fanout_0019,34,candidate_expire_duplicate_fanout,dry_run_expire
1176,A2 MILK,risk,"ACCENT GROUP's share price approaching 50 cents, which is an all-time low for the company",active,expired,commentary:youtube_transcript,youtube_transcript:asx-daily-rundown-atlassian-lifts-tech-a2-milk-recall-shock-accent-group-all-time-lows:88e960386e503796,0.79,0.91,short,2026-05-04T08:27:06+00:00,2026-05-04T08:27:06+00:00,,fanout_0019,34,candidate_expire_duplicate_fanout,dry_run_expire
1264,COH,observed_fact,AROVELLA undergoes major board changes and strategic review,active,expired,news:newspaper4k,news:art_e4faef3c4644fe5bb3b66e32,0.83,0.7,medium,2026-05-04T16:12:05+00:00,2026-05-04T16:12:05+00:00,,fanout_0045,8,candidate_expire_duplicate_fanout,dry_run_expire
1265,EZZ,observed_fact,AROVELLA undergoes major board changes and strategic review,active,expired,news:newspaper4k,news:art_e4faef3c4644fe5bb3b66e32,0.83,0.7,medium,2026-05-04T16:12:05+00:00,2026-05-04T16:12:05+00:00,,fanout_0045,8,candidate_expire_duplicate_fanout,dry_run_expire
1267,4DMEDICAL,observed_fact,AROVELLA undergoes major board changes and strategic review,active,expired,news:newspaper4k,news:art_e4faef3c4644fe5bb3b66e32,0.83,0.7,medium,2026-05-04T16:12:05+00:00,2026-05-04T16:12:05+00:00,,fanout_0045,8,candidate_expire_duplicate_fanout,dry_run_expire
1268,LTR PHARMA,observed_fact,AROVELLA undergoes major board changes and strategic review,active,expired,news:newspaper4k,news:art_e4faef3c4644fe5bb3b66e32,0.83,0.7,medium,2026-05-04T16:12:05+00:00,2026-05-04T16:12:05+00:00,,fanout_0045,8,candidate_expire_duplicate_fanout,dry_run_expire
1269,CSL,observed_fact,AROVELLA undergoes major board changes and strategic review,active,expired,news:newspaper4k,news:art_e4faef3c4644fe5bb3b66e32,0.83,0.7,medium,2026-05-04T16:12:05+00:00,2026-05-04T16:12:05+00:00,,fanout_0045,8,candidate_expire_duplicate_fanout,dry_run_expire
1270,RESMED,observed_fact,AROVELLA undergoes major board changes and strategic review,active,expired,news:newspaper4k,news:art_e4faef3c4644fe5bb3b66e32,0.83,0.7,medium,2026-05-04T16:12:06+00:00,2026-05-04T16:12:06+00:00,,fanout_0045,8,candidate_expire_duplicate_fanout,dry_run_expire
1271,PARADIGM BIOPHARMACEUTICALS,observed_fact,AROVELLA undergoes major board changes and strategic review,active,expired,news:newspaper4k,news:art_e4faef3c4644fe5bb3b66e32,0.83,0.7,medium,2026-05-04T16:12:06+00:00,2026-05-04T16:12:06+00:00,,fanout_0045,8,candidate_expire_duplicate_fanout,dry_run_expire
1272,COH,observed_fact,EZZ enters the wellness market with its MeTime range,active,expired,news:newspaper4k,news:art_e4faef3c4644fe5bb3b66e32,0.83,0.7,medium,2026-05-04T16:12:06+00:00,2026-05-04T16:12:06+00:00,,fanout_0049,8,candidate_expire_duplicate_fanout,dry_run_expire
1274,AROVELLA,observed_fact,EZZ enters the wellness market with its MeTime range,active,expired,news:newspaper4k,news:art_e4faef3c4644fe5bb3b66e32,0.83,0.7,medium,2026-05-04T16:12:06+00:00,2026-05-04T16:12:06+00:00,,fanout_0049,8,candidate_expire_duplicate_fanout,dry_run_expire
1275,4DMEDICAL,observed_fact,EZZ enters the wellness market with its MeTime range,active,expired,news:newspaper4k,news:art_e4faef3c4644fe5bb3b66e32,0.83,0.7,medium,2026-05-04T16:12:06+00:00,2026-05-04T16:12:06+00:00,,fanout_0049,8,candidate_expire_duplicate_fanout,dry_run_expire
1276,LTR PHARMA,observed_fact,EZZ enters the wellness market with its MeTime range,active,expired,news:newspaper4k,news:art_e4faef3c4644fe5bb3b66e32,0.83,0.7,medium,2026-05-04T16:12:07+00:00,2026-05-04T16:12:07+00:00,,fanout_0049,8,candidate_expire_duplicate_fanout,dry_run_expire
1277,CSL,observed_fact,EZZ enters the wellness market with its MeTime range,active,expired,news:newspaper4k,news:art_e4faef3c4644fe5bb3b66e32,0.83,0.7,medium,2026-05-04T16:12:07+00:00,2026-05-04T16:12:07+00:00,,fanout_0049,8,candidate_expire_duplicate_fanout,dry_run_expire
1278,RESMED,observed_fact,EZZ enters the wellness market with its MeTime range,active,expired,news:newspaper4k,news:art_e4faef3c4644fe5bb3b66e32,0.83,0.7,medium,2026-05-04T16:12:07+00:00,2026-05-04T16:12:07+00:00,,fanout_0049,8,candidate_expire_duplicate_fanout,dry_run_expire
1279,PARADIGM BIOPHARMACEUTICALS,observed_fact,EZZ enters the wellness market with its MeTime range,active,expired,news:newspaper4k,news:art_e4faef3c4644fe5bb3b66e32,0.83,0.7,medium,2026-05-04T16:12:07+00:00,2026-05-04T16:12:07+00:00,,fanout_0049,8,candidate_expire_duplicate_fanout,dry_run_expire
1280,COH,operating_context,4DMEDICAL collaborates with GSK on respiratory research,active,expired,news:newspaper4k,news:art_e4faef3c4644fe5bb3b66e32,0.78,0.7,short,2026-05-04T16:12:07+00:00,2026-05-04T16:12:07+00:00,,fanout_0044,8,candidate_expire_duplicate_fanout,dry_run_expire
1281,EZZ,operating_context,4DMEDICAL collaborates with GSK on respiratory research,active,expired,news:newspaper4k,news:art_e4faef3c4644fe5bb3b66e32,0.78,0.7,short,2026-05-04T16:12:08+00:00,2026-05-04T16:12:08+00:00,,fanout_0044,8,candidate_expire_duplicate_fanout,dry_run_expire
1282,AROVELLA,operating_context,4DMEDICAL collaborates with GSK on respiratory research,active,expired,news:newspaper4k,news:art_e4faef3c4644fe5bb3b66e32,0.78,0.7,short,2026-05-04T16:12:08+00:00,2026-05-04T16:12:08+00:00,,fanout_0044,8,candidate_expire_duplicate_fanout,dry_run_expire
1284,LTR PHARMA,operating_context,4DMEDICAL collaborates with GSK on respiratory research,active,expired,news:newspaper4k,news:art_e4faef3c4644fe5bb3b66e32,0.78,0.7,short,2026-05-04T16:12:08+00:00,2026-05-04T16:12:08+00:00,,fanout_0044,8,candidate_expire_duplicate_fanout,dry_run_expire
1285,CSL,operating_context,4DMEDICAL collaborates with GSK on respiratory research,active,expired,news:newspaper4k,news:art_e4faef3c4644fe5bb3b66e32,0.78,0.7,short,2026-05-04T16:12:09+00:00,2026-05-04T16:12:09+00:00,,fanout_0044,8,candidate_expire_duplicate_fanout,dry_run_expire
1286,RESMED,operating_context,4DMEDICAL collaborates with GSK on respiratory research,active,expired,news:newspaper4k,news:art_e4faef3c4644fe5bb3b66e32,0.78,0.7,short,2026-05-04T16:12:09+00:00,2026-05-04T16:12:09+00:00,,fanout_0044,8,candidate_expire_duplicate_fanout,dry_run_expire
1287,PARADIGM BIOPHARMACEUTICALS,operating_context,4DMEDICAL collaborates with GSK on respiratory research,active,expired,news:newspaper4k,news:art_e4faef3c4644fe5bb3b66e32,0.78,0.7,short,2026-05-04T16:12:09+00:00,2026-05-04T16:12:09+00:00,,fanout_0044,8,candidate_expire_duplicate_fanout,dry_run_expire
1288,COH,strategic_initiative,LTR PHARMA advances with clinical progress and US expansion,active,expired,news:newspaper4k,news:art_e4faef3c4644fe5bb3b66e32,0.81,0.8,long,2026-05-04T16:12:09+00:00,2026-05-04T16:12:09+00:00,,fanout_0050,8,candidate_expire_duplicate_fanout,dry_run_expire
1289,EZZ,strategic_initiative,LTR PHARMA advances with clinical progress and US expansion,active,expired,news:newspaper4k,news:art_e4faef3c4644fe5bb3b66e32,0.81,0.8,long,2026-05-04T16:12:10+00:00,2026-05-04T16:12:10+00:00,,fanout_0050,8,candidate_expire_duplicate_fanout,dry_run_expire
1290,AROVELLA,strategic_initiative,LTR PHARMA advances with clinical progress and US expansion,active,expired,news:newspaper4k,news:art_e4faef3c4644fe5bb3b66e32,0.81,0.8,long,2026-05-04T16:12:10+00:00,2026-05-04T16:12:10+00:00,,fanout_0050,8,candidate_expire_duplicate_fanout,dry_run_expire
1291,4DMEDICAL,strategic_initiative,LTR PHARMA advances with clinical progress and US expansion,active,expired,news:newspaper4k,news:art_e4faef3c4644fe5bb3b66e32,0.81,0.8,long,2026-05-04T16:12:10+00:00,2026-05-04T16:12:10+00:00,,fanout_0050,8,candidate_expire_duplicate_fanout,dry_run_expire
1293,CSL,strategic_initiative,LTR PHARMA advances with clinical progress and US expansion,active,expired,news:newspaper4k,news:art_e4faef3c4644fe5bb3b66e32,0.81,0.8,long,2026-05-04T16:12:11+00:00,2026-05-04T16:12:11+00:00,,fanout_0050,8,candidate_expire_duplicate_fanout,dry_run_expire
1294,RESMED,strategic_initiative,LTR PHARMA advances with clinical progress and US expansion,active,expired,news:newspaper4k,news:art_e4faef3c4644fe5bb3b66e32,0.81,0.8,long,2026-05-04T16:12:11+00:00,2026-05-04T16:12:11+00:00,,fanout_0050,8,candidate_expire_duplicate_fanout,dry_run_expire
1295,PARADIGM BIOPHARMACEUTICALS,strategic_initiative,LTR PHARMA advances with clinical progress and US expansion,active,expired,news:newspaper4k,news:art_e4faef3c4644fe5bb3b66e32,0.81,0.8,long,2026-05-04T16:12:11+00:00,2026-05-04T16:12:11+00:00,,fanout_0050,8,candidate_expire_duplicate_fanout,dry_run_expire
1296,COH,observed_fact,CSL faces renewed scrutiny over valuation gaps and growth expectations,active,expired,news:newspaper4k,news:art_e4faef3c4644fe5bb3b66e32,0.85,0.74,medium,2026-05-04T16:12:11+00:00,2026-05-04T16:12:11+00:00,,fanout_0047,8,candidate_expire_duplicate_fanout,dry_run_expire
1297,EZZ,observed_fact,CSL faces renewed scrutiny over valuation gaps and growth expectations,active,expired,news:newspaper4k,news:art_e4faef3c4644fe5bb3b66e32,0.85,0.74,medium,2026-05-04T16:12:11+00:00,2026-05-04T16:12:11+00:00,,fanout_0047,8,candidate_expire_duplicate_fanout,dry_run_expire
1298,AROVELLA,observed_fact,CSL faces renewed scrutiny over valuation gaps and growth expectations,active,expired,news:newspaper4k,news:art_e4faef3c4644fe5bb3b66e32,0.85,0.74,medium,2026-05-04T16:12:11+00:00,2026-05-04T16:12:11+00:00,,fanout_0047,8,candidate_expire_duplicate_fanout,dry_run_expire
1299,4DMEDICAL,observed_fact,CSL faces renewed scrutiny over valuation gaps and growth expectations,active,expired,news:newspaper4k,news:art_e4faef3c4644fe5bb3b66e32,0.85,0.74,medium,2026-05-04T16:12:11+00:00,2026-05-04T16:12:11+00:00,,fanout_0047,8,candidate_expire_duplicate_fanout,dry_run_expire
1300,LTR PHARMA,observed_fact,CSL faces renewed scrutiny over valuation gaps and growth expectations,active,expired,news:newspaper4k,news:art_e4faef3c4644fe5bb3b66e32,0.85,0.74,medium,2026-05-04T16:12:11+00:00,2026-05-04T16:12:11+00:00,,fanout_0047,8,candidate_expire_duplicate_fanout,dry_run_expire
1302,RESMED,observed_fact,CSL faces renewed scrutiny over valuation gaps and growth expectations,active,expired,news:newspaper4k,news:art_e4faef3c4644fe5bb3b66e32,0.85,0.74,medium,2026-05-04T16:12:12+00:00,2026-05-04T16:12:12+00:00,,fanout_0047,8,candidate_expire_duplicate_fanout,dry_run_expire
1303,PARADIGM BIOPHARMACEUTICALS,observed_fact,CSL faces renewed scrutiny over valuation gaps and growth expectations,active,expired,news:newspaper4k,news:art_e4faef3c4644fe5bb3b66e32,0.85,0.74,medium,2026-05-04T16:12:12+00:00,2026-05-04T16:12:12+00:00,,fanout_0047,8,candidate_expire_duplicate_fanout,dry_run_expire
1304,COH,observed_fact,RESMED delivers strong quarterly growth,active,expired,news:newspaper4k,news:art_e4faef3c4644fe5bb3b66e32,0.77,0.66,medium,2026-05-04T16:12:12+00:00,2026-05-04T16:12:12+00:00,,fanout_0052,8,candidate_expire_duplicate_fanout,dry_run_expire
1305,EZZ,observed_fact,RESMED delivers strong quarterly growth,active,expired,news:newspaper4k,news:art_e4faef3c4644fe5bb3b66e32,0.77,0.66,medium,2026-05-04T16:12:12+00:00,2026-05-04T16:12:12+00:00,,fanout_0052,8,candidate_expire_duplicate_fanout,dry_run_expire
1306,AROVELLA,observed_fact,RESMED delivers strong quarterly growth,active,expired,news:newspaper4k,news:art_e4faef3c4644fe5bb3b66e32,0.77,0.66,medium,2026-05-04T16:12:12+00:00,2026-05-04T16:12:12+00:00,,fanout_0052,8,candidate_expire_duplicate_fanout,dry_run_expire
1307,4DMEDICAL,observed_fact,RESMED delivers strong quarterly growth,active,expired,news:newspaper4k,news:art_e4faef3c4644fe5bb3b66e32,0.77,0.66,medium,2026-05-04T16:12:12+00:00,2026-05-04T16:12:12+00:00,,fanout_0052,8,candidate_expire_duplicate_fanout,dry_run_expire
1308,LTR PHARMA,observed_fact,RESMED delivers strong quarterly growth,active,expired,news:newspaper4k,news:art_e4faef3c4644fe5bb3b66e32,0.77,0.66,medium,2026-05-04T16:12:12+00:00,2026-05-04T16:12:12+00:00,,fanout_0052,8,candidate_expire_duplicate_fanout,dry_run_expire
1309,CSL,observed_fact,RESMED delivers strong quarterly growth,active,expired,news:newspaper4k,news:art_e4faef3c4644fe5bb3b66e32,0.77,0.66,medium,2026-05-04T16:12:13+00:00,2026-05-04T16:12:13+00:00,,fanout_0052,8,candidate_expire_duplicate_fanout,dry_run_expire
1311,PARADIGM BIOPHARMACEUTICALS,observed_fact,RESMED delivers strong quarterly growth,active,expired,news:newspaper4k,news:art_e4faef3c4644fe5bb3b66e32,0.77,0.66,medium,2026-05-04T16:12:13+00:00,2026-05-04T16:12:13+00:00,,fanout_0052,8,candidate_expire_duplicate_fanout,dry_run_expire
1312,COH,observed_fact,PARADIGM BIOPHARMACEUTICALS expands share base for growth,active,expired,news:newspaper4k,news:art_e4faef3c4644fe5bb3b66e32,0.85,0.74,medium,2026-05-04T16:12:13+00:00,2026-05-04T16:12:13+00:00,,fanout_0051,8,candidate_expire_duplicate_fanout,dry_run_expire
1313,EZZ,observed_fact,PARADIGM BIOPHARMACEUTICALS expands share base for growth,active,expired,news:newspaper4k,news:art_e4faef3c4644fe5bb3b66e32,0.85,0.74,medium,2026-05-04T16:12:13+00:00,2026-05-04T16:12:13+00:00,,fanout_0051,8,candidate_expire_duplicate_fanout,dry_run_expire
1314,AROVELLA,observed_fact,PARADIGM BIOPHARMACEUTICALS expands share base for growth,active,expired,news:newspaper4k,news:art_e4faef3c4644fe5bb3b66e32,0.85,0.74,medium,2026-05-04T16:12:14+00:00,2026-05-04T16:12:14+00:00,,fanout_0051,8,candidate_expire_duplicate_fanout,dry_run_expire
1315,4DMEDICAL,observed_fact,PARADIGM BIOPHARMACEUTICALS expands share base for growth,active,expired,news:newspaper4k,news:art_e4faef3c4644fe5bb3b66e32,0.85,0.74,medium,2026-05-04T16:12:14+00:00,2026-05-04T16:12:14+00:00,,fanout_0051,8,candidate_expire_duplicate_fanout,dry_run_expire
1316,LTR PHARMA,observed_fact,PARADIGM BIOPHARMACEUTICALS expands share base for growth,active,expired,news:newspaper4k,news:art_e4faef3c4644fe5bb3b66e32,0.85,0.74,medium,2026-05-04T16:12:14+00:00,2026-05-04T16:12:14+00:00,,fanout_0051,8,candidate_expire_duplicate_fanout,dry_run_expire
1317,CSL,observed_fact,PARADIGM BIOPHARMACEUTICALS expands share base for growth,active,expired,news:newspaper4k,news:art_e4faef3c4644fe5bb3b66e32,0.85,0.74,medium,2026-05-04T16:12:14+00:00,2026-05-04T16:12:14+00:00,,fanout_0051,8,candidate_expire_duplicate_fanout,dry_run_expire
1318,RESMED,observed_fact,PARADIGM BIOPHARMACEUTICALS expands share base for growth,active,expired,news:newspaper4k,news:art_e4faef3c4644fe5bb3b66e32,0.85,0.74,medium,2026-05-04T16:12:14+00:00,2026-05-04T16:12:14+00:00,,fanout_0051,8,candidate_expire_duplicate_fanout,dry_run_expire
1328,COH,risk,AROVELLA's major board changes and strategic review,active,expired,news:newspaper4k,news:art_e4faef3c4644fe5bb3b66e32,0.8,0.82,medium,2026-05-04T16:12:16+00:00,2026-05-04T16:12:16+00:00,,fanout_0046,8,candidate_expire_duplicate_fanout,dry_run_expire
1329,EZZ,risk,AROVELLA's major board changes and strategic review,active,expired,news:newspaper4k,news:art_e4faef3c4644fe5bb3b66e32,0.8,0.82,medium,2026-05-04T16:12:16+00:00,2026-05-04T16:12:16+00:00,,fanout_0046,8,candidate_expire_duplicate_fanout,dry_run_expire
1331,4DMEDICAL,risk,AROVELLA's major board changes and strategic review,active,expired,news:newspaper4k,news:art_e4faef3c4644fe5bb3b66e32,0.8,0.82,medium,2026-05-04T16:12:16+00:00,2026-05-04T16:12:16+00:00,,fanout_0046,8,candidate_expire_duplicate_fanout,dry_run_expire
1332,LTR PHARMA,risk,AROVELLA's major board changes and strategic review,active,expired,news:newspaper4k,news:art_e4faef3c4644fe5bb3b66e32,0.8,0.82,medium,2026-05-04T16:12:16+00:00,2026-05-04T16:12:16+00:00,,fanout_0046,8,candidate_expire_duplicate_fanout,dry_run_expire
1333,CSL,risk,AROVELLA's major board changes and strategic review,active,expired,news:newspaper4k,news:art_e4faef3c4644fe5bb3b66e32,0.8,0.82,medium,2026-05-04T16:12:16+00:00,2026-05-04T16:12:16+00:00,,fanout_0046,8,candidate_expire_duplicate_fanout,dry_run_expire
1334,RESMED,risk,AROVELLA's major board changes and strategic review,active,expired,news:newspaper4k,news:art_e4faef3c4644fe5bb3b66e32,0.8,0.82,medium,2026-05-04T16:12:16+00:00,2026-05-04T16:12:16+00:00,,fanout_0046,8,candidate_expire_duplicate_fanout,dry_run_expire
1335,PARADIGM BIOPHARMACEUTICALS,risk,AROVELLA's major board changes and strategic review,active,expired,news:newspaper4k,news:art_e4faef3c4644fe5bb3b66e32,0.8,0.82,medium,2026-05-04T16:12:16+00:00,2026-05-04T16:12:16+00:00,,fanout_0046,8,candidate_expire_duplicate_fanout,dry_run_expire
1336,COH,risk,CSL's renewed scrutiny over valuation gaps and growth expectations,active,expired,news:newspaper4k,news:art_e4faef3c4644fe5bb3b66e32,0.82,0.86,medium,2026-05-04T16:12:17+00:00,2026-05-04T16:12:17+00:00,,fanout_0048,8,candidate_expire_duplicate_fanout,dry_run_expire
1337,EZZ,risk,CSL's renewed scrutiny over valuation gaps and growth expectations,active,expired,news:newspaper4k,news:art_e4faef3c4644fe5bb3b66e32,0.82,0.86,medium,2026-05-04T16:12:18+00:00,2026-05-04T16:12:18+00:00,,fanout_0048,8,candidate_expire_duplicate_fanout,dry_run_expire
1338,AROVELLA,risk,CSL's renewed scrutiny over valuation gaps and growth expectations,active,expired,news:newspaper4k,news:art_e4faef3c4644fe5bb3b66e32,0.82,0.86,medium,2026-05-04T16:12:18+00:00,2026-05-04T16:12:18+00:00,,fanout_0048,8,candidate_expire_duplicate_fanout,dry_run_expire
1339,4DMEDICAL,risk,CSL's renewed scrutiny over valuation gaps and growth expectations,active,expired,news:newspaper4k,news:art_e4faef3c4644fe5bb3b66e32,0.82,0.86,medium,2026-05-04T16:12:18+00:00,2026-05-04T16:12:18+00:00,,fanout_0048,8,candidate_expire_duplicate_fanout,dry_run_expire
1340,LTR PHARMA,risk,CSL's renewed scrutiny over valuation gaps and growth expectations,active,expired,news:newspaper4k,news:art_e4faef3c4644fe5bb3b66e32,0.82,0.86,medium,2026-05-04T16:12:18+00:00,2026-05-04T16:12:18+00:00,,fanout_0048,8,candidate_expire_duplicate_fanout,dry_run_expire
1342,RESMED,risk,CSL's renewed scrutiny over valuation gaps and growth expectations,active,expired,news:newspaper4k,news:art_e4faef3c4644fe5bb3b66e32,0.82,0.86,medium,2026-05-04T16:12:18+00:00,2026-05-04T16:12:18+00:00,,fanout_0048,8,candidate_expire_duplicate_fanout,dry_run_expire
1343,PARADIGM BIOPHARMACEUTICALS,risk,CSL's renewed scrutiny over valuation gaps and growth expectations,active,expired,news:newspaper4k,news:art_e4faef3c4644fe5bb3b66e32,0.82,0.86,medium,2026-05-04T16:12:18+00:00,2026-05-04T16:12:18+00:00,,fanout_0048,8,candidate_expire_duplicate_fanout,dry_run_expire
1607,ENDV,observed_fact,Atlassian's share price is up about 30% due to better-than-expected results,active,expired,commentary:youtube_transcript,youtube_transcript:asx-daily-rundown-atlassian-lifts-tech-a2-milk-recall-shock-accent-group-all-time-lows:88e960386e503796,0.8,0.71,short,2026-05-05T04:19:04+00:00,2026-05-05T04:19:04+00:00,,fanout_0007,50,candidate_expire_duplicate_fanout,dry_run_expire
1608,KEYP,observed_fact,Atlassian's share price is up about 30% due to better-than-expected results,active,expired,commentary:youtube_transcript,youtube_transcript:asx-daily-rundown-atlassian-lifts-tech-a2-milk-recall-shock-accent-group-all-time-lows:88e960386e503796,0.8,0.71,short,2026-05-05T04:19:05+00:00,2026-05-05T04:19:05+00:00,,fanout_0007,50,candidate_expire_duplicate_fanout,dry_run_expire
1609,GCMC,observed_fact,Atlassian's share price is up about 30% due to better-than-expected results,active,expired,commentary:youtube_transcript,youtube_transcript:asx-daily-rundown-atlassian-lifts-tech-a2-milk-recall-shock-accent-group-all-time-lows:88e960386e503796,0.8,0.71,short,2026-05-05T04:19:05+00:00,2026-05-05T04:19:05+00:00,,fanout_0007,50,candidate_expire_duplicate_fanout,dry_run_expire
1610,MARINO,observed_fact,Atlassian's share price is up about 30% due to better-than-expected results,active,expired,commentary:youtube_transcript,youtube_transcript:asx-daily-rundown-atlassian-lifts-tech-a2-milk-recall-shock-accent-group-all-time-lows:88e960386e503796,0.8,0.71,short,2026-05-05T04:19:05+00:00,2026-05-05T04:19:05+00:00,,fanout_0007,50,candidate_expire_duplicate_fanout,dry_run_expire
1611,CLAR,observed_fact,Atlassian's share price is up about 30% due to better-than-expected results,active,expired,commentary:youtube_transcript,youtube_transcript:asx-daily-rundown-atlassian-lifts-tech-a2-milk-recall-shock-accent-group-all-time-lows:88e960386e503796,0.8,0.71,short,2026-05-05T04:19:05+00:00,2026-05-05T04:19:05+00:00,,fanout_0007,50,candidate_expire_duplicate_fanout,dry_run_expire
1612,LIVN,observed_fact,Atlassian's share price is up about 30% due to better-than-expected results,active,expired,commentary:youtube_transcript,youtube_transcript:asx-daily-rundown-atlassian-lifts-tech-a2-milk-recall-shock-accent-group-all-time-lows:88e960386e503796,0.8,0.71,short,2026-05-05T04:19:05+00:00,2026-05-05T04:19:05+00:00,,fanout_0007,50,candidate_expire_duplicate_fanout,dry_run_expire
1613,SN,observed_fact,Atlassian's share price is up about 30% due to better-than-expected results,active,expired,commentary:youtube_transcript,youtube_transcript:asx-daily-rundown-atlassian-lifts-tech-a2-milk-recall-shock-accent-group-all-time-lows:88e960386e503796,0.8,0.71,short,2026-05-05T04:19:05+00:00,2026-05-05T04:19:05+00:00,,fanout_0007,50,candidate_expire_duplicate_fanout,dry_run_expire
1614,LION,observed_fact,Atlassian's share price is up about 30% due to better-than-expected results,active,expired,commentary:youtube_transcript,youtube_transcript:asx-daily-rundown-atlassian-lifts-tech-a2-milk-recall-shock-accent-group-all-time-lows:88e960386e503796,0.8,0.71,short,2026-05-05T04:19:05+00:00,2026-05-05T04:19:05+00:00,,fanout_0007,50,candidate_expire_duplicate_fanout,dry_run_expire
1615,ASX,observed_fact,Tech stocks are performing well due to strength in Atlassian,active,expired,commentary:youtube_transcript,youtube_transcript:asx-daily-rundown-atlassian-lifts-tech-a2-milk-recall-shock-accent-group-all-time-lows:88e960386e503796,0.74,0.62,short,2026-05-05T04:19:06+00:00,2026-05-05T04:19:06+00:00,,fanout_0042,25,candidate_expire_duplicate_fanout,dry_run_expire
1616,TXT,observed_fact,Tech stocks are performing well due to strength in Atlassian,active,expired,commentary:youtube_transcript,youtube_transcript:asx-daily-rundown-atlassian-lifts-tech-a2-milk-recall-shock-accent-group-all-time-lows:88e960386e503796,0.74,0.62,short,2026-05-05T04:19:06+00:00,2026-05-05T04:19:06+00:00,,fanout_0042,25,candidate_expire_duplicate_fanout,dry_run_expire
1617,XTX,observed_fact,Tech stocks are performing well due to strength in Atlassian,active,expired,commentary:youtube_transcript,youtube_transcript:asx-daily-rundown-atlassian-lifts-tech-a2-milk-recall-shock-accent-group-all-time-lows:88e960386e503796,0.74,0.62,short,2026-05-05T04:19:06+00:00,2026-05-05T04:19:06+00:00,,fanout_0042,25,candidate_expire_duplicate_fanout,dry_run_expire
1618,A2M,observed_fact,Tech stocks are performing well due to strength in Atlassian,active,expired,commentary:youtube_transcript,youtube_transcript:asx-daily-rundown-atlassian-lifts-tech-a2-milk-recall-shock-accent-group-all-time-lows:88e960386e503796,0.74,0.62,short,2026-05-05T04:19:06+00:00,2026-05-05T04:19:06+00:00,,fanout_0042,25,candidate_expire_duplicate_fanout,dry_run_expire
1619,ENDV,observed_fact,Tech stocks are performing well due to strength in Atlassian,active,expired,commentary:youtube_transcript,youtube_transcript:asx-daily-rundown-atlassian-lifts-tech-a2-milk-recall-shock-accent-group-all-time-lows:88e960386e503796,0.74,0.62,short,2026-05-05T04:19:07+00:00,2026-05-05T04:19:07+00:00,,fanout_0042,25,candidate_expire_duplicate_fanout,dry_run_expire
1620,COH,observed_fact,Tech stocks are performing well due to strength in Atlassian,active,expired,commentary:youtube_transcript,youtube_transcript:asx-daily-rundown-atlassian-lifts-tech-a2-milk-recall-shock-accent-group-all-time-lows:88e960386e503796,0.74,0.62,short,2026-05-05T04:19:07+00:00,2026-05-05T04:19:07+00:00,,fanout_0042,25,candidate_expire_duplicate_fanout,dry_run_expire
1621,BHP,observed_fact,Tech stocks are performing well due to strength in Atlassian,active,expired,commentary:youtube_transcript,youtube_transcript:asx-daily-rundown-atlassian-lifts-tech-a2-milk-recall-shock-accent-group-all-time-lows:88e960386e503796,0.74,0.62,short,2026-05-05T04:19:07+00:00,2026-05-05T04:19:07+00:00,,fanout_0042,25,candidate_expire_duplicate_fanout,dry_run_expire
1622,WES,observed_fact,Tech stocks are performing well due to strength in Atlassian,active,expired,commentary:youtube_transcript,youtube_transcript:asx-daily-rundown-atlassian-lifts-tech-a2-milk-recall-shock-accent-group-all-time-lows:88e960386e503796,0.74,0.62,short,2026-05-05T04:19:07+00:00,2026-05-05T04:19:07+00:00,,fanout_0042,25,candidate_expire_duplicate_fanout,dry_run_expire
1623,NAB,observed_fact,Tech stocks are performing well due to strength in Atlassian,active,expired,commentary:youtube_transcript,youtube_transcript:asx-daily-rundown-atlassian-lifts-tech-a2-milk-recall-shock-accent-group-all-time-lows:88e960386e503796,0.74,0.62,short,2026-05-05T04:19:07+00:00,2026-05-05T04:19:07+00:00,,fanout_0042,25,candidate_expire_duplicate_fanout,dry_run_expire
1624,WBC,observed_fact,Tech stocks are performing well due to strength in Atlassian,active,expired,commentary:youtube_transcript,youtube_transcript:asx-daily-rundown-atlassian-lifts-tech-a2-milk-recall-shock-accent-group-all-time-lows:88e960386e503796,0.74,0.62,short,2026-05-05T04:19:07+00:00,2026-05-05T04:19:07+00:00,,fanout_0042,25,candidate_expire_duplicate_fanout,dry_run_expire
1625,KEYP,observed_fact,Tech stocks are performing well due to strength in Atlassian,active,expired,commentary:youtube_transcript,youtube_transcript:asx-daily-rundown-atlassian-lifts-tech-a2-milk-recall-shock-accent-group-all-time-lows:88e960386e503796,0.74,0.62,short,2026-05-05T04:19:07+00:00,2026-05-05T04:19:07+00:00,,fanout_0042,25,candidate_expire_duplicate_fanout,dry_run_expire
1626,GCMC,observed_fact,Tech stocks are performing well due to strength in Atlassian,active,expired,commentary:youtube_transcript,youtube_transcript:asx-daily-rundown-atlassian-lifts-tech-a2-milk-recall-shock-accent-group-all-time-lows:88e960386e503796,0.74,0.62,short,2026-05-05T04:19:07+00:00,2026-05-05T04:19:07+00:00,,fanout_0042,25,candidate_expire_duplicate_fanout,dry_run_expire
1627,MARINO,observed_fact,Tech stocks are performing well due to strength in Atlassian,active,expired,commentary:youtube_transcript,youtube_transcript:asx-daily-rundown-atlassian-lifts-tech-a2-milk-recall-shock-accent-group-all-time-lows:88e960386e503796,0.74,0.62,short,2026-05-05T04:19:07+00:00,2026-05-05T04:19:07+00:00,,fanout_0042,25,candidate_expire_duplicate_fanout,dry_run_expire
1628,CLAR,observed_fact,Tech stocks are performing well due to strength in Atlassian,active,expired,commentary:youtube_transcript,youtube_transcript:asx-daily-rundown-atlassian-lifts-tech-a2-milk-recall-shock-accent-group-all-time-lows:88e960386e503796,0.74,0.62,short,2026-05-05T04:19:08+00:00,2026-05-05T04:19:08+00:00,,fanout_0042,25,candidate_expire_duplicate_fanout,dry_run_expire
1629,WIN,observed_fact,Tech stocks are performing well due to strength in Atlassian,active,expired,commentary:youtube_transcript,youtube_transcript:asx-daily-rundown-atlassian-lifts-tech-a2-milk-recall-shock-accent-group-all-time-lows:88e960386e503796,0.74,0.62,short,2026-05-05T04:19:08+00:00,2026-05-05T04:19:08+00:00,,fanout_0042,25,candidate_expire_duplicate_fanout,dry_run_expire
1630,LIVN,observed_fact,Tech stocks are performing well due to strength in Atlassian,active,expired,commentary:youtube_transcript,youtube_transcript:asx-daily-rundown-atlassian-lifts-tech-a2-milk-recall-shock-accent-group-all-time-lows:88e960386e503796,0.74,0.62,short,2026-05-05T04:19:09+00:00,2026-05-05T04:19:09+00:00,,fanout_0042,25,candidate_expire_duplicate_fanout,dry_run_expire
1631,SKT,observed_fact,Tech stocks are performing well due to strength in Atlassian,active,expired,commentary:youtube_transcript,youtube_transcript:asx-daily-rundown-atlassian-lifts-tech-a2-milk-recall-shock-accent-group-all-time-lows:88e960386e503796,0.74,0.62,short,2026-05-05T04:19:10+00:00,2026-05-05T04:19:10+00:00,,fanout_0042,25,candidate_expire_duplicate_fanout,dry_run_expire
1632,VCE,observed_fact,Tech stocks are performing well due to strength in Atlassian,active,expired,commentary:youtube_transcript,youtube_transcript:asx-daily-rundown-atlassian-lifts-tech-a2-milk-recall-shock-accent-group-all-time-lows:88e960386e503796,0.74,0.62,short,2026-05-05T04:19:10+00:00,2026-05-05T04:19:10+00:00,,fanout_0042,25,candidate_expire_duplicate_fanout,dry_run_expire
1633,SN,observed_fact,Tech stocks are performing well due to strength in Atlassian,active,expired,commentary:youtube_transcript,youtube_transcript:asx-daily-rundown-atlassian-lifts-tech-a2-milk-recall-shock-accent-group-all-time-lows:88e960386e503796,0.74,0.62,short,2026-05-05T04:19:10+00:00,2026-05-05T04:19:10+00:00,,fanout_0042,25,candidate_expire_duplicate_fanout,dry_run_expire
1634,LION,observed_fact,Tech stocks are performing well due to strength in Atlassian,active,expired,commentary:youtube_transcript,youtube_transcript:asx-daily-rundown-atlassian-lifts-tech-a2-milk-recall-shock-accent-group-all-time-lows:88e960386e503796,0.74,0.62,short,2026-05-05T04:19:10+00:00,2026-05-05T04:19:10+00:00,,fanout_0042,25,candidate_expire_duplicate_fanout,dry_run_expire
1635,PETT,observed_fact,Tech stocks are performing well due to strength in Atlassian,active,expired,commentary:youtube_transcript,youtube_transcript:asx-daily-rundown-atlassian-lifts-tech-a2-milk-recall-shock-accent-group-all-time-lows:88e960386e503796,0.74,0.62,short,2026-05-05T04:19:10+00:00,2026-05-05T04:19:10+00:00,,fanout_0042,25,candidate_expire_duplicate_fanout,dry_run_expire
1636,INDE,observed_fact,Tech stocks are performing well due to strength in Atlassian,active,expired,commentary:youtube_transcript,youtube_transcript:asx-daily-rundown-atlassian-lifts-tech-a2-milk-recall-shock-accent-group-all-time-lows:88e960386e503796,0.74,0.62,short,2026-05-05T04:19:10+00:00,2026-05-05T04:19:10+00:00,,fanout_0042,25,candidate_expire_duplicate_fanout,dry_run_expire
1637,C79,observed_fact,Tech stocks are performing well due to strength in Atlassian,active,expired,commentary:youtube_transcript,youtube_transcript:asx-daily-rundown-atlassian-lifts-tech-a2-milk-recall-shock-accent-group-all-time-lows:88e960386e503796,0.74,0.62,short,2026-05-05T04:19:10+00:00,2026-05-05T04:19:10+00:00,,fanout_0042,25,candidate_expire_duplicate_fanout,dry_run_expire
1638,A2 MILK,observed_fact,Tech stocks are performing well due to strength in Atlassian,active,expired,commentary:youtube_transcript,youtube_transcript:asx-daily-rundown-atlassian-lifts-tech-a2-milk-recall-shock-accent-group-all-time-lows:88e960386e503796,0.74,0.62,short,2026-05-05T04:19:11+00:00,2026-05-05T04:19:11+00:00,,fanout_0042,25,candidate_expire_duplicate_fanout,dry_run_expire
1639,ACCENT GROUP,observed_fact,Tech stocks are performing well due to strength in Atlassian,active,expired,commentary:youtube_transcript,youtube_transcript:asx-daily-rundown-atlassian-lifts-tech-a2-milk-recall-shock-accent-group-all-time-lows:88e960386e503796,0.74,0.62,short,2026-05-05T04:19:11+00:00,2026-05-05T04:19:11+00:00,,fanout_0042,25,candidate_expire_duplicate_fanout,dry_run_expire
1640,ENDV,observed_fact,"NAB's half-year results were not good, showing very little growth",active,expired,commentary:youtube_transcript,youtube_transcript:asx-daily-rundown-atlassian-lifts-tech-a2-milk-recall-shock-accent-group-all-time-lows:88e960386e503796,0.79,0.66,short,2026-05-05T04:19:12+00:00,2026-05-05T04:19:12+00:00,,fanout_0020,34,candidate_expire_duplicate_fanout,dry_run_expire
1641,KEYP,observed_fact,"NAB's half-year results were not good, showing very little growth",active,expired,commentary:youtube_transcript,youtube_transcript:asx-daily-rundown-atlassian-lifts-tech-a2-milk-recall-shock-accent-group-all-time-lows:88e960386e503796,0.79,0.66,short,2026-05-05T04:19:13+00:00,2026-05-05T04:19:13+00:00,,fanout_0020,34,candidate_expire_duplicate_fanout,dry_run_expire
1642,GCMC,observed_fact,"NAB's half-year results were not good, showing very little growth",active,expired,commentary:youtube_transcript,youtube_transcript:asx-daily-rundown-atlassian-lifts-tech-a2-milk-recall-shock-accent-group-all-time-lows:88e960386e503796,0.79,0.66,short,2026-05-05T04:19:14+00:00,2026-05-05T04:19:14+00:00,,fanout_0020,34,candidate_expire_duplicate_fanout,dry_run_expire
1643,MARINO,observed_fact,"NAB's half-year results were not good, showing very little growth",active,expired,commentary:youtube_transcript,youtube_transcript:asx-daily-rundown-atlassian-lifts-tech-a2-milk-recall-shock-accent-group-all-time-lows:88e960386e503796,0.79,0.66,short,2026-05-05T04:19:14+00:00,2026-05-05T04:19:14+00:00,,fanout_0020,34,candidate_expire_duplicate_fanout,dry_run_expire
1644,CLAR,observed_fact,"NAB's half-year results were not good, showing very little growth",active,expired,commentary:youtube_transcript,youtube_transcript:asx-daily-rundown-atlassian-lifts-tech-a2-milk-recall-shock-accent-group-all-time-lows:88e960386e503796,0.79,0.66,short,2026-05-05T04:19:14+00:00,2026-05-05T04:19:14+00:00,,fanout_0020,34,candidate_expire_duplicate_fanout,dry_run_expire
1645,LIVN,observed_fact,"NAB's half-year results were not good, showing very little growth",active,expired,commentary:youtube_transcript,youtube_transcript:asx-daily-rundown-atlassian-lifts-tech-a2-milk-recall-shock-accent-group-all-time-lows:88e960386e503796,0.79,0.66,short,2026-05-05T04:19:14+00:00,2026-05-05T04:19:14+00:00,,fanout_0020,34,candidate_expire_duplicate_fanout,dry_run_expire
1646,SN,observed_fact,"NAB's half-year results were not good, showing very little growth",active,expired,commentary:youtube_transcript,youtube_transcript:asx-daily-rundown-atlassian-lifts-tech-a2-milk-recall-shock-accent-group-all-time-lows:88e960386e503796,0.79,0.66,short,2026-05-05T04:19:15+00:00,2026-05-05T04:19:15+00:00,,fanout_0020,34,candidate_expire_duplicate_fanout,dry_run_expire
1647,LION,observed_fact,"NAB's half-year results were not good, showing very little growth",active,expired,commentary:youtube_transcript,youtube_transcript:asx-daily-rundown-atlassian-lifts-tech-a2-milk-recall-shock-accent-group-all-time-lows:88e960386e503796,0.79,0.66,short,2026-05-05T04:19:15+00:00,2026-05-05T04:19:15+00:00,,fanout_0020,34,candidate_expire_duplicate_fanout,dry_run_expire
1673,ENDV,observed_fact,Pettimed's share price is down 35.71%,active,expired,commentary:youtube_transcript,youtube_transcript:asx-daily-rundown-atlassian-lifts-tech-a2-milk-recall-shock-accent-group-all-time-lows:88e960386e503796,0.82,0.71,short,2026-05-05T04:19:25+00:00,2026-05-05T04:19:25+00:00,,fanout_0012,50,candidate_expire_duplicate_fanout,dry_run_expire
1674,KEYP,observed_fact,Pettimed's share price is down 35.71%,active,expired,commentary:youtube_transcript,youtube_transcript:asx-daily-rundown-atlassian-lifts-tech-a2-milk-recall-shock-accent-group-all-time-lows:88e960386e503796,0.82,0.71,short,2026-05-05T04:19:26+00:00,2026-05-05T04:19:26+00:00,,fanout_0012,50,candidate_expire_duplicate_fanout,dry_run_expire
1675,GCMC,observed_fact,Pettimed's share price is down 35.71%,active,expired,commentary:youtube_transcript,youtube_transcript:asx-daily-rundown-atlassian-lifts-tech-a2-milk-recall-shock-accent-group-all-time-lows:88e960386e503796,0.82,0.71,short,2026-05-05T04:19:26+00:00,2026-05-05T04:19:26+00:00,,fanout_0012,50,candidate_expire_duplicate_fanout,dry_run_expire
1676,MARINO,observed_fact,Pettimed's share price is down 35.71%,active,expired,commentary:youtube_transcript,youtube_transcript:asx-daily-rundown-atlassian-lifts-tech-a2-milk-recall-shock-accent-group-all-time-lows:88e960386e503796,0.82,0.71,short,2026-05-05T04:19:26+00:00,2026-05-05T04:19:26+00:00,,fanout_0012,50,candidate_expire_duplicate_fanout,dry_run_expire
1677,CLAR,observed_fact,Pettimed's share price is down 35.71%,active,expired,commentary:youtube_transcript,youtube_transcript:asx-daily-rundown-atlassian-lifts-tech-a2-milk-recall-shock-accent-group-all-time-lows:88e960386e503796,0.82,0.71,short,2026-05-05T04:19:26+00:00,2026-05-05T04:19:26+00:00,,fanout_0012,50,candidate_expire_duplicate_fanout,dry_run_expire
1678,LIVN,observed_fact,Pettimed's share price is down 35.71%,active,expired,commentary:youtube_transcript,youtube_transcript:asx-daily-rundown-atlassian-lifts-tech-a2-milk-recall-shock-accent-group-all-time-lows:88e960386e503796,0.82,0.71,short,2026-05-05T04:19:26+00:00,2026-05-05T04:19:26+00:00,,fanout_0012,50,candidate_expire_duplicate_fanout,dry_run_expire
1679,SN,observed_fact,Pettimed's share price is down 35.71%,active,expired,commentary:youtube_transcript,youtube_transcript:asx-daily-rundown-atlassian-lifts-tech-a2-milk-recall-shock-accent-group-all-time-lows:88e960386e503796,0.82,0.71,short,2026-05-05T04:19:27+00:00,2026-05-05T04:19:27+00:00,,fanout_0012,50,candidate_expire_duplicate_fanout,dry_run_expire
1680,LION,observed_fact,Pettimed's share price is down 35.71%,active,expired,commentary:youtube_transcript,youtube_transcript:asx-daily-rundown-atlassian-lifts-tech-a2-milk-recall-shock-accent-group-all-time-lows:88e960386e503796,0.82,0.71,short,2026-05-05T04:19:28+00:00,2026-05-05T04:19:28+00:00,,fanout_0012,50,candidate_expire_duplicate_fanout,dry_run_expire
1689,ENDV,observed_fact,Chrysos Corporation's share price fell 6.39% despite a positive trading update,active,expired,commentary:youtube_transcript,youtube_transcript:asx-daily-rundown-atlassian-lifts-tech-a2-milk-recall-shock-accent-group-all-time-lows:88e960386e503796,0.8,0.71,short,2026-05-05T04:19:37+00:00,2026-05-05T04:19:37+00:00,,fanout_0008,50,candidate_expire_duplicate_fanout,dry_run_expire
1690,KEYP,observed_fact,Chrysos Corporation's share price fell 6.39% despite a positive trading update,active,expired,commentary:youtube_transcript,youtube_transcript:asx-daily-rundown-atlassian-lifts-tech-a2-milk-recall-shock-accent-group-all-time-lows:88e960386e503796,0.8,0.71,short,2026-05-05T04:19:40+00:00,2026-05-05T04:19:40+00:00,,fanout_0008,50,candidate_expire_duplicate_fanout,dry_run_expire
1692,MARINO,observed_fact,Chrysos Corporation's share price fell 6.39% despite a positive trading update,active,expired,commentary:youtube_transcript,youtube_transcript:asx-daily-rundown-atlassian-lifts-tech-a2-milk-recall-shock-accent-group-all-time-lows:88e960386e503796,0.8,0.71,short,2026-05-05T04:19:40+00:00,2026-05-05T04:19:40+00:00,,fanout_0008,50,candidate_expire_duplicate_fanout,dry_run_expire
1693,CLAR,observed_fact,Chrysos Corporation's share price fell 6.39% despite a positive trading update,active,expired,commentary:youtube_transcript,youtube_transcript:asx-daily-rundown-atlassian-lifts-tech-a2-milk-recall-shock-accent-group-all-time-lows:88e960386e503796,0.8,0.71,short,2026-05-05T04:19:40+00:00,2026-05-05T04:19:40+00:00,,fanout_0008,50,candidate_expire_duplicate_fanout,dry_run_expire
1694,LIVN,observed_fact,Chrysos Corporation's share price fell 6.39% despite a positive trading update,active,expired,commentary:youtube_transcript,youtube_transcript:asx-daily-rundown-atlassian-lifts-tech-a2-milk-recall-shock-accent-group-all-time-lows:88e960386e503796,0.8,0.71,short,2026-05-05T04:19:41+00:00,2026-05-05T04:19:41+00:00,,fanout_0008,50,candidate_expire_duplicate_fanout,dry_run_expire
1695,SN,observed_fact,Chrysos Corporation's share price fell 6.39% despite a positive trading update,active,expired,commentary:youtube_transcript,youtube_transcript:asx-daily-rundown-atlassian-lifts-tech-a2-milk-recall-shock-accent-group-all-time-lows:88e960386e503796,0.8,0.71,short,2026-05-05T04:19:42+00:00,2026-05-05T04:19:42+00:00,,fanout_0008,50,candidate_expire_duplicate_fanout,dry_run_expire
1696,LION,observed_fact,Chrysos Corporation's share price fell 6.39% despite a positive trading update,active,expired,commentary:youtube_transcript,youtube_transcript:asx-daily-rundown-atlassian-lifts-tech-a2-milk-recall-shock-accent-group-all-time-lows:88e960386e503796,0.8,0.71,short,2026-05-05T04:19:43+00:00,2026-05-05T04:19:43+00:00,,fanout_0008,50,candidate_expire_duplicate_fanout,dry_run_expire
1697,ENDV,observed_fact,A2 MILK's share price dropped 10% due to a product recall,active,expired,commentary:youtube_transcript,youtube_transcript:asx-daily-rundown-atlassian-lifts-tech-a2-milk-recall-shock-accent-group-all-time-lows:88e960386e503796,0.82,0.71,short,2026-05-05T04:19:46+00:00,2026-05-05T04:19:46+00:00,,fanout_0002,50,candidate_expire_duplicate_fanout,dry_run_expire
1698,KEYP,observed_fact,A2 MILK's share price dropped 10% due to a product recall,active,expired,commentary:youtube_transcript,youtube_transcript:asx-daily-rundown-atlassian-lifts-tech-a2-milk-recall-shock-accent-group-all-time-lows:88e960386e503796,0.82,0.71,short,2026-05-05T04:19:48+00:00,2026-05-05T04:19:48+00:00,,fanout_0002,50,candidate_expire_duplicate_fanout,dry_run_expire
1699,GCMC,observed_fact,A2 MILK's share price dropped 10% due to a product recall,active,expired,commentary:youtube_transcript,youtube_transcript:asx-daily-rundown-atlassian-lifts-tech-a2-milk-recall-shock-accent-group-all-time-lows:88e960386e503796,0.82,0.71,short,2026-05-05T04:19:48+00:00,2026-05-05T04:19:48+00:00,,fanout_0002,50,candidate_expire_duplicate_fanout,dry_run_expire
1700,MARINO,observed_fact,A2 MILK's share price dropped 10% due to a product recall,active,expired,commentary:youtube_transcript,youtube_transcript:asx-daily-rundown-atlassian-lifts-tech-a2-milk-recall-shock-accent-group-all-time-lows:88e960386e503796,0.82,0.71,short,2026-05-05T04:19:48+00:00,2026-05-05T04:19:48+00:00,,fanout_0002,50,candidate_expire_duplicate_fanout,dry_run_expire
1701,CLAR,observed_fact,A2 MILK's share price dropped 10% due to a product recall,active,expired,commentary:youtube_transcript,youtube_transcript:asx-daily-rundown-atlassian-lifts-tech-a2-milk-recall-shock-accent-group-all-time-lows:88e960386e503796,0.82,0.71,short,2026-05-05T04:19:48+00:00,2026-05-05T04:19:48+00:00,,fanout_0002,50,candidate_expire_duplicate_fanout,dry_run_expire
1702,LIVN,observed_fact,A2 MILK's share price dropped 10% due to a product recall,active,expired,commentary:youtube_transcript,youtube_transcript:asx-daily-rundown-atlassian-lifts-tech-a2-milk-recall-shock-accent-group-all-time-lows:88e960386e503796,0.82,0.71,short,2026-05-05T04:19:49+00:00,2026-05-05T04:19:49+00:00,,fanout_0002,50,candidate_expire_duplicate_fanout,dry_run_expire
1703,SN,observed_fact,A2 MILK's share price dropped 10% due to a product recall,active,expired,commentary:youtube_transcript,youtube_transcript:asx-daily-rundown-atlassian-lifts-tech-a2-milk-recall-shock-accent-group-all-time-lows:88e960386e503796,0.82,0.71,short,2026-05-05T04:19:50+00:00,2026-05-05T04:19:50+00:00,,fanout_0002,50,candidate_expire_duplicate_fanout,dry_run_expire
1704,LION,observed_fact,A2 MILK's share price dropped 10% due to a product recall,active,expired,commentary:youtube_transcript,youtube_transcript:asx-daily-rundown-atlassian-lifts-tech-a2-milk-recall-shock-accent-group-all-time-lows:88e960386e503796,0.82,0.71,short,2026-05-05T04:19:50+00:00,2026-05-05T04:19:50+00:00,,fanout_0002,50,candidate_expire_duplicate_fanout,dry_run_expire
1705,ENDV,observed_fact,A2 MILK's share price has dropped from almost $10 back to $6.59 in a few months,active,expired,commentary:youtube_transcript,youtube_transcript:asx-daily-rundown-atlassian-lifts-tech-a2-milk-recall-shock-accent-group-all-time-lows:88e960386e503796,0.82,0.71,short,2026-05-05T04:19:53+00:00,2026-05-05T04:19:53+00:00,,fanout_0003,50,candidate_expire_duplicate_fanout,dry_run_expire
1706,KEYP,observed_fact,A2 MILK's share price has dropped from almost $10 back to $6.59 in a few months,active,expired,commentary:youtube_transcript,youtube_transcript:asx-daily-rundown-atlassian-lifts-tech-a2-milk-recall-shock-accent-group-all-time-lows:88e960386e503796,0.82,0.71,short,2026-05-05T04:19:55+00:00,2026-05-05T04:19:55+00:00,,fanout_0003,50,candidate_expire_duplicate_fanout,dry_run_expire
1707,GCMC,observed_fact,A2 MILK's share price has dropped from almost $10 back to $6.59 in a few months,active,expired,commentary:youtube_transcript,youtube_transcript:asx-daily-rundown-atlassian-lifts-tech-a2-milk-recall-shock-accent-group-all-time-lows:88e960386e503796,0.82,0.71,short,2026-05-05T04:19:55+00:00,2026-05-05T04:19:55+00:00,,fanout_0003,50,candidate_expire_duplicate_fanout,dry_run_expire
1708,MARINO,observed_fact,A2 MILK's share price has dropped from almost $10 back to $6.59 in a few months,active,expired,commentary:youtube_transcript,youtube_transcript:asx-daily-rundown-atlassian-lifts-tech-a2-milk-recall-shock-accent-group-all-time-lows:88e960386e503796,0.82,0.71,short,2026-05-05T04:19:55+00:00,2026-05-05T04:19:55+00:00,,fanout_0003,50,candidate_expire_duplicate_fanout,dry_run_expire
1709,CLAR,observed_fact,A2 MILK's share price has dropped from almost $10 back to $6.59 in a few months,active,expired,commentary:youtube_transcript,youtube_transcript:asx-daily-rundown-atlassian-lifts-tech-a2-milk-recall-shock-accent-group-all-time-lows:88e960386e503796,0.82,0.71,short,2026-05-05T04:19:56+00:00,2026-05-05T04:19:56+00:00,,fanout_0003,50,candidate_expire_duplicate_fanout,dry_run_expire
1710,LIVN,observed_fact,A2 MILK's share price has dropped from almost $10 back to $6.59 in a few months,active,expired,commentary:youtube_transcript,youtube_transcript:asx-daily-rundown-atlassian-lifts-tech-a2-milk-recall-shock-accent-group-all-time-lows:88e960386e503796,0.82,0.71,short,2026-05-05T04:19:56+00:00,2026-05-05T04:19:56+00:00,,fanout_0003,50,candidate_expire_duplicate_fanout,dry_run_expire
1711,SN,observed_fact,A2 MILK's share price has dropped from almost $10 back to $6.59 in a few months,active,expired,commentary:youtube_transcript,youtube_transcript:asx-daily-rundown-atlassian-lifts-tech-a2-milk-recall-shock-accent-group-all-time-lows:88e960386e503796,0.82,0.71,short,2026-05-05T04:19:57+00:00,2026-05-05T04:19:57+00:00,,fanout_0003,50,candidate_expire_duplicate_fanout,dry_run_expire
1712,LION,observed_fact,A2 MILK's share price has dropped from almost $10 back to $6.59 in a few months,active,expired,commentary:youtube_transcript,youtube_transcript:asx-daily-rundown-atlassian-lifts-tech-a2-milk-recall-shock-accent-group-all-time-lows:88e960386e503796,0.82,0.71,short,2026-05-05T04:19:57+00:00,2026-05-05T04:19:57+00:00,,fanout_0003,50,candidate_expire_duplicate_fanout,dry_run_expire
1721,ENDV,observed_fact,ACCENT GROUP's share price is down 12.9% after a downgrade announcement,active,expired,commentary:youtube_transcript,youtube_transcript:asx-daily-rundown-atlassian-lifts-tech-a2-milk-recall-shock-accent-group-all-time-lows:88e960386e503796,0.83,0.71,short,2026-05-05T04:20:07+00:00,2026-05-05T04:20:07+00:00,,fanout_0006,50,candidate_expire_duplicate_fanout,dry_run_expire
1722,KEYP,observed_fact,ACCENT GROUP's share price is down 12.9% after a downgrade announcement,active,expired,commentary:youtube_transcript,youtube_transcript:asx-daily-rundown-atlassian-lifts-tech-a2-milk-recall-shock-accent-group-all-time-lows:88e960386e503796,0.83,0.71,short,2026-05-05T04:20:11+00:00,2026-05-05T04:20:11+00:00,,fanout_0006,50,candidate_expire_duplicate_fanout,dry_run_expire
1723,GCMC,observed_fact,ACCENT GROUP's share price is down 12.9% after a downgrade announcement,active,expired,commentary:youtube_transcript,youtube_transcript:asx-daily-rundown-atlassian-lifts-tech-a2-milk-recall-shock-accent-group-all-time-lows:88e960386e503796,0.83,0.71,short,2026-05-05T04:20:12+00:00,2026-05-05T04:20:12+00:00,,fanout_0006,50,candidate_expire_duplicate_fanout,dry_run_expire
1724,MARINO,observed_fact,ACCENT GROUP's share price is down 12.9% after a downgrade announcement,active,expired,commentary:youtube_transcript,youtube_transcript:asx-daily-rundown-atlassian-lifts-tech-a2-milk-recall-shock-accent-group-all-time-lows:88e960386e503796,0.83,0.71,short,2026-05-05T04:20:13+00:00,2026-05-05T04:20:13+00:00,,fanout_0006,50,candidate_expire_duplicate_fanout,dry_run_expire
1725,CLAR,observed_fact,ACCENT GROUP's share price is down 12.9% after a downgrade announcement,active,expired,commentary:youtube_transcript,youtube_transcript:asx-daily-rundown-atlassian-lifts-tech-a2-milk-recall-shock-accent-group-all-time-lows:88e960386e503796,0.83,0.71,short,2026-05-05T04:20:15+00:00,2026-05-05T04:20:15+00:00,,fanout_0006,50,candidate_expire_duplicate_fanout,dry_run_expire
1726,LIVN,observed_fact,ACCENT GROUP's share price is down 12.9% after a downgrade announcement,active,expired,commentary:youtube_transcript,youtube_transcript:asx-daily-rundown-atlassian-lifts-tech-a2-milk-recall-shock-accent-group-all-time-lows:88e960386e503796,0.83,0.71,short,2026-05-05T04:20:15+00:00,2026-05-05T04:20:15+00:00,,fanout_0006,50,candidate_expire_duplicate_fanout,dry_run_expire
1727,SN,observed_fact,ACCENT GROUP's share price is down 12.9% after a downgrade announcement,active,expired,commentary:youtube_transcript,youtube_transcript:asx-daily-rundown-atlassian-lifts-tech-a2-milk-recall-shock-accent-group-all-time-lows:88e960386e503796,0.83,0.71,short,2026-05-05T04:20:16+00:00,2026-05-05T04:20:16+00:00,,fanout_0006,50,candidate_expire_duplicate_fanout,dry_run_expire
1728,LION,observed_fact,ACCENT GROUP's share price is down 12.9% after a downgrade announcement,active,expired,commentary:youtube_transcript,youtube_transcript:asx-daily-rundown-atlassian-lifts-tech-a2-milk-recall-shock-accent-group-all-time-lows:88e960386e503796,0.83,0.71,short,2026-05-05T04:20:16+00:00,2026-05-05T04:20:16+00:00,,fanout_0006,50,candidate_expire_duplicate_fanout,dry_run_expire
1729,ENDV,observed_fact,ACCENT GROUP's EBIT for the second half has been decreased by $7 million,active,expired,commentary:youtube_transcript,youtube_transcript:asx-daily-rundown-atlassian-lifts-tech-a2-milk-recall-shock-accent-group-all-time-lows:88e960386e503796,0.82,0.62,short,2026-05-05T04:20:20+00:00,2026-05-05T04:20:20+00:00,,fanout_0005,50,candidate_expire_duplicate_fanout,dry_run_expire
1730,KEYP,observed_fact,ACCENT GROUP's EBIT for the second half has been decreased by $7 million,active,expired,commentary:youtube_transcript,youtube_transcript:asx-daily-rundown-atlassian-lifts-tech-a2-milk-recall-shock-accent-group-all-time-lows:88e960386e503796,0.82,0.62,short,2026-05-05T04:20:23+00:00,2026-05-05T04:20:23+00:00,,fanout_0005,50,candidate_expire_duplicate_fanout,dry_run_expire
1731,GCMC,observed_fact,ACCENT GROUP's EBIT for the second half has been decreased by $7 million,active,expired,commentary:youtube_transcript,youtube_transcript:asx-daily-rundown-atlassian-lifts-tech-a2-milk-recall-shock-accent-group-all-time-lows:88e960386e503796,0.82,0.62,short,2026-05-05T04:20:23+00:00,2026-05-05T04:20:23+00:00,,fanout_0005,50,candidate_expire_duplicate_fanout,dry_run_expire
1732,MARINO,observed_fact,ACCENT GROUP's EBIT for the second half has been decreased by $7 million,active,expired,commentary:youtube_transcript,youtube_transcript:asx-daily-rundown-atlassian-lifts-tech-a2-milk-recall-shock-accent-group-all-time-lows:88e960386e503796,0.82,0.62,short,2026-05-05T04:20:23+00:00,2026-05-05T04:20:23+00:00,,fanout_0005,50,candidate_expire_duplicate_fanout,dry_run_expire
1733,CLAR,observed_fact,ACCENT GROUP's EBIT for the second half has been decreased by $7 million,active,expired,commentary:youtube_transcript,youtube_transcript:asx-daily-rundown-atlassian-lifts-tech-a2-milk-recall-shock-accent-group-all-time-lows:88e960386e503796,0.82,0.62,short,2026-05-05T04:20:24+00:00,2026-05-05T04:20:24+00:00,,fanout_0005,50,candidate_expire_duplicate_fanout,dry_run_expire
1734,LIVN,observed_fact,ACCENT GROUP's EBIT for the second half has been decreased by $7 million,active,expired,commentary:youtube_transcript,youtube_transcript:asx-daily-rundown-atlassian-lifts-tech-a2-milk-recall-shock-accent-group-all-time-lows:88e960386e503796,0.82,0.62,short,2026-05-05T04:20:24+00:00,2026-05-05T04:20:24+00:00,,fanout_0005,50,candidate_expire_duplicate_fanout,dry_run_expire
1735,SN,observed_fact,ACCENT GROUP's EBIT for the second half has been decreased by $7 million,active,expired,commentary:youtube_transcript,youtube_transcript:asx-daily-rundown-atlassian-lifts-tech-a2-milk-recall-shock-accent-group-all-time-lows:88e960386e503796,0.82,0.62,short,2026-05-05T04:20:26+00:00,2026-05-05T04:20:26+00:00,,fanout_0005,50,candidate_expire_duplicate_fanout,dry_run_expire
1736,LION,observed_fact,ACCENT GROUP's EBIT for the second half has been decreased by $7 million,active,expired,commentary:youtube_transcript,youtube_transcript:asx-daily-rundown-atlassian-lifts-tech-a2-milk-recall-shock-accent-group-all-time-lows:88e960386e503796,0.82,0.62,short,2026-05-05T04:20:26+00:00,2026-05-05T04:20:26+00:00,,fanout_0005,50,candidate_expire_duplicate_fanout,dry_run_expire
1737,ENDV,catalyst,Atlassian's better-than-expected results,active,expired,commentary:youtube_transcript,youtube_transcript:asx-daily-rundown-atlassian-lifts-tech-a2-milk-recall-shock-accent-group-all-time-lows:88e960386e503796,0.72,0.82,short,2026-05-05T04:20:30+00:00,2026-05-05T04:20:30+00:00,,fanout_0018,41,candidate_expire_duplicate_fanout,dry_run_expire
1738,COH,catalyst,Atlassian's better-than-expected results,active,expired,commentary:youtube_transcript,youtube_transcript:asx-daily-rundown-atlassian-lifts-tech-a2-milk-recall-shock-accent-group-all-time-lows:88e960386e503796,0.72,0.82,short,2026-05-05T04:20:30+00:00,2026-05-05T04:20:30+00:00,,fanout_0018,41,candidate_expire_duplicate_fanout,dry_run_expire
1739,WES,catalyst,Atlassian's better-than-expected results,active,expired,commentary:youtube_transcript,youtube_transcript:asx-daily-rundown-atlassian-lifts-tech-a2-milk-recall-shock-accent-group-all-time-lows:88e960386e503796,0.72,0.82,short,2026-05-05T04:20:31+00:00,2026-05-05T04:20:31+00:00,,fanout_0018,41,candidate_expire_duplicate_fanout,dry_run_expire
1740,WBC,catalyst,Atlassian's better-than-expected results,active,expired,commentary:youtube_transcript,youtube_transcript:asx-daily-rundown-atlassian-lifts-tech-a2-milk-recall-shock-accent-group-all-time-lows:88e960386e503796,0.72,0.82,short,2026-05-05T04:20:32+00:00,2026-05-05T04:20:32+00:00,,fanout_0018,41,candidate_expire_duplicate_fanout,dry_run_expire
1741,KEYP,catalyst,Atlassian's better-than-expected results,active,expired,commentary:youtube_transcript,youtube_transcript:asx-daily-rundown-atlassian-lifts-tech-a2-milk-recall-shock-accent-group-all-time-lows:88e960386e503796,0.72,0.82,short,2026-05-05T04:20:32+00:00,2026-05-05T04:20:32+00:00,,fanout_0018,41,candidate_expire_duplicate_fanout,dry_run_expire
1742,GCMC,catalyst,Atlassian's better-than-expected results,active,expired,commentary:youtube_transcript,youtube_transcript:asx-daily-rundown-atlassian-lifts-tech-a2-milk-recall-shock-accent-group-all-time-lows:88e960386e503796,0.72,0.82,short,2026-05-05T04:20:32+00:00,2026-05-05T04:20:32+00:00,,fanout_0018,41,candidate_expire_duplicate_fanout,dry_run_expire
1743,MARINO,catalyst,Atlassian's better-than-expected results,active,expired,commentary:youtube_transcript,youtube_transcript:asx-daily-rundown-atlassian-lifts-tech-a2-milk-recall-shock-accent-group-all-time-lows:88e960386e503796,0.72,0.82,short,2026-05-05T04:20:33+00:00,2026-05-05T04:20:33+00:00,,fanout_0018,41,candidate_expire_duplicate_fanout,dry_run_expire
1744,CLAR,catalyst,Atlassian's better-than-expected results,active,expired,commentary:youtube_transcript,youtube_transcript:asx-daily-rundown-atlassian-lifts-tech-a2-milk-recall-shock-accent-group-all-time-lows:88e960386e503796,0.72,0.82,short,2026-05-05T04:20:33+00:00,2026-05-05T04:20:33+00:00,,fanout_0018,41,candidate_expire_duplicate_fanout,dry_run_expire
1745,WIN,catalyst,Atlassian's better-than-expected results,active,expired,commentary:youtube_transcript,youtube_transcript:asx-daily-rundown-atlassian-lifts-tech-a2-milk-recall-shock-accent-group-all-time-lows:88e960386e503796,0.72,0.82,short,2026-05-05T04:20:33+00:00,2026-05-05T04:20:33+00:00,,fanout_0018,41,candidate_expire_duplicate_fanout,dry_run_expire
1746,LIVN,catalyst,Atlassian's better-than-expected results,active,expired,commentary:youtube_transcript,youtube_transcript:asx-daily-rundown-atlassian-lifts-tech-a2-milk-recall-shock-accent-group-all-time-lows:88e960386e503796,0.72,0.82,short,2026-05-05T04:20:33+00:00,2026-05-05T04:20:33+00:00,,fanout_0018,41,candidate_expire_duplicate_fanout,dry_run_expire
1747,SKT,catalyst,Atlassian's better-than-expected results,active,expired,commentary:youtube_transcript,youtube_transcript:asx-daily-rundown-atlassian-lifts-tech-a2-milk-recall-shock-accent-group-all-time-lows:88e960386e503796,0.72,0.82,short,2026-05-05T04:20:33+00:00,2026-05-05T04:20:33+00:00,,fanout_0018,41,candidate_expire_duplicate_fanout,dry_run_expire
1748,VCE,catalyst,Atlassian's better-than-expected results,active,expired,commentary:youtube_transcript,youtube_transcript:asx-daily-rundown-atlassian-lifts-tech-a2-milk-recall-shock-accent-group-all-time-lows:88e960386e503796,0.72,0.82,short,2026-05-05T04:20:34+00:00,2026-05-05T04:20:34+00:00,,fanout_0018,41,candidate_expire_duplicate_fanout,dry_run_expire
1749,SN,catalyst,Atlassian's better-than-expected results,active,expired,commentary:youtube_transcript,youtube_transcript:asx-daily-rundown-atlassian-lifts-tech-a2-milk-recall-shock-accent-group-all-time-lows:88e960386e503796,0.72,0.82,short,2026-05-05T04:20:34+00:00,2026-05-05T04:20:34+00:00,,fanout_0018,41,candidate_expire_duplicate_fanout,dry_run_expire
1750,LION,catalyst,Atlassian's better-than-expected results,active,expired,commentary:youtube_transcript,youtube_transcript:asx-daily-rundown-atlassian-lifts-tech-a2-milk-recall-shock-accent-group-all-time-lows:88e960386e503796,0.72,0.82,short,2026-05-05T04:20:34+00:00,2026-05-05T04:20:34+00:00,,fanout_0018,41,candidate_expire_duplicate_fanout,dry_run_expire
1776,ASX,catalyst,Pettimed's capital raising at 1 cent per share,active,expired,commentary:youtube_transcript,youtube_transcript:asx-daily-rundown-atlassian-lifts-tech-a2-milk-recall-shock-accent-group-all-time-lows:88e960386e503796,0.79,0.91,short,2026-05-05T04:20:50+00:00,2026-05-05T04:20:50+00:00,,fanout_0001,67,candidate_expire_duplicate_fanout,dry_run_expire
1777,TXT,catalyst,Pettimed's capital raising at 1 cent per share,active,expired,commentary:youtube_transcript,youtube_transcript:asx-daily-rundown-atlassian-lifts-tech-a2-milk-recall-shock-accent-group-all-time-lows:88e960386e503796,0.79,0.91,short,2026-05-05T04:20:50+00:00,2026-05-05T04:20:50+00:00,,fanout_0001,67,candidate_expire_duplicate_fanout,dry_run_expire
1778,XTX,catalyst,Pettimed's capital raising at 1 cent per share,active,expired,commentary:youtube_transcript,youtube_transcript:asx-daily-rundown-atlassian-lifts-tech-a2-milk-recall-shock-accent-group-all-time-lows:88e960386e503796,0.79,0.91,short,2026-05-05T04:20:50+00:00,2026-05-05T04:20:50+00:00,,fanout_0001,67,candidate_expire_duplicate_fanout,dry_run_expire
1779,A2M,catalyst,Pettimed's capital raising at 1 cent per share,active,expired,commentary:youtube_transcript,youtube_transcript:asx-daily-rundown-atlassian-lifts-tech-a2-milk-recall-shock-accent-group-all-time-lows:88e960386e503796,0.79,0.91,short,2026-05-05T04:20:50+00:00,2026-05-05T04:20:50+00:00,,fanout_0001,67,candidate_expire_duplicate_fanout,dry_run_expire
1780,ENDV,catalyst,Pettimed's capital raising at 1 cent per share,active,expired,commentary:youtube_transcript,youtube_transcript:asx-daily-rundown-atlassian-lifts-tech-a2-milk-recall-shock-accent-group-all-time-lows:88e960386e503796,0.79,0.91,short,2026-05-05T04:20:50+00:00,2026-05-05T04:20:50+00:00,,fanout_0001,67,candidate_expire_duplicate_fanout,dry_run_expire
1781,COH,catalyst,Pettimed's capital raising at 1 cent per share,active,expired,commentary:youtube_transcript,youtube_transcript:asx-daily-rundown-atlassian-lifts-tech-a2-milk-recall-shock-accent-group-all-time-lows:88e960386e503796,0.79,0.91,short,2026-05-05T04:20:51+00:00,2026-05-05T04:20:51+00:00,,fanout_0001,67,candidate_expire_duplicate_fanout,dry_run_expire
1782,BHP,catalyst,Pettimed's capital raising at 1 cent per share,active,expired,commentary:youtube_transcript,youtube_transcript:asx-daily-rundown-atlassian-lifts-tech-a2-milk-recall-shock-accent-group-all-time-lows:88e960386e503796,0.79,0.91,short,2026-05-05T04:20:51+00:00,2026-05-05T04:20:51+00:00,,fanout_0001,67,candidate_expire_duplicate_fanout,dry_run_expire
1783,WES,catalyst,Pettimed's capital raising at 1 cent per share,active,expired,commentary:youtube_transcript,youtube_transcript:asx-daily-rundown-atlassian-lifts-tech-a2-milk-recall-shock-accent-group-all-time-lows:88e960386e503796,0.79,0.91,short,2026-05-05T04:20:51+00:00,2026-05-05T04:20:51+00:00,,fanout_0001,67,candidate_expire_duplicate_fanout,dry_run_expire
1784,NAB,catalyst,Pettimed's capital raising at 1 cent per share,active,expired,commentary:youtube_transcript,youtube_transcript:asx-daily-rundown-atlassian-lifts-tech-a2-milk-recall-shock-accent-group-all-time-lows:88e960386e503796,0.79,0.91,short,2026-05-05T04:20:52+00:00,2026-05-05T04:20:52+00:00,,fanout_0001,67,candidate_expire_duplicate_fanout,dry_run_expire
1785,WBC,catalyst,Pettimed's capital raising at 1 cent per share,active,expired,commentary:youtube_transcript,youtube_transcript:asx-daily-rundown-atlassian-lifts-tech-a2-milk-recall-shock-accent-group-all-time-lows:88e960386e503796,0.79,0.91,short,2026-05-05T04:20:53+00:00,2026-05-05T04:20:53+00:00,,fanout_0001,67,candidate_expire_duplicate_fanout,dry_run_expire
1786,KEYP,catalyst,Pettimed's capital raising at 1 cent per share,active,expired,commentary:youtube_transcript,youtube_transcript:asx-daily-rundown-atlassian-lifts-tech-a2-milk-recall-shock-accent-group-all-time-lows:88e960386e503796,0.79,0.91,short,2026-05-05T04:20:53+00:00,2026-05-05T04:20:53+00:00,,fanout_0001,67,candidate_expire_duplicate_fanout,dry_run_expire
1787,GCMC,catalyst,Pettimed's capital raising at 1 cent per share,active,expired,commentary:youtube_transcript,youtube_transcript:asx-daily-rundown-atlassian-lifts-tech-a2-milk-recall-shock-accent-group-all-time-lows:88e960386e503796,0.79,0.91,short,2026-05-05T04:20:53+00:00,2026-05-05T04:20:53+00:00,,fanout_0001,67,candidate_expire_duplicate_fanout,dry_run_expire
1788,MARINO,catalyst,Pettimed's capital raising at 1 cent per share,active,expired,commentary:youtube_transcript,youtube_transcript:asx-daily-rundown-atlassian-lifts-tech-a2-milk-recall-shock-accent-group-all-time-lows:88e960386e503796,0.79,0.91,short,2026-05-05T04:20:53+00:00,2026-05-05T04:20:53+00:00,,fanout_0001,67,candidate_expire_duplicate_fanout,dry_run_expire
1789,CLAR,catalyst,Pettimed's capital raising at 1 cent per share,active,expired,commentary:youtube_transcript,youtube_transcript:asx-daily-rundown-atlassian-lifts-tech-a2-milk-recall-shock-accent-group-all-time-lows:88e960386e503796,0.79,0.91,short,2026-05-05T04:20:53+00:00,2026-05-05T04:20:53+00:00,,fanout_0001,67,candidate_expire_duplicate_fanout,dry_run_expire
1790,WIN,catalyst,Pettimed's capital raising at 1 cent per share,active,expired,commentary:youtube_transcript,youtube_transcript:asx-daily-rundown-atlassian-lifts-tech-a2-milk-recall-shock-accent-group-all-time-lows:88e960386e503796,0.79,0.91,short,2026-05-05T04:20:54+00:00,2026-05-05T04:20:54+00:00,,fanout_0001,67,candidate_expire_duplicate_fanout,dry_run_expire
1791,LIVN,catalyst,Pettimed's capital raising at 1 cent per share,active,expired,commentary:youtube_transcript,youtube_transcript:asx-daily-rundown-atlassian-lifts-tech-a2-milk-recall-shock-accent-group-all-time-lows:88e960386e503796,0.79,0.91,short,2026-05-05T04:20:54+00:00,2026-05-05T04:20:54+00:00,,fanout_0001,67,candidate_expire_duplicate_fanout,dry_run_expire
1792,SKT,catalyst,Pettimed's capital raising at 1 cent per share,active,expired,commentary:youtube_transcript,youtube_transcript:asx-daily-rundown-atlassian-lifts-tech-a2-milk-recall-shock-accent-group-all-time-lows:88e960386e503796,0.79,0.91,short,2026-05-05T04:20:54+00:00,2026-05-05T04:20:54+00:00,,fanout_0001,67,candidate_expire_duplicate_fanout,dry_run_expire
1793,VCE,catalyst,Pettimed's capital raising at 1 cent per share,active,expired,commentary:youtube_transcript,youtube_transcript:asx-daily-rundown-atlassian-lifts-tech-a2-milk-recall-shock-accent-group-all-time-lows:88e960386e503796,0.79,0.91,short,2026-05-05T04:20:54+00:00,2026-05-05T04:20:54+00:00,,fanout_0001,67,candidate_expire_duplicate_fanout,dry_run_expire
1794,SN,catalyst,Pettimed's capital raising at 1 cent per share,active,expired,commentary:youtube_transcript,youtube_transcript:asx-daily-rundown-atlassian-lifts-tech-a2-milk-recall-shock-accent-group-all-time-lows:88e960386e503796,0.79,0.91,short,2026-05-05T04:20:55+00:00,2026-05-05T04:20:55+00:00,,fanout_0001,67,candidate_expire_duplicate_fanout,dry_run_expire
1795,LION,catalyst,Pettimed's capital raising at 1 cent per share,active,expired,commentary:youtube_transcript,youtube_transcript:asx-daily-rundown-atlassian-lifts-tech-a2-milk-recall-shock-accent-group-all-time-lows:88e960386e503796,0.79,0.91,short,2026-05-05T04:20:55+00:00,2026-05-05T04:20:55+00:00,,fanout_0001,67,candidate_expire_duplicate_fanout,dry_run_expire
1797,INDE,catalyst,Pettimed's capital raising at 1 cent per share,active,expired,commentary:youtube_transcript,youtube_transcript:asx-daily-rundown-atlassian-lifts-tech-a2-milk-recall-shock-accent-group-all-time-lows:88e960386e503796,0.79,0.91,short,2026-05-05T04:20:56+00:00,2026-05-05T04:20:56+00:00,,fanout_0001,67,candidate_expire_duplicate_fanout,dry_run_expire
1798,C79,catalyst,Pettimed's capital raising at 1 cent per share,active,expired,commentary:youtube_transcript,youtube_transcript:asx-daily-rundown-atlassian-lifts-tech-a2-milk-recall-shock-accent-group-all-time-lows:88e960386e503796,0.79,0.91,short,2026-05-05T04:20:56+00:00,2026-05-05T04:20:56+00:00,,fanout_0001,67,candidate_expire_duplicate_fanout,dry_run_expire
1799,A2 MILK,catalyst,Pettimed's capital raising at 1 cent per share,active,expired,commentary:youtube_transcript,youtube_transcript:asx-daily-rundown-atlassian-lifts-tech-a2-milk-recall-shock-accent-group-all-time-lows:88e960386e503796,0.79,0.91,short,2026-05-05T04:20:56+00:00,2026-05-05T04:20:56+00:00,,fanout_0001,67,candidate_expire_duplicate_fanout,dry_run_expire
1800,ACCENT GROUP,catalyst,Pettimed's capital raising at 1 cent per share,active,expired,commentary:youtube_transcript,youtube_transcript:asx-daily-rundown-atlassian-lifts-tech-a2-milk-recall-shock-accent-group-all-time-lows:88e960386e503796,0.79,0.91,short,2026-05-05T04:20:56+00:00,2026-05-05T04:20:56+00:00,,fanout_0001,67,candidate_expire_duplicate_fanout,dry_run_expire
1801,ASX,catalyst,Chrysos Corporation's guidance towards the upper end of their range,active,expired,commentary:youtube_transcript,youtube_transcript:asx-daily-rundown-atlassian-lifts-tech-a2-milk-recall-shock-accent-group-all-time-lows:88e960386e503796,0.74,0.86,short,2026-05-05T04:20:56+00:00,2026-05-05T04:20:56+00:00,,fanout_0038,25,candidate_expire_duplicate_fanout,dry_run_expire
1802,TXT,catalyst,Chrysos Corporation's guidance towards the upper end of their range,active,expired,commentary:youtube_transcript,youtube_transcript:asx-daily-rundown-atlassian-lifts-tech-a2-milk-recall-shock-accent-group-all-time-lows:88e960386e503796,0.74,0.86,short,2026-05-05T04:20:56+00:00,2026-05-05T04:20:56+00:00,,fanout_0038,25,candidate_expire_duplicate_fanout,dry_run_expire
1803,XTX,catalyst,Chrysos Corporation's guidance towards the upper end of their range,active,expired,commentary:youtube_transcript,youtube_transcript:asx-daily-rundown-atlassian-lifts-tech-a2-milk-recall-shock-accent-group-all-time-lows:88e960386e503796,0.74,0.86,short,2026-05-05T04:20:58+00:00,2026-05-05T04:20:58+00:00,,fanout_0038,25,candidate_expire_duplicate_fanout,dry_run_expire
1804,A2M,catalyst,Chrysos Corporation's guidance towards the upper end of their range,active,expired,commentary:youtube_transcript,youtube_transcript:asx-daily-rundown-atlassian-lifts-tech-a2-milk-recall-shock-accent-group-all-time-lows:88e960386e503796,0.74,0.86,short,2026-05-05T04:20:58+00:00,2026-05-05T04:20:58+00:00,,fanout_0038,25,candidate_expire_duplicate_fanout,dry_run_expire
1805,ENDV,catalyst,Chrysos Corporation's guidance towards the upper end of their range,active,expired,commentary:youtube_transcript,youtube_transcript:asx-daily-rundown-atlassian-lifts-tech-a2-milk-recall-shock-accent-group-all-time-lows:88e960386e503796,0.74,0.86,short,2026-05-05T04:20:58+00:00,2026-05-05T04:20:58+00:00,,fanout_0038,25,candidate_expire_duplicate_fanout,dry_run_expire
1806,COH,catalyst,Chrysos Corporation's guidance towards the upper end of their range,active,expired,commentary:youtube_transcript,youtube_transcript:asx-daily-rundown-atlassian-lifts-tech-a2-milk-recall-shock-accent-group-all-time-lows:88e960386e503796,0.74,0.86,short,2026-05-05T04:20:58+00:00,2026-05-05T04:20:58+00:00,,fanout_0038,25,candidate_expire_duplicate_fanout,dry_run_expire
1807,BHP,catalyst,Chrysos Corporation's guidance towards the upper end of their range,active,expired,commentary:youtube_transcript,youtube_transcript:asx-daily-rundown-atlassian-lifts-tech-a2-milk-recall-shock-accent-group-all-time-lows:88e960386e503796,0.74,0.86,short,2026-05-05T04:20:59+00:00,2026-05-05T04:20:59+00:00,,fanout_0038,25,candidate_expire_duplicate_fanout,dry_run_expire
1808,WES,catalyst,Chrysos Corporation's guidance towards the upper end of their range,active,expired,commentary:youtube_transcript,youtube_transcript:asx-daily-rundown-atlassian-lifts-tech-a2-milk-recall-shock-accent-group-all-time-lows:88e960386e503796,0.74,0.86,short,2026-05-05T04:20:59+00:00,2026-05-05T04:20:59+00:00,,fanout_0038,25,candidate_expire_duplicate_fanout,dry_run_expire
1809,NAB,catalyst,Chrysos Corporation's guidance towards the upper end of their range,active,expired,commentary:youtube_transcript,youtube_transcript:asx-daily-rundown-atlassian-lifts-tech-a2-milk-recall-shock-accent-group-all-time-lows:88e960386e503796,0.74,0.86,short,2026-05-05T04:20:59+00:00,2026-05-05T04:20:59+00:00,,fanout_0038,25,candidate_expire_duplicate_fanout,dry_run_expire
1810,WBC,catalyst,Chrysos Corporation's guidance towards the upper end of their range,active,expired,commentary:youtube_transcript,youtube_transcript:asx-daily-rundown-atlassian-lifts-tech-a2-milk-recall-shock-accent-group-all-time-lows:88e960386e503796,0.74,0.86,short,2026-05-05T04:20:59+00:00,2026-05-05T04:20:59+00:00,,fanout_0038,25,candidate_expire_duplicate_fanout,dry_run_expire
1811,KEYP,catalyst,Chrysos Corporation's guidance towards the upper end of their range,active,expired,commentary:youtube_transcript,youtube_transcript:asx-daily-rundown-atlassian-lifts-tech-a2-milk-recall-shock-accent-group-all-time-lows:88e960386e503796,0.74,0.86,short,2026-05-05T04:21:00+00:00,2026-05-05T04:21:00+00:00,,fanout_0038,25,candidate_expire_duplicate_fanout,dry_run_expire
1813,MARINO,catalyst,Chrysos Corporation's guidance towards the upper end of their range,active,expired,commentary:youtube_transcript,youtube_transcript:asx-daily-rundown-atlassian-lifts-tech-a2-milk-recall-shock-accent-group-all-time-lows:88e960386e503796,0.74,0.86,short,2026-05-05T04:21:01+00:00,2026-05-05T04:21:01+00:00,,fanout_0038,25,candidate_expire_duplicate_fanout,dry_run_expire
1814,CLAR,catalyst,Chrysos Corporation's guidance towards the upper end of their range,active,expired,commentary:youtube_transcript,youtube_transcript:asx-daily-rundown-atlassian-lifts-tech-a2-milk-recall-shock-accent-group-all-time-lows:88e960386e503796,0.74,0.86,short,2026-05-05T04:21:01+00:00,2026-05-05T04:21:01+00:00,,fanout_0038,25,candidate_expire_duplicate_fanout,dry_run_expire
1815,WIN,catalyst,Chrysos Corporation's guidance towards the upper end of their range,active,expired,commentary:youtube_transcript,youtube_transcript:asx-daily-rundown-atlassian-lifts-tech-a2-milk-recall-shock-accent-group-all-time-lows:88e960386e503796,0.74,0.86,short,2026-05-05T04:21:01+00:00,2026-05-05T04:21:01+00:00,,fanout_0038,25,candidate_expire_duplicate_fanout,dry_run_expire
1816,LIVN,catalyst,Chrysos Corporation's guidance towards the upper end of their range,active,expired,commentary:youtube_transcript,youtube_transcript:asx-daily-rundown-atlassian-lifts-tech-a2-milk-recall-shock-accent-group-all-time-lows:88e960386e503796,0.74,0.86,short,2026-05-05T04:21:01+00:00,2026-05-05T04:21:01+00:00,,fanout_0038,25,candidate_expire_duplicate_fanout,dry_run_expire
1817,SKT,catalyst,Chrysos Corporation's guidance towards the upper end of their range,active,expired,commentary:youtube_transcript,youtube_transcript:asx-daily-rundown-atlassian-lifts-tech-a2-milk-recall-shock-accent-group-all-time-lows:88e960386e503796,0.74,0.86,short,2026-05-05T04:21:02+00:00,2026-05-05T04:21:02+00:00,,fanout_0038,25,candidate_expire_duplicate_fanout,dry_run_expire
1818,VCE,catalyst,Chrysos Corporation's guidance towards the upper end of their range,active,expired,commentary:youtube_transcript,youtube_transcript:asx-daily-rundown-atlassian-lifts-tech-a2-milk-recall-shock-accent-group-all-time-lows:88e960386e503796,0.74,0.86,short,2026-05-05T04:21:02+00:00,2026-05-05T04:21:02+00:00,,fanout_0038,25,candidate_expire_duplicate_fanout,dry_run_expire
1819,SN,catalyst,Chrysos Corporation's guidance towards the upper end of their range,active,expired,commentary:youtube_transcript,youtube_transcript:asx-daily-rundown-atlassian-lifts-tech-a2-milk-recall-shock-accent-group-all-time-lows:88e960386e503796,0.74,0.86,short,2026-05-05T04:21:03+00:00,2026-05-05T04:21:03+00:00,,fanout_0038,25,candidate_expire_duplicate_fanout,dry_run_expire
1820,LION,catalyst,Chrysos Corporation's guidance towards the upper end of their range,active,expired,commentary:youtube_transcript,youtube_transcript:asx-daily-rundown-atlassian-lifts-tech-a2-milk-recall-shock-accent-group-all-time-lows:88e960386e503796,0.74,0.86,short,2026-05-05T04:21:04+00:00,2026-05-05T04:21:04+00:00,,fanout_0038,25,candidate_expire_duplicate_fanout,dry_run_expire
1821,PETT,catalyst,Chrysos Corporation's guidance towards the upper end of their range,active,expired,commentary:youtube_transcript,youtube_transcript:asx-daily-rundown-atlassian-lifts-tech-a2-milk-recall-shock-accent-group-all-time-lows:88e960386e503796,0.74,0.86,short,2026-05-05T04:21:04+00:00,2026-05-05T04:21:04+00:00,,fanout_0038,25,candidate_expire_duplicate_fanout,dry_run_expire
1822,INDE,catalyst,Chrysos Corporation's guidance towards the upper end of their range,active,expired,commentary:youtube_transcript,youtube_transcript:asx-daily-rundown-atlassian-lifts-tech-a2-milk-recall-shock-accent-group-all-time-lows:88e960386e503796,0.74,0.86,short,2026-05-05T04:21:05+00:00,2026-05-05T04:21:05+00:00,,fanout_0038,25,candidate_expire_duplicate_fanout,dry_run_expire
1824,A2 MILK,catalyst,Chrysos Corporation's guidance towards the upper end of their range,active,expired,commentary:youtube_transcript,youtube_transcript:asx-daily-rundown-atlassian-lifts-tech-a2-milk-recall-shock-accent-group-all-time-lows:88e960386e503796,0.74,0.86,short,2026-05-05T04:21:05+00:00,2026-05-05T04:21:05+00:00,,fanout_0038,25,candidate_expire_duplicate_fanout,dry_run_expire
1825,ACCENT GROUP,catalyst,Chrysos Corporation's guidance towards the upper end of their range,active,expired,commentary:youtube_transcript,youtube_transcript:asx-daily-rundown-atlassian-lifts-tech-a2-milk-recall-shock-accent-group-all-time-lows:88e960386e503796,0.74,0.86,short,2026-05-05T04:21:05+00:00,2026-05-05T04:21:05+00:00,,fanout_0038,25,candidate_expire_duplicate_fanout,dry_run_expire
1826,ASX,catalyst,A2 MILK's voluntary recall of three batches of A2 Platinum USA label infant milk formula,active,expired,commentary:youtube_transcript,youtube_transcript:asx-daily-rundown-atlassian-lifts-tech-a2-milk-recall-shock-accent-group-all-time-lows:88e960386e503796,0.74,0.82,short,2026-05-05T04:21:06+00:00,2026-05-05T04:21:06+00:00,,fanout_0036,25,candidate_expire_duplicate_fanout,dry_run_expire
1827,TXT,catalyst,A2 MILK's voluntary recall of three batches of A2 Platinum USA label infant milk formula,active,expired,commentary:youtube_transcript,youtube_transcript:asx-daily-rundown-atlassian-lifts-tech-a2-milk-recall-shock-accent-group-all-time-lows:88e960386e503796,0.74,0.82,short,2026-05-05T04:21:06+00:00,2026-05-05T04:21:06+00:00,,fanout_0036,25,candidate_expire_duplicate_fanout,dry_run_expire
1828,XTX,catalyst,A2 MILK's voluntary recall of three batches of A2 Platinum USA label infant milk formula,active,expired,commentary:youtube_transcript,youtube_transcript:asx-daily-rundown-atlassian-lifts-tech-a2-milk-recall-shock-accent-group-all-time-lows:88e960386e503796,0.74,0.82,short,2026-05-05T04:21:06+00:00,2026-05-05T04:21:06+00:00,,fanout_0036,25,candidate_expire_duplicate_fanout,dry_run_expire
1830,ENDV,catalyst,A2 MILK's voluntary recall of three batches of A2 Platinum USA label infant milk formula,active,expired,commentary:youtube_transcript,youtube_transcript:asx-daily-rundown-atlassian-lifts-tech-a2-milk-recall-shock-accent-group-all-time-lows:88e960386e503796,0.74,0.82,short,2026-05-05T04:21:06+00:00,2026-05-05T04:21:06+00:00,,fanout_0036,25,candidate_expire_duplicate_fanout,dry_run_expire
1831,COH,catalyst,A2 MILK's voluntary recall of three batches of A2 Platinum USA label infant milk formula,active,expired,commentary:youtube_transcript,youtube_transcript:asx-daily-rundown-atlassian-lifts-tech-a2-milk-recall-shock-accent-group-all-time-lows:88e960386e503796,0.74,0.82,short,2026-05-05T04:21:06+00:00,2026-05-05T04:21:06+00:00,,fanout_0036,25,candidate_expire_duplicate_fanout,dry_run_expire
1832,BHP,catalyst,A2 MILK's voluntary recall of three batches of A2 Platinum USA label infant milk formula,active,expired,commentary:youtube_transcript,youtube_transcript:asx-daily-rundown-atlassian-lifts-tech-a2-milk-recall-shock-accent-group-all-time-lows:88e960386e503796,0.74,0.82,short,2026-05-05T04:21:07+00:00,2026-05-05T04:21:07+00:00,,fanout_0036,25,candidate_expire_duplicate_fanout,dry_run_expire
1833,WES,catalyst,A2 MILK's voluntary recall of three batches of A2 Platinum USA label infant milk formula,active,expired,commentary:youtube_transcript,youtube_transcript:asx-daily-rundown-atlassian-lifts-tech-a2-milk-recall-shock-accent-group-all-time-lows:88e960386e503796,0.74,0.82,short,2026-05-05T04:21:08+00:00,2026-05-05T04:21:08+00:00,,fanout_0036,25,candidate_expire_duplicate_fanout,dry_run_expire
1834,NAB,catalyst,A2 MILK's voluntary recall of three batches of A2 Platinum USA label infant milk formula,active,expired,commentary:youtube_transcript,youtube_transcript:asx-daily-rundown-atlassian-lifts-tech-a2-milk-recall-shock-accent-group-all-time-lows:88e960386e503796,0.74,0.82,short,2026-05-05T04:21:08+00:00,2026-05-05T04:21:08+00:00,,fanout_0036,25,candidate_expire_duplicate_fanout,dry_run_expire
1835,WBC,catalyst,A2 MILK's voluntary recall of three batches of A2 Platinum USA label infant milk formula,active,expired,commentary:youtube_transcript,youtube_transcript:asx-daily-rundown-atlassian-lifts-tech-a2-milk-recall-shock-accent-group-all-time-lows:88e960386e503796,0.74,0.82,short,2026-05-05T04:21:08+00:00,2026-05-05T04:21:08+00:00,,fanout_0036,25,candidate_expire_duplicate_fanout,dry_run_expire
1836,KEYP,catalyst,A2 MILK's voluntary recall of three batches of A2 Platinum USA label infant milk formula,active,expired,commentary:youtube_transcript,youtube_transcript:asx-daily-rundown-atlassian-lifts-tech-a2-milk-recall-shock-accent-group-all-time-lows:88e960386e503796,0.74,0.82,short,2026-05-05T04:21:08+00:00,2026-05-05T04:21:08+00:00,,fanout_0036,25,candidate_expire_duplicate_fanout,dry_run_expire
1837,GCMC,catalyst,A2 MILK's voluntary recall of three batches of A2 Platinum USA label infant milk formula,active,expired,commentary:youtube_transcript,youtube_transcript:asx-daily-rundown-atlassian-lifts-tech-a2-milk-recall-shock-accent-group-all-time-lows:88e960386e503796,0.74,0.82,short,2026-05-05T04:21:08+00:00,2026-05-05T04:21:08+00:00,,fanout_0036,25,candidate_expire_duplicate_fanout,dry_run_expire
1838,MARINO,catalyst,A2 MILK's voluntary recall of three batches of A2 Platinum USA label infant milk formula,active,expired,commentary:youtube_transcript,youtube_transcript:asx-daily-rundown-atlassian-lifts-tech-a2-milk-recall-shock-accent-group-all-time-lows:88e960386e503796,0.74,0.82,short,2026-05-05T04:21:09+00:00,2026-05-05T04:21:09+00:00,,fanout_0036,25,candidate_expire_duplicate_fanout,dry_run_expire
1839,CLAR,catalyst,A2 MILK's voluntary recall of three batches of A2 Platinum USA label infant milk formula,active,expired,commentary:youtube_transcript,youtube_transcript:asx-daily-rundown-atlassian-lifts-tech-a2-milk-recall-shock-accent-group-all-time-lows:88e960386e503796,0.74,0.82,short,2026-05-05T04:21:09+00:00,2026-05-05T04:21:09+00:00,,fanout_0036,25,candidate_expire_duplicate_fanout,dry_run_expire
1840,WIN,catalyst,A2 MILK's voluntary recall of three batches of A2 Platinum USA label infant milk formula,active,expired,commentary:youtube_transcript,youtube_transcript:asx-daily-rundown-atlassian-lifts-tech-a2-milk-recall-shock-accent-group-all-time-lows:88e960386e503796,0.74,0.82,short,2026-05-05T04:21:09+00:00,2026-05-05T04:21:09+00:00,,fanout_0036,25,candidate_expire_duplicate_fanout,dry_run_expire
1841,LIVN,catalyst,A2 MILK's voluntary recall of three batches of A2 Platinum USA label infant milk formula,active,expired,commentary:youtube_transcript,youtube_transcript:asx-daily-rundown-atlassian-lifts-tech-a2-milk-recall-shock-accent-group-all-time-lows:88e960386e503796,0.74,0.82,short,2026-05-05T04:21:10+00:00,2026-05-05T04:21:10+00:00,,fanout_0036,25,candidate_expire_duplicate_fanout,dry_run_expire
1842,SKT,catalyst,A2 MILK's voluntary recall of three batches of A2 Platinum USA label infant milk formula,active,expired,commentary:youtube_transcript,youtube_transcript:asx-daily-rundown-atlassian-lifts-tech-a2-milk-recall-shock-accent-group-all-time-lows:88e960386e503796,0.74,0.82,short,2026-05-05T04:21:10+00:00,2026-05-05T04:21:10+00:00,,fanout_0036,25,candidate_expire_duplicate_fanout,dry_run_expire
1843,VCE,catalyst,A2 MILK's voluntary recall of three batches of A2 Platinum USA label infant milk formula,active,expired,commentary:youtube_transcript,youtube_transcript:asx-daily-rundown-atlassian-lifts-tech-a2-milk-recall-shock-accent-group-all-time-lows:88e960386e503796,0.74,0.82,short,2026-05-05T04:21:10+00:00,2026-05-05T04:21:10+00:00,,fanout_0036,25,candidate_expire_duplicate_fanout,dry_run_expire
1844,SN,catalyst,A2 MILK's voluntary recall of three batches of A2 Platinum USA label infant milk formula,active,expired,commentary:youtube_transcript,youtube_transcript:asx-daily-rundown-atlassian-lifts-tech-a2-milk-recall-shock-accent-group-all-time-lows:88e960386e503796,0.74,0.82,short,2026-05-05T04:21:11+00:00,2026-05-05T04:21:11+00:00,,fanout_0036,25,candidate_expire_duplicate_fanout,dry_run_expire
1845,LION,catalyst,A2 MILK's voluntary recall of three batches of A2 Platinum USA label infant milk formula,active,expired,commentary:youtube_transcript,youtube_transcript:asx-daily-rundown-atlassian-lifts-tech-a2-milk-recall-shock-accent-group-all-time-lows:88e960386e503796,0.74,0.82,short,2026-05-05T04:21:11+00:00,2026-05-05T04:21:11+00:00,,fanout_0036,25,candidate_expire_duplicate_fanout,dry_run_expire
1846,PETT,catalyst,A2 MILK's voluntary recall of three batches of A2 Platinum USA label infant milk formula,active,expired,commentary:youtube_transcript,youtube_transcript:asx-daily-rundown-atlassian-lifts-tech-a2-milk-recall-shock-accent-group-all-time-lows:88e960386e503796,0.74,0.82,short,2026-05-05T04:21:11+00:00,2026-05-05T04:21:11+00:00,,fanout_0036,25,candidate_expire_duplicate_fanout,dry_run_expire
1847,INDE,catalyst,A2 MILK's voluntary recall of three batches of A2 Platinum USA label infant milk formula,active,expired,commentary:youtube_transcript,youtube_transcript:asx-daily-rundown-atlassian-lifts-tech-a2-milk-recall-shock-accent-group-all-time-lows:88e960386e503796,0.74,0.82,short,2026-05-05T04:21:11+00:00,2026-05-05T04:21:11+00:00,,fanout_0036,25,candidate_expire_duplicate_fanout,dry_run_expire
1848,C79,catalyst,A2 MILK's voluntary recall of three batches of A2 Platinum USA label infant milk formula,active,expired,commentary:youtube_transcript,youtube_transcript:asx-daily-rundown-atlassian-lifts-tech-a2-milk-recall-shock-accent-group-all-time-lows:88e960386e503796,0.74,0.82,short,2026-05-05T04:21:11+00:00,2026-05-05T04:21:11+00:00,,fanout_0036,25,candidate_expire_duplicate_fanout,dry_run_expire
1850,ACCENT GROUP,catalyst,A2 MILK's voluntary recall of three batches of A2 Platinum USA label infant milk formula,active,expired,commentary:youtube_transcript,youtube_transcript:asx-daily-rundown-atlassian-lifts-tech-a2-milk-recall-shock-accent-group-all-time-lows:88e960386e503796,0.74,0.82,short,2026-05-05T04:21:13+00:00,2026-05-05T04:21:13+00:00,,fanout_0036,25,candidate_expire_duplicate_fanout,dry_run_expire
1851,ENDV,catalyst,Voluntary recall of three batches of A2 Platinum USA label infant milk formula manufactured by Liz Sinlay,active,expired,commentary:youtube_transcript,youtube_transcript:asx-daily-rundown-atlassian-lifts-tech-a2-milk-recall-shock-accent-group-all-time-lows:88e960386e503796,0.72,0.82,short,2026-05-05T04:21:14+00:00,2026-05-05T04:21:14+00:00,,fanout_0013,50,candidate_expire_duplicate_fanout,dry_run_expire
1852,KEYP,catalyst,Voluntary recall of three batches of A2 Platinum USA label infant milk formula manufactured by Liz Sinlay,active,expired,commentary:youtube_transcript,youtube_transcript:asx-daily-rundown-atlassian-lifts-tech-a2-milk-recall-shock-accent-group-all-time-lows:88e960386e503796,0.72,0.82,short,2026-05-05T04:21:16+00:00,2026-05-05T04:21:16+00:00,,fanout_0013,50,candidate_expire_duplicate_fanout,dry_run_expire
1853,GCMC,catalyst,Voluntary recall of three batches of A2 Platinum USA label infant milk formula manufactured by Liz Sinlay,active,expired,commentary:youtube_transcript,youtube_transcript:asx-daily-rundown-atlassian-lifts-tech-a2-milk-recall-shock-accent-group-all-time-lows:88e960386e503796,0.72,0.82,short,2026-05-05T04:21:16+00:00,2026-05-05T04:21:16+00:00,,fanout_0013,50,candidate_expire_duplicate_fanout,dry_run_expire
1854,MARINO,catalyst,Voluntary recall of three batches of A2 Platinum USA label infant milk formula manufactured by Liz Sinlay,active,expired,commentary:youtube_transcript,youtube_transcript:asx-daily-rundown-atlassian-lifts-tech-a2-milk-recall-shock-accent-group-all-time-lows:88e960386e503796,0.72,0.82,short,2026-05-05T04:21:16+00:00,2026-05-05T04:21:16+00:00,,fanout_0013,50,candidate_expire_duplicate_fanout,dry_run_expire
1855,CLAR,catalyst,Voluntary recall of three batches of A2 Platinum USA label infant milk formula manufactured by Liz Sinlay,active,expired,commentary:youtube_transcript,youtube_transcript:asx-daily-rundown-atlassian-lifts-tech-a2-milk-recall-shock-accent-group-all-time-lows:88e960386e503796,0.72,0.82,short,2026-05-05T04:21:16+00:00,2026-05-05T04:21:16+00:00,,fanout_0013,50,candidate_expire_duplicate_fanout,dry_run_expire
1856,LIVN,catalyst,Voluntary recall of three batches of A2 Platinum USA label infant milk formula manufactured by Liz Sinlay,active,expired,commentary:youtube_transcript,youtube_transcript:asx-daily-rundown-atlassian-lifts-tech-a2-milk-recall-shock-accent-group-all-time-lows:88e960386e503796,0.72,0.82,short,2026-05-05T04:21:17+00:00,2026-05-05T04:21:17+00:00,,fanout_0013,50,candidate_expire_duplicate_fanout,dry_run_expire
1857,SN,catalyst,Voluntary recall of three batches of A2 Platinum USA label infant milk formula manufactured by Liz Sinlay,active,expired,commentary:youtube_transcript,youtube_transcript:asx-daily-rundown-atlassian-lifts-tech-a2-milk-recall-shock-accent-group-all-time-lows:88e960386e503796,0.72,0.82,short,2026-05-05T04:21:18+00:00,2026-05-05T04:21:18+00:00,,fanout_0013,50,candidate_expire_duplicate_fanout,dry_run_expire
1858,LION,catalyst,Voluntary recall of three batches of A2 Platinum USA label infant milk formula manufactured by Liz Sinlay,active,expired,commentary:youtube_transcript,youtube_transcript:asx-daily-rundown-atlassian-lifts-tech-a2-milk-recall-shock-accent-group-all-time-lows:88e960386e503796,0.72,0.82,short,2026-05-05T04:21:18+00:00,2026-05-05T04:21:18+00:00,,fanout_0013,50,candidate_expire_duplicate_fanout,dry_run_expire
1859,ENDV,catalyst,ACCENT GROUP's downgrade announcement,active,expired,commentary:youtube_transcript,youtube_transcript:asx-daily-rundown-atlassian-lifts-tech-a2-milk-recall-shock-accent-group-all-time-lows:88e960386e503796,0.72,0.91,short,2026-05-05T04:21:21+00:00,2026-05-05T04:21:21+00:00,,fanout_0004,50,candidate_expire_duplicate_fanout,dry_run_expire
1860,KEYP,catalyst,ACCENT GROUP's downgrade announcement,active,expired,commentary:youtube_transcript,youtube_transcript:asx-daily-rundown-atlassian-lifts-tech-a2-milk-recall-shock-accent-group-all-time-lows:88e960386e503796,0.72,0.91,short,2026-05-05T04:21:24+00:00,2026-05-05T04:21:24+00:00,,fanout_0004,50,candidate_expire_duplicate_fanout,dry_run_expire
1861,GCMC,catalyst,ACCENT GROUP's downgrade announcement,active,expired,commentary:youtube_transcript,youtube_transcript:asx-daily-rundown-atlassian-lifts-tech-a2-milk-recall-shock-accent-group-all-time-lows:88e960386e503796,0.72,0.91,short,2026-05-05T04:21:24+00:00,2026-05-05T04:21:24+00:00,,fanout_0004,50,candidate_expire_duplicate_fanout,dry_run_expire
1862,MARINO,catalyst,ACCENT GROUP's downgrade announcement,active,expired,commentary:youtube_transcript,youtube_transcript:asx-daily-rundown-atlassian-lifts-tech-a2-milk-recall-shock-accent-group-all-time-lows:88e960386e503796,0.72,0.91,short,2026-05-05T04:21:24+00:00,2026-05-05T04:21:24+00:00,,fanout_0004,50,candidate_expire_duplicate_fanout,dry_run_expire
1863,CLAR,catalyst,ACCENT GROUP's downgrade announcement,active,expired,commentary:youtube_transcript,youtube_transcript:asx-daily-rundown-atlassian-lifts-tech-a2-milk-recall-shock-accent-group-all-time-lows:88e960386e503796,0.72,0.91,short,2026-05-05T04:21:24+00:00,2026-05-05T04:21:24+00:00,,fanout_0004,50,candidate_expire_duplicate_fanout,dry_run_expire
1864,LIVN,catalyst,ACCENT GROUP's downgrade announcement,active,expired,commentary:youtube_transcript,youtube_transcript:asx-daily-rundown-atlassian-lifts-tech-a2-milk-recall-shock-accent-group-all-time-lows:88e960386e503796,0.72,0.91,short,2026-05-05T04:21:25+00:00,2026-05-05T04:21:25+00:00,,fanout_0004,50,candidate_expire_duplicate_fanout,dry_run_expire
1865,SN,catalyst,ACCENT GROUP's downgrade announcement,active,expired,commentary:youtube_transcript,youtube_transcript:asx-daily-rundown-atlassian-lifts-tech-a2-milk-recall-shock-accent-group-all-time-lows:88e960386e503796,0.72,0.91,short,2026-05-05T04:21:26+00:00,2026-05-05T04:21:26+00:00,,fanout_0004,50,candidate_expire_duplicate_fanout,dry_run_expire
1866,LION,catalyst,ACCENT GROUP's downgrade announcement,active,expired,commentary:youtube_transcript,youtube_transcript:asx-daily-rundown-atlassian-lifts-tech-a2-milk-recall-shock-accent-group-all-time-lows:88e960386e503796,0.72,0.91,short,2026-05-05T04:21:26+00:00,2026-05-05T04:21:26+00:00,,fanout_0004,50,candidate_expire_duplicate_fanout,dry_run_expire
1867,ASX,risk,AI fears affecting Atlassian's share price,active,expired,commentary:youtube_transcript,youtube_transcript:asx-daily-rundown-atlassian-lifts-tech-a2-milk-recall-shock-accent-group-all-time-lows:88e960386e503796,0.74,0.91,short,2026-05-05T04:21:27+00:00,2026-05-05T04:21:27+00:00,,fanout_0037,25,candidate_expire_duplicate_fanout,dry_run_expire
1868,TXT,risk,AI fears affecting Atlassian's share price,active,expired,commentary:youtube_transcript,youtube_transcript:asx-daily-rundown-atlassian-lifts-tech-a2-milk-recall-shock-accent-group-all-time-lows:88e960386e503796,0.74,0.91,short,2026-05-05T04:21:28+00:00,2026-05-05T04:21:28+00:00,,fanout_0037,25,candidate_expire_duplicate_fanout,dry_run_expire
1869,XTX,risk,AI fears affecting Atlassian's share price,active,expired,commentary:youtube_transcript,youtube_transcript:asx-daily-rundown-atlassian-lifts-tech-a2-milk-recall-shock-accent-group-all-time-lows:88e960386e503796,0.74,0.91,short,2026-05-05T04:21:29+00:00,2026-05-05T04:21:29+00:00,,fanout_0037,25,candidate_expire_duplicate_fanout,dry_run_expire
1870,A2M,risk,AI fears affecting Atlassian's share price,active,expired,commentary:youtube_transcript,youtube_transcript:asx-daily-rundown-atlassian-lifts-tech-a2-milk-recall-shock-accent-group-all-time-lows:88e960386e503796,0.74,0.91,short,2026-05-05T04:21:29+00:00,2026-05-05T04:21:29+00:00,,fanout_0037,25,candidate_expire_duplicate_fanout,dry_run_expire
1871,ENDV,risk,AI fears affecting Atlassian's share price,active,expired,commentary:youtube_transcript,youtube_transcript:asx-daily-rundown-atlassian-lifts-tech-a2-milk-recall-shock-accent-group-all-time-lows:88e960386e503796,0.74,0.91,short,2026-05-05T04:21:30+00:00,2026-05-05T04:21:30+00:00,,fanout_0037,25,candidate_expire_duplicate_fanout,dry_run_expire
1872,COH,risk,AI fears affecting Atlassian's share price,active,expired,commentary:youtube_transcript,youtube_transcript:asx-daily-rundown-atlassian-lifts-tech-a2-milk-recall-shock-accent-group-all-time-lows:88e960386e503796,0.74,0.91,short,2026-05-05T04:21:31+00:00,2026-05-05T04:21:31+00:00,,fanout_0037,25,candidate_expire_duplicate_fanout,dry_run_expire
1873,BHP,risk,AI fears affecting Atlassian's share price,active,expired,commentary:youtube_transcript,youtube_transcript:asx-daily-rundown-atlassian-lifts-tech-a2-milk-recall-shock-accent-group-all-time-lows:88e960386e503796,0.74,0.91,short,2026-05-05T04:21:31+00:00,2026-05-05T04:21:31+00:00,,fanout_0037,25,candidate_expire_duplicate_fanout,dry_run_expire
1874,WES,risk,AI fears affecting Atlassian's share price,active,expired,commentary:youtube_transcript,youtube_transcript:asx-daily-rundown-atlassian-lifts-tech-a2-milk-recall-shock-accent-group-all-time-lows:88e960386e503796,0.74,0.91,short,2026-05-05T04:21:32+00:00,2026-05-05T04:21:32+00:00,,fanout_0037,25,candidate_expire_duplicate_fanout,dry_run_expire
1875,NAB,risk,AI fears affecting Atlassian's share price,active,expired,commentary:youtube_transcript,youtube_transcript:asx-daily-rundown-atlassian-lifts-tech-a2-milk-recall-shock-accent-group-all-time-lows:88e960386e503796,0.74,0.91,short,2026-05-05T04:21:32+00:00,2026-05-05T04:21:32+00:00,,fanout_0037,25,candidate_expire_duplicate_fanout,dry_run_expire
1876,WBC,risk,AI fears affecting Atlassian's share price,active,expired,commentary:youtube_transcript,youtube_transcript:asx-daily-rundown-atlassian-lifts-tech-a2-milk-recall-shock-accent-group-all-time-lows:88e960386e503796,0.74,0.91,short,2026-05-05T04:21:33+00:00,2026-05-05T04:21:33+00:00,,fanout_0037,25,candidate_expire_duplicate_fanout,dry_run_expire
1877,KEYP,risk,AI fears affecting Atlassian's share price,active,expired,commentary:youtube_transcript,youtube_transcript:asx-daily-rundown-atlassian-lifts-tech-a2-milk-recall-shock-accent-group-all-time-lows:88e960386e503796,0.74,0.91,short,2026-05-05T04:21:33+00:00,2026-05-05T04:21:33+00:00,,fanout_0037,25,candidate_expire_duplicate_fanout,dry_run_expire
1878,GCMC,risk,AI fears affecting Atlassian's share price,active,expired,commentary:youtube_transcript,youtube_transcript:asx-daily-rundown-atlassian-lifts-tech-a2-milk-recall-shock-accent-group-all-time-lows:88e960386e503796,0.74,0.91,short,2026-05-05T04:21:33+00:00,2026-05-05T04:21:33+00:00,,fanout_0037,25,candidate_expire_duplicate_fanout,dry_run_expire
1879,MARINO,risk,AI fears affecting Atlassian's share price,active,expired,commentary:youtube_transcript,youtube_transcript:asx-daily-rundown-atlassian-lifts-tech-a2-milk-recall-shock-accent-group-all-time-lows:88e960386e503796,0.74,0.91,short,2026-05-05T04:21:33+00:00,2026-05-05T04:21:33+00:00,,fanout_0037,25,candidate_expire_duplicate_fanout,dry_run_expire
1880,CLAR,risk,AI fears affecting Atlassian's share price,active,expired,commentary:youtube_transcript,youtube_transcript:asx-daily-rundown-atlassian-lifts-tech-a2-milk-recall-shock-accent-group-all-time-lows:88e960386e503796,0.74,0.91,short,2026-05-05T04:21:33+00:00,2026-05-05T04:21:33+00:00,,fanout_0037,25,candidate_expire_duplicate_fanout,dry_run_expire
1881,WIN,risk,AI fears affecting Atlassian's share price,active,expired,commentary:youtube_transcript,youtube_transcript:asx-daily-rundown-atlassian-lifts-tech-a2-milk-recall-shock-accent-group-all-time-lows:88e960386e503796,0.74,0.91,short,2026-05-05T04:21:34+00:00,2026-05-05T04:21:34+00:00,,fanout_0037,25,candidate_expire_duplicate_fanout,dry_run_expire
1882,LIVN,risk,AI fears affecting Atlassian's share price,active,expired,commentary:youtube_transcript,youtube_transcript:asx-daily-rundown-atlassian-lifts-tech-a2-milk-recall-shock-accent-group-all-time-lows:88e960386e503796,0.74,0.91,short,2026-05-05T04:21:34+00:00,2026-05-05T04:21:34+00:00,,fanout_0037,25,candidate_expire_duplicate_fanout,dry_run_expire
1883,SKT,risk,AI fears affecting Atlassian's share price,active,expired,commentary:youtube_transcript,youtube_transcript:asx-daily-rundown-atlassian-lifts-tech-a2-milk-recall-shock-accent-group-all-time-lows:88e960386e503796,0.74,0.91,short,2026-05-05T04:21:34+00:00,2026-05-05T04:21:34+00:00,,fanout_0037,25,candidate_expire_duplicate_fanout,dry_run_expire
1884,VCE,risk,AI fears affecting Atlassian's share price,active,expired,commentary:youtube_transcript,youtube_transcript:asx-daily-rundown-atlassian-lifts-tech-a2-milk-recall-shock-accent-group-all-time-lows:88e960386e503796,0.74,0.91,short,2026-05-05T04:21:34+00:00,2026-05-05T04:21:34+00:00,,fanout_0037,25,candidate_expire_duplicate_fanout,dry_run_expire
1885,SN,risk,AI fears affecting Atlassian's share price,active,expired,commentary:youtube_transcript,youtube_transcript:asx-daily-rundown-atlassian-lifts-tech-a2-milk-recall-shock-accent-group-all-time-lows:88e960386e503796,0.74,0.91,short,2026-05-05T04:21:35+00:00,2026-05-05T04:21:35+00:00,,fanout_0037,25,candidate_expire_duplicate_fanout,dry_run_expire
1886,LION,risk,AI fears affecting Atlassian's share price,active,expired,commentary:youtube_transcript,youtube_transcript:asx-daily-rundown-atlassian-lifts-tech-a2-milk-recall-shock-accent-group-all-time-lows:88e960386e503796,0.74,0.91,short,2026-05-05T04:21:35+00:00,2026-05-05T04:21:35+00:00,,fanout_0037,25,candidate_expire_duplicate_fanout,dry_run_expire
1887,PETT,risk,AI fears affecting Atlassian's share price,active,expired,commentary:youtube_transcript,youtube_transcript:asx-daily-rundown-atlassian-lifts-tech-a2-milk-recall-shock-accent-group-all-time-lows:88e960386e503796,0.74,0.91,short,2026-05-05T04:21:36+00:00,2026-05-05T04:21:36+00:00,,fanout_0037,25,candidate_expire_duplicate_fanout,dry_run_expire
1888,INDE,risk,AI fears affecting Atlassian's share price,active,expired,commentary:youtube_transcript,youtube_transcript:asx-daily-rundown-atlassian-lifts-tech-a2-milk-recall-shock-accent-group-all-time-lows:88e960386e503796,0.74,0.91,short,2026-05-05T04:21:36+00:00,2026-05-05T04:21:36+00:00,,fanout_0037,25,candidate_expire_duplicate_fanout,dry_run_expire
1889,C79,risk,AI fears affecting Atlassian's share price,active,expired,commentary:youtube_transcript,youtube_transcript:asx-daily-rundown-atlassian-lifts-tech-a2-milk-recall-shock-accent-group-all-time-lows:88e960386e503796,0.74,0.91,short,2026-05-05T04:21:36+00:00,2026-05-05T04:21:36+00:00,,fanout_0037,25,candidate_expire_duplicate_fanout,dry_run_expire
1890,A2 MILK,risk,AI fears affecting Atlassian's share price,active,expired,commentary:youtube_transcript,youtube_transcript:asx-daily-rundown-atlassian-lifts-tech-a2-milk-recall-shock-accent-group-all-time-lows:88e960386e503796,0.74,0.91,short,2026-05-05T04:21:36+00:00,2026-05-05T04:21:36+00:00,,fanout_0037,25,candidate_expire_duplicate_fanout,dry_run_expire
1891,ACCENT GROUP,risk,AI fears affecting Atlassian's share price,active,expired,commentary:youtube_transcript,youtube_transcript:asx-daily-rundown-atlassian-lifts-tech-a2-milk-recall-shock-accent-group-all-time-lows:88e960386e503796,0.74,0.91,short,2026-05-05T04:21:36+00:00,2026-05-05T04:21:36+00:00,,fanout_0037,25,candidate_expire_duplicate_fanout,dry_run_expire
1893,KEYP,risk,Negative trading updates from A2 MILK and Endeavor Group,active,expired,commentary:youtube_transcript,youtube_transcript:asx-daily-rundown-atlassian-lifts-tech-a2-milk-recall-shock-accent-group-all-time-lows:88e960386e503796,0.74,0.82,short,2026-05-05T04:21:38+00:00,2026-05-05T04:21:38+00:00,,fanout_0011,50,candidate_expire_duplicate_fanout,dry_run_expire
1894,GCMC,risk,Negative trading updates from A2 MILK and Endeavor Group,active,expired,commentary:youtube_transcript,youtube_transcript:asx-daily-rundown-atlassian-lifts-tech-a2-milk-recall-shock-accent-group-all-time-lows:88e960386e503796,0.74,0.82,short,2026-05-05T04:21:39+00:00,2026-05-05T04:21:39+00:00,,fanout_0011,50,candidate_expire_duplicate_fanout,dry_run_expire
1895,MARINO,risk,Negative trading updates from A2 MILK and Endeavor Group,active,expired,commentary:youtube_transcript,youtube_transcript:asx-daily-rundown-atlassian-lifts-tech-a2-milk-recall-shock-accent-group-all-time-lows:88e960386e503796,0.74,0.82,short,2026-05-05T04:21:39+00:00,2026-05-05T04:21:39+00:00,,fanout_0011,50,candidate_expire_duplicate_fanout,dry_run_expire
1896,CLAR,risk,Negative trading updates from A2 MILK and Endeavor Group,active,expired,commentary:youtube_transcript,youtube_transcript:asx-daily-rundown-atlassian-lifts-tech-a2-milk-recall-shock-accent-group-all-time-lows:88e960386e503796,0.74,0.82,short,2026-05-05T04:21:39+00:00,2026-05-05T04:21:39+00:00,,fanout_0011,50,candidate_expire_duplicate_fanout,dry_run_expire
1897,LIVN,risk,Negative trading updates from A2 MILK and Endeavor Group,active,expired,commentary:youtube_transcript,youtube_transcript:asx-daily-rundown-atlassian-lifts-tech-a2-milk-recall-shock-accent-group-all-time-lows:88e960386e503796,0.74,0.82,short,2026-05-05T04:21:39+00:00,2026-05-05T04:21:39+00:00,,fanout_0011,50,candidate_expire_duplicate_fanout,dry_run_expire
1898,SN,risk,Negative trading updates from A2 MILK and Endeavor Group,active,expired,commentary:youtube_transcript,youtube_transcript:asx-daily-rundown-atlassian-lifts-tech-a2-milk-recall-shock-accent-group-all-time-lows:88e960386e503796,0.74,0.82,short,2026-05-05T04:21:39+00:00,2026-05-05T04:21:39+00:00,,fanout_0011,50,candidate_expire_duplicate_fanout,dry_run_expire
1899,LION,risk,Negative trading updates from A2 MILK and Endeavor Group,active,expired,commentary:youtube_transcript,youtube_transcript:asx-daily-rundown-atlassian-lifts-tech-a2-milk-recall-shock-accent-group-all-time-lows:88e960386e503796,0.74,0.82,short,2026-05-05T04:21:40+00:00,2026-05-05T04:21:40+00:00,,fanout_0011,50,candidate_expire_duplicate_fanout,dry_run_expire
1900,ENDV,risk,Over issuance of shares by Pettimed leading to a significant drop in share price,active,expired,commentary:youtube_transcript,youtube_transcript:asx-daily-rundown-atlassian-lifts-tech-a2-milk-recall-shock-accent-group-all-time-lows:88e960386e503796,0.76,0.91,short,2026-05-05T04:21:42+00:00,2026-05-05T04:21:42+00:00,,fanout_0021,34,candidate_expire_duplicate_fanout,dry_run_expire
1901,KEYP,risk,Over issuance of shares by Pettimed leading to a significant drop in share price,active,expired,commentary:youtube_transcript,youtube_transcript:asx-daily-rundown-atlassian-lifts-tech-a2-milk-recall-shock-accent-group-all-time-lows:88e960386e503796,0.76,0.91,short,2026-05-05T04:21:42+00:00,2026-05-05T04:21:42+00:00,,fanout_0021,34,candidate_expire_duplicate_fanout,dry_run_expire
1902,GCMC,risk,Over issuance of shares by Pettimed leading to a significant drop in share price,active,expired,commentary:youtube_transcript,youtube_transcript:asx-daily-rundown-atlassian-lifts-tech-a2-milk-recall-shock-accent-group-all-time-lows:88e960386e503796,0.76,0.91,short,2026-05-05T04:21:42+00:00,2026-05-05T04:21:42+00:00,,fanout_0021,34,candidate_expire_duplicate_fanout,dry_run_expire
1903,MARINO,risk,Over issuance of shares by Pettimed leading to a significant drop in share price,active,expired,commentary:youtube_transcript,youtube_transcript:asx-daily-rundown-atlassian-lifts-tech-a2-milk-recall-shock-accent-group-all-time-lows:88e960386e503796,0.76,0.91,short,2026-05-05T04:21:43+00:00,2026-05-05T04:21:43+00:00,,fanout_0021,34,candidate_expire_duplicate_fanout,dry_run_expire
1904,CLAR,risk,Over issuance of shares by Pettimed leading to a significant drop in share price,active,expired,commentary:youtube_transcript,youtube_transcript:asx-daily-rundown-atlassian-lifts-tech-a2-milk-recall-shock-accent-group-all-time-lows:88e960386e503796,0.76,0.91,short,2026-05-05T04:21:44+00:00,2026-05-05T04:21:44+00:00,,fanout_0021,34,candidate_expire_duplicate_fanout,dry_run_expire
1905,LIVN,risk,Over issuance of shares by Pettimed leading to a significant drop in share price,active,expired,commentary:youtube_transcript,youtube_transcript:asx-daily-rundown-atlassian-lifts-tech-a2-milk-recall-shock-accent-group-all-time-lows:88e960386e503796,0.76,0.91,short,2026-05-05T04:21:44+00:00,2026-05-05T04:21:44+00:00,,fanout_0021,34,candidate_expire_duplicate_fanout,dry_run_expire
1906,SN,risk,Over issuance of shares by Pettimed leading to a significant drop in share price,active,expired,commentary:youtube_transcript,youtube_transcript:asx-daily-rundown-atlassian-lifts-tech-a2-milk-recall-shock-accent-group-all-time-lows:88e960386e503796,0.76,0.91,short,2026-05-05T04:21:44+00:00,2026-05-05T04:21:44+00:00,,fanout_0021,34,candidate_expire_duplicate_fanout,dry_run_expire
1907,LION,risk,Over issuance of shares by Pettimed leading to a significant drop in share price,active,expired,commentary:youtube_transcript,youtube_transcript:asx-daily-rundown-atlassian-lifts-tech-a2-milk-recall-shock-accent-group-all-time-lows:88e960386e503796,0.76,0.91,short,2026-05-05T04:21:44+00:00,2026-05-05T04:21:44+00:00,,fanout_0021,34,candidate_expire_duplicate_fanout,dry_run_expire
1908,ASX,risk,Pettimed's oversupply of shares and poor market reception,active,expired,commentary:youtube_transcript,youtube_transcript:asx-daily-rundown-atlassian-lifts-tech-a2-milk-recall-shock-accent-group-all-time-lows:88e960386e503796,0.76,0.86,short,2026-05-05T04:21:47+00:00,2026-05-05T04:21:47+00:00,,fanout_0041,25,candidate_expire_duplicate_fanout,dry_run_expire
1909,TXT,risk,Pettimed's oversupply of shares and poor market reception,active,expired,commentary:youtube_transcript,youtube_transcript:asx-daily-rundown-atlassian-lifts-tech-a2-milk-recall-shock-accent-group-all-time-lows:88e960386e503796,0.76,0.86,short,2026-05-05T04:21:47+00:00,2026-05-05T04:21:47+00:00,,fanout_0041,25,candidate_expire_duplicate_fanout,dry_run_expire
1910,XTX,risk,Pettimed's oversupply of shares and poor market reception,active,expired,commentary:youtube_transcript,youtube_transcript:asx-daily-rundown-atlassian-lifts-tech-a2-milk-recall-shock-accent-group-all-time-lows:88e960386e503796,0.76,0.86,short,2026-05-05T04:21:47+00:00,2026-05-05T04:21:47+00:00,,fanout_0041,25,candidate_expire_duplicate_fanout,dry_run_expire
1911,A2M,risk,Pettimed's oversupply of shares and poor market reception,active,expired,commentary:youtube_transcript,youtube_transcript:asx-daily-rundown-atlassian-lifts-tech-a2-milk-recall-shock-accent-group-all-time-lows:88e960386e503796,0.76,0.86,short,2026-05-05T04:21:47+00:00,2026-05-05T04:21:47+00:00,,fanout_0041,25,candidate_expire_duplicate_fanout,dry_run_expire
1912,ENDV,risk,Pettimed's oversupply of shares and poor market reception,active,expired,commentary:youtube_transcript,youtube_transcript:asx-daily-rundown-atlassian-lifts-tech-a2-milk-recall-shock-accent-group-all-time-lows:88e960386e503796,0.76,0.86,short,2026-05-05T04:21:47+00:00,2026-05-05T04:21:47+00:00,,fanout_0041,25,candidate_expire_duplicate_fanout,dry_run_expire
1913,COH,risk,Pettimed's oversupply of shares and poor market reception,active,expired,commentary:youtube_transcript,youtube_transcript:asx-daily-rundown-atlassian-lifts-tech-a2-milk-recall-shock-accent-group-all-time-lows:88e960386e503796,0.76,0.86,short,2026-05-05T04:21:47+00:00,2026-05-05T04:21:47+00:00,,fanout_0041,25,candidate_expire_duplicate_fanout,dry_run_expire
1914,BHP,risk,Pettimed's oversupply of shares and poor market reception,active,expired,commentary:youtube_transcript,youtube_transcript:asx-daily-rundown-atlassian-lifts-tech-a2-milk-recall-shock-accent-group-all-time-lows:88e960386e503796,0.76,0.86,short,2026-05-05T04:21:49+00:00,2026-05-05T04:21:49+00:00,,fanout_0041,25,candidate_expire_duplicate_fanout,dry_run_expire
1915,WES,risk,Pettimed's oversupply of shares and poor market reception,active,expired,commentary:youtube_transcript,youtube_transcript:asx-daily-rundown-atlassian-lifts-tech-a2-milk-recall-shock-accent-group-all-time-lows:88e960386e503796,0.76,0.86,short,2026-05-05T04:21:49+00:00,2026-05-05T04:21:49+00:00,,fanout_0041,25,candidate_expire_duplicate_fanout,dry_run_expire
1916,NAB,risk,Pettimed's oversupply of shares and poor market reception,active,expired,commentary:youtube_transcript,youtube_transcript:asx-daily-rundown-atlassian-lifts-tech-a2-milk-recall-shock-accent-group-all-time-lows:88e960386e503796,0.76,0.86,short,2026-05-05T04:21:49+00:00,2026-05-05T04:21:49+00:00,,fanout_0041,25,candidate_expire_duplicate_fanout,dry_run_expire
1917,WBC,risk,Pettimed's oversupply of shares and poor market reception,active,expired,commentary:youtube_transcript,youtube_transcript:asx-daily-rundown-atlassian-lifts-tech-a2-milk-recall-shock-accent-group-all-time-lows:88e960386e503796,0.76,0.86,short,2026-05-05T04:21:49+00:00,2026-05-05T04:21:49+00:00,,fanout_0041,25,candidate_expire_duplicate_fanout,dry_run_expire
1918,KEYP,risk,Pettimed's oversupply of shares and poor market reception,active,expired,commentary:youtube_transcript,youtube_transcript:asx-daily-rundown-atlassian-lifts-tech-a2-milk-recall-shock-accent-group-all-time-lows:88e960386e503796,0.76,0.86,short,2026-05-05T04:21:49+00:00,2026-05-05T04:21:49+00:00,,fanout_0041,25,candidate_expire_duplicate_fanout,dry_run_expire
1919,GCMC,risk,Pettimed's oversupply of shares and poor market reception,active,expired,commentary:youtube_transcript,youtube_transcript:asx-daily-rundown-atlassian-lifts-tech-a2-milk-recall-shock-accent-group-all-time-lows:88e960386e503796,0.76,0.86,short,2026-05-05T04:21:49+00:00,2026-05-05T04:21:49+00:00,,fanout_0041,25,candidate_expire_duplicate_fanout,dry_run_expire
1920,MARINO,risk,Pettimed's oversupply of shares and poor market reception,active,expired,commentary:youtube_transcript,youtube_transcript:asx-daily-rundown-atlassian-lifts-tech-a2-milk-recall-shock-accent-group-all-time-lows:88e960386e503796,0.76,0.86,short,2026-05-05T04:21:49+00:00,2026-05-05T04:21:49+00:00,,fanout_0041,25,candidate_expire_duplicate_fanout,dry_run_expire
1921,CLAR,risk,Pettimed's oversupply of shares and poor market reception,active,expired,commentary:youtube_transcript,youtube_transcript:asx-daily-rundown-atlassian-lifts-tech-a2-milk-recall-shock-accent-group-all-time-lows:88e960386e503796,0.76,0.86,short,2026-05-05T04:21:49+00:00,2026-05-05T04:21:49+00:00,,fanout_0041,25,candidate_expire_duplicate_fanout,dry_run_expire
1922,WIN,risk,Pettimed's oversupply of shares and poor market reception,active,expired,commentary:youtube_transcript,youtube_transcript:asx-daily-rundown-atlassian-lifts-tech-a2-milk-recall-shock-accent-group-all-time-lows:88e960386e503796,0.76,0.86,short,2026-05-05T04:21:49+00:00,2026-05-05T04:21:49+00:00,,fanout_0041,25,candidate_expire_duplicate_fanout,dry_run_expire
1923,LIVN,risk,Pettimed's oversupply of shares and poor market reception,active,expired,commentary:youtube_transcript,youtube_transcript:asx-daily-rundown-atlassian-lifts-tech-a2-milk-recall-shock-accent-group-all-time-lows:88e960386e503796,0.76,0.86,short,2026-05-05T04:21:49+00:00,2026-05-05T04:21:49+00:00,,fanout_0041,25,candidate_expire_duplicate_fanout,dry_run_expire
1924,SKT,risk,Pettimed's oversupply of shares and poor market reception,active,expired,commentary:youtube_transcript,youtube_transcript:asx-daily-rundown-atlassian-lifts-tech-a2-milk-recall-shock-accent-group-all-time-lows:88e960386e503796,0.76,0.86,short,2026-05-05T04:21:50+00:00,2026-05-05T04:21:50+00:00,,fanout_0041,25,candidate_expire_duplicate_fanout,dry_run_expire
1925,VCE,risk,Pettimed's oversupply of shares and poor market reception,active,expired,commentary:youtube_transcript,youtube_transcript:asx-daily-rundown-atlassian-lifts-tech-a2-milk-recall-shock-accent-group-all-time-lows:88e960386e503796,0.76,0.86,short,2026-05-05T04:21:50+00:00,2026-05-05T04:21:50+00:00,,fanout_0041,25,candidate_expire_duplicate_fanout,dry_run_expire
1926,SN,risk,Pettimed's oversupply of shares and poor market reception,active,expired,commentary:youtube_transcript,youtube_transcript:asx-daily-rundown-atlassian-lifts-tech-a2-milk-recall-shock-accent-group-all-time-lows:88e960386e503796,0.76,0.86,short,2026-05-05T04:21:50+00:00,2026-05-05T04:21:50+00:00,,fanout_0041,25,candidate_expire_duplicate_fanout,dry_run_expire
1927,LION,risk,Pettimed's oversupply of shares and poor market reception,active,expired,commentary:youtube_transcript,youtube_transcript:asx-daily-rundown-atlassian-lifts-tech-a2-milk-recall-shock-accent-group-all-time-lows:88e960386e503796,0.76,0.86,short,2026-05-05T04:21:50+00:00,2026-05-05T04:21:50+00:00,,fanout_0041,25,candidate_expire_duplicate_fanout,dry_run_expire
1929,INDE,risk,Pettimed's oversupply of shares and poor market reception,active,expired,commentary:youtube_transcript,youtube_transcript:asx-daily-rundown-atlassian-lifts-tech-a2-milk-recall-shock-accent-group-all-time-lows:88e960386e503796,0.76,0.86,short,2026-05-05T04:21:50+00:00,2026-05-05T04:21:50+00:00,,fanout_0041,25,candidate_expire_duplicate_fanout,dry_run_expire
1930,C79,risk,Pettimed's oversupply of shares and poor market reception,active,expired,commentary:youtube_transcript,youtube_transcript:asx-daily-rundown-atlassian-lifts-tech-a2-milk-recall-shock-accent-group-all-time-lows:88e960386e503796,0.76,0.86,short,2026-05-05T04:21:51+00:00,2026-05-05T04:21:51+00:00,,fanout_0041,25,candidate_expire_duplicate_fanout,dry_run_expire
1931,A2 MILK,risk,Pettimed's oversupply of shares and poor market reception,active,expired,commentary:youtube_transcript,youtube_transcript:asx-daily-rundown-atlassian-lifts-tech-a2-milk-recall-shock-accent-group-all-time-lows:88e960386e503796,0.76,0.86,short,2026-05-05T04:21:51+00:00,2026-05-05T04:21:51+00:00,,fanout_0041,25,candidate_expire_duplicate_fanout,dry_run_expire
1932,ACCENT GROUP,risk,Pettimed's oversupply of shares and poor market reception,active,expired,commentary:youtube_transcript,youtube_transcript:asx-daily-rundown-atlassian-lifts-tech-a2-milk-recall-shock-accent-group-all-time-lows:88e960386e503796,0.76,0.86,short,2026-05-05T04:21:51+00:00,2026-05-05T04:21:51+00:00,,fanout_0041,25,candidate_expire_duplicate_fanout,dry_run_expire
1933,ASX,risk,Chrysos Corporation's share price reaction to a positive update,active,expired,commentary:youtube_transcript,youtube_transcript:asx-daily-rundown-atlassian-lifts-tech-a2-milk-recall-shock-accent-group-all-time-lows:88e960386e503796,0.74,0.91,short,2026-05-05T04:21:51+00:00,2026-05-05T04:21:51+00:00,,fanout_0039,25,candidate_expire_duplicate_fanout,dry_run_expire
1934,TXT,risk,Chrysos Corporation's share price reaction to a positive update,active,expired,commentary:youtube_transcript,youtube_transcript:asx-daily-rundown-atlassian-lifts-tech-a2-milk-recall-shock-accent-group-all-time-lows:88e960386e503796,0.74,0.91,short,2026-05-05T04:21:51+00:00,2026-05-05T04:21:51+00:00,,fanout_0039,25,candidate_expire_duplicate_fanout,dry_run_expire
1935,XTX,risk,Chrysos Corporation's share price reaction to a positive update,active,expired,commentary:youtube_transcript,youtube_transcript:asx-daily-rundown-atlassian-lifts-tech-a2-milk-recall-shock-accent-group-all-time-lows:88e960386e503796,0.74,0.91,short,2026-05-05T04:21:52+00:00,2026-05-05T04:21:52+00:00,,fanout_0039,25,candidate_expire_duplicate_fanout,dry_run_expire
1936,A2M,risk,Chrysos Corporation's share price reaction to a positive update,active,expired,commentary:youtube_transcript,youtube_transcript:asx-daily-rundown-atlassian-lifts-tech-a2-milk-recall-shock-accent-group-all-time-lows:88e960386e503796,0.74,0.91,short,2026-05-05T04:21:52+00:00,2026-05-05T04:21:52+00:00,,fanout_0039,25,candidate_expire_duplicate_fanout,dry_run_expire
1937,ENDV,risk,Chrysos Corporation's share price reaction to a positive update,active,expired,commentary:youtube_transcript,youtube_transcript:asx-daily-rundown-atlassian-lifts-tech-a2-milk-recall-shock-accent-group-all-time-lows:88e960386e503796,0.74,0.91,short,2026-05-05T04:21:52+00:00,2026-05-05T04:21:52+00:00,,fanout_0039,25,candidate_expire_duplicate_fanout,dry_run_expire
1938,COH,risk,Chrysos Corporation's share price reaction to a positive update,active,expired,commentary:youtube_transcript,youtube_transcript:asx-daily-rundown-atlassian-lifts-tech-a2-milk-recall-shock-accent-group-all-time-lows:88e960386e503796,0.74,0.91,short,2026-05-05T04:21:52+00:00,2026-05-05T04:21:52+00:00,,fanout_0039,25,candidate_expire_duplicate_fanout,dry_run_expire
1939,BHP,risk,Chrysos Corporation's share price reaction to a positive update,active,expired,commentary:youtube_transcript,youtube_transcript:asx-daily-rundown-atlassian-lifts-tech-a2-milk-recall-shock-accent-group-all-time-lows:88e960386e503796,0.74,0.91,short,2026-05-05T04:21:52+00:00,2026-05-05T04:21:52+00:00,,fanout_0039,25,candidate_expire_duplicate_fanout,dry_run_expire
1940,WES,risk,Chrysos Corporation's share price reaction to a positive update,active,expired,commentary:youtube_transcript,youtube_transcript:asx-daily-rundown-atlassian-lifts-tech-a2-milk-recall-shock-accent-group-all-time-lows:88e960386e503796,0.74,0.91,short,2026-05-05T04:21:52+00:00,2026-05-05T04:21:52+00:00,,fanout_0039,25,candidate_expire_duplicate_fanout,dry_run_expire
1941,NAB,risk,Chrysos Corporation's share price reaction to a positive update,active,expired,commentary:youtube_transcript,youtube_transcript:asx-daily-rundown-atlassian-lifts-tech-a2-milk-recall-shock-accent-group-all-time-lows:88e960386e503796,0.74,0.91,short,2026-05-05T04:21:53+00:00,2026-05-05T04:21:53+00:00,,fanout_0039,25,candidate_expire_duplicate_fanout,dry_run_expire
1942,WBC,risk,Chrysos Corporation's share price reaction to a positive update,active,expired,commentary:youtube_transcript,youtube_transcript:asx-daily-rundown-atlassian-lifts-tech-a2-milk-recall-shock-accent-group-all-time-lows:88e960386e503796,0.74,0.91,short,2026-05-05T04:21:53+00:00,2026-05-05T04:21:53+00:00,,fanout_0039,25,candidate_expire_duplicate_fanout,dry_run_expire
1943,KEYP,risk,Chrysos Corporation's share price reaction to a positive update,active,expired,commentary:youtube_transcript,youtube_transcript:asx-daily-rundown-atlassian-lifts-tech-a2-milk-recall-shock-accent-group-all-time-lows:88e960386e503796,0.74,0.91,short,2026-05-05T04:21:53+00:00,2026-05-05T04:21:53+00:00,,fanout_0039,25,candidate_expire_duplicate_fanout,dry_run_expire
1945,MARINO,risk,Chrysos Corporation's share price reaction to a positive update,active,expired,commentary:youtube_transcript,youtube_transcript:asx-daily-rundown-atlassian-lifts-tech-a2-milk-recall-shock-accent-group-all-time-lows:88e960386e503796,0.74,0.91,short,2026-05-05T04:21:54+00:00,2026-05-05T04:21:54+00:00,,fanout_0039,25,candidate_expire_duplicate_fanout,dry_run_expire
1946,CLAR,risk,Chrysos Corporation's share price reaction to a positive update,active,expired,commentary:youtube_transcript,youtube_transcript:asx-daily-rundown-atlassian-lifts-tech-a2-milk-recall-shock-accent-group-all-time-lows:88e960386e503796,0.74,0.91,short,2026-05-05T04:21:54+00:00,2026-05-05T04:21:54+00:00,,fanout_0039,25,candidate_expire_duplicate_fanout,dry_run_expire
1947,WIN,risk,Chrysos Corporation's share price reaction to a positive update,active,expired,commentary:youtube_transcript,youtube_transcript:asx-daily-rundown-atlassian-lifts-tech-a2-milk-recall-shock-accent-group-all-time-lows:88e960386e503796,0.74,0.91,short,2026-05-05T04:21:54+00:00,2026-05-05T04:21:54+00:00,,fanout_0039,25,candidate_expire_duplicate_fanout,dry_run_expire
1948,LIVN,risk,Chrysos Corporation's share price reaction to a positive update,active,expired,commentary:youtube_transcript,youtube_transcript:asx-daily-rundown-atlassian-lifts-tech-a2-milk-recall-shock-accent-group-all-time-lows:88e960386e503796,0.74,0.91,short,2026-05-05T04:21:54+00:00,2026-05-05T04:21:54+00:00,,fanout_0039,25,candidate_expire_duplicate_fanout,dry_run_expire
1949,SKT,risk,Chrysos Corporation's share price reaction to a positive update,active,expired,commentary:youtube_transcript,youtube_transcript:asx-daily-rundown-atlassian-lifts-tech-a2-milk-recall-shock-accent-group-all-time-lows:88e960386e503796,0.74,0.91,short,2026-05-05T04:21:54+00:00,2026-05-05T04:21:54+00:00,,fanout_0039,25,candidate_expire_duplicate_fanout,dry_run_expire
1950,VCE,risk,Chrysos Corporation's share price reaction to a positive update,active,expired,commentary:youtube_transcript,youtube_transcript:asx-daily-rundown-atlassian-lifts-tech-a2-milk-recall-shock-accent-group-all-time-lows:88e960386e503796,0.74,0.91,short,2026-05-05T04:21:55+00:00,2026-05-05T04:21:55+00:00,,fanout_0039,25,candidate_expire_duplicate_fanout,dry_run_expire
1951,SN,risk,Chrysos Corporation's share price reaction to a positive update,active,expired,commentary:youtube_transcript,youtube_transcript:asx-daily-rundown-atlassian-lifts-tech-a2-milk-recall-shock-accent-group-all-time-lows:88e960386e503796,0.74,0.91,short,2026-05-05T04:21:55+00:00,2026-05-05T04:21:55+00:00,,fanout_0039,25,candidate_expire_duplicate_fanout,dry_run_expire
1952,LION,risk,Chrysos Corporation's share price reaction to a positive update,active,expired,commentary:youtube_transcript,youtube_transcript:asx-daily-rundown-atlassian-lifts-tech-a2-milk-recall-shock-accent-group-all-time-lows:88e960386e503796,0.74,0.91,short,2026-05-05T04:21:55+00:00,2026-05-05T04:21:55+00:00,,fanout_0039,25,candidate_expire_duplicate_fanout,dry_run_expire
1953,PETT,risk,Chrysos Corporation's share price reaction to a positive update,active,expired,commentary:youtube_transcript,youtube_transcript:asx-daily-rundown-atlassian-lifts-tech-a2-milk-recall-shock-accent-group-all-time-lows:88e960386e503796,0.74,0.91,short,2026-05-05T04:21:56+00:00,2026-05-05T04:21:56+00:00,,fanout_0039,25,candidate_expire_duplicate_fanout,dry_run_expire
1954,INDE,risk,Chrysos Corporation's share price reaction to a positive update,active,expired,commentary:youtube_transcript,youtube_transcript:asx-daily-rundown-atlassian-lifts-tech-a2-milk-recall-shock-accent-group-all-time-lows:88e960386e503796,0.74,0.91,short,2026-05-05T04:21:57+00:00,2026-05-05T04:21:57+00:00,,fanout_0039,25,candidate_expire_duplicate_fanout,dry_run_expire
1956,A2 MILK,risk,Chrysos Corporation's share price reaction to a positive update,active,expired,commentary:youtube_transcript,youtube_transcript:asx-daily-rundown-atlassian-lifts-tech-a2-milk-recall-shock-accent-group-all-time-lows:88e960386e503796,0.74,0.91,short,2026-05-05T04:21:57+00:00,2026-05-05T04:21:57+00:00,,fanout_0039,25,candidate_expire_duplicate_fanout,dry_run_expire
1957,ACCENT GROUP,risk,Chrysos Corporation's share price reaction to a positive update,active,expired,commentary:youtube_transcript,youtube_transcript:asx-daily-rundown-atlassian-lifts-tech-a2-milk-recall-shock-accent-group-all-time-lows:88e960386e503796,0.74,0.91,short,2026-05-05T04:21:58+00:00,2026-05-05T04:21:58+00:00,,fanout_0039,25,candidate_expire_duplicate_fanout,dry_run_expire
1958,ASX,risk,A2 MILK's potential overreaction from the market due to the product recall,active,expired,commentary:youtube_transcript,youtube_transcript:asx-daily-rundown-atlassian-lifts-tech-a2-milk-recall-shock-accent-group-all-time-lows:88e960386e503796,0.74,0.82,short,2026-05-05T04:21:59+00:00,2026-05-05T04:21:59+00:00,,fanout_0035,25,candidate_expire_duplicate_fanout,dry_run_expire
1959,TXT,risk,A2 MILK's potential overreaction from the market due to the product recall,active,expired,commentary:youtube_transcript,youtube_transcript:asx-daily-rundown-atlassian-lifts-tech-a2-milk-recall-shock-accent-group-all-time-lows:88e960386e503796,0.74,0.82,short,2026-05-05T04:22:00+00:00,2026-05-05T04:22:00+00:00,,fanout_0035,25,candidate_expire_duplicate_fanout,dry_run_expire
1960,XTX,risk,A2 MILK's potential overreaction from the market due to the product recall,active,expired,commentary:youtube_transcript,youtube_transcript:asx-daily-rundown-atlassian-lifts-tech-a2-milk-recall-shock-accent-group-all-time-lows:88e960386e503796,0.74,0.82,short,2026-05-05T04:22:00+00:00,2026-05-05T04:22:00+00:00,,fanout_0035,25,candidate_expire_duplicate_fanout,dry_run_expire
1962,ENDV,risk,A2 MILK's potential overreaction from the market due to the product recall,active,expired,commentary:youtube_transcript,youtube_transcript:asx-daily-rundown-atlassian-lifts-tech-a2-milk-recall-shock-accent-group-all-time-lows:88e960386e503796,0.74,0.82,short,2026-05-05T04:22:01+00:00,2026-05-05T04:22:01+00:00,,fanout_0035,25,candidate_expire_duplicate_fanout,dry_run_expire
1963,COH,risk,A2 MILK's potential overreaction from the market due to the product recall,active,expired,commentary:youtube_transcript,youtube_transcript:asx-daily-rundown-atlassian-lifts-tech-a2-milk-recall-shock-accent-group-all-time-lows:88e960386e503796,0.74,0.82,short,2026-05-05T04:22:01+00:00,2026-05-05T04:22:01+00:00,,fanout_0035,25,candidate_expire_duplicate_fanout,dry_run_expire
1964,BHP,risk,A2 MILK's potential overreaction from the market due to the product recall,active,expired,commentary:youtube_transcript,youtube_transcript:asx-daily-rundown-atlassian-lifts-tech-a2-milk-recall-shock-accent-group-all-time-lows:88e960386e503796,0.74,0.82,short,2026-05-05T04:22:01+00:00,2026-05-05T04:22:01+00:00,,fanout_0035,25,candidate_expire_duplicate_fanout,dry_run_expire
1965,WES,risk,A2 MILK's potential overreaction from the market due to the product recall,active,expired,commentary:youtube_transcript,youtube_transcript:asx-daily-rundown-atlassian-lifts-tech-a2-milk-recall-shock-accent-group-all-time-lows:88e960386e503796,0.74,0.82,short,2026-05-05T04:22:02+00:00,2026-05-05T04:22:02+00:00,,fanout_0035,25,candidate_expire_duplicate_fanout,dry_run_expire
1966,NAB,risk,A2 MILK's potential overreaction from the market due to the product recall,active,expired,commentary:youtube_transcript,youtube_transcript:asx-daily-rundown-atlassian-lifts-tech-a2-milk-recall-shock-accent-group-all-time-lows:88e960386e503796,0.74,0.82,short,2026-05-05T04:22:02+00:00,2026-05-05T04:22:02+00:00,,fanout_0035,25,candidate_expire_duplicate_fanout,dry_run_expire
1967,WBC,risk,A2 MILK's potential overreaction from the market due to the product recall,active,expired,commentary:youtube_transcript,youtube_transcript:asx-daily-rundown-atlassian-lifts-tech-a2-milk-recall-shock-accent-group-all-time-lows:88e960386e503796,0.74,0.82,short,2026-05-05T04:22:02+00:00,2026-05-05T04:22:02+00:00,,fanout_0035,25,candidate_expire_duplicate_fanout,dry_run_expire
1968,KEYP,risk,A2 MILK's potential overreaction from the market due to the product recall,active,expired,commentary:youtube_transcript,youtube_transcript:asx-daily-rundown-atlassian-lifts-tech-a2-milk-recall-shock-accent-group-all-time-lows:88e960386e503796,0.74,0.82,short,2026-05-05T04:22:03+00:00,2026-05-05T04:22:03+00:00,,fanout_0035,25,candidate_expire_duplicate_fanout,dry_run_expire
1969,GCMC,risk,A2 MILK's potential overreaction from the market due to the product recall,active,expired,commentary:youtube_transcript,youtube_transcript:asx-daily-rundown-atlassian-lifts-tech-a2-milk-recall-shock-accent-group-all-time-lows:88e960386e503796,0.74,0.82,short,2026-05-05T04:22:04+00:00,2026-05-05T04:22:04+00:00,,fanout_0035,25,candidate_expire_duplicate_fanout,dry_run_expire
1970,MARINO,risk,A2 MILK's potential overreaction from the market due to the product recall,active,expired,commentary:youtube_transcript,youtube_transcript:asx-daily-rundown-atlassian-lifts-tech-a2-milk-recall-shock-accent-group-all-time-lows:88e960386e503796,0.74,0.82,short,2026-05-05T04:22:04+00:00,2026-05-05T04:22:04+00:00,,fanout_0035,25,candidate_expire_duplicate_fanout,dry_run_expire
1971,CLAR,risk,A2 MILK's potential overreaction from the market due to the product recall,active,expired,commentary:youtube_transcript,youtube_transcript:asx-daily-rundown-atlassian-lifts-tech-a2-milk-recall-shock-accent-group-all-time-lows:88e960386e503796,0.74,0.82,short,2026-05-05T04:22:04+00:00,2026-05-05T04:22:04+00:00,,fanout_0035,25,candidate_expire_duplicate_fanout,dry_run_expire
1972,WIN,risk,A2 MILK's potential overreaction from the market due to the product recall,active,expired,commentary:youtube_transcript,youtube_transcript:asx-daily-rundown-atlassian-lifts-tech-a2-milk-recall-shock-accent-group-all-time-lows:88e960386e503796,0.74,0.82,short,2026-05-05T04:22:05+00:00,2026-05-05T04:22:05+00:00,,fanout_0035,25,candidate_expire_duplicate_fanout,dry_run_expire
1973,LIVN,risk,A2 MILK's potential overreaction from the market due to the product recall,active,expired,commentary:youtube_transcript,youtube_transcript:asx-daily-rundown-atlassian-lifts-tech-a2-milk-recall-shock-accent-group-all-time-lows:88e960386e503796,0.74,0.82,short,2026-05-05T04:22:05+00:00,2026-05-05T04:22:05+00:00,,fanout_0035,25,candidate_expire_duplicate_fanout,dry_run_expire
1974,SKT,risk,A2 MILK's potential overreaction from the market due to the product recall,active,expired,commentary:youtube_transcript,youtube_transcript:asx-daily-rundown-atlassian-lifts-tech-a2-milk-recall-shock-accent-group-all-time-lows:88e960386e503796,0.74,0.82,short,2026-05-05T04:22:05+00:00,2026-05-05T04:22:05+00:00,,fanout_0035,25,candidate_expire_duplicate_fanout,dry_run_expire
1975,VCE,risk,A2 MILK's potential overreaction from the market due to the product recall,active,expired,commentary:youtube_transcript,youtube_transcript:asx-daily-rundown-atlassian-lifts-tech-a2-milk-recall-shock-accent-group-all-time-lows:88e960386e503796,0.74,0.82,short,2026-05-05T04:22:05+00:00,2026-05-05T04:22:05+00:00,,fanout_0035,25,candidate_expire_duplicate_fanout,dry_run_expire
1976,SN,risk,A2 MILK's potential overreaction from the market due to the product recall,active,expired,commentary:youtube_transcript,youtube_transcript:asx-daily-rundown-atlassian-lifts-tech-a2-milk-recall-shock-accent-group-all-time-lows:88e960386e503796,0.74,0.82,short,2026-05-05T04:22:06+00:00,2026-05-05T04:22:06+00:00,,fanout_0035,25,candidate_expire_duplicate_fanout,dry_run_expire
1977,LION,risk,A2 MILK's potential overreaction from the market due to the product recall,active,expired,commentary:youtube_transcript,youtube_transcript:asx-daily-rundown-atlassian-lifts-tech-a2-milk-recall-shock-accent-group-all-time-lows:88e960386e503796,0.74,0.82,short,2026-05-05T04:22:06+00:00,2026-05-05T04:22:06+00:00,,fanout_0035,25,candidate_expire_duplicate_fanout,dry_run_expire
1978,PETT,risk,A2 MILK's potential overreaction from the market due to the product recall,active,expired,commentary:youtube_transcript,youtube_transcript:asx-daily-rundown-atlassian-lifts-tech-a2-milk-recall-shock-accent-group-all-time-lows:88e960386e503796,0.74,0.82,short,2026-05-05T04:22:06+00:00,2026-05-05T04:22:06+00:00,,fanout_0035,25,candidate_expire_duplicate_fanout,dry_run_expire
1979,INDE,risk,A2 MILK's potential overreaction from the market due to the product recall,active,expired,commentary:youtube_transcript,youtube_transcript:asx-daily-rundown-atlassian-lifts-tech-a2-milk-recall-shock-accent-group-all-time-lows:88e960386e503796,0.74,0.82,short,2026-05-05T04:22:07+00:00,2026-05-05T04:22:07+00:00,,fanout_0035,25,candidate_expire_duplicate_fanout,dry_run_expire
1980,C79,risk,A2 MILK's potential overreaction from the market due to the product recall,active,expired,commentary:youtube_transcript,youtube_transcript:asx-daily-rundown-atlassian-lifts-tech-a2-milk-recall-shock-accent-group-all-time-lows:88e960386e503796,0.74,0.82,short,2026-05-05T04:22:07+00:00,2026-05-05T04:22:07+00:00,,fanout_0035,25,candidate_expire_duplicate_fanout,dry_run_expire
1982,ACCENT GROUP,risk,A2 MILK's potential overreaction from the market due to the product recall,active,expired,commentary:youtube_transcript,youtube_transcript:asx-daily-rundown-atlassian-lifts-tech-a2-milk-recall-shock-accent-group-all-time-lows:88e960386e503796,0.74,0.82,short,2026-05-05T04:22:07+00:00,2026-05-05T04:22:07+00:00,,fanout_0035,25,candidate_expire_duplicate_fanout,dry_run_expire
1983,ENDV,risk,Potential overreaction by the market to the recall announcement for A2 MILK,active,expired,commentary:youtube_transcript,youtube_transcript:asx-daily-rundown-atlassian-lifts-tech-a2-milk-recall-shock-accent-group-all-time-lows:88e960386e503796,0.74,0.82,short,2026-05-05T04:22:09+00:00,2026-05-05T04:22:09+00:00,,fanout_0022,34,candidate_expire_duplicate_fanout,dry_run_expire
1984,KEYP,risk,Potential overreaction by the market to the recall announcement for A2 MILK,active,expired,commentary:youtube_transcript,youtube_transcript:asx-daily-rundown-atlassian-lifts-tech-a2-milk-recall-shock-accent-group-all-time-lows:88e960386e503796,0.74,0.82,short,2026-05-05T04:22:12+00:00,2026-05-05T04:22:12+00:00,,fanout_0022,34,candidate_expire_duplicate_fanout,dry_run_expire
1985,GCMC,risk,Potential overreaction by the market to the recall announcement for A2 MILK,active,expired,commentary:youtube_transcript,youtube_transcript:asx-daily-rundown-atlassian-lifts-tech-a2-milk-recall-shock-accent-group-all-time-lows:88e960386e503796,0.74,0.82,short,2026-05-05T04:22:12+00:00,2026-05-05T04:22:12+00:00,,fanout_0022,34,candidate_expire_duplicate_fanout,dry_run_expire
1986,MARINO,risk,Potential overreaction by the market to the recall announcement for A2 MILK,active,expired,commentary:youtube_transcript,youtube_transcript:asx-daily-rundown-atlassian-lifts-tech-a2-milk-recall-shock-accent-group-all-time-lows:88e960386e503796,0.74,0.82,short,2026-05-05T04:22:12+00:00,2026-05-05T04:22:12+00:00,,fanout_0022,34,candidate_expire_duplicate_fanout,dry_run_expire
1987,CLAR,risk,Potential overreaction by the market to the recall announcement for A2 MILK,active,expired,commentary:youtube_transcript,youtube_transcript:asx-daily-rundown-atlassian-lifts-tech-a2-milk-recall-shock-accent-group-all-time-lows:88e960386e503796,0.74,0.82,short,2026-05-05T04:22:13+00:00,2026-05-05T04:22:13+00:00,,fanout_0022,34,candidate_expire_duplicate_fanout,dry_run_expire
1988,LIVN,risk,Potential overreaction by the market to the recall announcement for A2 MILK,active,expired,commentary:youtube_transcript,youtube_transcript:asx-daily-rundown-atlassian-lifts-tech-a2-milk-recall-shock-accent-group-all-time-lows:88e960386e503796,0.74,0.82,short,2026-05-05T04:22:13+00:00,2026-05-05T04:22:13+00:00,,fanout_0022,34,candidate_expire_duplicate_fanout,dry_run_expire
1989,SN,risk,Potential overreaction by the market to the recall announcement for A2 MILK,active,expired,commentary:youtube_transcript,youtube_transcript:asx-daily-rundown-atlassian-lifts-tech-a2-milk-recall-shock-accent-group-all-time-lows:88e960386e503796,0.74,0.82,short,2026-05-05T04:22:15+00:00,2026-05-05T04:22:15+00:00,,fanout_0022,34,candidate_expire_duplicate_fanout,dry_run_expire
1990,LION,risk,Potential overreaction by the market to the recall announcement for A2 MILK,active,expired,commentary:youtube_transcript,youtube_transcript:asx-daily-rundown-atlassian-lifts-tech-a2-milk-recall-shock-accent-group-all-time-lows:88e960386e503796,0.74,0.82,short,2026-05-05T04:22:15+00:00,2026-05-05T04:22:15+00:00,,fanout_0022,34,candidate_expire_duplicate_fanout,dry_run_expire
1991,ENDV,risk,"ACCENT GROUP's share price approaching 50 cents, which is an all-time low for the company",active,expired,commentary:youtube_transcript,youtube_transcript:asx-daily-rundown-atlassian-lifts-tech-a2-milk-recall-shock-accent-group-all-time-lows:88e960386e503796,0.79,0.91,short,2026-05-05T04:22:19+00:00,2026-05-05T04:22:19+00:00,,fanout_0019,34,candidate_expire_duplicate_fanout,dry_run_expire
1992,KEYP,risk,"ACCENT GROUP's share price approaching 50 cents, which is an all-time low for the company",active,expired,commentary:youtube_transcript,youtube_transcript:asx-daily-rundown-atlassian-lifts-tech-a2-milk-recall-shock-accent-group-all-time-lows:88e960386e503796,0.79,0.91,short,2026-05-05T04:22:21+00:00,2026-05-05T04:22:21+00:00,,fanout_0019,34,candidate_expire_duplicate_fanout,dry_run_expire
1993,GCMC,risk,"ACCENT GROUP's share price approaching 50 cents, which is an all-time low for the company",active,expired,commentary:youtube_transcript,youtube_transcript:asx-daily-rundown-atlassian-lifts-tech-a2-milk-recall-shock-accent-group-all-time-lows:88e960386e503796,0.79,0.91,short,2026-05-05T04:22:21+00:00,2026-05-05T04:22:21+00:00,,fanout_0019,34,candidate_expire_duplicate_fanout,dry_run_expire
1994,MARINO,risk,"ACCENT GROUP's share price approaching 50 cents, which is an all-time low for the company",active,expired,commentary:youtube_transcript,youtube_transcript:asx-daily-rundown-atlassian-lifts-tech-a2-milk-recall-shock-accent-group-all-time-lows:88e960386e503796,0.79,0.91,short,2026-05-05T04:22:21+00:00,2026-05-05T04:22:21+00:00,,fanout_0019,34,candidate_expire_duplicate_fanout,dry_run_expire
1995,CLAR,risk,"ACCENT GROUP's share price approaching 50 cents, which is an all-time low for the company",active,expired,commentary:youtube_transcript,youtube_transcript:asx-daily-rundown-atlassian-lifts-tech-a2-milk-recall-shock-accent-group-all-time-lows:88e960386e503796,0.79,0.91,short,2026-05-05T04:22:21+00:00,2026-05-05T04:22:21+00:00,,fanout_0019,34,candidate_expire_duplicate_fanout,dry_run_expire
1996,LIVN,risk,"ACCENT GROUP's share price approaching 50 cents, which is an all-time low for the company",active,expired,commentary:youtube_transcript,youtube_transcript:asx-daily-rundown-atlassian-lifts-tech-a2-milk-recall-shock-accent-group-all-time-lows:88e960386e503796,0.79,0.91,short,2026-05-05T04:22:22+00:00,2026-05-05T04:22:22+00:00,,fanout_0019,34,candidate_expire_duplicate_fanout,dry_run_expire
1997,SN,risk,"ACCENT GROUP's share price approaching 50 cents, which is an all-time low for the company",active,expired,commentary:youtube_transcript,youtube_transcript:asx-daily-rundown-atlassian-lifts-tech-a2-milk-recall-shock-accent-group-all-time-lows:88e960386e503796,0.79,0.91,short,2026-05-05T04:22:22+00:00,2026-05-05T04:22:22+00:00,,fanout_0019,34,candidate_expire_duplicate_fanout,dry_run_expire
1998,LION,risk,"ACCENT GROUP's share price approaching 50 cents, which is an all-time low for the company",active,expired,commentary:youtube_transcript,youtube_transcript:asx-daily-rundown-atlassian-lifts-tech-a2-milk-recall-shock-accent-group-all-time-lows:88e960386e503796,0.79,0.91,short,2026-05-05T04:22:22+00:00,2026-05-05T04:22:22+00:00,,fanout_0019,34,candidate_expire_duplicate_fanout,dry_run_expire
