row_id,ticker/entity,memory_type,statement/text,status,confidence,source_id,source_type,source_title,source_published_at,created_at,updated_at,duplicate_cluster_id,fanout_cluster_size,classification,proposed_action,reason,certainty,risk_level,manual_review_required,original_store,proposed_destination_if_any,first_batch_reason,recommended_batch
15,ASX,observed_fact,ATLASSIAN's share price is up about 30% due to better-than-expected results,active,0.82,youtube_transcript:asx-daily-rundown-atlassian-lifts-tech-a2-milk-recall-shock-accent-group-all-time-lows:88e960386e503796,youtube_transcript,"ASX Daily Rundown | Atlassian Lifts Tech, A2 Milk Recall Shock & Accent Group All-Time Lows",2026-05-04T08:15:01Z,2026-05-04T08:23:27+00:00,2026-05-04T08:23:27+00:00,fanout_0007,50,candidate_expire_duplicate_fanout,status_expire_candidate,explicit target ATLASSIAN does not match current entity; duplicate fanout cluster preserves matching target rows elsewhere,high,MEDIUM,no,company_memory.sqlite:memory_entries,DATA_MISSING,cluster_has_preserved_target_no_alias_manual_or_blocked_rows,first
16,TXT,observed_fact,ATLASSIAN's share price is up about 30% due to better-than-expected results,active,0.82,youtube_transcript:asx-daily-rundown-atlassian-lifts-tech-a2-milk-recall-shock-accent-group-all-time-lows:88e960386e503796,youtube_transcript,"ASX Daily Rundown | Atlassian Lifts Tech, A2 Milk Recall Shock & Accent Group All-Time Lows",2026-05-04T08:15:01Z,2026-05-04T08:23:27+00:00,2026-05-04T08:23:27+00:00,fanout_0007,50,candidate_expire_duplicate_fanout,status_expire_candidate,explicit target ATLASSIAN does not match current entity; duplicate fanout cluster preserves matching target rows elsewhere,high,MEDIUM,no,company_memory.sqlite:memory_entries,DATA_MISSING,cluster_has_preserved_target_no_alias_manual_or_blocked_rows,first
17,XTX,observed_fact,ATLASSIAN's share price is up about 30% due to better-than-expected results,active,0.82,youtube_transcript:asx-daily-rundown-atlassian-lifts-tech-a2-milk-recall-shock-accent-group-all-time-lows:88e960386e503796,youtube_transcript,"ASX Daily Rundown | Atlassian Lifts Tech, A2 Milk Recall Shock & Accent Group All-Time Lows",2026-05-04T08:15:01Z,2026-05-04T08:23:27+00:00,2026-05-04T08:23:27+00:00,fanout_0007,50,candidate_expire_duplicate_fanout,status_expire_candidate,explicit target ATLASSIAN does not match current entity; duplicate fanout cluster preserves matching target rows elsewhere,high,MEDIUM,no,company_memory.sqlite:memory_entries,DATA_MISSING,cluster_has_preserved_target_no_alias_manual_or_blocked_rows,first
18,A2 MILK,observed_fact,ATLASSIAN's share price is up about 30% due to better-than-expected results,active,0.82,youtube_transcript:asx-daily-rundown-atlassian-lifts-tech-a2-milk-recall-shock-accent-group-all-time-lows:88e960386e503796,youtube_transcript,"ASX Daily Rundown | Atlassian Lifts Tech, A2 Milk Recall Shock & Accent Group All-Time Lows",2026-05-04T08:15:01Z,2026-05-04T08:23:27+00:00,2026-05-04T08:23:27+00:00,fanout_0007,50,candidate_expire_duplicate_fanout,status_expire_candidate,explicit target ATLASSIAN does not match current entity; duplicate fanout cluster preserves matching target rows elsewhere,high,MEDIUM,no,company_memory.sqlite:memory_entries,DATA_MISSING,cluster_has_preserved_target_no_alias_manual_or_blocked_rows,first
19,ENDEAVOR GROUP,observed_fact,ATLASSIAN's share price is up about 30% due to better-than-expected results,active,0.82,youtube_transcript:asx-daily-rundown-atlassian-lifts-tech-a2-milk-recall-shock-accent-group-all-time-lows:88e960386e503796,youtube_transcript,"ASX Daily Rundown | Atlassian Lifts Tech, A2 Milk Recall Shock & Accent Group All-Time Lows",2026-05-04T08:15:01Z,2026-05-04T08:23:27+00:00,2026-05-04T08:23:27+00:00,fanout_0007,50,candidate_expire_duplicate_fanout,status_expire_candidate,explicit target ATLASSIAN does not match current entity; duplicate fanout cluster preserves matching target rows elsewhere,high,MEDIUM,no,company_memory.sqlite:memory_entries,DATA_MISSING,cluster_has_preserved_target_no_alias_manual_or_blocked_rows,first
21,NAB,observed_fact,ATLASSIAN's share price is up about 30% due to better-than-expected results,active,0.82,youtube_transcript:asx-daily-rundown-atlassian-lifts-tech-a2-milk-recall-shock-accent-group-all-time-lows:88e960386e503796,youtube_transcript,"ASX Daily Rundown | Atlassian Lifts Tech, A2 Milk Recall Shock & Accent Group All-Time Lows",2026-05-04T08:15:01Z,2026-05-04T08:23:27+00:00,2026-05-04T08:23:27+00:00,fanout_0007,50,candidate_expire_duplicate_fanout,status_expire_candidate,explicit target ATLASSIAN does not match current entity; duplicate fanout cluster preserves matching target rows elsewhere,high,MEDIUM,no,company_memory.sqlite:memory_entries,DATA_MISSING,cluster_has_preserved_target_no_alias_manual_or_blocked_rows,first
22,BHP,observed_fact,ATLASSIAN's share price is up about 30% due to better-than-expected results,active,0.82,youtube_transcript:asx-daily-rundown-atlassian-lifts-tech-a2-milk-recall-shock-accent-group-all-time-lows:88e960386e503796,youtube_transcript,"ASX Daily Rundown | Atlassian Lifts Tech, A2 Milk Recall Shock & Accent Group All-Time Lows",2026-05-04T08:15:01Z,2026-05-04T08:23:27+00:00,2026-05-04T08:23:27+00:00,fanout_0007,50,candidate_expire_duplicate_fanout,status_expire_candidate,explicit target ATLASSIAN does not match current entity; duplicate fanout cluster preserves matching target rows elsewhere,high,MEDIUM,no,company_memory.sqlite:memory_entries,DATA_MISSING,cluster_has_preserved_target_no_alias_manual_or_blocked_rows,first
23,KEY PETROLEUM,observed_fact,ATLASSIAN's share price is up about 30% due to better-than-expected results,active,0.82,youtube_transcript:asx-daily-rundown-atlassian-lifts-tech-a2-milk-recall-shock-accent-group-all-time-lows:88e960386e503796,youtube_transcript,"ASX Daily Rundown | Atlassian Lifts Tech, A2 Milk Recall Shock & Accent Group All-Time Lows",2026-05-04T08:15:01Z,2026-05-04T08:23:27+00:00,2026-05-04T08:23:27+00:00,fanout_0007,50,candidate_expire_duplicate_fanout,status_expire_candidate,explicit target ATLASSIAN does not match current entity; duplicate fanout cluster preserves matching target rows elsewhere,high,MEDIUM,no,company_memory.sqlite:memory_entries,DATA_MISSING,cluster_has_preserved_target_no_alias_manual_or_blocked_rows,first
24,GCM CORPORATION,observed_fact,ATLASSIAN's share price is up about 30% due to better-than-expected results,active,0.82,youtube_transcript:asx-daily-rundown-atlassian-lifts-tech-a2-milk-recall-shock-accent-group-all-time-lows:88e960386e503796,youtube_transcript,"ASX Daily Rundown | Atlassian Lifts Tech, A2 Milk Recall Shock & Accent Group All-Time Lows",2026-05-04T08:15:01Z,2026-05-04T08:23:27+00:00,2026-05-04T08:23:27+00:00,fanout_0007,50,candidate_expire_duplicate_fanout,status_expire_candidate,explicit target ATLASSIAN does not match current entity; duplicate fanout cluster preserves matching target rows elsewhere,high,MEDIUM,no,company_memory.sqlite:memory_entries,DATA_MISSING,cluster_has_preserved_target_no_alias_manual_or_blocked_rows,first
25,MARINO AND CO,observed_fact,ATLASSIAN's share price is up about 30% due to better-than-expected results,active,0.82,youtube_transcript:asx-daily-rundown-atlassian-lifts-tech-a2-milk-recall-shock-accent-group-all-time-lows:88e960386e503796,youtube_transcript,"ASX Daily Rundown | Atlassian Lifts Tech, A2 Milk Recall Shock & Accent Group All-Time Lows",2026-05-04T08:15:01Z,2026-05-04T08:23:27+00:00,2026-05-04T08:23:27+00:00,fanout_0007,50,candidate_expire_duplicate_fanout,status_expire_candidate,explicit target ATLASSIAN does not match current entity; duplicate fanout cluster preserves matching target rows elsewhere,high,MEDIUM,no,company_memory.sqlite:memory_entries,DATA_MISSING,cluster_has_preserved_target_no_alias_manual_or_blocked_rows,first
26,CLARITY,observed_fact,ATLASSIAN's share price is up about 30% due to better-than-expected results,active,0.82,youtube_transcript:asx-daily-rundown-atlassian-lifts-tech-a2-milk-recall-shock-accent-group-all-time-lows:88e960386e503796,youtube_transcript,"ASX Daily Rundown | Atlassian Lifts Tech, A2 Milk Recall Shock & Accent Group All-Time Lows",2026-05-04T08:15:01Z,2026-05-04T08:23:27+00:00,2026-05-04T08:23:27+00:00,fanout_0007,50,candidate_expire_duplicate_fanout,status_expire_candidate,explicit target ATLASSIAN does not match current entity; duplicate fanout cluster preserves matching target rows elsewhere,high,MEDIUM,no,company_memory.sqlite:memory_entries,DATA_MISSING,cluster_has_preserved_target_no_alias_manual_or_blocked_rows,first
27,WIN MEDALS,observed_fact,ATLASSIAN's share price is up about 30% due to better-than-expected results,active,0.82,youtube_transcript:asx-daily-rundown-atlassian-lifts-tech-a2-milk-recall-shock-accent-group-all-time-lows:88e960386e503796,youtube_transcript,"ASX Daily Rundown | Atlassian Lifts Tech, A2 Milk Recall Shock & Accent Group All-Time Lows",2026-05-04T08:15:01Z,2026-05-04T08:23:27+00:00,2026-05-04T08:23:27+00:00,fanout_0007,50,candidate_expire_duplicate_fanout,status_expire_candidate,explicit target ATLASSIAN does not match current entity; duplicate fanout cluster preserves matching target rows elsewhere,high,MEDIUM,no,company_memory.sqlite:memory_entries,DATA_MISSING,cluster_has_preserved_target_no_alias_manual_or_blocked_rows,first
28,AXEN GROUP,observed_fact,ATLASSIAN's share price is up about 30% due to better-than-expected results,active,0.82,youtube_transcript:asx-daily-rundown-atlassian-lifts-tech-a2-milk-recall-shock-accent-group-all-time-lows:88e960386e503796,youtube_transcript,"ASX Daily Rundown | Atlassian Lifts Tech, A2 Milk Recall Shock & Accent Group All-Time Lows",2026-05-04T08:15:01Z,2026-05-04T08:23:27+00:00,2026-05-04T08:23:27+00:00,fanout_0007,50,candidate_expire_duplicate_fanout,status_expire_candidate,explicit target ATLASSIAN does not match current entity; duplicate fanout cluster preserves matching target rows elsewhere,high,MEDIUM,no,company_memory.sqlite:memory_entries,DATA_MISSING,cluster_has_preserved_target_no_alias_manual_or_blocked_rows,first
29,STRICKLAND METALS,observed_fact,ATLASSIAN's share price is up about 30% due to better-than-expected results,active,0.82,youtube_transcript:asx-daily-rundown-atlassian-lifts-tech-a2-milk-recall-shock-accent-group-all-time-lows:88e960386e503796,youtube_transcript,"ASX Daily Rundown | Atlassian Lifts Tech, A2 Milk Recall Shock & Accent Group All-Time Lows",2026-05-04T08:15:01Z,2026-05-04T08:23:27+00:00,2026-05-04T08:23:27+00:00,fanout_0007,50,candidate_expire_duplicate_fanout,status_expire_candidate,explicit target ATLASSIAN does not match current entity; duplicate fanout cluster preserves matching target rows elsewhere,high,MEDIUM,no,company_memory.sqlite:memory_entries,DATA_MISSING,cluster_has_preserved_target_no_alias_manual_or_blocked_rows,first
30,LION TOWN,observed_fact,ATLASSIAN's share price is up about 30% due to better-than-expected results,active,0.82,youtube_transcript:asx-daily-rundown-atlassian-lifts-tech-a2-milk-recall-shock-accent-group-all-time-lows:88e960386e503796,youtube_transcript,"ASX Daily Rundown | Atlassian Lifts Tech, A2 Milk Recall Shock & Accent Group All-Time Lows",2026-05-04T08:15:01Z,2026-05-04T08:23:27+00:00,2026-05-04T08:23:27+00:00,fanout_0007,50,candidate_expire_duplicate_fanout,status_expire_candidate,explicit target ATLASSIAN does not match current entity; duplicate fanout cluster preserves matching target rows elsewhere,high,MEDIUM,no,company_memory.sqlite:memory_entries,DATA_MISSING,cluster_has_preserved_target_no_alias_manual_or_blocked_rows,first
31,IMRO,observed_fact,ATLASSIAN's share price is up about 30% due to better-than-expected results,active,0.82,youtube_transcript:asx-daily-rundown-atlassian-lifts-tech-a2-milk-recall-shock-accent-group-all-time-lows:88e960386e503796,youtube_transcript,"ASX Daily Rundown | Atlassian Lifts Tech, A2 Milk Recall Shock & Accent Group All-Time Lows",2026-05-04T08:15:01Z,2026-05-04T08:23:27+00:00,2026-05-04T08:23:27+00:00,fanout_0007,50,candidate_expire_duplicate_fanout,status_expire_candidate,explicit target ATLASSIAN does not match current entity; duplicate fanout cluster preserves matching target rows elsewhere,high,MEDIUM,no,company_memory.sqlite:memory_entries,DATA_MISSING,cluster_has_preserved_target_no_alias_manual_or_blocked_rows,first
32,PENINSULA,observed_fact,ATLASSIAN's share price is up about 30% due to better-than-expected results,active,0.82,youtube_transcript:asx-daily-rundown-atlassian-lifts-tech-a2-milk-recall-shock-accent-group-all-time-lows:88e960386e503796,youtube_transcript,"ASX Daily Rundown | Atlassian Lifts Tech, A2 Milk Recall Shock & Accent Group All-Time Lows",2026-05-04T08:15:01Z,2026-05-04T08:23:27+00:00,2026-05-04T08:23:27+00:00,fanout_0007,50,candidate_expire_duplicate_fanout,status_expire_candidate,explicit target ATLASSIAN does not match current entity; duplicate fanout cluster preserves matching target rows elsewhere,high,MEDIUM,no,company_memory.sqlite:memory_entries,DATA_MISSING,cluster_has_preserved_target_no_alias_manual_or_blocked_rows,first
33,BRAIN CHIP,observed_fact,ATLASSIAN's share price is up about 30% due to better-than-expected results,active,0.82,youtube_transcript:asx-daily-rundown-atlassian-lifts-tech-a2-milk-recall-shock-accent-group-all-time-lows:88e960386e503796,youtube_transcript,"ASX Daily Rundown | Atlassian Lifts Tech, A2 Milk Recall Shock & Accent Group All-Time Lows",2026-05-04T08:15:01Z,2026-05-04T08:23:27+00:00,2026-05-04T08:23:27+00:00,fanout_0007,50,candidate_expire_duplicate_fanout,status_expire_candidate,explicit target ATLASSIAN does not match current entity; duplicate fanout cluster preserves matching target rows elsewhere,high,MEDIUM,no,company_memory.sqlite:memory_entries,DATA_MISSING,cluster_has_preserved_target_no_alias_manual_or_blocked_rows,first
34,VERITUS,observed_fact,ATLASSIAN's share price is up about 30% due to better-than-expected results,active,0.82,youtube_transcript:asx-daily-rundown-atlassian-lifts-tech-a2-milk-recall-shock-accent-group-all-time-lows:88e960386e503796,youtube_transcript,"ASX Daily Rundown | Atlassian Lifts Tech, A2 Milk Recall Shock & Accent Group All-Time Lows",2026-05-04T08:15:01Z,2026-05-04T08:23:28+00:00,2026-05-04T08:23:28+00:00,fanout_0007,50,candidate_expire_duplicate_fanout,status_expire_candidate,explicit target ATLASSIAN does not match current entity; duplicate fanout cluster preserves matching target rows elsewhere,high,MEDIUM,no,company_memory.sqlite:memory_entries,DATA_MISSING,cluster_has_preserved_target_no_alias_manual_or_blocked_rows,first
35,PETTIMED,observed_fact,ATLASSIAN's share price is up about 30% due to better-than-expected results,active,0.82,youtube_transcript:asx-daily-rundown-atlassian-lifts-tech-a2-milk-recall-shock-accent-group-all-time-lows:88e960386e503796,youtube_transcript,"ASX Daily Rundown | Atlassian Lifts Tech, A2 Milk Recall Shock & Accent Group All-Time Lows",2026-05-04T08:15:01Z,2026-05-04T08:23:28+00:00,2026-05-04T08:23:28+00:00,fanout_0007,50,candidate_expire_duplicate_fanout,status_expire_candidate,explicit target ATLASSIAN does not match current entity; duplicate fanout cluster preserves matching target rows elsewhere,high,MEDIUM,no,company_memory.sqlite:memory_entries,DATA_MISSING,cluster_has_preserved_target_no_alias_manual_or_blocked_rows,first
36,IMPEDIMED,observed_fact,ATLASSIAN's share price is up about 30% due to better-than-expected results,active,0.82,youtube_transcript:asx-daily-rundown-atlassian-lifts-tech-a2-milk-recall-shock-accent-group-all-time-lows:88e960386e503796,youtube_transcript,"ASX Daily Rundown | Atlassian Lifts Tech, A2 Milk Recall Shock & Accent Group All-Time Lows",2026-05-04T08:15:01Z,2026-05-04T08:23:28+00:00,2026-05-04T08:23:28+00:00,fanout_0007,50,candidate_expire_duplicate_fanout,status_expire_candidate,explicit target ATLASSIAN does not match current entity; duplicate fanout cluster preserves matching target rows elsewhere,high,MEDIUM,no,company_memory.sqlite:memory_entries,DATA_MISSING,cluster_has_preserved_target_no_alias_manual_or_blocked_rows,first
37,INDE,observed_fact,ATLASSIAN's share price is up about 30% due to better-than-expected results,active,0.82,youtube_transcript:asx-daily-rundown-atlassian-lifts-tech-a2-milk-recall-shock-accent-group-all-time-lows:88e960386e503796,youtube_transcript,"ASX Daily Rundown | Atlassian Lifts Tech, A2 Milk Recall Shock & Accent Group All-Time Lows",2026-05-04T08:15:01Z,2026-05-04T08:23:28+00:00,2026-05-04T08:23:28+00:00,fanout_0007,50,candidate_expire_duplicate_fanout,status_expire_candidate,explicit target ATLASSIAN does not match current entity; duplicate fanout cluster preserves matching target rows elsewhere,high,MEDIUM,no,company_memory.sqlite:memory_entries,DATA_MISSING,cluster_has_preserved_target_no_alias_manual_or_blocked_rows,first
38,PETT,observed_fact,ATLASSIAN's share price is up about 30% due to better-than-expected results,active,0.82,youtube_transcript:asx-daily-rundown-atlassian-lifts-tech-a2-milk-recall-shock-accent-group-all-time-lows:88e960386e503796,youtube_transcript,"ASX Daily Rundown | Atlassian Lifts Tech, A2 Milk Recall Shock & Accent Group All-Time Lows",2026-05-04T08:15:01Z,2026-05-04T08:23:28+00:00,2026-05-04T08:23:28+00:00,fanout_0007,50,candidate_expire_duplicate_fanout,status_expire_candidate,explicit target ATLASSIAN does not match current entity; duplicate fanout cluster preserves matching target rows elsewhere,high,MEDIUM,no,company_memory.sqlite:memory_entries,DATA_MISSING,cluster_has_preserved_target_no_alias_manual_or_blocked_rows,first
39,C79,observed_fact,ATLASSIAN's share price is up about 30% due to better-than-expected results,active,0.82,youtube_transcript:asx-daily-rundown-atlassian-lifts-tech-a2-milk-recall-shock-accent-group-all-time-lows:88e960386e503796,youtube_transcript,"ASX Daily Rundown | Atlassian Lifts Tech, A2 Milk Recall Shock & Accent Group All-Time Lows",2026-05-04T08:15:01Z,2026-05-04T08:23:28+00:00,2026-05-04T08:23:28+00:00,fanout_0007,50,candidate_expire_duplicate_fanout,status_expire_candidate,explicit target ATLASSIAN does not match current entity; duplicate fanout cluster preserves matching target rows elsewhere,high,MEDIUM,no,company_memory.sqlite:memory_entries,DATA_MISSING,cluster_has_preserved_target_no_alias_manual_or_blocked_rows,first
40,A2M,observed_fact,ATLASSIAN's share price is up about 30% due to better-than-expected results,active,0.82,youtube_transcript:asx-daily-rundown-atlassian-lifts-tech-a2-milk-recall-shock-accent-group-all-time-lows:88e960386e503796,youtube_transcript,"ASX Daily Rundown | Atlassian Lifts Tech, A2 Milk Recall Shock & Accent Group All-Time Lows",2026-05-04T08:15:01Z,2026-05-04T08:23:28+00:00,2026-05-04T08:23:28+00:00,fanout_0007,50,candidate_expire_duplicate_fanout,status_expire_candidate,explicit target ATLASSIAN does not match current entity; duplicate fanout cluster preserves matching target rows elsewhere,high,MEDIUM,no,company_memory.sqlite:memory_entries,DATA_MISSING,cluster_has_preserved_target_no_alias_manual_or_blocked_rows,first
41,ACCENT GROUP,observed_fact,ATLASSIAN's share price is up about 30% due to better-than-expected results,active,0.82,youtube_transcript:asx-daily-rundown-atlassian-lifts-tech-a2-milk-recall-shock-accent-group-all-time-lows:88e960386e503796,youtube_transcript,"ASX Daily Rundown | Atlassian Lifts Tech, A2 Milk Recall Shock & Accent Group All-Time Lows",2026-05-04T08:15:01Z,2026-05-04T08:23:28+00:00,2026-05-04T08:23:28+00:00,fanout_0007,50,candidate_expire_duplicate_fanout,status_expire_candidate,explicit target ATLASSIAN does not match current entity; duplicate fanout cluster preserves matching target rows elsewhere,high,MEDIUM,no,company_memory.sqlite:memory_entries,DATA_MISSING,cluster_has_preserved_target_no_alias_manual_or_blocked_rows,first
668,END,observed_fact,Atlassian's share price is up about 30% due to better-than-expected results,active,0.8,youtube_transcript:asx-daily-rundown-atlassian-lifts-tech-a2-milk-recall-shock-accent-group-all-time-lows:88e960386e503796,youtube_transcript,"ASX Daily Rundown | Atlassian Lifts Tech, A2 Milk Recall Shock & Accent Group All-Time Lows",2026-05-04T08:15:01Z,2026-05-04T08:25:06+00:00,2026-05-04T08:25:06+00:00,fanout_0007,50,candidate_expire_duplicate_fanout,status_expire_candidate,explicit target ATLASSIAN does not match current entity; duplicate fanout cluster preserves matching target rows elsewhere,high,MEDIUM,no,company_memory.sqlite:memory_entries,DATA_MISSING,cluster_has_preserved_target_no_alias_manual_or_blocked_rows,first
669,COH,observed_fact,Atlassian's share price is up about 30% due to better-than-expected results,active,0.8,youtube_transcript:asx-daily-rundown-atlassian-lifts-tech-a2-milk-recall-shock-accent-group-all-time-lows:88e960386e503796,youtube_transcript,"ASX Daily Rundown | Atlassian Lifts Tech, A2 Milk Recall Shock & Accent Group All-Time Lows",2026-05-04T08:15:01Z,2026-05-04T08:25:06+00:00,2026-05-04T08:25:06+00:00,fanout_0007,50,candidate_expire_duplicate_fanout,status_expire_candidate,explicit target ATLASSIAN does not match current entity; duplicate fanout cluster preserves matching target rows elsewhere,high,MEDIUM,no,company_memory.sqlite:memory_entries,DATA_MISSING,cluster_has_preserved_target_no_alias_manual_or_blocked_rows,first
670,WES,observed_fact,Atlassian's share price is up about 30% due to better-than-expected results,active,0.8,youtube_transcript:asx-daily-rundown-atlassian-lifts-tech-a2-milk-recall-shock-accent-group-all-time-lows:88e960386e503796,youtube_transcript,"ASX Daily Rundown | Atlassian Lifts Tech, A2 Milk Recall Shock & Accent Group All-Time Lows",2026-05-04T08:15:01Z,2026-05-04T08:25:06+00:00,2026-05-04T08:25:06+00:00,fanout_0007,50,candidate_expire_duplicate_fanout,status_expire_candidate,explicit target ATLASSIAN does not match current entity; duplicate fanout cluster preserves matching target rows elsewhere,high,MEDIUM,no,company_memory.sqlite:memory_entries,DATA_MISSING,cluster_has_preserved_target_no_alias_manual_or_blocked_rows,first
671,WBC,observed_fact,Atlassian's share price is up about 30% due to better-than-expected results,active,0.8,youtube_transcript:asx-daily-rundown-atlassian-lifts-tech-a2-milk-recall-shock-accent-group-all-time-lows:88e960386e503796,youtube_transcript,"ASX Daily Rundown | Atlassian Lifts Tech, A2 Milk Recall Shock & Accent Group All-Time Lows",2026-05-04T08:15:01Z,2026-05-04T08:25:06+00:00,2026-05-04T08:25:06+00:00,fanout_0007,50,candidate_expire_duplicate_fanout,status_expire_candidate,explicit target ATLASSIAN does not match current entity; duplicate fanout cluster preserves matching target rows elsewhere,high,MEDIUM,no,company_memory.sqlite:memory_entries,DATA_MISSING,cluster_has_preserved_target_no_alias_manual_or_blocked_rows,first
672,KEY,observed_fact,Atlassian's share price is up about 30% due to better-than-expected results,active,0.8,youtube_transcript:asx-daily-rundown-atlassian-lifts-tech-a2-milk-recall-shock-accent-group-all-time-lows:88e960386e503796,youtube_transcript,"ASX Daily Rundown | Atlassian Lifts Tech, A2 Milk Recall Shock & Accent Group All-Time Lows",2026-05-04T08:15:01Z,2026-05-04T08:25:06+00:00,2026-05-04T08:25:06+00:00,fanout_0007,50,candidate_expire_duplicate_fanout,status_expire_candidate,explicit target ATLASSIAN does not match current entity; duplicate fanout cluster preserves matching target rows elsewhere,high,MEDIUM,no,company_memory.sqlite:memory_entries,DATA_MISSING,cluster_has_preserved_target_no_alias_manual_or_blocked_rows,first
673,GCM,observed_fact,Atlassian's share price is up about 30% due to better-than-expected results,active,0.8,youtube_transcript:asx-daily-rundown-atlassian-lifts-tech-a2-milk-recall-shock-accent-group-all-time-lows:88e960386e503796,youtube_transcript,"ASX Daily Rundown | Atlassian Lifts Tech, A2 Milk Recall Shock & Accent Group All-Time Lows",2026-05-04T08:15:01Z,2026-05-04T08:25:06+00:00,2026-05-04T08:25:06+00:00,fanout_0007,50,candidate_expire_duplicate_fanout,status_expire_candidate,explicit target ATLASSIAN does not match current entity; duplicate fanout cluster preserves matching target rows elsewhere,high,MEDIUM,no,company_memory.sqlite:memory_entries,DATA_MISSING,cluster_has_preserved_target_no_alias_manual_or_blocked_rows,first
674,MAR,observed_fact,Atlassian's share price is up about 30% due to better-than-expected results,active,0.8,youtube_transcript:asx-daily-rundown-atlassian-lifts-tech-a2-milk-recall-shock-accent-group-all-time-lows:88e960386e503796,youtube_transcript,"ASX Daily Rundown | Atlassian Lifts Tech, A2 Milk Recall Shock & Accent Group All-Time Lows",2026-05-04T08:15:01Z,2026-05-04T08:25:07+00:00,2026-05-04T08:25:07+00:00,fanout_0007,50,candidate_expire_duplicate_fanout,status_expire_candidate,explicit target ATLASSIAN does not match current entity; duplicate fanout cluster preserves matching target rows elsewhere,high,MEDIUM,no,company_memory.sqlite:memory_entries,DATA_MISSING,cluster_has_preserved_target_no_alias_manual_or_blocked_rows,first
675,CLT,observed_fact,Atlassian's share price is up about 30% due to better-than-expected results,active,0.8,youtube_transcript:asx-daily-rundown-atlassian-lifts-tech-a2-milk-recall-shock-accent-group-all-time-lows:88e960386e503796,youtube_transcript,"ASX Daily Rundown | Atlassian Lifts Tech, A2 Milk Recall Shock & Accent Group All-Time Lows",2026-05-04T08:15:01Z,2026-05-04T08:25:08+00:00,2026-05-04T08:25:08+00:00,fanout_0007,50,candidate_expire_duplicate_fanout,status_expire_candidate,explicit target ATLASSIAN does not match current entity; duplicate fanout cluster preserves matching target rows elsewhere,high,MEDIUM,no,company_memory.sqlite:memory_entries,DATA_MISSING,cluster_has_preserved_target_no_alias_manual_or_blocked_rows,first
676,WIN,observed_fact,Atlassian's share price is up about 30% due to better-than-expected results,active,0.8,youtube_transcript:asx-daily-rundown-atlassian-lifts-tech-a2-milk-recall-shock-accent-group-all-time-lows:88e960386e503796,youtube_transcript,"ASX Daily Rundown | Atlassian Lifts Tech, A2 Milk Recall Shock & Accent Group All-Time Lows",2026-05-04T08:15:01Z,2026-05-04T08:25:08+00:00,2026-05-04T08:25:08+00:00,fanout_0007,50,candidate_expire_duplicate_fanout,status_expire_candidate,explicit target ATLASSIAN does not match current entity; duplicate fanout cluster preserves matching target rows elsewhere,high,MEDIUM,no,company_memory.sqlite:memory_entries,DATA_MISSING,cluster_has_preserved_target_no_alias_manual_or_blocked_rows,first
677,SKT,observed_fact,Atlassian's share price is up about 30% due to better-than-expected results,active,0.8,youtube_transcript:asx-daily-rundown-atlassian-lifts-tech-a2-milk-recall-shock-accent-group-all-time-lows:88e960386e503796,youtube_transcript,"ASX Daily Rundown | Atlassian Lifts Tech, A2 Milk Recall Shock & Accent Group All-Time Lows",2026-05-04T08:15:01Z,2026-05-04T08:25:08+00:00,2026-05-04T08:25:08+00:00,fanout_0007,50,candidate_expire_duplicate_fanout,status_expire_candidate,explicit target ATLASSIAN does not match current entity; duplicate fanout cluster preserves matching target rows elsewhere,high,MEDIUM,no,company_memory.sqlite:memory_entries,DATA_MISSING,cluster_has_preserved_target_no_alias_manual_or_blocked_rows,first
678,VCE,observed_fact,Atlassian's share price is up about 30% due to better-than-expected results,active,0.8,youtube_transcript:asx-daily-rundown-atlassian-lifts-tech-a2-milk-recall-shock-accent-group-all-time-lows:88e960386e503796,youtube_transcript,"ASX Daily Rundown | Atlassian Lifts Tech, A2 Milk Recall Shock & Accent Group All-Time Lows",2026-05-04T08:15:01Z,2026-05-04T08:25:08+00:00,2026-05-04T08:25:08+00:00,fanout_0007,50,candidate_expire_duplicate_fanout,status_expire_candidate,explicit target ATLASSIAN does not match current entity; duplicate fanout cluster preserves matching target rows elsewhere,high,MEDIUM,no,company_memory.sqlite:memory_entries,DATA_MISSING,cluster_has_preserved_target_no_alias_manual_or_blocked_rows,first
679,SNW,observed_fact,Atlassian's share price is up about 30% due to better-than-expected results,active,0.8,youtube_transcript:asx-daily-rundown-atlassian-lifts-tech-a2-milk-recall-shock-accent-group-all-time-lows:88e960386e503796,youtube_transcript,"ASX Daily Rundown | Atlassian Lifts Tech, A2 Milk Recall Shock & Accent Group All-Time Lows",2026-05-04T08:15:01Z,2026-05-04T08:25:08+00:00,2026-05-04T08:25:08+00:00,fanout_0007,50,candidate_expire_duplicate_fanout,status_expire_candidate,explicit target ATLASSIAN does not match current entity; duplicate fanout cluster preserves matching target rows elsewhere,high,MEDIUM,no,company_memory.sqlite:memory_entries,DATA_MISSING,cluster_has_preserved_target_no_alias_manual_or_blocked_rows,first
680,LON,observed_fact,Atlassian's share price is up about 30% due to better-than-expected results,active,0.8,youtube_transcript:asx-daily-rundown-atlassian-lifts-tech-a2-milk-recall-shock-accent-group-all-time-lows:88e960386e503796,youtube_transcript,"ASX Daily Rundown | Atlassian Lifts Tech, A2 Milk Recall Shock & Accent Group All-Time Lows",2026-05-04T08:15:01Z,2026-05-04T08:25:08+00:00,2026-05-04T08:25:08+00:00,fanout_0007,50,candidate_expire_duplicate_fanout,status_expire_candidate,explicit target ATLASSIAN does not match current entity; duplicate fanout cluster preserves matching target rows elsewhere,high,MEDIUM,no,company_memory.sqlite:memory_entries,DATA_MISSING,cluster_has_preserved_target_no_alias_manual_or_blocked_rows,first
681,PET,observed_fact,Atlassian's share price is up about 30% due to better-than-expected results,active,0.8,youtube_transcript:asx-daily-rundown-atlassian-lifts-tech-a2-milk-recall-shock-accent-group-all-time-lows:88e960386e503796,youtube_transcript,"ASX Daily Rundown | Atlassian Lifts Tech, A2 Milk Recall Shock & Accent Group All-Time Lows",2026-05-04T08:15:01Z,2026-05-04T08:25:08+00:00,2026-05-04T08:25:08+00:00,fanout_0007,50,candidate_expire_duplicate_fanout,status_expire_candidate,explicit target ATLASSIAN does not match current entity; duplicate fanout cluster preserves matching target rows elsewhere,high,MEDIUM,no,company_memory.sqlite:memory_entries,DATA_MISSING,cluster_has_preserved_target_no_alias_manual_or_blocked_rows,first
682,STK,observed_fact,Atlassian's share price is up about 30% due to better-than-expected results,active,0.8,youtube_transcript:asx-daily-rundown-atlassian-lifts-tech-a2-milk-recall-shock-accent-group-all-time-lows:88e960386e503796,youtube_transcript,"ASX Daily Rundown | Atlassian Lifts Tech, A2 Milk Recall Shock & Accent Group All-Time Lows",2026-05-04T08:15:01Z,2026-05-04T08:25:08+00:00,2026-05-04T08:25:08+00:00,fanout_0007,50,candidate_expire_duplicate_fanout,status_expire_candidate,explicit target ATLASSIAN does not match current entity; duplicate fanout cluster preserves matching target rows elsewhere,high,MEDIUM,no,company_memory.sqlite:memory_entries,DATA_MISSING,cluster_has_preserved_target_no_alias_manual_or_blocked_rows,first
1607,ENDV,observed_fact,Atlassian's share price is up about 30% due to better-than-expected results,active,0.8,youtube_transcript:asx-daily-rundown-atlassian-lifts-tech-a2-milk-recall-shock-accent-group-all-time-lows:88e960386e503796,youtube_transcript,"ASX Daily Rundown | Atlassian Lifts Tech, A2 Milk Recall Shock & Accent Group All-Time Lows",2026-05-04T08:15:01Z,2026-05-05T04:19:04+00:00,2026-05-05T04:19:04+00:00,fanout_0007,50,candidate_expire_duplicate_fanout,status_expire_candidate,explicit target ATLASSIAN does not match current entity; duplicate fanout cluster preserves matching target rows elsewhere,high,MEDIUM,no,company_memory.sqlite:memory_entries,DATA_MISSING,cluster_has_preserved_target_no_alias_manual_or_blocked_rows,first
1608,KEYP,observed_fact,Atlassian's share price is up about 30% due to better-than-expected results,active,0.8,youtube_transcript:asx-daily-rundown-atlassian-lifts-tech-a2-milk-recall-shock-accent-group-all-time-lows:88e960386e503796,youtube_transcript,"ASX Daily Rundown | Atlassian Lifts Tech, A2 Milk Recall Shock & Accent Group All-Time Lows",2026-05-04T08:15:01Z,2026-05-05T04:19:05+00:00,2026-05-05T04:19:05+00:00,fanout_0007,50,candidate_expire_duplicate_fanout,status_expire_candidate,explicit target ATLASSIAN does not match current entity; duplicate fanout cluster preserves matching target rows elsewhere,high,MEDIUM,no,company_memory.sqlite:memory_entries,DATA_MISSING,cluster_has_preserved_target_no_alias_manual_or_blocked_rows,first
1609,GCMC,observed_fact,Atlassian's share price is up about 30% due to better-than-expected results,active,0.8,youtube_transcript:asx-daily-rundown-atlassian-lifts-tech-a2-milk-recall-shock-accent-group-all-time-lows:88e960386e503796,youtube_transcript,"ASX Daily Rundown | Atlassian Lifts Tech, A2 Milk Recall Shock & Accent Group All-Time Lows",2026-05-04T08:15:01Z,2026-05-05T04:19:05+00:00,2026-05-05T04:19:05+00:00,fanout_0007,50,candidate_expire_duplicate_fanout,status_expire_candidate,explicit target ATLASSIAN does not match current entity; duplicate fanout cluster preserves matching target rows elsewhere,high,MEDIUM,no,company_memory.sqlite:memory_entries,DATA_MISSING,cluster_has_preserved_target_no_alias_manual_or_blocked_rows,first
1610,MARINO,observed_fact,Atlassian's share price is up about 30% due to better-than-expected results,active,0.8,youtube_transcript:asx-daily-rundown-atlassian-lifts-tech-a2-milk-recall-shock-accent-group-all-time-lows:88e960386e503796,youtube_transcript,"ASX Daily Rundown | Atlassian Lifts Tech, A2 Milk Recall Shock & Accent Group All-Time Lows",2026-05-04T08:15:01Z,2026-05-05T04:19:05+00:00,2026-05-05T04:19:05+00:00,fanout_0007,50,candidate_expire_duplicate_fanout,status_expire_candidate,explicit target ATLASSIAN does not match current entity; duplicate fanout cluster preserves matching target rows elsewhere,high,MEDIUM,no,company_memory.sqlite:memory_entries,DATA_MISSING,cluster_has_preserved_target_no_alias_manual_or_blocked_rows,first
1611,CLAR,observed_fact,Atlassian's share price is up about 30% due to better-than-expected results,active,0.8,youtube_transcript:asx-daily-rundown-atlassian-lifts-tech-a2-milk-recall-shock-accent-group-all-time-lows:88e960386e503796,youtube_transcript,"ASX Daily Rundown | Atlassian Lifts Tech, A2 Milk Recall Shock & Accent Group All-Time Lows",2026-05-04T08:15:01Z,2026-05-05T04:19:05+00:00,2026-05-05T04:19:05+00:00,fanout_0007,50,candidate_expire_duplicate_fanout,status_expire_candidate,explicit target ATLASSIAN does not match current entity; duplicate fanout cluster preserves matching target rows elsewhere,high,MEDIUM,no,company_memory.sqlite:memory_entries,DATA_MISSING,cluster_has_preserved_target_no_alias_manual_or_blocked_rows,first
1612,LIVN,observed_fact,Atlassian's share price is up about 30% due to better-than-expected results,active,0.8,youtube_transcript:asx-daily-rundown-atlassian-lifts-tech-a2-milk-recall-shock-accent-group-all-time-lows:88e960386e503796,youtube_transcript,"ASX Daily Rundown | Atlassian Lifts Tech, A2 Milk Recall Shock & Accent Group All-Time Lows",2026-05-04T08:15:01Z,2026-05-05T04:19:05+00:00,2026-05-05T04:19:05+00:00,fanout_0007,50,candidate_expire_duplicate_fanout,status_expire_candidate,explicit target ATLASSIAN does not match current entity; duplicate fanout cluster preserves matching target rows elsewhere,high,MEDIUM,no,company_memory.sqlite:memory_entries,DATA_MISSING,cluster_has_preserved_target_no_alias_manual_or_blocked_rows,first
1613,SN,observed_fact,Atlassian's share price is up about 30% due to better-than-expected results,active,0.8,youtube_transcript:asx-daily-rundown-atlassian-lifts-tech-a2-milk-recall-shock-accent-group-all-time-lows:88e960386e503796,youtube_transcript,"ASX Daily Rundown | Atlassian Lifts Tech, A2 Milk Recall Shock & Accent Group All-Time Lows",2026-05-04T08:15:01Z,2026-05-05T04:19:05+00:00,2026-05-05T04:19:05+00:00,fanout_0007,50,candidate_expire_duplicate_fanout,status_expire_candidate,explicit target ATLASSIAN does not match current entity; duplicate fanout cluster preserves matching target rows elsewhere,high,MEDIUM,no,company_memory.sqlite:memory_entries,DATA_MISSING,cluster_has_preserved_target_no_alias_manual_or_blocked_rows,first
1614,LION,observed_fact,Atlassian's share price is up about 30% due to better-than-expected results,active,0.8,youtube_transcript:asx-daily-rundown-atlassian-lifts-tech-a2-milk-recall-shock-accent-group-all-time-lows:88e960386e503796,youtube_transcript,"ASX Daily Rundown | Atlassian Lifts Tech, A2 Milk Recall Shock & Accent Group All-Time Lows",2026-05-04T08:15:01Z,2026-05-05T04:19:05+00:00,2026-05-05T04:19:05+00:00,fanout_0007,50,candidate_expire_duplicate_fanout,status_expire_candidate,explicit target ATLASSIAN does not match current entity; duplicate fanout cluster preserves matching target rows elsewhere,high,MEDIUM,no,company_memory.sqlite:memory_entries,DATA_MISSING,cluster_has_preserved_target_no_alias_manual_or_blocked_rows,first
393,ASX,catalyst,ATLASSIAN's better-than-expected results,active,0.74,youtube_transcript:asx-daily-rundown-atlassian-lifts-tech-a2-milk-recall-shock-accent-group-all-time-lows:88e960386e503796,youtube_transcript,"ASX Daily Rundown | Atlassian Lifts Tech, A2 Milk Recall Shock & Accent Group All-Time Lows",2026-05-04T08:15:01Z,2026-05-04T08:24:19+00:00,2026-05-04T08:24:19+00:00,fanout_0018,41,candidate_expire_duplicate_fanout,status_expire_candidate,explicit target ATLASSIAN does not match current entity; duplicate fanout cluster preserves matching target rows elsewhere,high,MEDIUM,no,company_memory.sqlite:memory_entries,DATA_MISSING,cluster_has_preserved_target_no_alias_manual_or_blocked_rows,first
394,TXT,catalyst,ATLASSIAN's better-than-expected results,active,0.74,youtube_transcript:asx-daily-rundown-atlassian-lifts-tech-a2-milk-recall-shock-accent-group-all-time-lows:88e960386e503796,youtube_transcript,"ASX Daily Rundown | Atlassian Lifts Tech, A2 Milk Recall Shock & Accent Group All-Time Lows",2026-05-04T08:15:01Z,2026-05-04T08:24:19+00:00,2026-05-04T08:24:19+00:00,fanout_0018,41,candidate_expire_duplicate_fanout,status_expire_candidate,explicit target ATLASSIAN does not match current entity; duplicate fanout cluster preserves matching target rows elsewhere,high,MEDIUM,no,company_memory.sqlite:memory_entries,DATA_MISSING,cluster_has_preserved_target_no_alias_manual_or_blocked_rows,first
395,XTX,catalyst,ATLASSIAN's better-than-expected results,active,0.74,youtube_transcript:asx-daily-rundown-atlassian-lifts-tech-a2-milk-recall-shock-accent-group-all-time-lows:88e960386e503796,youtube_transcript,"ASX Daily Rundown | Atlassian Lifts Tech, A2 Milk Recall Shock & Accent Group All-Time Lows",2026-05-04T08:15:01Z,2026-05-04T08:24:20+00:00,2026-05-04T08:24:20+00:00,fanout_0018,41,candidate_expire_duplicate_fanout,status_expire_candidate,explicit target ATLASSIAN does not match current entity; duplicate fanout cluster preserves matching target rows elsewhere,high,MEDIUM,no,company_memory.sqlite:memory_entries,DATA_MISSING,cluster_has_preserved_target_no_alias_manual_or_blocked_rows,first
396,A2 MILK,catalyst,ATLASSIAN's better-than-expected results,active,0.74,youtube_transcript:asx-daily-rundown-atlassian-lifts-tech-a2-milk-recall-shock-accent-group-all-time-lows:88e960386e503796,youtube_transcript,"ASX Daily Rundown | Atlassian Lifts Tech, A2 Milk Recall Shock & Accent Group All-Time Lows",2026-05-04T08:15:01Z,2026-05-04T08:24:20+00:00,2026-05-04T08:24:20+00:00,fanout_0018,41,candidate_expire_duplicate_fanout,status_expire_candidate,explicit target ATLASSIAN does not match current entity; duplicate fanout cluster preserves matching target rows elsewhere,high,MEDIUM,no,company_memory.sqlite:memory_entries,DATA_MISSING,cluster_has_preserved_target_no_alias_manual_or_blocked_rows,first
397,ENDEAVOR GROUP,catalyst,ATLASSIAN's better-than-expected results,active,0.74,youtube_transcript:asx-daily-rundown-atlassian-lifts-tech-a2-milk-recall-shock-accent-group-all-time-lows:88e960386e503796,youtube_transcript,"ASX Daily Rundown | Atlassian Lifts Tech, A2 Milk Recall Shock & Accent Group All-Time Lows",2026-05-04T08:15:01Z,2026-05-04T08:24:20+00:00,2026-05-04T08:24:20+00:00,fanout_0018,41,candidate_expire_duplicate_fanout,status_expire_candidate,explicit target ATLASSIAN does not match current entity; duplicate fanout cluster preserves matching target rows elsewhere,high,MEDIUM,no,company_memory.sqlite:memory_entries,DATA_MISSING,cluster_has_preserved_target_no_alias_manual_or_blocked_rows,first
399,NAB,catalyst,ATLASSIAN's better-than-expected results,active,0.74,youtube_transcript:asx-daily-rundown-atlassian-lifts-tech-a2-milk-recall-shock-accent-group-all-time-lows:88e960386e503796,youtube_transcript,"ASX Daily Rundown | Atlassian Lifts Tech, A2 Milk Recall Shock & Accent Group All-Time Lows",2026-05-04T08:15:01Z,2026-05-04T08:24:20+00:00,2026-05-04T08:24:20+00:00,fanout_0018,41,candidate_expire_duplicate_fanout,status_expire_candidate,explicit target ATLASSIAN does not match current entity; duplicate fanout cluster preserves matching target rows elsewhere,high,MEDIUM,no,company_memory.sqlite:memory_entries,DATA_MISSING,cluster_has_preserved_target_no_alias_manual_or_blocked_rows,first
400,BHP,catalyst,ATLASSIAN's better-than-expected results,active,0.74,youtube_transcript:asx-daily-rundown-atlassian-lifts-tech-a2-milk-recall-shock-accent-group-all-time-lows:88e960386e503796,youtube_transcript,"ASX Daily Rundown | Atlassian Lifts Tech, A2 Milk Recall Shock & Accent Group All-Time Lows",2026-05-04T08:15:01Z,2026-05-04T08:24:20+00:00,2026-05-04T08:24:20+00:00,fanout_0018,41,candidate_expire_duplicate_fanout,status_expire_candidate,explicit target ATLASSIAN does not match current entity; duplicate fanout cluster preserves matching target rows elsewhere,high,MEDIUM,no,company_memory.sqlite:memory_entries,DATA_MISSING,cluster_has_preserved_target_no_alias_manual_or_blocked_rows,first
401,KEY PETROLEUM,catalyst,ATLASSIAN's better-than-expected results,active,0.74,youtube_transcript:asx-daily-rundown-atlassian-lifts-tech-a2-milk-recall-shock-accent-group-all-time-lows:88e960386e503796,youtube_transcript,"ASX Daily Rundown | Atlassian Lifts Tech, A2 Milk Recall Shock & Accent Group All-Time Lows",2026-05-04T08:15:01Z,2026-05-04T08:24:20+00:00,2026-05-04T08:24:20+00:00,fanout_0018,41,candidate_expire_duplicate_fanout,status_expire_candidate,explicit target ATLASSIAN does not match current entity; duplicate fanout cluster preserves matching target rows elsewhere,high,MEDIUM,no,company_memory.sqlite:memory_entries,DATA_MISSING,cluster_has_preserved_target_no_alias_manual_or_blocked_rows,first
402,GCM CORPORATION,catalyst,ATLASSIAN's better-than-expected results,active,0.74,youtube_transcript:asx-daily-rundown-atlassian-lifts-tech-a2-milk-recall-shock-accent-group-all-time-lows:88e960386e503796,youtube_transcript,"ASX Daily Rundown | Atlassian Lifts Tech, A2 Milk Recall Shock & Accent Group All-Time Lows",2026-05-04T08:15:01Z,2026-05-04T08:24:20+00:00,2026-05-04T08:24:20+00:00,fanout_0018,41,candidate_expire_duplicate_fanout,status_expire_candidate,explicit target ATLASSIAN does not match current entity; duplicate fanout cluster preserves matching target rows elsewhere,high,MEDIUM,no,company_memory.sqlite:memory_entries,DATA_MISSING,cluster_has_preserved_target_no_alias_manual_or_blocked_rows,first
403,MARINO AND CO,catalyst,ATLASSIAN's better-than-expected results,active,0.74,youtube_transcript:asx-daily-rundown-atlassian-lifts-tech-a2-milk-recall-shock-accent-group-all-time-lows:88e960386e503796,youtube_transcript,"ASX Daily Rundown | Atlassian Lifts Tech, A2 Milk Recall Shock & Accent Group All-Time Lows",2026-05-04T08:15:01Z,2026-05-04T08:24:20+00:00,2026-05-04T08:24:20+00:00,fanout_0018,41,candidate_expire_duplicate_fanout,status_expire_candidate,explicit target ATLASSIAN does not match current entity; duplicate fanout cluster preserves matching target rows elsewhere,high,MEDIUM,no,company_memory.sqlite:memory_entries,DATA_MISSING,cluster_has_preserved_target_no_alias_manual_or_blocked_rows,first
404,CLARITY,catalyst,ATLASSIAN's better-than-expected results,active,0.74,youtube_transcript:asx-daily-rundown-atlassian-lifts-tech-a2-milk-recall-shock-accent-group-all-time-lows:88e960386e503796,youtube_transcript,"ASX Daily Rundown | Atlassian Lifts Tech, A2 Milk Recall Shock & Accent Group All-Time Lows",2026-05-04T08:15:01Z,2026-05-04T08:24:20+00:00,2026-05-04T08:24:20+00:00,fanout_0018,41,candidate_expire_duplicate_fanout,status_expire_candidate,explicit target ATLASSIAN does not match current entity; duplicate fanout cluster preserves matching target rows elsewhere,high,MEDIUM,no,company_memory.sqlite:memory_entries,DATA_MISSING,cluster_has_preserved_target_no_alias_manual_or_blocked_rows,first
405,WIN MEDALS,catalyst,ATLASSIAN's better-than-expected results,active,0.74,youtube_transcript:asx-daily-rundown-atlassian-lifts-tech-a2-milk-recall-shock-accent-group-all-time-lows:88e960386e503796,youtube_transcript,"ASX Daily Rundown | Atlassian Lifts Tech, A2 Milk Recall Shock & Accent Group All-Time Lows",2026-05-04T08:15:01Z,2026-05-04T08:24:20+00:00,2026-05-04T08:24:20+00:00,fanout_0018,41,candidate_expire_duplicate_fanout,status_expire_candidate,explicit target ATLASSIAN does not match current entity; duplicate fanout cluster preserves matching target rows elsewhere,high,MEDIUM,no,company_memory.sqlite:memory_entries,DATA_MISSING,cluster_has_preserved_target_no_alias_manual_or_blocked_rows,first
406,AXEN GROUP,catalyst,ATLASSIAN's better-than-expected results,active,0.74,youtube_transcript:asx-daily-rundown-atlassian-lifts-tech-a2-milk-recall-shock-accent-group-all-time-lows:88e960386e503796,youtube_transcript,"ASX Daily Rundown | Atlassian Lifts Tech, A2 Milk Recall Shock & Accent Group All-Time Lows",2026-05-04T08:15:01Z,2026-05-04T08:24:20+00:00,2026-05-04T08:24:20+00:00,fanout_0018,41,candidate_expire_duplicate_fanout,status_expire_candidate,explicit target ATLASSIAN does not match current entity; duplicate fanout cluster preserves matching target rows elsewhere,high,MEDIUM,no,company_memory.sqlite:memory_entries,DATA_MISSING,cluster_has_preserved_target_no_alias_manual_or_blocked_rows,first
407,STRICKLAND METALS,catalyst,ATLASSIAN's better-than-expected results,active,0.74,youtube_transcript:asx-daily-rundown-atlassian-lifts-tech-a2-milk-recall-shock-accent-group-all-time-lows:88e960386e503796,youtube_transcript,"ASX Daily Rundown | Atlassian Lifts Tech, A2 Milk Recall Shock & Accent Group All-Time Lows",2026-05-04T08:15:01Z,2026-05-04T08:24:21+00:00,2026-05-04T08:24:21+00:00,fanout_0018,41,candidate_expire_duplicate_fanout,status_expire_candidate,explicit target ATLASSIAN does not match current entity; duplicate fanout cluster preserves matching target rows elsewhere,high,MEDIUM,no,company_memory.sqlite:memory_entries,DATA_MISSING,cluster_has_preserved_target_no_alias_manual_or_blocked_rows,first
408,LION TOWN,catalyst,ATLASSIAN's better-than-expected results,active,0.74,youtube_transcript:asx-daily-rundown-atlassian-lifts-tech-a2-milk-recall-shock-accent-group-all-time-lows:88e960386e503796,youtube_transcript,"ASX Daily Rundown | Atlassian Lifts Tech, A2 Milk Recall Shock & Accent Group All-Time Lows",2026-05-04T08:15:01Z,2026-05-04T08:24:21+00:00,2026-05-04T08:24:21+00:00,fanout_0018,41,candidate_expire_duplicate_fanout,status_expire_candidate,explicit target ATLASSIAN does not match current entity; duplicate fanout cluster preserves matching target rows elsewhere,high,MEDIUM,no,company_memory.sqlite:memory_entries,DATA_MISSING,cluster_has_preserved_target_no_alias_manual_or_blocked_rows,first
409,IMRO,catalyst,ATLASSIAN's better-than-expected results,active,0.74,youtube_transcript:asx-daily-rundown-atlassian-lifts-tech-a2-milk-recall-shock-accent-group-all-time-lows:88e960386e503796,youtube_transcript,"ASX Daily Rundown | Atlassian Lifts Tech, A2 Milk Recall Shock & Accent Group All-Time Lows",2026-05-04T08:15:01Z,2026-05-04T08:24:22+00:00,2026-05-04T08:24:22+00:00,fanout_0018,41,candidate_expire_duplicate_fanout,status_expire_candidate,explicit target ATLASSIAN does not match current entity; duplicate fanout cluster preserves matching target rows elsewhere,high,MEDIUM,no,company_memory.sqlite:memory_entries,DATA_MISSING,cluster_has_preserved_target_no_alias_manual_or_blocked_rows,first
410,PENINSULA,catalyst,ATLASSIAN's better-than-expected results,active,0.74,youtube_transcript:asx-daily-rundown-atlassian-lifts-tech-a2-milk-recall-shock-accent-group-all-time-lows:88e960386e503796,youtube_transcript,"ASX Daily Rundown | Atlassian Lifts Tech, A2 Milk Recall Shock & Accent Group All-Time Lows",2026-05-04T08:15:01Z,2026-05-04T08:24:22+00:00,2026-05-04T08:24:22+00:00,fanout_0018,41,candidate_expire_duplicate_fanout,status_expire_candidate,explicit target ATLASSIAN does not match current entity; duplicate fanout cluster preserves matching target rows elsewhere,high,MEDIUM,no,company_memory.sqlite:memory_entries,DATA_MISSING,cluster_has_preserved_target_no_alias_manual_or_blocked_rows,first
411,BRAIN CHIP,catalyst,ATLASSIAN's better-than-expected results,active,0.74,youtube_transcript:asx-daily-rundown-atlassian-lifts-tech-a2-milk-recall-shock-accent-group-all-time-lows:88e960386e503796,youtube_transcript,"ASX Daily Rundown | Atlassian Lifts Tech, A2 Milk Recall Shock & Accent Group All-Time Lows",2026-05-04T08:15:01Z,2026-05-04T08:24:22+00:00,2026-05-04T08:24:22+00:00,fanout_0018,41,candidate_expire_duplicate_fanout,status_expire_candidate,explicit target ATLASSIAN does not match current entity; duplicate fanout cluster preserves matching target rows elsewhere,high,MEDIUM,no,company_memory.sqlite:memory_entries,DATA_MISSING,cluster_has_preserved_target_no_alias_manual_or_blocked_rows,first
412,VERITUS,catalyst,ATLASSIAN's better-than-expected results,active,0.74,youtube_transcript:asx-daily-rundown-atlassian-lifts-tech-a2-milk-recall-shock-accent-group-all-time-lows:88e960386e503796,youtube_transcript,"ASX Daily Rundown | Atlassian Lifts Tech, A2 Milk Recall Shock & Accent Group All-Time Lows",2026-05-04T08:15:01Z,2026-05-04T08:24:22+00:00,2026-05-04T08:24:22+00:00,fanout_0018,41,candidate_expire_duplicate_fanout,status_expire_candidate,explicit target ATLASSIAN does not match current entity; duplicate fanout cluster preserves matching target rows elsewhere,high,MEDIUM,no,company_memory.sqlite:memory_entries,DATA_MISSING,cluster_has_preserved_target_no_alias_manual_or_blocked_rows,first
413,PETTIMED,catalyst,ATLASSIAN's better-than-expected results,active,0.74,youtube_transcript:asx-daily-rundown-atlassian-lifts-tech-a2-milk-recall-shock-accent-group-all-time-lows:88e960386e503796,youtube_transcript,"ASX Daily Rundown | Atlassian Lifts Tech, A2 Milk Recall Shock & Accent Group All-Time Lows",2026-05-04T08:15:01Z,2026-05-04T08:24:22+00:00,2026-05-04T08:24:22+00:00,fanout_0018,41,candidate_expire_duplicate_fanout,status_expire_candidate,explicit target ATLASSIAN does not match current entity; duplicate fanout cluster preserves matching target rows elsewhere,high,MEDIUM,no,company_memory.sqlite:memory_entries,DATA_MISSING,cluster_has_preserved_target_no_alias_manual_or_blocked_rows,first
414,IMPEDIMED,catalyst,ATLASSIAN's better-than-expected results,active,0.74,youtube_transcript:asx-daily-rundown-atlassian-lifts-tech-a2-milk-recall-shock-accent-group-all-time-lows:88e960386e503796,youtube_transcript,"ASX Daily Rundown | Atlassian Lifts Tech, A2 Milk Recall Shock & Accent Group All-Time Lows",2026-05-04T08:15:01Z,2026-05-04T08:24:22+00:00,2026-05-04T08:24:22+00:00,fanout_0018,41,candidate_expire_duplicate_fanout,status_expire_candidate,explicit target ATLASSIAN does not match current entity; duplicate fanout cluster preserves matching target rows elsewhere,high,MEDIUM,no,company_memory.sqlite:memory_entries,DATA_MISSING,cluster_has_preserved_target_no_alias_manual_or_blocked_rows,first
415,INDE,catalyst,ATLASSIAN's better-than-expected results,active,0.74,youtube_transcript:asx-daily-rundown-atlassian-lifts-tech-a2-milk-recall-shock-accent-group-all-time-lows:88e960386e503796,youtube_transcript,"ASX Daily Rundown | Atlassian Lifts Tech, A2 Milk Recall Shock & Accent Group All-Time Lows",2026-05-04T08:15:01Z,2026-05-04T08:24:22+00:00,2026-05-04T08:24:22+00:00,fanout_0018,41,candidate_expire_duplicate_fanout,status_expire_candidate,explicit target ATLASSIAN does not match current entity; duplicate fanout cluster preserves matching target rows elsewhere,high,MEDIUM,no,company_memory.sqlite:memory_entries,DATA_MISSING,cluster_has_preserved_target_no_alias_manual_or_blocked_rows,first
416,PETT,catalyst,ATLASSIAN's better-than-expected results,active,0.74,youtube_transcript:asx-daily-rundown-atlassian-lifts-tech-a2-milk-recall-shock-accent-group-all-time-lows:88e960386e503796,youtube_transcript,"ASX Daily Rundown | Atlassian Lifts Tech, A2 Milk Recall Shock & Accent Group All-Time Lows",2026-05-04T08:15:01Z,2026-05-04T08:24:22+00:00,2026-05-04T08:24:22+00:00,fanout_0018,41,candidate_expire_duplicate_fanout,status_expire_candidate,explicit target ATLASSIAN does not match current entity; duplicate fanout cluster preserves matching target rows elsewhere,high,MEDIUM,no,company_memory.sqlite:memory_entries,DATA_MISSING,cluster_has_preserved_target_no_alias_manual_or_blocked_rows,first
417,C79,catalyst,ATLASSIAN's better-than-expected results,active,0.74,youtube_transcript:asx-daily-rundown-atlassian-lifts-tech-a2-milk-recall-shock-accent-group-all-time-lows:88e960386e503796,youtube_transcript,"ASX Daily Rundown | Atlassian Lifts Tech, A2 Milk Recall Shock & Accent Group All-Time Lows",2026-05-04T08:15:01Z,2026-05-04T08:24:22+00:00,2026-05-04T08:24:22+00:00,fanout_0018,41,candidate_expire_duplicate_fanout,status_expire_candidate,explicit target ATLASSIAN does not match current entity; duplicate fanout cluster preserves matching target rows elsewhere,high,MEDIUM,no,company_memory.sqlite:memory_entries,DATA_MISSING,cluster_has_preserved_target_no_alias_manual_or_blocked_rows,first
418,A2M,catalyst,ATLASSIAN's better-than-expected results,active,0.74,youtube_transcript:asx-daily-rundown-atlassian-lifts-tech-a2-milk-recall-shock-accent-group-all-time-lows:88e960386e503796,youtube_transcript,"ASX Daily Rundown | Atlassian Lifts Tech, A2 Milk Recall Shock & Accent Group All-Time Lows",2026-05-04T08:15:01Z,2026-05-04T08:24:22+00:00,2026-05-04T08:24:22+00:00,fanout_0018,41,candidate_expire_duplicate_fanout,status_expire_candidate,explicit target ATLASSIAN does not match current entity; duplicate fanout cluster preserves matching target rows elsewhere,high,MEDIUM,no,company_memory.sqlite:memory_entries,DATA_MISSING,cluster_has_preserved_target_no_alias_manual_or_blocked_rows,first
419,ACCENT GROUP,catalyst,ATLASSIAN's better-than-expected results,active,0.74,youtube_transcript:asx-daily-rundown-atlassian-lifts-tech-a2-milk-recall-shock-accent-group-all-time-lows:88e960386e503796,youtube_transcript,"ASX Daily Rundown | Atlassian Lifts Tech, A2 Milk Recall Shock & Accent Group All-Time Lows",2026-05-04T08:15:01Z,2026-05-04T08:24:22+00:00,2026-05-04T08:24:22+00:00,fanout_0018,41,candidate_expire_duplicate_fanout,status_expire_candidate,explicit target ATLASSIAN does not match current entity; duplicate fanout cluster preserves matching target rows elsewhere,high,MEDIUM,no,company_memory.sqlite:memory_entries,DATA_MISSING,cluster_has_preserved_target_no_alias_manual_or_blocked_rows,first
1737,ENDV,catalyst,Atlassian's better-than-expected results,active,0.72,youtube_transcript:asx-daily-rundown-atlassian-lifts-tech-a2-milk-recall-shock-accent-group-all-time-lows:88e960386e503796,youtube_transcript,"ASX Daily Rundown | Atlassian Lifts Tech, A2 Milk Recall Shock & Accent Group All-Time Lows",2026-05-04T08:15:01Z,2026-05-05T04:20:30+00:00,2026-05-05T04:20:30+00:00,fanout_0018,41,candidate_expire_duplicate_fanout,status_expire_candidate,explicit target ATLASSIAN does not match current entity; duplicate fanout cluster preserves matching target rows elsewhere,high,MEDIUM,no,company_memory.sqlite:memory_entries,DATA_MISSING,cluster_has_preserved_target_no_alias_manual_or_blocked_rows,first
1738,COH,catalyst,Atlassian's better-than-expected results,active,0.72,youtube_transcript:asx-daily-rundown-atlassian-lifts-tech-a2-milk-recall-shock-accent-group-all-time-lows:88e960386e503796,youtube_transcript,"ASX Daily Rundown | Atlassian Lifts Tech, A2 Milk Recall Shock & Accent Group All-Time Lows",2026-05-04T08:15:01Z,2026-05-05T04:20:30+00:00,2026-05-05T04:20:30+00:00,fanout_0018,41,candidate_expire_duplicate_fanout,status_expire_candidate,explicit target ATLASSIAN does not match current entity; duplicate fanout cluster preserves matching target rows elsewhere,high,MEDIUM,no,company_memory.sqlite:memory_entries,DATA_MISSING,cluster_has_preserved_target_no_alias_manual_or_blocked_rows,first
1739,WES,catalyst,Atlassian's better-than-expected results,active,0.72,youtube_transcript:asx-daily-rundown-atlassian-lifts-tech-a2-milk-recall-shock-accent-group-all-time-lows:88e960386e503796,youtube_transcript,"ASX Daily Rundown | Atlassian Lifts Tech, A2 Milk Recall Shock & Accent Group All-Time Lows",2026-05-04T08:15:01Z,2026-05-05T04:20:31+00:00,2026-05-05T04:20:31+00:00,fanout_0018,41,candidate_expire_duplicate_fanout,status_expire_candidate,explicit target ATLASSIAN does not match current entity; duplicate fanout cluster preserves matching target rows elsewhere,high,MEDIUM,no,company_memory.sqlite:memory_entries,DATA_MISSING,cluster_has_preserved_target_no_alias_manual_or_blocked_rows,first
1740,WBC,catalyst,Atlassian's better-than-expected results,active,0.72,youtube_transcript:asx-daily-rundown-atlassian-lifts-tech-a2-milk-recall-shock-accent-group-all-time-lows:88e960386e503796,youtube_transcript,"ASX Daily Rundown | Atlassian Lifts Tech, A2 Milk Recall Shock & Accent Group All-Time Lows",2026-05-04T08:15:01Z,2026-05-05T04:20:32+00:00,2026-05-05T04:20:32+00:00,fanout_0018,41,candidate_expire_duplicate_fanout,status_expire_candidate,explicit target ATLASSIAN does not match current entity; duplicate fanout cluster preserves matching target rows elsewhere,high,MEDIUM,no,company_memory.sqlite:memory_entries,DATA_MISSING,cluster_has_preserved_target_no_alias_manual_or_blocked_rows,first
1741,KEYP,catalyst,Atlassian's better-than-expected results,active,0.72,youtube_transcript:asx-daily-rundown-atlassian-lifts-tech-a2-milk-recall-shock-accent-group-all-time-lows:88e960386e503796,youtube_transcript,"ASX Daily Rundown | Atlassian Lifts Tech, A2 Milk Recall Shock & Accent Group All-Time Lows",2026-05-04T08:15:01Z,2026-05-05T04:20:32+00:00,2026-05-05T04:20:32+00:00,fanout_0018,41,candidate_expire_duplicate_fanout,status_expire_candidate,explicit target ATLASSIAN does not match current entity; duplicate fanout cluster preserves matching target rows elsewhere,high,MEDIUM,no,company_memory.sqlite:memory_entries,DATA_MISSING,cluster_has_preserved_target_no_alias_manual_or_blocked_rows,first
1742,GCMC,catalyst,Atlassian's better-than-expected results,active,0.72,youtube_transcript:asx-daily-rundown-atlassian-lifts-tech-a2-milk-recall-shock-accent-group-all-time-lows:88e960386e503796,youtube_transcript,"ASX Daily Rundown | Atlassian Lifts Tech, A2 Milk Recall Shock & Accent Group All-Time Lows",2026-05-04T08:15:01Z,2026-05-05T04:20:32+00:00,2026-05-05T04:20:32+00:00,fanout_0018,41,candidate_expire_duplicate_fanout,status_expire_candidate,explicit target ATLASSIAN does not match current entity; duplicate fanout cluster preserves matching target rows elsewhere,high,MEDIUM,no,company_memory.sqlite:memory_entries,DATA_MISSING,cluster_has_preserved_target_no_alias_manual_or_blocked_rows,first
1743,MARINO,catalyst,Atlassian's better-than-expected results,active,0.72,youtube_transcript:asx-daily-rundown-atlassian-lifts-tech-a2-milk-recall-shock-accent-group-all-time-lows:88e960386e503796,youtube_transcript,"ASX Daily Rundown | Atlassian Lifts Tech, A2 Milk Recall Shock & Accent Group All-Time Lows",2026-05-04T08:15:01Z,2026-05-05T04:20:33+00:00,2026-05-05T04:20:33+00:00,fanout_0018,41,candidate_expire_duplicate_fanout,status_expire_candidate,explicit target ATLASSIAN does not match current entity; duplicate fanout cluster preserves matching target rows elsewhere,high,MEDIUM,no,company_memory.sqlite:memory_entries,DATA_MISSING,cluster_has_preserved_target_no_alias_manual_or_blocked_rows,first
1744,CLAR,catalyst,Atlassian's better-than-expected results,active,0.72,youtube_transcript:asx-daily-rundown-atlassian-lifts-tech-a2-milk-recall-shock-accent-group-all-time-lows:88e960386e503796,youtube_transcript,"ASX Daily Rundown | Atlassian Lifts Tech, A2 Milk Recall Shock & Accent Group All-Time Lows",2026-05-04T08:15:01Z,2026-05-05T04:20:33+00:00,2026-05-05T04:20:33+00:00,fanout_0018,41,candidate_expire_duplicate_fanout,status_expire_candidate,explicit target ATLASSIAN does not match current entity; duplicate fanout cluster preserves matching target rows elsewhere,high,MEDIUM,no,company_memory.sqlite:memory_entries,DATA_MISSING,cluster_has_preserved_target_no_alias_manual_or_blocked_rows,first
1745,WIN,catalyst,Atlassian's better-than-expected results,active,0.72,youtube_transcript:asx-daily-rundown-atlassian-lifts-tech-a2-milk-recall-shock-accent-group-all-time-lows:88e960386e503796,youtube_transcript,"ASX Daily Rundown | Atlassian Lifts Tech, A2 Milk Recall Shock & Accent Group All-Time Lows",2026-05-04T08:15:01Z,2026-05-05T04:20:33+00:00,2026-05-05T04:20:33+00:00,fanout_0018,41,candidate_expire_duplicate_fanout,status_expire_candidate,explicit target ATLASSIAN does not match current entity; duplicate fanout cluster preserves matching target rows elsewhere,high,MEDIUM,no,company_memory.sqlite:memory_entries,DATA_MISSING,cluster_has_preserved_target_no_alias_manual_or_blocked_rows,first
1746,LIVN,catalyst,Atlassian's better-than-expected results,active,0.72,youtube_transcript:asx-daily-rundown-atlassian-lifts-tech-a2-milk-recall-shock-accent-group-all-time-lows:88e960386e503796,youtube_transcript,"ASX Daily Rundown | Atlassian Lifts Tech, A2 Milk Recall Shock & Accent Group All-Time Lows",2026-05-04T08:15:01Z,2026-05-05T04:20:33+00:00,2026-05-05T04:20:33+00:00,fanout_0018,41,candidate_expire_duplicate_fanout,status_expire_candidate,explicit target ATLASSIAN does not match current entity; duplicate fanout cluster preserves matching target rows elsewhere,high,MEDIUM,no,company_memory.sqlite:memory_entries,DATA_MISSING,cluster_has_preserved_target_no_alias_manual_or_blocked_rows,first
1747,SKT,catalyst,Atlassian's better-than-expected results,active,0.72,youtube_transcript:asx-daily-rundown-atlassian-lifts-tech-a2-milk-recall-shock-accent-group-all-time-lows:88e960386e503796,youtube_transcript,"ASX Daily Rundown | Atlassian Lifts Tech, A2 Milk Recall Shock & Accent Group All-Time Lows",2026-05-04T08:15:01Z,2026-05-05T04:20:33+00:00,2026-05-05T04:20:33+00:00,fanout_0018,41,candidate_expire_duplicate_fanout,status_expire_candidate,explicit target ATLASSIAN does not match current entity; duplicate fanout cluster preserves matching target rows elsewhere,high,MEDIUM,no,company_memory.sqlite:memory_entries,DATA_MISSING,cluster_has_preserved_target_no_alias_manual_or_blocked_rows,first
1748,VCE,catalyst,Atlassian's better-than-expected results,active,0.72,youtube_transcript:asx-daily-rundown-atlassian-lifts-tech-a2-milk-recall-shock-accent-group-all-time-lows:88e960386e503796,youtube_transcript,"ASX Daily Rundown | Atlassian Lifts Tech, A2 Milk Recall Shock & Accent Group All-Time Lows",2026-05-04T08:15:01Z,2026-05-05T04:20:34+00:00,2026-05-05T04:20:34+00:00,fanout_0018,41,candidate_expire_duplicate_fanout,status_expire_candidate,explicit target ATLASSIAN does not match current entity; duplicate fanout cluster preserves matching target rows elsewhere,high,MEDIUM,no,company_memory.sqlite:memory_entries,DATA_MISSING,cluster_has_preserved_target_no_alias_manual_or_blocked_rows,first
1749,SN,catalyst,Atlassian's better-than-expected results,active,0.72,youtube_transcript:asx-daily-rundown-atlassian-lifts-tech-a2-milk-recall-shock-accent-group-all-time-lows:88e960386e503796,youtube_transcript,"ASX Daily Rundown | Atlassian Lifts Tech, A2 Milk Recall Shock & Accent Group All-Time Lows",2026-05-04T08:15:01Z,2026-05-05T04:20:34+00:00,2026-05-05T04:20:34+00:00,fanout_0018,41,candidate_expire_duplicate_fanout,status_expire_candidate,explicit target ATLASSIAN does not match current entity; duplicate fanout cluster preserves matching target rows elsewhere,high,MEDIUM,no,company_memory.sqlite:memory_entries,DATA_MISSING,cluster_has_preserved_target_no_alias_manual_or_blocked_rows,first
1750,LION,catalyst,Atlassian's better-than-expected results,active,0.72,youtube_transcript:asx-daily-rundown-atlassian-lifts-tech-a2-milk-recall-shock-accent-group-all-time-lows:88e960386e503796,youtube_transcript,"ASX Daily Rundown | Atlassian Lifts Tech, A2 Milk Recall Shock & Accent Group All-Time Lows",2026-05-04T08:15:01Z,2026-05-05T04:20:34+00:00,2026-05-05T04:20:34+00:00,fanout_0018,41,candidate_expire_duplicate_fanout,status_expire_candidate,explicit target ATLASSIAN does not match current entity; duplicate fanout cluster preserves matching target rows elsewhere,high,MEDIUM,no,company_memory.sqlite:memory_entries,DATA_MISSING,cluster_has_preserved_target_no_alias_manual_or_blocked_rows,first
709,ASX,observed_fact,"NAB's half-year results were not good, showing very little growth",active,0.79,youtube_transcript:asx-daily-rundown-atlassian-lifts-tech-a2-milk-recall-shock-accent-group-all-time-lows:88e960386e503796,youtube_transcript,"ASX Daily Rundown | Atlassian Lifts Tech, A2 Milk Recall Shock & Accent Group All-Time Lows",2026-05-04T08:15:01Z,2026-05-04T08:25:12+00:00,2026-05-04T08:25:12+00:00,fanout_0020,34,candidate_expire_duplicate_fanout,status_expire_candidate,explicit target NAB does not match current entity; duplicate fanout cluster preserves matching target rows elsewhere,high,MEDIUM,no,company_memory.sqlite:memory_entries,DATA_MISSING,cluster_has_preserved_target_no_alias_manual_or_blocked_rows,first
710,TXT,observed_fact,"NAB's half-year results were not good, showing very little growth",active,0.79,youtube_transcript:asx-daily-rundown-atlassian-lifts-tech-a2-milk-recall-shock-accent-group-all-time-lows:88e960386e503796,youtube_transcript,"ASX Daily Rundown | Atlassian Lifts Tech, A2 Milk Recall Shock & Accent Group All-Time Lows",2026-05-04T08:15:01Z,2026-05-04T08:25:12+00:00,2026-05-04T08:25:12+00:00,fanout_0020,34,candidate_expire_duplicate_fanout,status_expire_candidate,explicit target NAB does not match current entity; duplicate fanout cluster preserves matching target rows elsewhere,high,MEDIUM,no,company_memory.sqlite:memory_entries,DATA_MISSING,cluster_has_preserved_target_no_alias_manual_or_blocked_rows,first
711,XTX,observed_fact,"NAB's half-year results were not good, showing very little growth",active,0.79,youtube_transcript:asx-daily-rundown-atlassian-lifts-tech-a2-milk-recall-shock-accent-group-all-time-lows:88e960386e503796,youtube_transcript,"ASX Daily Rundown | Atlassian Lifts Tech, A2 Milk Recall Shock & Accent Group All-Time Lows",2026-05-04T08:15:01Z,2026-05-04T08:25:13+00:00,2026-05-04T08:25:13+00:00,fanout_0020,34,candidate_expire_duplicate_fanout,status_expire_candidate,explicit target NAB does not match current entity; duplicate fanout cluster preserves matching target rows elsewhere,high,MEDIUM,no,company_memory.sqlite:memory_entries,DATA_MISSING,cluster_has_preserved_target_no_alias_manual_or_blocked_rows,first
712,A2M,observed_fact,"NAB's half-year results were not good, showing very little growth",active,0.79,youtube_transcript:asx-daily-rundown-atlassian-lifts-tech-a2-milk-recall-shock-accent-group-all-time-lows:88e960386e503796,youtube_transcript,"ASX Daily Rundown | Atlassian Lifts Tech, A2 Milk Recall Shock & Accent Group All-Time Lows",2026-05-04T08:15:01Z,2026-05-04T08:25:13+00:00,2026-05-04T08:25:13+00:00,fanout_0020,34,candidate_expire_duplicate_fanout,status_expire_candidate,explicit target NAB does not match current entity; duplicate fanout cluster preserves matching target rows elsewhere,high,MEDIUM,no,company_memory.sqlite:memory_entries,DATA_MISSING,cluster_has_preserved_target_no_alias_manual_or_blocked_rows,first
713,END,observed_fact,"NAB's half-year results were not good, showing very little growth",active,0.79,youtube_transcript:asx-daily-rundown-atlassian-lifts-tech-a2-milk-recall-shock-accent-group-all-time-lows:88e960386e503796,youtube_transcript,"ASX Daily Rundown | Atlassian Lifts Tech, A2 Milk Recall Shock & Accent Group All-Time Lows",2026-05-04T08:15:01Z,2026-05-04T08:25:13+00:00,2026-05-04T08:25:13+00:00,fanout_0020,34,candidate_expire_duplicate_fanout,status_expire_candidate,explicit target NAB does not match current entity; duplicate fanout cluster preserves matching target rows elsewhere,high,MEDIUM,no,company_memory.sqlite:memory_entries,DATA_MISSING,cluster_has_preserved_target_no_alias_manual_or_blocked_rows,first
714,COH,observed_fact,"NAB's half-year results were not good, showing very little growth",active,0.79,youtube_transcript:asx-daily-rundown-atlassian-lifts-tech-a2-milk-recall-shock-accent-group-all-time-lows:88e960386e503796,youtube_transcript,"ASX Daily Rundown | Atlassian Lifts Tech, A2 Milk Recall Shock & Accent Group All-Time Lows",2026-05-04T08:15:01Z,2026-05-04T08:25:13+00:00,2026-05-04T08:25:13+00:00,fanout_0020,34,candidate_expire_duplicate_fanout,status_expire_candidate,explicit target NAB does not match current entity; duplicate fanout cluster preserves matching target rows elsewhere,high,MEDIUM,no,company_memory.sqlite:memory_entries,DATA_MISSING,cluster_has_preserved_target_no_alias_manual_or_blocked_rows,first
715,WES,observed_fact,"NAB's half-year results were not good, showing very little growth",active,0.79,youtube_transcript:asx-daily-rundown-atlassian-lifts-tech-a2-milk-recall-shock-accent-group-all-time-lows:88e960386e503796,youtube_transcript,"ASX Daily Rundown | Atlassian Lifts Tech, A2 Milk Recall Shock & Accent Group All-Time Lows",2026-05-04T08:15:01Z,2026-05-04T08:25:13+00:00,2026-05-04T08:25:13+00:00,fanout_0020,34,candidate_expire_duplicate_fanout,status_expire_candidate,explicit target NAB does not match current entity; duplicate fanout cluster preserves matching target rows elsewhere,high,MEDIUM,no,company_memory.sqlite:memory_entries,DATA_MISSING,cluster_has_preserved_target_no_alias_manual_or_blocked_rows,first
716,BHP,observed_fact,"NAB's half-year results were not good, showing very little growth",active,0.79,youtube_transcript:asx-daily-rundown-atlassian-lifts-tech-a2-milk-recall-shock-accent-group-all-time-lows:88e960386e503796,youtube_transcript,"ASX Daily Rundown | Atlassian Lifts Tech, A2 Milk Recall Shock & Accent Group All-Time Lows",2026-05-04T08:15:01Z,2026-05-04T08:25:13+00:00,2026-05-04T08:25:13+00:00,fanout_0020,34,candidate_expire_duplicate_fanout,status_expire_candidate,explicit target NAB does not match current entity; duplicate fanout cluster preserves matching target rows elsewhere,high,MEDIUM,no,company_memory.sqlite:memory_entries,DATA_MISSING,cluster_has_preserved_target_no_alias_manual_or_blocked_rows,first
718,WBC,observed_fact,"NAB's half-year results were not good, showing very little growth",active,0.79,youtube_transcript:asx-daily-rundown-atlassian-lifts-tech-a2-milk-recall-shock-accent-group-all-time-lows:88e960386e503796,youtube_transcript,"ASX Daily Rundown | Atlassian Lifts Tech, A2 Milk Recall Shock & Accent Group All-Time Lows",2026-05-04T08:15:01Z,2026-05-04T08:25:13+00:00,2026-05-04T08:25:13+00:00,fanout_0020,34,candidate_expire_duplicate_fanout,status_expire_candidate,explicit target NAB does not match current entity; duplicate fanout cluster preserves matching target rows elsewhere,high,MEDIUM,no,company_memory.sqlite:memory_entries,DATA_MISSING,cluster_has_preserved_target_no_alias_manual_or_blocked_rows,first
719,KEY,observed_fact,"NAB's half-year results were not good, showing very little growth",active,0.79,youtube_transcript:asx-daily-rundown-atlassian-lifts-tech-a2-milk-recall-shock-accent-group-all-time-lows:88e960386e503796,youtube_transcript,"ASX Daily Rundown | Atlassian Lifts Tech, A2 Milk Recall Shock & Accent Group All-Time Lows",2026-05-04T08:15:01Z,2026-05-04T08:25:13+00:00,2026-05-04T08:25:13+00:00,fanout_0020,34,candidate_expire_duplicate_fanout,status_expire_candidate,explicit target NAB does not match current entity; duplicate fanout cluster preserves matching target rows elsewhere,high,MEDIUM,no,company_memory.sqlite:memory_entries,DATA_MISSING,cluster_has_preserved_target_no_alias_manual_or_blocked_rows,first
720,GCM,observed_fact,"NAB's half-year results were not good, showing very little growth",active,0.79,youtube_transcript:asx-daily-rundown-atlassian-lifts-tech-a2-milk-recall-shock-accent-group-all-time-lows:88e960386e503796,youtube_transcript,"ASX Daily Rundown | Atlassian Lifts Tech, A2 Milk Recall Shock & Accent Group All-Time Lows",2026-05-04T08:15:01Z,2026-05-04T08:25:13+00:00,2026-05-04T08:25:13+00:00,fanout_0020,34,candidate_expire_duplicate_fanout,status_expire_candidate,explicit target NAB does not match current entity; duplicate fanout cluster preserves matching target rows elsewhere,high,MEDIUM,no,company_memory.sqlite:memory_entries,DATA_MISSING,cluster_has_preserved_target_no_alias_manual_or_blocked_rows,first
721,MAR,observed_fact,"NAB's half-year results were not good, showing very little growth",active,0.79,youtube_transcript:asx-daily-rundown-atlassian-lifts-tech-a2-milk-recall-shock-accent-group-all-time-lows:88e960386e503796,youtube_transcript,"ASX Daily Rundown | Atlassian Lifts Tech, A2 Milk Recall Shock & Accent Group All-Time Lows",2026-05-04T08:15:01Z,2026-05-04T08:25:13+00:00,2026-05-04T08:25:13+00:00,fanout_0020,34,candidate_expire_duplicate_fanout,status_expire_candidate,explicit target NAB does not match current entity; duplicate fanout cluster preserves matching target rows elsewhere,high,MEDIUM,no,company_memory.sqlite:memory_entries,DATA_MISSING,cluster_has_preserved_target_no_alias_manual_or_blocked_rows,first
722,CLT,observed_fact,"NAB's half-year results were not good, showing very little growth",active,0.79,youtube_transcript:asx-daily-rundown-atlassian-lifts-tech-a2-milk-recall-shock-accent-group-all-time-lows:88e960386e503796,youtube_transcript,"ASX Daily Rundown | Atlassian Lifts Tech, A2 Milk Recall Shock & Accent Group All-Time Lows",2026-05-04T08:15:01Z,2026-05-04T08:25:13+00:00,2026-05-04T08:25:13+00:00,fanout_0020,34,candidate_expire_duplicate_fanout,status_expire_candidate,explicit target NAB does not match current entity; duplicate fanout cluster preserves matching target rows elsewhere,high,MEDIUM,no,company_memory.sqlite:memory_entries,DATA_MISSING,cluster_has_preserved_target_no_alias_manual_or_blocked_rows,first
723,WIN,observed_fact,"NAB's half-year results were not good, showing very little growth",active,0.79,youtube_transcript:asx-daily-rundown-atlassian-lifts-tech-a2-milk-recall-shock-accent-group-all-time-lows:88e960386e503796,youtube_transcript,"ASX Daily Rundown | Atlassian Lifts Tech, A2 Milk Recall Shock & Accent Group All-Time Lows",2026-05-04T08:15:01Z,2026-05-04T08:25:13+00:00,2026-05-04T08:25:13+00:00,fanout_0020,34,candidate_expire_duplicate_fanout,status_expire_candidate,explicit target NAB does not match current entity; duplicate fanout cluster preserves matching target rows elsewhere,high,MEDIUM,no,company_memory.sqlite:memory_entries,DATA_MISSING,cluster_has_preserved_target_no_alias_manual_or_blocked_rows,first
724,SKT,observed_fact,"NAB's half-year results were not good, showing very little growth",active,0.79,youtube_transcript:asx-daily-rundown-atlassian-lifts-tech-a2-milk-recall-shock-accent-group-all-time-lows:88e960386e503796,youtube_transcript,"ASX Daily Rundown | Atlassian Lifts Tech, A2 Milk Recall Shock & Accent Group All-Time Lows",2026-05-04T08:15:01Z,2026-05-04T08:25:14+00:00,2026-05-04T08:25:14+00:00,fanout_0020,34,candidate_expire_duplicate_fanout,status_expire_candidate,explicit target NAB does not match current entity; duplicate fanout cluster preserves matching target rows elsewhere,high,MEDIUM,no,company_memory.sqlite:memory_entries,DATA_MISSING,cluster_has_preserved_target_no_alias_manual_or_blocked_rows,first
725,VCE,observed_fact,"NAB's half-year results were not good, showing very little growth",active,0.79,youtube_transcript:asx-daily-rundown-atlassian-lifts-tech-a2-milk-recall-shock-accent-group-all-time-lows:88e960386e503796,youtube_transcript,"ASX Daily Rundown | Atlassian Lifts Tech, A2 Milk Recall Shock & Accent Group All-Time Lows",2026-05-04T08:15:01Z,2026-05-04T08:25:14+00:00,2026-05-04T08:25:14+00:00,fanout_0020,34,candidate_expire_duplicate_fanout,status_expire_candidate,explicit target NAB does not match current entity; duplicate fanout cluster preserves matching target rows elsewhere,high,MEDIUM,no,company_memory.sqlite:memory_entries,DATA_MISSING,cluster_has_preserved_target_no_alias_manual_or_blocked_rows,first
726,SNW,observed_fact,"NAB's half-year results were not good, showing very little growth",active,0.79,youtube_transcript:asx-daily-rundown-atlassian-lifts-tech-a2-milk-recall-shock-accent-group-all-time-lows:88e960386e503796,youtube_transcript,"ASX Daily Rundown | Atlassian Lifts Tech, A2 Milk Recall Shock & Accent Group All-Time Lows",2026-05-04T08:15:01Z,2026-05-04T08:25:14+00:00,2026-05-04T08:25:14+00:00,fanout_0020,34,candidate_expire_duplicate_fanout,status_expire_candidate,explicit target NAB does not match current entity; duplicate fanout cluster preserves matching target rows elsewhere,high,MEDIUM,no,company_memory.sqlite:memory_entries,DATA_MISSING,cluster_has_preserved_target_no_alias_manual_or_blocked_rows,first
727,LON,observed_fact,"NAB's half-year results were not good, showing very little growth",active,0.79,youtube_transcript:asx-daily-rundown-atlassian-lifts-tech-a2-milk-recall-shock-accent-group-all-time-lows:88e960386e503796,youtube_transcript,"ASX Daily Rundown | Atlassian Lifts Tech, A2 Milk Recall Shock & Accent Group All-Time Lows",2026-05-04T08:15:01Z,2026-05-04T08:25:14+00:00,2026-05-04T08:25:14+00:00,fanout_0020,34,candidate_expire_duplicate_fanout,status_expire_candidate,explicit target NAB does not match current entity; duplicate fanout cluster preserves matching target rows elsewhere,high,MEDIUM,no,company_memory.sqlite:memory_entries,DATA_MISSING,cluster_has_preserved_target_no_alias_manual_or_blocked_rows,first
728,PET,observed_fact,"NAB's half-year results were not good, showing very little growth",active,0.79,youtube_transcript:asx-daily-rundown-atlassian-lifts-tech-a2-milk-recall-shock-accent-group-all-time-lows:88e960386e503796,youtube_transcript,"ASX Daily Rundown | Atlassian Lifts Tech, A2 Milk Recall Shock & Accent Group All-Time Lows",2026-05-04T08:15:01Z,2026-05-04T08:25:15+00:00,2026-05-04T08:25:15+00:00,fanout_0020,34,candidate_expire_duplicate_fanout,status_expire_candidate,explicit target NAB does not match current entity; duplicate fanout cluster preserves matching target rows elsewhere,high,MEDIUM,no,company_memory.sqlite:memory_entries,DATA_MISSING,cluster_has_preserved_target_no_alias_manual_or_blocked_rows,first
729,STK,observed_fact,"NAB's half-year results were not good, showing very little growth",active,0.79,youtube_transcript:asx-daily-rundown-atlassian-lifts-tech-a2-milk-recall-shock-accent-group-all-time-lows:88e960386e503796,youtube_transcript,"ASX Daily Rundown | Atlassian Lifts Tech, A2 Milk Recall Shock & Accent Group All-Time Lows",2026-05-04T08:15:01Z,2026-05-04T08:25:15+00:00,2026-05-04T08:25:15+00:00,fanout_0020,34,candidate_expire_duplicate_fanout,status_expire_candidate,explicit target NAB does not match current entity; duplicate fanout cluster preserves matching target rows elsewhere,high,MEDIUM,no,company_memory.sqlite:memory_entries,DATA_MISSING,cluster_has_preserved_target_no_alias_manual_or_blocked_rows,first
730,INDE,observed_fact,"NAB's half-year results were not good, showing very little growth",active,0.79,youtube_transcript:asx-daily-rundown-atlassian-lifts-tech-a2-milk-recall-shock-accent-group-all-time-lows:88e960386e503796,youtube_transcript,"ASX Daily Rundown | Atlassian Lifts Tech, A2 Milk Recall Shock & Accent Group All-Time Lows",2026-05-04T08:15:01Z,2026-05-04T08:25:15+00:00,2026-05-04T08:25:15+00:00,fanout_0020,34,candidate_expire_duplicate_fanout,status_expire_candidate,explicit target NAB does not match current entity; duplicate fanout cluster preserves matching target rows elsewhere,high,MEDIUM,no,company_memory.sqlite:memory_entries,DATA_MISSING,cluster_has_preserved_target_no_alias_manual_or_blocked_rows,first
731,PETT,observed_fact,"NAB's half-year results were not good, showing very little growth",active,0.79,youtube_transcript:asx-daily-rundown-atlassian-lifts-tech-a2-milk-recall-shock-accent-group-all-time-lows:88e960386e503796,youtube_transcript,"ASX Daily Rundown | Atlassian Lifts Tech, A2 Milk Recall Shock & Accent Group All-Time Lows",2026-05-04T08:15:01Z,2026-05-04T08:25:15+00:00,2026-05-04T08:25:15+00:00,fanout_0020,34,candidate_expire_duplicate_fanout,status_expire_candidate,explicit target NAB does not match current entity; duplicate fanout cluster preserves matching target rows elsewhere,high,MEDIUM,no,company_memory.sqlite:memory_entries,DATA_MISSING,cluster_has_preserved_target_no_alias_manual_or_blocked_rows,first
732,C79,observed_fact,"NAB's half-year results were not good, showing very little growth",active,0.79,youtube_transcript:asx-daily-rundown-atlassian-lifts-tech-a2-milk-recall-shock-accent-group-all-time-lows:88e960386e503796,youtube_transcript,"ASX Daily Rundown | Atlassian Lifts Tech, A2 Milk Recall Shock & Accent Group All-Time Lows",2026-05-04T08:15:01Z,2026-05-04T08:25:15+00:00,2026-05-04T08:25:15+00:00,fanout_0020,34,candidate_expire_duplicate_fanout,status_expire_candidate,explicit target NAB does not match current entity; duplicate fanout cluster preserves matching target rows elsewhere,high,MEDIUM,no,company_memory.sqlite:memory_entries,DATA_MISSING,cluster_has_preserved_target_no_alias_manual_or_blocked_rows,first
733,A2 MILK,observed_fact,"NAB's half-year results were not good, showing very little growth",active,0.79,youtube_transcript:asx-daily-rundown-atlassian-lifts-tech-a2-milk-recall-shock-accent-group-all-time-lows:88e960386e503796,youtube_transcript,"ASX Daily Rundown | Atlassian Lifts Tech, A2 Milk Recall Shock & Accent Group All-Time Lows",2026-05-04T08:15:01Z,2026-05-04T08:25:15+00:00,2026-05-04T08:25:15+00:00,fanout_0020,34,candidate_expire_duplicate_fanout,status_expire_candidate,explicit target NAB does not match current entity; duplicate fanout cluster preserves matching target rows elsewhere,high,MEDIUM,no,company_memory.sqlite:memory_entries,DATA_MISSING,cluster_has_preserved_target_no_alias_manual_or_blocked_rows,first
734,ACCENT GROUP,observed_fact,"NAB's half-year results were not good, showing very little growth",active,0.79,youtube_transcript:asx-daily-rundown-atlassian-lifts-tech-a2-milk-recall-shock-accent-group-all-time-lows:88e960386e503796,youtube_transcript,"ASX Daily Rundown | Atlassian Lifts Tech, A2 Milk Recall Shock & Accent Group All-Time Lows",2026-05-04T08:15:01Z,2026-05-04T08:25:15+00:00,2026-05-04T08:25:15+00:00,fanout_0020,34,candidate_expire_duplicate_fanout,status_expire_candidate,explicit target NAB does not match current entity; duplicate fanout cluster preserves matching target rows elsewhere,high,MEDIUM,no,company_memory.sqlite:memory_entries,DATA_MISSING,cluster_has_preserved_target_no_alias_manual_or_blocked_rows,first
1640,ENDV,observed_fact,"NAB's half-year results were not good, showing very little growth",active,0.79,youtube_transcript:asx-daily-rundown-atlassian-lifts-tech-a2-milk-recall-shock-accent-group-all-time-lows:88e960386e503796,youtube_transcript,"ASX Daily Rundown | Atlassian Lifts Tech, A2 Milk Recall Shock & Accent Group All-Time Lows",2026-05-04T08:15:01Z,2026-05-05T04:19:12+00:00,2026-05-05T04:19:12+00:00,fanout_0020,34,candidate_expire_duplicate_fanout,status_expire_candidate,explicit target NAB does not match current entity; duplicate fanout cluster preserves matching target rows elsewhere,high,MEDIUM,no,company_memory.sqlite:memory_entries,DATA_MISSING,cluster_has_preserved_target_no_alias_manual_or_blocked_rows,first
1641,KEYP,observed_fact,"NAB's half-year results were not good, showing very little growth",active,0.79,youtube_transcript:asx-daily-rundown-atlassian-lifts-tech-a2-milk-recall-shock-accent-group-all-time-lows:88e960386e503796,youtube_transcript,"ASX Daily Rundown | Atlassian Lifts Tech, A2 Milk Recall Shock & Accent Group All-Time Lows",2026-05-04T08:15:01Z,2026-05-05T04:19:13+00:00,2026-05-05T04:19:13+00:00,fanout_0020,34,candidate_expire_duplicate_fanout,status_expire_candidate,explicit target NAB does not match current entity; duplicate fanout cluster preserves matching target rows elsewhere,high,MEDIUM,no,company_memory.sqlite:memory_entries,DATA_MISSING,cluster_has_preserved_target_no_alias_manual_or_blocked_rows,first
1642,GCMC,observed_fact,"NAB's half-year results were not good, showing very little growth",active,0.79,youtube_transcript:asx-daily-rundown-atlassian-lifts-tech-a2-milk-recall-shock-accent-group-all-time-lows:88e960386e503796,youtube_transcript,"ASX Daily Rundown | Atlassian Lifts Tech, A2 Milk Recall Shock & Accent Group All-Time Lows",2026-05-04T08:15:01Z,2026-05-05T04:19:14+00:00,2026-05-05T04:19:14+00:00,fanout_0020,34,candidate_expire_duplicate_fanout,status_expire_candidate,explicit target NAB does not match current entity; duplicate fanout cluster preserves matching target rows elsewhere,high,MEDIUM,no,company_memory.sqlite:memory_entries,DATA_MISSING,cluster_has_preserved_target_no_alias_manual_or_blocked_rows,first
1643,MARINO,observed_fact,"NAB's half-year results were not good, showing very little growth",active,0.79,youtube_transcript:asx-daily-rundown-atlassian-lifts-tech-a2-milk-recall-shock-accent-group-all-time-lows:88e960386e503796,youtube_transcript,"ASX Daily Rundown | Atlassian Lifts Tech, A2 Milk Recall Shock & Accent Group All-Time Lows",2026-05-04T08:15:01Z,2026-05-05T04:19:14+00:00,2026-05-05T04:19:14+00:00,fanout_0020,34,candidate_expire_duplicate_fanout,status_expire_candidate,explicit target NAB does not match current entity; duplicate fanout cluster preserves matching target rows elsewhere,high,MEDIUM,no,company_memory.sqlite:memory_entries,DATA_MISSING,cluster_has_preserved_target_no_alias_manual_or_blocked_rows,first
1644,CLAR,observed_fact,"NAB's half-year results were not good, showing very little growth",active,0.79,youtube_transcript:asx-daily-rundown-atlassian-lifts-tech-a2-milk-recall-shock-accent-group-all-time-lows:88e960386e503796,youtube_transcript,"ASX Daily Rundown | Atlassian Lifts Tech, A2 Milk Recall Shock & Accent Group All-Time Lows",2026-05-04T08:15:01Z,2026-05-05T04:19:14+00:00,2026-05-05T04:19:14+00:00,fanout_0020,34,candidate_expire_duplicate_fanout,status_expire_candidate,explicit target NAB does not match current entity; duplicate fanout cluster preserves matching target rows elsewhere,high,MEDIUM,no,company_memory.sqlite:memory_entries,DATA_MISSING,cluster_has_preserved_target_no_alias_manual_or_blocked_rows,first
1645,LIVN,observed_fact,"NAB's half-year results were not good, showing very little growth",active,0.79,youtube_transcript:asx-daily-rundown-atlassian-lifts-tech-a2-milk-recall-shock-accent-group-all-time-lows:88e960386e503796,youtube_transcript,"ASX Daily Rundown | Atlassian Lifts Tech, A2 Milk Recall Shock & Accent Group All-Time Lows",2026-05-04T08:15:01Z,2026-05-05T04:19:14+00:00,2026-05-05T04:19:14+00:00,fanout_0020,34,candidate_expire_duplicate_fanout,status_expire_candidate,explicit target NAB does not match current entity; duplicate fanout cluster preserves matching target rows elsewhere,high,MEDIUM,no,company_memory.sqlite:memory_entries,DATA_MISSING,cluster_has_preserved_target_no_alias_manual_or_blocked_rows,first
1646,SN,observed_fact,"NAB's half-year results were not good, showing very little growth",active,0.79,youtube_transcript:asx-daily-rundown-atlassian-lifts-tech-a2-milk-recall-shock-accent-group-all-time-lows:88e960386e503796,youtube_transcript,"ASX Daily Rundown | Atlassian Lifts Tech, A2 Milk Recall Shock & Accent Group All-Time Lows",2026-05-04T08:15:01Z,2026-05-05T04:19:15+00:00,2026-05-05T04:19:15+00:00,fanout_0020,34,candidate_expire_duplicate_fanout,status_expire_candidate,explicit target NAB does not match current entity; duplicate fanout cluster preserves matching target rows elsewhere,high,MEDIUM,no,company_memory.sqlite:memory_entries,DATA_MISSING,cluster_has_preserved_target_no_alias_manual_or_blocked_rows,first
1647,LION,observed_fact,"NAB's half-year results were not good, showing very little growth",active,0.79,youtube_transcript:asx-daily-rundown-atlassian-lifts-tech-a2-milk-recall-shock-accent-group-all-time-lows:88e960386e503796,youtube_transcript,"ASX Daily Rundown | Atlassian Lifts Tech, A2 Milk Recall Shock & Accent Group All-Time Lows",2026-05-04T08:15:01Z,2026-05-05T04:19:15+00:00,2026-05-05T04:19:15+00:00,fanout_0020,34,candidate_expire_duplicate_fanout,status_expire_candidate,explicit target NAB does not match current entity; duplicate fanout cluster preserves matching target rows elsewhere,high,MEDIUM,no,company_memory.sqlite:memory_entries,DATA_MISSING,cluster_has_preserved_target_no_alias_manual_or_blocked_rows,first
555,ASX,risk,AI fears for ATLASSIAN,active,0.69,youtube_transcript:asx-daily-rundown-atlassian-lifts-tech-a2-milk-recall-shock-accent-group-all-time-lows:88e960386e503796,youtube_transcript,"ASX Daily Rundown | Atlassian Lifts Tech, A2 Milk Recall Shock & Accent Group All-Time Lows",2026-05-04T08:15:01Z,2026-05-04T08:24:46+00:00,2026-05-04T08:24:46+00:00,fanout_0023,27,candidate_expire_duplicate_fanout,status_expire_candidate,explicit target ATLASSIAN does not match current entity; duplicate fanout cluster preserves matching target rows elsewhere,high,MEDIUM,no,company_memory.sqlite:memory_entries,DATA_MISSING,cluster_has_preserved_target_no_alias_manual_or_blocked_rows,first
556,TXT,risk,AI fears for ATLASSIAN,active,0.69,youtube_transcript:asx-daily-rundown-atlassian-lifts-tech-a2-milk-recall-shock-accent-group-all-time-lows:88e960386e503796,youtube_transcript,"ASX Daily Rundown | Atlassian Lifts Tech, A2 Milk Recall Shock & Accent Group All-Time Lows",2026-05-04T08:15:01Z,2026-05-04T08:24:46+00:00,2026-05-04T08:24:46+00:00,fanout_0023,27,candidate_expire_duplicate_fanout,status_expire_candidate,explicit target ATLASSIAN does not match current entity; duplicate fanout cluster preserves matching target rows elsewhere,high,MEDIUM,no,company_memory.sqlite:memory_entries,DATA_MISSING,cluster_has_preserved_target_no_alias_manual_or_blocked_rows,first
557,XTX,risk,AI fears for ATLASSIAN,active,0.69,youtube_transcript:asx-daily-rundown-atlassian-lifts-tech-a2-milk-recall-shock-accent-group-all-time-lows:88e960386e503796,youtube_transcript,"ASX Daily Rundown | Atlassian Lifts Tech, A2 Milk Recall Shock & Accent Group All-Time Lows",2026-05-04T08:15:01Z,2026-05-04T08:24:47+00:00,2026-05-04T08:24:47+00:00,fanout_0023,27,candidate_expire_duplicate_fanout,status_expire_candidate,explicit target ATLASSIAN does not match current entity; duplicate fanout cluster preserves matching target rows elsewhere,high,MEDIUM,no,company_memory.sqlite:memory_entries,DATA_MISSING,cluster_has_preserved_target_no_alias_manual_or_blocked_rows,first
558,A2 MILK,risk,AI fears for ATLASSIAN,active,0.69,youtube_transcript:asx-daily-rundown-atlassian-lifts-tech-a2-milk-recall-shock-accent-group-all-time-lows:88e960386e503796,youtube_transcript,"ASX Daily Rundown | Atlassian Lifts Tech, A2 Milk Recall Shock & Accent Group All-Time Lows",2026-05-04T08:15:01Z,2026-05-04T08:24:47+00:00,2026-05-04T08:24:47+00:00,fanout_0023,27,candidate_expire_duplicate_fanout,status_expire_candidate,explicit target ATLASSIAN does not match current entity; duplicate fanout cluster preserves matching target rows elsewhere,high,MEDIUM,no,company_memory.sqlite:memory_entries,DATA_MISSING,cluster_has_preserved_target_no_alias_manual_or_blocked_rows,first
559,ENDEAVOR GROUP,risk,AI fears for ATLASSIAN,active,0.69,youtube_transcript:asx-daily-rundown-atlassian-lifts-tech-a2-milk-recall-shock-accent-group-all-time-lows:88e960386e503796,youtube_transcript,"ASX Daily Rundown | Atlassian Lifts Tech, A2 Milk Recall Shock & Accent Group All-Time Lows",2026-05-04T08:15:01Z,2026-05-04T08:24:47+00:00,2026-05-04T08:24:47+00:00,fanout_0023,27,candidate_expire_duplicate_fanout,status_expire_candidate,explicit target ATLASSIAN does not match current entity; duplicate fanout cluster preserves matching target rows elsewhere,high,MEDIUM,no,company_memory.sqlite:memory_entries,DATA_MISSING,cluster_has_preserved_target_no_alias_manual_or_blocked_rows,first
561,NAB,risk,AI fears for ATLASSIAN,active,0.69,youtube_transcript:asx-daily-rundown-atlassian-lifts-tech-a2-milk-recall-shock-accent-group-all-time-lows:88e960386e503796,youtube_transcript,"ASX Daily Rundown | Atlassian Lifts Tech, A2 Milk Recall Shock & Accent Group All-Time Lows",2026-05-04T08:15:01Z,2026-05-04T08:24:47+00:00,2026-05-04T08:24:47+00:00,fanout_0023,27,candidate_expire_duplicate_fanout,status_expire_candidate,explicit target ATLASSIAN does not match current entity; duplicate fanout cluster preserves matching target rows elsewhere,high,MEDIUM,no,company_memory.sqlite:memory_entries,DATA_MISSING,cluster_has_preserved_target_no_alias_manual_or_blocked_rows,first
562,BHP,risk,AI fears for ATLASSIAN,active,0.69,youtube_transcript:asx-daily-rundown-atlassian-lifts-tech-a2-milk-recall-shock-accent-group-all-time-lows:88e960386e503796,youtube_transcript,"ASX Daily Rundown | Atlassian Lifts Tech, A2 Milk Recall Shock & Accent Group All-Time Lows",2026-05-04T08:15:01Z,2026-05-04T08:24:47+00:00,2026-05-04T08:24:47+00:00,fanout_0023,27,candidate_expire_duplicate_fanout,status_expire_candidate,explicit target ATLASSIAN does not match current entity; duplicate fanout cluster preserves matching target rows elsewhere,high,MEDIUM,no,company_memory.sqlite:memory_entries,DATA_MISSING,cluster_has_preserved_target_no_alias_manual_or_blocked_rows,first
563,KEY PETROLEUM,risk,AI fears for ATLASSIAN,active,0.69,youtube_transcript:asx-daily-rundown-atlassian-lifts-tech-a2-milk-recall-shock-accent-group-all-time-lows:88e960386e503796,youtube_transcript,"ASX Daily Rundown | Atlassian Lifts Tech, A2 Milk Recall Shock & Accent Group All-Time Lows",2026-05-04T08:15:01Z,2026-05-04T08:24:47+00:00,2026-05-04T08:24:47+00:00,fanout_0023,27,candidate_expire_duplicate_fanout,status_expire_candidate,explicit target ATLASSIAN does not match current entity; duplicate fanout cluster preserves matching target rows elsewhere,high,MEDIUM,no,company_memory.sqlite:memory_entries,DATA_MISSING,cluster_has_preserved_target_no_alias_manual_or_blocked_rows,first
564,GCM CORPORATION,risk,AI fears for ATLASSIAN,active,0.69,youtube_transcript:asx-daily-rundown-atlassian-lifts-tech-a2-milk-recall-shock-accent-group-all-time-lows:88e960386e503796,youtube_transcript,"ASX Daily Rundown | Atlassian Lifts Tech, A2 Milk Recall Shock & Accent Group All-Time Lows",2026-05-04T08:15:01Z,2026-05-04T08:24:47+00:00,2026-05-04T08:24:47+00:00,fanout_0023,27,candidate_expire_duplicate_fanout,status_expire_candidate,explicit target ATLASSIAN does not match current entity; duplicate fanout cluster preserves matching target rows elsewhere,high,MEDIUM,no,company_memory.sqlite:memory_entries,DATA_MISSING,cluster_has_preserved_target_no_alias_manual_or_blocked_rows,first
565,MARINO AND CO,risk,AI fears for ATLASSIAN,active,0.69,youtube_transcript:asx-daily-rundown-atlassian-lifts-tech-a2-milk-recall-shock-accent-group-all-time-lows:88e960386e503796,youtube_transcript,"ASX Daily Rundown | Atlassian Lifts Tech, A2 Milk Recall Shock & Accent Group All-Time Lows",2026-05-04T08:15:01Z,2026-05-04T08:24:47+00:00,2026-05-04T08:24:47+00:00,fanout_0023,27,candidate_expire_duplicate_fanout,status_expire_candidate,explicit target ATLASSIAN does not match current entity; duplicate fanout cluster preserves matching target rows elsewhere,high,MEDIUM,no,company_memory.sqlite:memory_entries,DATA_MISSING,cluster_has_preserved_target_no_alias_manual_or_blocked_rows,first
566,CLARITY,risk,AI fears for ATLASSIAN,active,0.69,youtube_transcript:asx-daily-rundown-atlassian-lifts-tech-a2-milk-recall-shock-accent-group-all-time-lows:88e960386e503796,youtube_transcript,"ASX Daily Rundown | Atlassian Lifts Tech, A2 Milk Recall Shock & Accent Group All-Time Lows",2026-05-04T08:15:01Z,2026-05-04T08:24:47+00:00,2026-05-04T08:24:47+00:00,fanout_0023,27,candidate_expire_duplicate_fanout,status_expire_candidate,explicit target ATLASSIAN does not match current entity; duplicate fanout cluster preserves matching target rows elsewhere,high,MEDIUM,no,company_memory.sqlite:memory_entries,DATA_MISSING,cluster_has_preserved_target_no_alias_manual_or_blocked_rows,first
567,WIN MEDALS,risk,AI fears for ATLASSIAN,active,0.69,youtube_transcript:asx-daily-rundown-atlassian-lifts-tech-a2-milk-recall-shock-accent-group-all-time-lows:88e960386e503796,youtube_transcript,"ASX Daily Rundown | Atlassian Lifts Tech, A2 Milk Recall Shock & Accent Group All-Time Lows",2026-05-04T08:15:01Z,2026-05-04T08:24:47+00:00,2026-05-04T08:24:47+00:00,fanout_0023,27,candidate_expire_duplicate_fanout,status_expire_candidate,explicit target ATLASSIAN does not match current entity; duplicate fanout cluster preserves matching target rows elsewhere,high,MEDIUM,no,company_memory.sqlite:memory_entries,DATA_MISSING,cluster_has_preserved_target_no_alias_manual_or_blocked_rows,first
568,AXEN GROUP,risk,AI fears for ATLASSIAN,active,0.69,youtube_transcript:asx-daily-rundown-atlassian-lifts-tech-a2-milk-recall-shock-accent-group-all-time-lows:88e960386e503796,youtube_transcript,"ASX Daily Rundown | Atlassian Lifts Tech, A2 Milk Recall Shock & Accent Group All-Time Lows",2026-05-04T08:15:01Z,2026-05-04T08:24:47+00:00,2026-05-04T08:24:47+00:00,fanout_0023,27,candidate_expire_duplicate_fanout,status_expire_candidate,explicit target ATLASSIAN does not match current entity; duplicate fanout cluster preserves matching target rows elsewhere,high,MEDIUM,no,company_memory.sqlite:memory_entries,DATA_MISSING,cluster_has_preserved_target_no_alias_manual_or_blocked_rows,first
569,STRICKLAND METALS,risk,AI fears for ATLASSIAN,active,0.69,youtube_transcript:asx-daily-rundown-atlassian-lifts-tech-a2-milk-recall-shock-accent-group-all-time-lows:88e960386e503796,youtube_transcript,"ASX Daily Rundown | Atlassian Lifts Tech, A2 Milk Recall Shock & Accent Group All-Time Lows",2026-05-04T08:15:01Z,2026-05-04T08:24:48+00:00,2026-05-04T08:24:48+00:00,fanout_0023,27,candidate_expire_duplicate_fanout,status_expire_candidate,explicit target ATLASSIAN does not match current entity; duplicate fanout cluster preserves matching target rows elsewhere,high,MEDIUM,no,company_memory.sqlite:memory_entries,DATA_MISSING,cluster_has_preserved_target_no_alias_manual_or_blocked_rows,first
570,LION TOWN,risk,AI fears for ATLASSIAN,active,0.69,youtube_transcript:asx-daily-rundown-atlassian-lifts-tech-a2-milk-recall-shock-accent-group-all-time-lows:88e960386e503796,youtube_transcript,"ASX Daily Rundown | Atlassian Lifts Tech, A2 Milk Recall Shock & Accent Group All-Time Lows",2026-05-04T08:15:01Z,2026-05-04T08:24:48+00:00,2026-05-04T08:24:48+00:00,fanout_0023,27,candidate_expire_duplicate_fanout,status_expire_candidate,explicit target ATLASSIAN does not match current entity; duplicate fanout cluster preserves matching target rows elsewhere,high,MEDIUM,no,company_memory.sqlite:memory_entries,DATA_MISSING,cluster_has_preserved_target_no_alias_manual_or_blocked_rows,first
571,IMRO,risk,AI fears for ATLASSIAN,active,0.69,youtube_transcript:asx-daily-rundown-atlassian-lifts-tech-a2-milk-recall-shock-accent-group-all-time-lows:88e960386e503796,youtube_transcript,"ASX Daily Rundown | Atlassian Lifts Tech, A2 Milk Recall Shock & Accent Group All-Time Lows",2026-05-04T08:15:01Z,2026-05-04T08:24:49+00:00,2026-05-04T08:24:49+00:00,fanout_0023,27,candidate_expire_duplicate_fanout,status_expire_candidate,explicit target ATLASSIAN does not match current entity; duplicate fanout cluster preserves matching target rows elsewhere,high,MEDIUM,no,company_memory.sqlite:memory_entries,DATA_MISSING,cluster_has_preserved_target_no_alias_manual_or_blocked_rows,first
572,PENINSULA,risk,AI fears for ATLASSIAN,active,0.69,youtube_transcript:asx-daily-rundown-atlassian-lifts-tech-a2-milk-recall-shock-accent-group-all-time-lows:88e960386e503796,youtube_transcript,"ASX Daily Rundown | Atlassian Lifts Tech, A2 Milk Recall Shock & Accent Group All-Time Lows",2026-05-04T08:15:01Z,2026-05-04T08:24:49+00:00,2026-05-04T08:24:49+00:00,fanout_0023,27,candidate_expire_duplicate_fanout,status_expire_candidate,explicit target ATLASSIAN does not match current entity; duplicate fanout cluster preserves matching target rows elsewhere,high,MEDIUM,no,company_memory.sqlite:memory_entries,DATA_MISSING,cluster_has_preserved_target_no_alias_manual_or_blocked_rows,first
573,BRAIN CHIP,risk,AI fears for ATLASSIAN,active,0.69,youtube_transcript:asx-daily-rundown-atlassian-lifts-tech-a2-milk-recall-shock-accent-group-all-time-lows:88e960386e503796,youtube_transcript,"ASX Daily Rundown | Atlassian Lifts Tech, A2 Milk Recall Shock & Accent Group All-Time Lows",2026-05-04T08:15:01Z,2026-05-04T08:24:49+00:00,2026-05-04T08:24:49+00:00,fanout_0023,27,candidate_expire_duplicate_fanout,status_expire_candidate,explicit target ATLASSIAN does not match current entity; duplicate fanout cluster preserves matching target rows elsewhere,high,MEDIUM,no,company_memory.sqlite:memory_entries,DATA_MISSING,cluster_has_preserved_target_no_alias_manual_or_blocked_rows,first
574,VERITUS,risk,AI fears for ATLASSIAN,active,0.69,youtube_transcript:asx-daily-rundown-atlassian-lifts-tech-a2-milk-recall-shock-accent-group-all-time-lows:88e960386e503796,youtube_transcript,"ASX Daily Rundown | Atlassian Lifts Tech, A2 Milk Recall Shock & Accent Group All-Time Lows",2026-05-04T08:15:01Z,2026-05-04T08:24:49+00:00,2026-05-04T08:24:49+00:00,fanout_0023,27,candidate_expire_duplicate_fanout,status_expire_candidate,explicit target ATLASSIAN does not match current entity; duplicate fanout cluster preserves matching target rows elsewhere,high,MEDIUM,no,company_memory.sqlite:memory_entries,DATA_MISSING,cluster_has_preserved_target_no_alias_manual_or_blocked_rows,first
575,PETTIMED,risk,AI fears for ATLASSIAN,active,0.69,youtube_transcript:asx-daily-rundown-atlassian-lifts-tech-a2-milk-recall-shock-accent-group-all-time-lows:88e960386e503796,youtube_transcript,"ASX Daily Rundown | Atlassian Lifts Tech, A2 Milk Recall Shock & Accent Group All-Time Lows",2026-05-04T08:15:01Z,2026-05-04T08:24:49+00:00,2026-05-04T08:24:49+00:00,fanout_0023,27,candidate_expire_duplicate_fanout,status_expire_candidate,explicit target ATLASSIAN does not match current entity; duplicate fanout cluster preserves matching target rows elsewhere,high,MEDIUM,no,company_memory.sqlite:memory_entries,DATA_MISSING,cluster_has_preserved_target_no_alias_manual_or_blocked_rows,first
576,IMPEDIMED,risk,AI fears for ATLASSIAN,active,0.69,youtube_transcript:asx-daily-rundown-atlassian-lifts-tech-a2-milk-recall-shock-accent-group-all-time-lows:88e960386e503796,youtube_transcript,"ASX Daily Rundown | Atlassian Lifts Tech, A2 Milk Recall Shock & Accent Group All-Time Lows",2026-05-04T08:15:01Z,2026-05-04T08:24:49+00:00,2026-05-04T08:24:49+00:00,fanout_0023,27,candidate_expire_duplicate_fanout,status_expire_candidate,explicit target ATLASSIAN does not match current entity; duplicate fanout cluster preserves matching target rows elsewhere,high,MEDIUM,no,company_memory.sqlite:memory_entries,DATA_MISSING,cluster_has_preserved_target_no_alias_manual_or_blocked_rows,first
577,INDE,risk,AI fears for ATLASSIAN,active,0.69,youtube_transcript:asx-daily-rundown-atlassian-lifts-tech-a2-milk-recall-shock-accent-group-all-time-lows:88e960386e503796,youtube_transcript,"ASX Daily Rundown | Atlassian Lifts Tech, A2 Milk Recall Shock & Accent Group All-Time Lows",2026-05-04T08:15:01Z,2026-05-04T08:24:49+00:00,2026-05-04T08:24:49+00:00,fanout_0023,27,candidate_expire_duplicate_fanout,status_expire_candidate,explicit target ATLASSIAN does not match current entity; duplicate fanout cluster preserves matching target rows elsewhere,high,MEDIUM,no,company_memory.sqlite:memory_entries,DATA_MISSING,cluster_has_preserved_target_no_alias_manual_or_blocked_rows,first
578,PETT,risk,AI fears for ATLASSIAN,active,0.69,youtube_transcript:asx-daily-rundown-atlassian-lifts-tech-a2-milk-recall-shock-accent-group-all-time-lows:88e960386e503796,youtube_transcript,"ASX Daily Rundown | Atlassian Lifts Tech, A2 Milk Recall Shock & Accent Group All-Time Lows",2026-05-04T08:15:01Z,2026-05-04T08:24:49+00:00,2026-05-04T08:24:49+00:00,fanout_0023,27,candidate_expire_duplicate_fanout,status_expire_candidate,explicit target ATLASSIAN does not match current entity; duplicate fanout cluster preserves matching target rows elsewhere,high,MEDIUM,no,company_memory.sqlite:memory_entries,DATA_MISSING,cluster_has_preserved_target_no_alias_manual_or_blocked_rows,first
579,C79,risk,AI fears for ATLASSIAN,active,0.69,youtube_transcript:asx-daily-rundown-atlassian-lifts-tech-a2-milk-recall-shock-accent-group-all-time-lows:88e960386e503796,youtube_transcript,"ASX Daily Rundown | Atlassian Lifts Tech, A2 Milk Recall Shock & Accent Group All-Time Lows",2026-05-04T08:15:01Z,2026-05-04T08:24:49+00:00,2026-05-04T08:24:49+00:00,fanout_0023,27,candidate_expire_duplicate_fanout,status_expire_candidate,explicit target ATLASSIAN does not match current entity; duplicate fanout cluster preserves matching target rows elsewhere,high,MEDIUM,no,company_memory.sqlite:memory_entries,DATA_MISSING,cluster_has_preserved_target_no_alias_manual_or_blocked_rows,first
580,A2M,risk,AI fears for ATLASSIAN,active,0.69,youtube_transcript:asx-daily-rundown-atlassian-lifts-tech-a2-milk-recall-shock-accent-group-all-time-lows:88e960386e503796,youtube_transcript,"ASX Daily Rundown | Atlassian Lifts Tech, A2 Milk Recall Shock & Accent Group All-Time Lows",2026-05-04T08:15:01Z,2026-05-04T08:24:50+00:00,2026-05-04T08:24:50+00:00,fanout_0023,27,candidate_expire_duplicate_fanout,status_expire_candidate,explicit target ATLASSIAN does not match current entity; duplicate fanout cluster preserves matching target rows elsewhere,high,MEDIUM,no,company_memory.sqlite:memory_entries,DATA_MISSING,cluster_has_preserved_target_no_alias_manual_or_blocked_rows,first
581,ACCENT GROUP,risk,AI fears for ATLASSIAN,active,0.69,youtube_transcript:asx-daily-rundown-atlassian-lifts-tech-a2-milk-recall-shock-accent-group-all-time-lows:88e960386e503796,youtube_transcript,"ASX Daily Rundown | Atlassian Lifts Tech, A2 Milk Recall Shock & Accent Group All-Time Lows",2026-05-04T08:15:01Z,2026-05-04T08:24:50+00:00,2026-05-04T08:24:50+00:00,fanout_0023,27,candidate_expire_duplicate_fanout,status_expire_candidate,explicit target ATLASSIAN does not match current entity; duplicate fanout cluster preserves matching target rows elsewhere,high,MEDIUM,no,company_memory.sqlite:memory_entries,DATA_MISSING,cluster_has_preserved_target_no_alias_manual_or_blocked_rows,first
69,ASX,observed_fact,"ATLASSIAN's share price closed at $88.88, which is considered lucky in Chinese culture",active,0.82,youtube_transcript:asx-daily-rundown-atlassian-lifts-tech-a2-milk-recall-shock-accent-group-all-time-lows:88e960386e503796,youtube_transcript,"ASX Daily Rundown | Atlassian Lifts Tech, A2 Milk Recall Shock & Accent Group All-Time Lows",2026-05-04T08:15:01Z,2026-05-04T08:23:30+00:00,2026-05-04T08:23:30+00:00,fanout_0024,27,candidate_expire_duplicate_fanout,status_expire_candidate,explicit target ATLASSIAN does not match current entity; duplicate fanout cluster preserves matching target rows elsewhere,high,MEDIUM,no,company_memory.sqlite:memory_entries,DATA_MISSING,cluster_has_preserved_target_no_alias_manual_or_blocked_rows,first
70,TXT,observed_fact,"ATLASSIAN's share price closed at $88.88, which is considered lucky in Chinese culture",active,0.82,youtube_transcript:asx-daily-rundown-atlassian-lifts-tech-a2-milk-recall-shock-accent-group-all-time-lows:88e960386e503796,youtube_transcript,"ASX Daily Rundown | Atlassian Lifts Tech, A2 Milk Recall Shock & Accent Group All-Time Lows",2026-05-04T08:15:01Z,2026-05-04T08:23:30+00:00,2026-05-04T08:23:30+00:00,fanout_0024,27,candidate_expire_duplicate_fanout,status_expire_candidate,explicit target ATLASSIAN does not match current entity; duplicate fanout cluster preserves matching target rows elsewhere,high,MEDIUM,no,company_memory.sqlite:memory_entries,DATA_MISSING,cluster_has_preserved_target_no_alias_manual_or_blocked_rows,first
71,XTX,observed_fact,"ATLASSIAN's share price closed at $88.88, which is considered lucky in Chinese culture",active,0.82,youtube_transcript:asx-daily-rundown-atlassian-lifts-tech-a2-milk-recall-shock-accent-group-all-time-lows:88e960386e503796,youtube_transcript,"ASX Daily Rundown | Atlassian Lifts Tech, A2 Milk Recall Shock & Accent Group All-Time Lows",2026-05-04T08:15:01Z,2026-05-04T08:23:30+00:00,2026-05-04T08:23:30+00:00,fanout_0024,27,candidate_expire_duplicate_fanout,status_expire_candidate,explicit target ATLASSIAN does not match current entity; duplicate fanout cluster preserves matching target rows elsewhere,high,MEDIUM,no,company_memory.sqlite:memory_entries,DATA_MISSING,cluster_has_preserved_target_no_alias_manual_or_blocked_rows,first
72,A2 MILK,observed_fact,"ATLASSIAN's share price closed at $88.88, which is considered lucky in Chinese culture",active,0.82,youtube_transcript:asx-daily-rundown-atlassian-lifts-tech-a2-milk-recall-shock-accent-group-all-time-lows:88e960386e503796,youtube_transcript,"ASX Daily Rundown | Atlassian Lifts Tech, A2 Milk Recall Shock & Accent Group All-Time Lows",2026-05-04T08:15:01Z,2026-05-04T08:23:31+00:00,2026-05-04T08:23:31+00:00,fanout_0024,27,candidate_expire_duplicate_fanout,status_expire_candidate,explicit target ATLASSIAN does not match current entity; duplicate fanout cluster preserves matching target rows elsewhere,high,MEDIUM,no,company_memory.sqlite:memory_entries,DATA_MISSING,cluster_has_preserved_target_no_alias_manual_or_blocked_rows,first
73,ENDEAVOR GROUP,observed_fact,"ATLASSIAN's share price closed at $88.88, which is considered lucky in Chinese culture",active,0.82,youtube_transcript:asx-daily-rundown-atlassian-lifts-tech-a2-milk-recall-shock-accent-group-all-time-lows:88e960386e503796,youtube_transcript,"ASX Daily Rundown | Atlassian Lifts Tech, A2 Milk Recall Shock & Accent Group All-Time Lows",2026-05-04T08:15:01Z,2026-05-04T08:23:31+00:00,2026-05-04T08:23:31+00:00,fanout_0024,27,candidate_expire_duplicate_fanout,status_expire_candidate,explicit target ATLASSIAN does not match current entity; duplicate fanout cluster preserves matching target rows elsewhere,high,MEDIUM,no,company_memory.sqlite:memory_entries,DATA_MISSING,cluster_has_preserved_target_no_alias_manual_or_blocked_rows,first
75,NAB,observed_fact,"ATLASSIAN's share price closed at $88.88, which is considered lucky in Chinese culture",active,0.82,youtube_transcript:asx-daily-rundown-atlassian-lifts-tech-a2-milk-recall-shock-accent-group-all-time-lows:88e960386e503796,youtube_transcript,"ASX Daily Rundown | Atlassian Lifts Tech, A2 Milk Recall Shock & Accent Group All-Time Lows",2026-05-04T08:15:01Z,2026-05-04T08:23:31+00:00,2026-05-04T08:23:31+00:00,fanout_0024,27,candidate_expire_duplicate_fanout,status_expire_candidate,explicit target ATLASSIAN does not match current entity; duplicate fanout cluster preserves matching target rows elsewhere,high,MEDIUM,no,company_memory.sqlite:memory_entries,DATA_MISSING,cluster_has_preserved_target_no_alias_manual_or_blocked_rows,first
76,BHP,observed_fact,"ATLASSIAN's share price closed at $88.88, which is considered lucky in Chinese culture",active,0.82,youtube_transcript:asx-daily-rundown-atlassian-lifts-tech-a2-milk-recall-shock-accent-group-all-time-lows:88e960386e503796,youtube_transcript,"ASX Daily Rundown | Atlassian Lifts Tech, A2 Milk Recall Shock & Accent Group All-Time Lows",2026-05-04T08:15:01Z,2026-05-04T08:23:32+00:00,2026-05-04T08:23:32+00:00,fanout_0024,27,candidate_expire_duplicate_fanout,status_expire_candidate,explicit target ATLASSIAN does not match current entity; duplicate fanout cluster preserves matching target rows elsewhere,high,MEDIUM,no,company_memory.sqlite:memory_entries,DATA_MISSING,cluster_has_preserved_target_no_alias_manual_or_blocked_rows,first
77,KEY PETROLEUM,observed_fact,"ATLASSIAN's share price closed at $88.88, which is considered lucky in Chinese culture",active,0.82,youtube_transcript:asx-daily-rundown-atlassian-lifts-tech-a2-milk-recall-shock-accent-group-all-time-lows:88e960386e503796,youtube_transcript,"ASX Daily Rundown | Atlassian Lifts Tech, A2 Milk Recall Shock & Accent Group All-Time Lows",2026-05-04T08:15:01Z,2026-05-04T08:23:32+00:00,2026-05-04T08:23:32+00:00,fanout_0024,27,candidate_expire_duplicate_fanout,status_expire_candidate,explicit target ATLASSIAN does not match current entity; duplicate fanout cluster preserves matching target rows elsewhere,high,MEDIUM,no,company_memory.sqlite:memory_entries,DATA_MISSING,cluster_has_preserved_target_no_alias_manual_or_blocked_rows,first
78,GCM CORPORATION,observed_fact,"ATLASSIAN's share price closed at $88.88, which is considered lucky in Chinese culture",active,0.82,youtube_transcript:asx-daily-rundown-atlassian-lifts-tech-a2-milk-recall-shock-accent-group-all-time-lows:88e960386e503796,youtube_transcript,"ASX Daily Rundown | Atlassian Lifts Tech, A2 Milk Recall Shock & Accent Group All-Time Lows",2026-05-04T08:15:01Z,2026-05-04T08:23:32+00:00,2026-05-04T08:23:32+00:00,fanout_0024,27,candidate_expire_duplicate_fanout,status_expire_candidate,explicit target ATLASSIAN does not match current entity; duplicate fanout cluster preserves matching target rows elsewhere,high,MEDIUM,no,company_memory.sqlite:memory_entries,DATA_MISSING,cluster_has_preserved_target_no_alias_manual_or_blocked_rows,first
79,MARINO AND CO,observed_fact,"ATLASSIAN's share price closed at $88.88, which is considered lucky in Chinese culture",active,0.82,youtube_transcript:asx-daily-rundown-atlassian-lifts-tech-a2-milk-recall-shock-accent-group-all-time-lows:88e960386e503796,youtube_transcript,"ASX Daily Rundown | Atlassian Lifts Tech, A2 Milk Recall Shock & Accent Group All-Time Lows",2026-05-04T08:15:01Z,2026-05-04T08:23:32+00:00,2026-05-04T08:23:32+00:00,fanout_0024,27,candidate_expire_duplicate_fanout,status_expire_candidate,explicit target ATLASSIAN does not match current entity; duplicate fanout cluster preserves matching target rows elsewhere,high,MEDIUM,no,company_memory.sqlite:memory_entries,DATA_MISSING,cluster_has_preserved_target_no_alias_manual_or_blocked_rows,first
80,CLARITY,observed_fact,"ATLASSIAN's share price closed at $88.88, which is considered lucky in Chinese culture",active,0.82,youtube_transcript:asx-daily-rundown-atlassian-lifts-tech-a2-milk-recall-shock-accent-group-all-time-lows:88e960386e503796,youtube_transcript,"ASX Daily Rundown | Atlassian Lifts Tech, A2 Milk Recall Shock & Accent Group All-Time Lows",2026-05-04T08:15:01Z,2026-05-04T08:23:32+00:00,2026-05-04T08:23:32+00:00,fanout_0024,27,candidate_expire_duplicate_fanout,status_expire_candidate,explicit target ATLASSIAN does not match current entity; duplicate fanout cluster preserves matching target rows elsewhere,high,MEDIUM,no,company_memory.sqlite:memory_entries,DATA_MISSING,cluster_has_preserved_target_no_alias_manual_or_blocked_rows,first
81,WIN MEDALS,observed_fact,"ATLASSIAN's share price closed at $88.88, which is considered lucky in Chinese culture",active,0.82,youtube_transcript:asx-daily-rundown-atlassian-lifts-tech-a2-milk-recall-shock-accent-group-all-time-lows:88e960386e503796,youtube_transcript,"ASX Daily Rundown | Atlassian Lifts Tech, A2 Milk Recall Shock & Accent Group All-Time Lows",2026-05-04T08:15:01Z,2026-05-04T08:23:32+00:00,2026-05-04T08:23:32+00:00,fanout_0024,27,candidate_expire_duplicate_fanout,status_expire_candidate,explicit target ATLASSIAN does not match current entity; duplicate fanout cluster preserves matching target rows elsewhere,high,MEDIUM,no,company_memory.sqlite:memory_entries,DATA_MISSING,cluster_has_preserved_target_no_alias_manual_or_blocked_rows,first
82,AXEN GROUP,observed_fact,"ATLASSIAN's share price closed at $88.88, which is considered lucky in Chinese culture",active,0.82,youtube_transcript:asx-daily-rundown-atlassian-lifts-tech-a2-milk-recall-shock-accent-group-all-time-lows:88e960386e503796,youtube_transcript,"ASX Daily Rundown | Atlassian Lifts Tech, A2 Milk Recall Shock & Accent Group All-Time Lows",2026-05-04T08:15:01Z,2026-05-04T08:23:32+00:00,2026-05-04T08:23:32+00:00,fanout_0024,27,candidate_expire_duplicate_fanout,status_expire_candidate,explicit target ATLASSIAN does not match current entity; duplicate fanout cluster preserves matching target rows elsewhere,high,MEDIUM,no,company_memory.sqlite:memory_entries,DATA_MISSING,cluster_has_preserved_target_no_alias_manual_or_blocked_rows,first
83,STRICKLAND METALS,observed_fact,"ATLASSIAN's share price closed at $88.88, which is considered lucky in Chinese culture",active,0.82,youtube_transcript:asx-daily-rundown-atlassian-lifts-tech-a2-milk-recall-shock-accent-group-all-time-lows:88e960386e503796,youtube_transcript,"ASX Daily Rundown | Atlassian Lifts Tech, A2 Milk Recall Shock & Accent Group All-Time Lows",2026-05-04T08:15:01Z,2026-05-04T08:23:32+00:00,2026-05-04T08:23:32+00:00,fanout_0024,27,candidate_expire_duplicate_fanout,status_expire_candidate,explicit target ATLASSIAN does not match current entity; duplicate fanout cluster preserves matching target rows elsewhere,high,MEDIUM,no,company_memory.sqlite:memory_entries,DATA_MISSING,cluster_has_preserved_target_no_alias_manual_or_blocked_rows,first
84,LION TOWN,observed_fact,"ATLASSIAN's share price closed at $88.88, which is considered lucky in Chinese culture",active,0.82,youtube_transcript:asx-daily-rundown-atlassian-lifts-tech-a2-milk-recall-shock-accent-group-all-time-lows:88e960386e503796,youtube_transcript,"ASX Daily Rundown | Atlassian Lifts Tech, A2 Milk Recall Shock & Accent Group All-Time Lows",2026-05-04T08:15:01Z,2026-05-04T08:23:32+00:00,2026-05-04T08:23:32+00:00,fanout_0024,27,candidate_expire_duplicate_fanout,status_expire_candidate,explicit target ATLASSIAN does not match current entity; duplicate fanout cluster preserves matching target rows elsewhere,high,MEDIUM,no,company_memory.sqlite:memory_entries,DATA_MISSING,cluster_has_preserved_target_no_alias_manual_or_blocked_rows,first
85,IMRO,observed_fact,"ATLASSIAN's share price closed at $88.88, which is considered lucky in Chinese culture",active,0.82,youtube_transcript:asx-daily-rundown-atlassian-lifts-tech-a2-milk-recall-shock-accent-group-all-time-lows:88e960386e503796,youtube_transcript,"ASX Daily Rundown | Atlassian Lifts Tech, A2 Milk Recall Shock & Accent Group All-Time Lows",2026-05-04T08:15:01Z,2026-05-04T08:23:32+00:00,2026-05-04T08:23:32+00:00,fanout_0024,27,candidate_expire_duplicate_fanout,status_expire_candidate,explicit target ATLASSIAN does not match current entity; duplicate fanout cluster preserves matching target rows elsewhere,high,MEDIUM,no,company_memory.sqlite:memory_entries,DATA_MISSING,cluster_has_preserved_target_no_alias_manual_or_blocked_rows,first
86,PENINSULA,observed_fact,"ATLASSIAN's share price closed at $88.88, which is considered lucky in Chinese culture",active,0.82,youtube_transcript:asx-daily-rundown-atlassian-lifts-tech-a2-milk-recall-shock-accent-group-all-time-lows:88e960386e503796,youtube_transcript,"ASX Daily Rundown | Atlassian Lifts Tech, A2 Milk Recall Shock & Accent Group All-Time Lows",2026-05-04T08:15:01Z,2026-05-04T08:23:32+00:00,2026-05-04T08:23:32+00:00,fanout_0024,27,candidate_expire_duplicate_fanout,status_expire_candidate,explicit target ATLASSIAN does not match current entity; duplicate fanout cluster preserves matching target rows elsewhere,high,MEDIUM,no,company_memory.sqlite:memory_entries,DATA_MISSING,cluster_has_preserved_target_no_alias_manual_or_blocked_rows,first
87,BRAIN CHIP,observed_fact,"ATLASSIAN's share price closed at $88.88, which is considered lucky in Chinese culture",active,0.82,youtube_transcript:asx-daily-rundown-atlassian-lifts-tech-a2-milk-recall-shock-accent-group-all-time-lows:88e960386e503796,youtube_transcript,"ASX Daily Rundown | Atlassian Lifts Tech, A2 Milk Recall Shock & Accent Group All-Time Lows",2026-05-04T08:15:01Z,2026-05-04T08:23:32+00:00,2026-05-04T08:23:32+00:00,fanout_0024,27,candidate_expire_duplicate_fanout,status_expire_candidate,explicit target ATLASSIAN does not match current entity; duplicate fanout cluster preserves matching target rows elsewhere,high,MEDIUM,no,company_memory.sqlite:memory_entries,DATA_MISSING,cluster_has_preserved_target_no_alias_manual_or_blocked_rows,first
88,VERITUS,observed_fact,"ATLASSIAN's share price closed at $88.88, which is considered lucky in Chinese culture",active,0.82,youtube_transcript:asx-daily-rundown-atlassian-lifts-tech-a2-milk-recall-shock-accent-group-all-time-lows:88e960386e503796,youtube_transcript,"ASX Daily Rundown | Atlassian Lifts Tech, A2 Milk Recall Shock & Accent Group All-Time Lows",2026-05-04T08:15:01Z,2026-05-04T08:23:32+00:00,2026-05-04T08:23:32+00:00,fanout_0024,27,candidate_expire_duplicate_fanout,status_expire_candidate,explicit target ATLASSIAN does not match current entity; duplicate fanout cluster preserves matching target rows elsewhere,high,MEDIUM,no,company_memory.sqlite:memory_entries,DATA_MISSING,cluster_has_preserved_target_no_alias_manual_or_blocked_rows,first
89,PETTIMED,observed_fact,"ATLASSIAN's share price closed at $88.88, which is considered lucky in Chinese culture",active,0.82,youtube_transcript:asx-daily-rundown-atlassian-lifts-tech-a2-milk-recall-shock-accent-group-all-time-lows:88e960386e503796,youtube_transcript,"ASX Daily Rundown | Atlassian Lifts Tech, A2 Milk Recall Shock & Accent Group All-Time Lows",2026-05-04T08:15:01Z,2026-05-04T08:23:33+00:00,2026-05-04T08:23:33+00:00,fanout_0024,27,candidate_expire_duplicate_fanout,status_expire_candidate,explicit target ATLASSIAN does not match current entity; duplicate fanout cluster preserves matching target rows elsewhere,high,MEDIUM,no,company_memory.sqlite:memory_entries,DATA_MISSING,cluster_has_preserved_target_no_alias_manual_or_blocked_rows,first
90,IMPEDIMED,observed_fact,"ATLASSIAN's share price closed at $88.88, which is considered lucky in Chinese culture",active,0.82,youtube_transcript:asx-daily-rundown-atlassian-lifts-tech-a2-milk-recall-shock-accent-group-all-time-lows:88e960386e503796,youtube_transcript,"ASX Daily Rundown | Atlassian Lifts Tech, A2 Milk Recall Shock & Accent Group All-Time Lows",2026-05-04T08:15:01Z,2026-05-04T08:23:33+00:00,2026-05-04T08:23:33+00:00,fanout_0024,27,candidate_expire_duplicate_fanout,status_expire_candidate,explicit target ATLASSIAN does not match current entity; duplicate fanout cluster preserves matching target rows elsewhere,high,MEDIUM,no,company_memory.sqlite:memory_entries,DATA_MISSING,cluster_has_preserved_target_no_alias_manual_or_blocked_rows,first
91,INDE,observed_fact,"ATLASSIAN's share price closed at $88.88, which is considered lucky in Chinese culture",active,0.82,youtube_transcript:asx-daily-rundown-atlassian-lifts-tech-a2-milk-recall-shock-accent-group-all-time-lows:88e960386e503796,youtube_transcript,"ASX Daily Rundown | Atlassian Lifts Tech, A2 Milk Recall Shock & Accent Group All-Time Lows",2026-05-04T08:15:01Z,2026-05-04T08:23:33+00:00,2026-05-04T08:23:33+00:00,fanout_0024,27,candidate_expire_duplicate_fanout,status_expire_candidate,explicit target ATLASSIAN does not match current entity; duplicate fanout cluster preserves matching target rows elsewhere,high,MEDIUM,no,company_memory.sqlite:memory_entries,DATA_MISSING,cluster_has_preserved_target_no_alias_manual_or_blocked_rows,first
92,PETT,observed_fact,"ATLASSIAN's share price closed at $88.88, which is considered lucky in Chinese culture",active,0.82,youtube_transcript:asx-daily-rundown-atlassian-lifts-tech-a2-milk-recall-shock-accent-group-all-time-lows:88e960386e503796,youtube_transcript,"ASX Daily Rundown | Atlassian Lifts Tech, A2 Milk Recall Shock & Accent Group All-Time Lows",2026-05-04T08:15:01Z,2026-05-04T08:23:33+00:00,2026-05-04T08:23:33+00:00,fanout_0024,27,candidate_expire_duplicate_fanout,status_expire_candidate,explicit target ATLASSIAN does not match current entity; duplicate fanout cluster preserves matching target rows elsewhere,high,MEDIUM,no,company_memory.sqlite:memory_entries,DATA_MISSING,cluster_has_preserved_target_no_alias_manual_or_blocked_rows,first
93,C79,observed_fact,"ATLASSIAN's share price closed at $88.88, which is considered lucky in Chinese culture",active,0.82,youtube_transcript:asx-daily-rundown-atlassian-lifts-tech-a2-milk-recall-shock-accent-group-all-time-lows:88e960386e503796,youtube_transcript,"ASX Daily Rundown | Atlassian Lifts Tech, A2 Milk Recall Shock & Accent Group All-Time Lows",2026-05-04T08:15:01Z,2026-05-04T08:23:33+00:00,2026-05-04T08:23:33+00:00,fanout_0024,27,candidate_expire_duplicate_fanout,status_expire_candidate,explicit target ATLASSIAN does not match current entity; duplicate fanout cluster preserves matching target rows elsewhere,high,MEDIUM,no,company_memory.sqlite:memory_entries,DATA_MISSING,cluster_has_preserved_target_no_alias_manual_or_blocked_rows,first
94,A2M,observed_fact,"ATLASSIAN's share price closed at $88.88, which is considered lucky in Chinese culture",active,0.82,youtube_transcript:asx-daily-rundown-atlassian-lifts-tech-a2-milk-recall-shock-accent-group-all-time-lows:88e960386e503796,youtube_transcript,"ASX Daily Rundown | Atlassian Lifts Tech, A2 Milk Recall Shock & Accent Group All-Time Lows",2026-05-04T08:15:01Z,2026-05-04T08:23:34+00:00,2026-05-04T08:23:34+00:00,fanout_0024,27,candidate_expire_duplicate_fanout,status_expire_candidate,explicit target ATLASSIAN does not match current entity; duplicate fanout cluster preserves matching target rows elsewhere,high,MEDIUM,no,company_memory.sqlite:memory_entries,DATA_MISSING,cluster_has_preserved_target_no_alias_manual_or_blocked_rows,first
95,ACCENT GROUP,observed_fact,"ATLASSIAN's share price closed at $88.88, which is considered lucky in Chinese culture",active,0.82,youtube_transcript:asx-daily-rundown-atlassian-lifts-tech-a2-milk-recall-shock-accent-group-all-time-lows:88e960386e503796,youtube_transcript,"ASX Daily Rundown | Atlassian Lifts Tech, A2 Milk Recall Shock & Accent Group All-Time Lows",2026-05-04T08:15:01Z,2026-05-04T08:23:34+00:00,2026-05-04T08:23:34+00:00,fanout_0024,27,candidate_expire_duplicate_fanout,status_expire_candidate,explicit target ATLASSIAN does not match current entity; duplicate fanout cluster preserves matching target rows elsewhere,high,MEDIUM,no,company_memory.sqlite:memory_entries,DATA_MISSING,cluster_has_preserved_target_no_alias_manual_or_blocked_rows,first
609,ASX,risk,Over issuance of shares by IMPEDIMED,active,0.74,youtube_transcript:asx-daily-rundown-atlassian-lifts-tech-a2-milk-recall-shock-accent-group-all-time-lows:88e960386e503796,youtube_transcript,"ASX Daily Rundown | Atlassian Lifts Tech, A2 Milk Recall Shock & Accent Group All-Time Lows",2026-05-04T08:15:01Z,2026-05-04T08:24:55+00:00,2026-05-04T08:24:55+00:00,fanout_0026,27,candidate_expire_duplicate_fanout,status_expire_candidate,explicit target IMPEDIMED does not match current entity; duplicate fanout cluster preserves matching target rows elsewhere,high,MEDIUM,no,company_memory.sqlite:memory_entries,DATA_MISSING,cluster_has_preserved_target_no_alias_manual_or_blocked_rows,first
610,TXT,risk,Over issuance of shares by IMPEDIMED,active,0.74,youtube_transcript:asx-daily-rundown-atlassian-lifts-tech-a2-milk-recall-shock-accent-group-all-time-lows:88e960386e503796,youtube_transcript,"ASX Daily Rundown | Atlassian Lifts Tech, A2 Milk Recall Shock & Accent Group All-Time Lows",2026-05-04T08:15:01Z,2026-05-04T08:24:55+00:00,2026-05-04T08:24:55+00:00,fanout_0026,27,candidate_expire_duplicate_fanout,status_expire_candidate,explicit target IMPEDIMED does not match current entity; duplicate fanout cluster preserves matching target rows elsewhere,high,MEDIUM,no,company_memory.sqlite:memory_entries,DATA_MISSING,cluster_has_preserved_target_no_alias_manual_or_blocked_rows,first
611,XTX,risk,Over issuance of shares by IMPEDIMED,active,0.74,youtube_transcript:asx-daily-rundown-atlassian-lifts-tech-a2-milk-recall-shock-accent-group-all-time-lows:88e960386e503796,youtube_transcript,"ASX Daily Rundown | Atlassian Lifts Tech, A2 Milk Recall Shock & Accent Group All-Time Lows",2026-05-04T08:15:01Z,2026-05-04T08:24:55+00:00,2026-05-04T08:24:55+00:00,fanout_0026,27,candidate_expire_duplicate_fanout,status_expire_candidate,explicit target IMPEDIMED does not match current entity; duplicate fanout cluster preserves matching target rows elsewhere,high,MEDIUM,no,company_memory.sqlite:memory_entries,DATA_MISSING,cluster_has_preserved_target_no_alias_manual_or_blocked_rows,first
612,A2 MILK,risk,Over issuance of shares by IMPEDIMED,active,0.74,youtube_transcript:asx-daily-rundown-atlassian-lifts-tech-a2-milk-recall-shock-accent-group-all-time-lows:88e960386e503796,youtube_transcript,"ASX Daily Rundown | Atlassian Lifts Tech, A2 Milk Recall Shock & Accent Group All-Time Lows",2026-05-04T08:15:01Z,2026-05-04T08:24:56+00:00,2026-05-04T08:24:56+00:00,fanout_0026,27,candidate_expire_duplicate_fanout,status_expire_candidate,explicit target IMPEDIMED does not match current entity; duplicate fanout cluster preserves matching target rows elsewhere,high,MEDIUM,no,company_memory.sqlite:memory_entries,DATA_MISSING,cluster_has_preserved_target_no_alias_manual_or_blocked_rows,first
613,ENDEAVOR GROUP,risk,Over issuance of shares by IMPEDIMED,active,0.74,youtube_transcript:asx-daily-rundown-atlassian-lifts-tech-a2-milk-recall-shock-accent-group-all-time-lows:88e960386e503796,youtube_transcript,"ASX Daily Rundown | Atlassian Lifts Tech, A2 Milk Recall Shock & Accent Group All-Time Lows",2026-05-04T08:15:01Z,2026-05-04T08:24:56+00:00,2026-05-04T08:24:56+00:00,fanout_0026,27,candidate_expire_duplicate_fanout,status_expire_candidate,explicit target IMPEDIMED does not match current entity; duplicate fanout cluster preserves matching target rows elsewhere,high,MEDIUM,no,company_memory.sqlite:memory_entries,DATA_MISSING,cluster_has_preserved_target_no_alias_manual_or_blocked_rows,first
614,ATLASSIAN,risk,Over issuance of shares by IMPEDIMED,active,0.74,youtube_transcript:asx-daily-rundown-atlassian-lifts-tech-a2-milk-recall-shock-accent-group-all-time-lows:88e960386e503796,youtube_transcript,"ASX Daily Rundown | Atlassian Lifts Tech, A2 Milk Recall Shock & Accent Group All-Time Lows",2026-05-04T08:15:01Z,2026-05-04T08:24:56+00:00,2026-05-04T08:24:56+00:00,fanout_0026,27,candidate_expire_duplicate_fanout,status_expire_candidate,explicit target IMPEDIMED does not match current entity; duplicate fanout cluster preserves matching target rows elsewhere,high,MEDIUM,no,company_memory.sqlite:memory_entries,DATA_MISSING,cluster_has_preserved_target_no_alias_manual_or_blocked_rows,first
615,NAB,risk,Over issuance of shares by IMPEDIMED,active,0.74,youtube_transcript:asx-daily-rundown-atlassian-lifts-tech-a2-milk-recall-shock-accent-group-all-time-lows:88e960386e503796,youtube_transcript,"ASX Daily Rundown | Atlassian Lifts Tech, A2 Milk Recall Shock & Accent Group All-Time Lows",2026-05-04T08:15:01Z,2026-05-04T08:24:56+00:00,2026-05-04T08:24:56+00:00,fanout_0026,27,candidate_expire_duplicate_fanout,status_expire_candidate,explicit target IMPEDIMED does not match current entity; duplicate fanout cluster preserves matching target rows elsewhere,high,MEDIUM,no,company_memory.sqlite:memory_entries,DATA_MISSING,cluster_has_preserved_target_no_alias_manual_or_blocked_rows,first
616,BHP,risk,Over issuance of shares by IMPEDIMED,active,0.74,youtube_transcript:asx-daily-rundown-atlassian-lifts-tech-a2-milk-recall-shock-accent-group-all-time-lows:88e960386e503796,youtube_transcript,"ASX Daily Rundown | Atlassian Lifts Tech, A2 Milk Recall Shock & Accent Group All-Time Lows",2026-05-04T08:15:01Z,2026-05-04T08:24:56+00:00,2026-05-04T08:24:56+00:00,fanout_0026,27,candidate_expire_duplicate_fanout,status_expire_candidate,explicit target IMPEDIMED does not match current entity; duplicate fanout cluster preserves matching target rows elsewhere,high,MEDIUM,no,company_memory.sqlite:memory_entries,DATA_MISSING,cluster_has_preserved_target_no_alias_manual_or_blocked_rows,first
617,KEY PETROLEUM,risk,Over issuance of shares by IMPEDIMED,active,0.74,youtube_transcript:asx-daily-rundown-atlassian-lifts-tech-a2-milk-recall-shock-accent-group-all-time-lows:88e960386e503796,youtube_transcript,"ASX Daily Rundown | Atlassian Lifts Tech, A2 Milk Recall Shock & Accent Group All-Time Lows",2026-05-04T08:15:01Z,2026-05-04T08:24:56+00:00,2026-05-04T08:24:56+00:00,fanout_0026,27,candidate_expire_duplicate_fanout,status_expire_candidate,explicit target IMPEDIMED does not match current entity; duplicate fanout cluster preserves matching target rows elsewhere,high,MEDIUM,no,company_memory.sqlite:memory_entries,DATA_MISSING,cluster_has_preserved_target_no_alias_manual_or_blocked_rows,first
618,GCM CORPORATION,risk,Over issuance of shares by IMPEDIMED,active,0.74,youtube_transcript:asx-daily-rundown-atlassian-lifts-tech-a2-milk-recall-shock-accent-group-all-time-lows:88e960386e503796,youtube_transcript,"ASX Daily Rundown | Atlassian Lifts Tech, A2 Milk Recall Shock & Accent Group All-Time Lows",2026-05-04T08:15:01Z,2026-05-04T08:24:56+00:00,2026-05-04T08:24:56+00:00,fanout_0026,27,candidate_expire_duplicate_fanout,status_expire_candidate,explicit target IMPEDIMED does not match current entity; duplicate fanout cluster preserves matching target rows elsewhere,high,MEDIUM,no,company_memory.sqlite:memory_entries,DATA_MISSING,cluster_has_preserved_target_no_alias_manual_or_blocked_rows,first
619,MARINO AND CO,risk,Over issuance of shares by IMPEDIMED,active,0.74,youtube_transcript:asx-daily-rundown-atlassian-lifts-tech-a2-milk-recall-shock-accent-group-all-time-lows:88e960386e503796,youtube_transcript,"ASX Daily Rundown | Atlassian Lifts Tech, A2 Milk Recall Shock & Accent Group All-Time Lows",2026-05-04T08:15:01Z,2026-05-04T08:24:56+00:00,2026-05-04T08:24:56+00:00,fanout_0026,27,candidate_expire_duplicate_fanout,status_expire_candidate,explicit target IMPEDIMED does not match current entity; duplicate fanout cluster preserves matching target rows elsewhere,high,MEDIUM,no,company_memory.sqlite:memory_entries,DATA_MISSING,cluster_has_preserved_target_no_alias_manual_or_blocked_rows,first
620,CLARITY,risk,Over issuance of shares by IMPEDIMED,active,0.74,youtube_transcript:asx-daily-rundown-atlassian-lifts-tech-a2-milk-recall-shock-accent-group-all-time-lows:88e960386e503796,youtube_transcript,"ASX Daily Rundown | Atlassian Lifts Tech, A2 Milk Recall Shock & Accent Group All-Time Lows",2026-05-04T08:15:01Z,2026-05-04T08:24:56+00:00,2026-05-04T08:24:56+00:00,fanout_0026,27,candidate_expire_duplicate_fanout,status_expire_candidate,explicit target IMPEDIMED does not match current entity; duplicate fanout cluster preserves matching target rows elsewhere,high,MEDIUM,no,company_memory.sqlite:memory_entries,DATA_MISSING,cluster_has_preserved_target_no_alias_manual_or_blocked_rows,first
621,WIN MEDALS,risk,Over issuance of shares by IMPEDIMED,active,0.74,youtube_transcript:asx-daily-rundown-atlassian-lifts-tech-a2-milk-recall-shock-accent-group-all-time-lows:88e960386e503796,youtube_transcript,"ASX Daily Rundown | Atlassian Lifts Tech, A2 Milk Recall Shock & Accent Group All-Time Lows",2026-05-04T08:15:01Z,2026-05-04T08:24:57+00:00,2026-05-04T08:24:57+00:00,fanout_0026,27,candidate_expire_duplicate_fanout,status_expire_candidate,explicit target IMPEDIMED does not match current entity; duplicate fanout cluster preserves matching target rows elsewhere,high,MEDIUM,no,company_memory.sqlite:memory_entries,DATA_MISSING,cluster_has_preserved_target_no_alias_manual_or_blocked_rows,first
622,AXEN GROUP,risk,Over issuance of shares by IMPEDIMED,active,0.74,youtube_transcript:asx-daily-rundown-atlassian-lifts-tech-a2-milk-recall-shock-accent-group-all-time-lows:88e960386e503796,youtube_transcript,"ASX Daily Rundown | Atlassian Lifts Tech, A2 Milk Recall Shock & Accent Group All-Time Lows",2026-05-04T08:15:01Z,2026-05-04T08:24:57+00:00,2026-05-04T08:24:57+00:00,fanout_0026,27,candidate_expire_duplicate_fanout,status_expire_candidate,explicit target IMPEDIMED does not match current entity; duplicate fanout cluster preserves matching target rows elsewhere,high,MEDIUM,no,company_memory.sqlite:memory_entries,DATA_MISSING,cluster_has_preserved_target_no_alias_manual_or_blocked_rows,first
623,STRICKLAND METALS,risk,Over issuance of shares by IMPEDIMED,active,0.74,youtube_transcript:asx-daily-rundown-atlassian-lifts-tech-a2-milk-recall-shock-accent-group-all-time-lows:88e960386e503796,youtube_transcript,"ASX Daily Rundown | Atlassian Lifts Tech, A2 Milk Recall Shock & Accent Group All-Time Lows",2026-05-04T08:15:01Z,2026-05-04T08:24:58+00:00,2026-05-04T08:24:58+00:00,fanout_0026,27,candidate_expire_duplicate_fanout,status_expire_candidate,explicit target IMPEDIMED does not match current entity; duplicate fanout cluster preserves matching target rows elsewhere,high,MEDIUM,no,company_memory.sqlite:memory_entries,DATA_MISSING,cluster_has_preserved_target_no_alias_manual_or_blocked_rows,first
624,LION TOWN,risk,Over issuance of shares by IMPEDIMED,active,0.74,youtube_transcript:asx-daily-rundown-atlassian-lifts-tech-a2-milk-recall-shock-accent-group-all-time-lows:88e960386e503796,youtube_transcript,"ASX Daily Rundown | Atlassian Lifts Tech, A2 Milk Recall Shock & Accent Group All-Time Lows",2026-05-04T08:15:01Z,2026-05-04T08:24:58+00:00,2026-05-04T08:24:58+00:00,fanout_0026,27,candidate_expire_duplicate_fanout,status_expire_candidate,explicit target IMPEDIMED does not match current entity; duplicate fanout cluster preserves matching target rows elsewhere,high,MEDIUM,no,company_memory.sqlite:memory_entries,DATA_MISSING,cluster_has_preserved_target_no_alias_manual_or_blocked_rows,first
625,IMRO,risk,Over issuance of shares by IMPEDIMED,active,0.74,youtube_transcript:asx-daily-rundown-atlassian-lifts-tech-a2-milk-recall-shock-accent-group-all-time-lows:88e960386e503796,youtube_transcript,"ASX Daily Rundown | Atlassian Lifts Tech, A2 Milk Recall Shock & Accent Group All-Time Lows",2026-05-04T08:15:01Z,2026-05-04T08:24:58+00:00,2026-05-04T08:24:58+00:00,fanout_0026,27,candidate_expire_duplicate_fanout,status_expire_candidate,explicit target IMPEDIMED does not match current entity; duplicate fanout cluster preserves matching target rows elsewhere,high,MEDIUM,no,company_memory.sqlite:memory_entries,DATA_MISSING,cluster_has_preserved_target_no_alias_manual_or_blocked_rows,first
626,PENINSULA,risk,Over issuance of shares by IMPEDIMED,active,0.74,youtube_transcript:asx-daily-rundown-atlassian-lifts-tech-a2-milk-recall-shock-accent-group-all-time-lows:88e960386e503796,youtube_transcript,"ASX Daily Rundown | Atlassian Lifts Tech, A2 Milk Recall Shock & Accent Group All-Time Lows",2026-05-04T08:15:01Z,2026-05-04T08:24:58+00:00,2026-05-04T08:24:58+00:00,fanout_0026,27,candidate_expire_duplicate_fanout,status_expire_candidate,explicit target IMPEDIMED does not match current entity; duplicate fanout cluster preserves matching target rows elsewhere,high,MEDIUM,no,company_memory.sqlite:memory_entries,DATA_MISSING,cluster_has_preserved_target_no_alias_manual_or_blocked_rows,first
627,BRAIN CHIP,risk,Over issuance of shares by IMPEDIMED,active,0.74,youtube_transcript:asx-daily-rundown-atlassian-lifts-tech-a2-milk-recall-shock-accent-group-all-time-lows:88e960386e503796,youtube_transcript,"ASX Daily Rundown | Atlassian Lifts Tech, A2 Milk Recall Shock & Accent Group All-Time Lows",2026-05-04T08:15:01Z,2026-05-04T08:24:58+00:00,2026-05-04T08:24:58+00:00,fanout_0026,27,candidate_expire_duplicate_fanout,status_expire_candidate,explicit target IMPEDIMED does not match current entity; duplicate fanout cluster preserves matching target rows elsewhere,high,MEDIUM,no,company_memory.sqlite:memory_entries,DATA_MISSING,cluster_has_preserved_target_no_alias_manual_or_blocked_rows,first
628,VERITUS,risk,Over issuance of shares by IMPEDIMED,active,0.74,youtube_transcript:asx-daily-rundown-atlassian-lifts-tech-a2-milk-recall-shock-accent-group-all-time-lows:88e960386e503796,youtube_transcript,"ASX Daily Rundown | Atlassian Lifts Tech, A2 Milk Recall Shock & Accent Group All-Time Lows",2026-05-04T08:15:01Z,2026-05-04T08:24:58+00:00,2026-05-04T08:24:58+00:00,fanout_0026,27,candidate_expire_duplicate_fanout,status_expire_candidate,explicit target IMPEDIMED does not match current entity; duplicate fanout cluster preserves matching target rows elsewhere,high,MEDIUM,no,company_memory.sqlite:memory_entries,DATA_MISSING,cluster_has_preserved_target_no_alias_manual_or_blocked_rows,first
629,PETTIMED,risk,Over issuance of shares by IMPEDIMED,active,0.74,youtube_transcript:asx-daily-rundown-atlassian-lifts-tech-a2-milk-recall-shock-accent-group-all-time-lows:88e960386e503796,youtube_transcript,"ASX Daily Rundown | Atlassian Lifts Tech, A2 Milk Recall Shock & Accent Group All-Time Lows",2026-05-04T08:15:01Z,2026-05-04T08:24:58+00:00,2026-05-04T08:24:58+00:00,fanout_0026,27,candidate_expire_duplicate_fanout,status_expire_candidate,explicit target IMPEDIMED does not match current entity; duplicate fanout cluster preserves matching target rows elsewhere,high,MEDIUM,no,company_memory.sqlite:memory_entries,DATA_MISSING,cluster_has_preserved_target_no_alias_manual_or_blocked_rows,first
631,INDE,risk,Over issuance of shares by IMPEDIMED,active,0.74,youtube_transcript:asx-daily-rundown-atlassian-lifts-tech-a2-milk-recall-shock-accent-group-all-time-lows:88e960386e503796,youtube_transcript,"ASX Daily Rundown | Atlassian Lifts Tech, A2 Milk Recall Shock & Accent Group All-Time Lows",2026-05-04T08:15:01Z,2026-05-04T08:24:58+00:00,2026-05-04T08:24:58+00:00,fanout_0026,27,candidate_expire_duplicate_fanout,status_expire_candidate,explicit target IMPEDIMED does not match current entity; duplicate fanout cluster preserves matching target rows elsewhere,high,MEDIUM,no,company_memory.sqlite:memory_entries,DATA_MISSING,cluster_has_preserved_target_no_alias_manual_or_blocked_rows,first
632,PETT,risk,Over issuance of shares by IMPEDIMED,active,0.74,youtube_transcript:asx-daily-rundown-atlassian-lifts-tech-a2-milk-recall-shock-accent-group-all-time-lows:88e960386e503796,youtube_transcript,"ASX Daily Rundown | Atlassian Lifts Tech, A2 Milk Recall Shock & Accent Group All-Time Lows",2026-05-04T08:15:01Z,2026-05-04T08:24:58+00:00,2026-05-04T08:24:58+00:00,fanout_0026,27,candidate_expire_duplicate_fanout,status_expire_candidate,explicit target IMPEDIMED does not match current entity; duplicate fanout cluster preserves matching target rows elsewhere,high,MEDIUM,no,company_memory.sqlite:memory_entries,DATA_MISSING,cluster_has_preserved_target_no_alias_manual_or_blocked_rows,first
633,C79,risk,Over issuance of shares by IMPEDIMED,active,0.74,youtube_transcript:asx-daily-rundown-atlassian-lifts-tech-a2-milk-recall-shock-accent-group-all-time-lows:88e960386e503796,youtube_transcript,"ASX Daily Rundown | Atlassian Lifts Tech, A2 Milk Recall Shock & Accent Group All-Time Lows",2026-05-04T08:15:01Z,2026-05-04T08:24:58+00:00,2026-05-04T08:24:58+00:00,fanout_0026,27,candidate_expire_duplicate_fanout,status_expire_candidate,explicit target IMPEDIMED does not match current entity; duplicate fanout cluster preserves matching target rows elsewhere,high,MEDIUM,no,company_memory.sqlite:memory_entries,DATA_MISSING,cluster_has_preserved_target_no_alias_manual_or_blocked_rows,first
634,A2M,risk,Over issuance of shares by IMPEDIMED,active,0.74,youtube_transcript:asx-daily-rundown-atlassian-lifts-tech-a2-milk-recall-shock-accent-group-all-time-lows:88e960386e503796,youtube_transcript,"ASX Daily Rundown | Atlassian Lifts Tech, A2 Milk Recall Shock & Accent Group All-Time Lows",2026-05-04T08:15:01Z,2026-05-04T08:24:58+00:00,2026-05-04T08:24:58+00:00,fanout_0026,27,candidate_expire_duplicate_fanout,status_expire_candidate,explicit target IMPEDIMED does not match current entity; duplicate fanout cluster preserves matching target rows elsewhere,high,MEDIUM,no,company_memory.sqlite:memory_entries,DATA_MISSING,cluster_has_preserved_target_no_alias_manual_or_blocked_rows,first
635,ACCENT GROUP,risk,Over issuance of shares by IMPEDIMED,active,0.74,youtube_transcript:asx-daily-rundown-atlassian-lifts-tech-a2-milk-recall-shock-accent-group-all-time-lows:88e960386e503796,youtube_transcript,"ASX Daily Rundown | Atlassian Lifts Tech, A2 Milk Recall Shock & Accent Group All-Time Lows",2026-05-04T08:15:01Z,2026-05-04T08:24:59+00:00,2026-05-04T08:24:59+00:00,fanout_0026,27,candidate_expire_duplicate_fanout,status_expire_candidate,explicit target IMPEDIMED does not match current entity; duplicate fanout cluster preserves matching target rows elsewhere,high,MEDIUM,no,company_memory.sqlite:memory_entries,DATA_MISSING,cluster_has_preserved_target_no_alias_manual_or_blocked_rows,first
1280,COH,operating_context,4DMEDICAL collaborates with GSK on respiratory research,active,0.78,news:art_e4faef3c4644fe5bb3b66e32,newspaper4k,DATA_MISSING,2026-05-04T16:07:24Z,2026-05-04T16:12:07+00:00,2026-05-04T16:12:07+00:00,fanout_0044,8,candidate_expire_duplicate_fanout,status_expire_candidate,explicit target 4DMEDICAL does not match current entity; duplicate fanout cluster preserves matching target rows elsewhere,high,MEDIUM,no,company_memory.sqlite:memory_entries,DATA_MISSING,cluster_has_preserved_target_no_alias_manual_or_blocked_rows,first
1281,EZZ,operating_context,4DMEDICAL collaborates with GSK on respiratory research,active,0.78,news:art_e4faef3c4644fe5bb3b66e32,newspaper4k,DATA_MISSING,2026-05-04T16:07:24Z,2026-05-04T16:12:08+00:00,2026-05-04T16:12:08+00:00,fanout_0044,8,candidate_expire_duplicate_fanout,status_expire_candidate,explicit target 4DMEDICAL does not match current entity; duplicate fanout cluster preserves matching target rows elsewhere,high,MEDIUM,no,company_memory.sqlite:memory_entries,DATA_MISSING,cluster_has_preserved_target_no_alias_manual_or_blocked_rows,first
1282,AROVELLA,operating_context,4DMEDICAL collaborates with GSK on respiratory research,active,0.78,news:art_e4faef3c4644fe5bb3b66e32,newspaper4k,DATA_MISSING,2026-05-04T16:07:24Z,2026-05-04T16:12:08+00:00,2026-05-04T16:12:08+00:00,fanout_0044,8,candidate_expire_duplicate_fanout,status_expire_candidate,explicit target 4DMEDICAL does not match current entity; duplicate fanout cluster preserves matching target rows elsewhere,high,MEDIUM,no,company_memory.sqlite:memory_entries,DATA_MISSING,cluster_has_preserved_target_no_alias_manual_or_blocked_rows,first
1284,LTR PHARMA,operating_context,4DMEDICAL collaborates with GSK on respiratory research,active,0.78,news:art_e4faef3c4644fe5bb3b66e32,newspaper4k,DATA_MISSING,2026-05-04T16:07:24Z,2026-05-04T16:12:08+00:00,2026-05-04T16:12:08+00:00,fanout_0044,8,candidate_expire_duplicate_fanout,status_expire_candidate,explicit target 4DMEDICAL does not match current entity; duplicate fanout cluster preserves matching target rows elsewhere,high,MEDIUM,no,company_memory.sqlite:memory_entries,DATA_MISSING,cluster_has_preserved_target_no_alias_manual_or_blocked_rows,first
1285,CSL,operating_context,4DMEDICAL collaborates with GSK on respiratory research,active,0.78,news:art_e4faef3c4644fe5bb3b66e32,newspaper4k,DATA_MISSING,2026-05-04T16:07:24Z,2026-05-04T16:12:09+00:00,2026-05-04T16:12:09+00:00,fanout_0044,8,candidate_expire_duplicate_fanout,status_expire_candidate,explicit target 4DMEDICAL does not match current entity; duplicate fanout cluster preserves matching target rows elsewhere,high,MEDIUM,no,company_memory.sqlite:memory_entries,DATA_MISSING,cluster_has_preserved_target_no_alias_manual_or_blocked_rows,first
1286,RESMED,operating_context,4DMEDICAL collaborates with GSK on respiratory research,active,0.78,news:art_e4faef3c4644fe5bb3b66e32,newspaper4k,DATA_MISSING,2026-05-04T16:07:24Z,2026-05-04T16:12:09+00:00,2026-05-04T16:12:09+00:00,fanout_0044,8,candidate_expire_duplicate_fanout,status_expire_candidate,explicit target 4DMEDICAL does not match current entity; duplicate fanout cluster preserves matching target rows elsewhere,high,MEDIUM,no,company_memory.sqlite:memory_entries,DATA_MISSING,cluster_has_preserved_target_no_alias_manual_or_blocked_rows,first
1287,PARADIGM BIOPHARMACEUTICALS,operating_context,4DMEDICAL collaborates with GSK on respiratory research,active,0.78,news:art_e4faef3c4644fe5bb3b66e32,newspaper4k,DATA_MISSING,2026-05-04T16:07:24Z,2026-05-04T16:12:09+00:00,2026-05-04T16:12:09+00:00,fanout_0044,8,candidate_expire_duplicate_fanout,status_expire_candidate,explicit target 4DMEDICAL does not match current entity; duplicate fanout cluster preserves matching target rows elsewhere,high,MEDIUM,no,company_memory.sqlite:memory_entries,DATA_MISSING,cluster_has_preserved_target_no_alias_manual_or_blocked_rows,first
1264,COH,observed_fact,AROVELLA undergoes major board changes and strategic review,active,0.83,news:art_e4faef3c4644fe5bb3b66e32,newspaper4k,DATA_MISSING,2026-05-04T16:07:24Z,2026-05-04T16:12:05+00:00,2026-05-04T16:12:05+00:00,fanout_0045,8,candidate_expire_duplicate_fanout,status_expire_candidate,explicit target AROVELLA does not match current entity; duplicate fanout cluster preserves matching target rows elsewhere,high,MEDIUM,no,company_memory.sqlite:memory_entries,DATA_MISSING,cluster_has_preserved_target_no_alias_manual_or_blocked_rows,first
1265,EZZ,observed_fact,AROVELLA undergoes major board changes and strategic review,active,0.83,news:art_e4faef3c4644fe5bb3b66e32,newspaper4k,DATA_MISSING,2026-05-04T16:07:24Z,2026-05-04T16:12:05+00:00,2026-05-04T16:12:05+00:00,fanout_0045,8,candidate_expire_duplicate_fanout,status_expire_candidate,explicit target AROVELLA does not match current entity; duplicate fanout cluster preserves matching target rows elsewhere,high,MEDIUM,no,company_memory.sqlite:memory_entries,DATA_MISSING,cluster_has_preserved_target_no_alias_manual_or_blocked_rows,first
1267,4DMEDICAL,observed_fact,AROVELLA undergoes major board changes and strategic review,active,0.83,news:art_e4faef3c4644fe5bb3b66e32,newspaper4k,DATA_MISSING,2026-05-04T16:07:24Z,2026-05-04T16:12:05+00:00,2026-05-04T16:12:05+00:00,fanout_0045,8,candidate_expire_duplicate_fanout,status_expire_candidate,explicit target AROVELLA does not match current entity; duplicate fanout cluster preserves matching target rows elsewhere,high,MEDIUM,no,company_memory.sqlite:memory_entries,DATA_MISSING,cluster_has_preserved_target_no_alias_manual_or_blocked_rows,first
1268,LTR PHARMA,observed_fact,AROVELLA undergoes major board changes and strategic review,active,0.83,news:art_e4faef3c4644fe5bb3b66e32,newspaper4k,DATA_MISSING,2026-05-04T16:07:24Z,2026-05-04T16:12:05+00:00,2026-05-04T16:12:05+00:00,fanout_0045,8,candidate_expire_duplicate_fanout,status_expire_candidate,explicit target AROVELLA does not match current entity; duplicate fanout cluster preserves matching target rows elsewhere,high,MEDIUM,no,company_memory.sqlite:memory_entries,DATA_MISSING,cluster_has_preserved_target_no_alias_manual_or_blocked_rows,first
1269,CSL,observed_fact,AROVELLA undergoes major board changes and strategic review,active,0.83,news:art_e4faef3c4644fe5bb3b66e32,newspaper4k,DATA_MISSING,2026-05-04T16:07:24Z,2026-05-04T16:12:05+00:00,2026-05-04T16:12:05+00:00,fanout_0045,8,candidate_expire_duplicate_fanout,status_expire_candidate,explicit target AROVELLA does not match current entity; duplicate fanout cluster preserves matching target rows elsewhere,high,MEDIUM,no,company_memory.sqlite:memory_entries,DATA_MISSING,cluster_has_preserved_target_no_alias_manual_or_blocked_rows,first
1270,RESMED,observed_fact,AROVELLA undergoes major board changes and strategic review,active,0.83,news:art_e4faef3c4644fe5bb3b66e32,newspaper4k,DATA_MISSING,2026-05-04T16:07:24Z,2026-05-04T16:12:06+00:00,2026-05-04T16:12:06+00:00,fanout_0045,8,candidate_expire_duplicate_fanout,status_expire_candidate,explicit target AROVELLA does not match current entity; duplicate fanout cluster preserves matching target rows elsewhere,high,MEDIUM,no,company_memory.sqlite:memory_entries,DATA_MISSING,cluster_has_preserved_target_no_alias_manual_or_blocked_rows,first
1271,PARADIGM BIOPHARMACEUTICALS,observed_fact,AROVELLA undergoes major board changes and strategic review,active,0.83,news:art_e4faef3c4644fe5bb3b66e32,newspaper4k,DATA_MISSING,2026-05-04T16:07:24Z,2026-05-04T16:12:06+00:00,2026-05-04T16:12:06+00:00,fanout_0045,8,candidate_expire_duplicate_fanout,status_expire_candidate,explicit target AROVELLA does not match current entity; duplicate fanout cluster preserves matching target rows elsewhere,high,MEDIUM,no,company_memory.sqlite:memory_entries,DATA_MISSING,cluster_has_preserved_target_no_alias_manual_or_blocked_rows,first
1328,COH,risk,AROVELLA's major board changes and strategic review,active,0.8,news:art_e4faef3c4644fe5bb3b66e32,newspaper4k,DATA_MISSING,2026-05-04T16:07:24Z,2026-05-04T16:12:16+00:00,2026-05-04T16:12:16+00:00,fanout_0046,8,candidate_expire_duplicate_fanout,status_expire_candidate,explicit target AROVELLA does not match current entity; duplicate fanout cluster preserves matching target rows elsewhere,high,MEDIUM,no,company_memory.sqlite:memory_entries,DATA_MISSING,cluster_has_preserved_target_no_alias_manual_or_blocked_rows,first
1329,EZZ,risk,AROVELLA's major board changes and strategic review,active,0.8,news:art_e4faef3c4644fe5bb3b66e32,newspaper4k,DATA_MISSING,2026-05-04T16:07:24Z,2026-05-04T16:12:16+00:00,2026-05-04T16:12:16+00:00,fanout_0046,8,candidate_expire_duplicate_fanout,status_expire_candidate,explicit target AROVELLA does not match current entity; duplicate fanout cluster preserves matching target rows elsewhere,high,MEDIUM,no,company_memory.sqlite:memory_entries,DATA_MISSING,cluster_has_preserved_target_no_alias_manual_or_blocked_rows,first
1331,4DMEDICAL,risk,AROVELLA's major board changes and strategic review,active,0.8,news:art_e4faef3c4644fe5bb3b66e32,newspaper4k,DATA_MISSING,2026-05-04T16:07:24Z,2026-05-04T16:12:16+00:00,2026-05-04T16:12:16+00:00,fanout_0046,8,candidate_expire_duplicate_fanout,status_expire_candidate,explicit target AROVELLA does not match current entity; duplicate fanout cluster preserves matching target rows elsewhere,high,MEDIUM,no,company_memory.sqlite:memory_entries,DATA_MISSING,cluster_has_preserved_target_no_alias_manual_or_blocked_rows,first
1332,LTR PHARMA,risk,AROVELLA's major board changes and strategic review,active,0.8,news:art_e4faef3c4644fe5bb3b66e32,newspaper4k,DATA_MISSING,2026-05-04T16:07:24Z,2026-05-04T16:12:16+00:00,2026-05-04T16:12:16+00:00,fanout_0046,8,candidate_expire_duplicate_fanout,status_expire_candidate,explicit target AROVELLA does not match current entity; duplicate fanout cluster preserves matching target rows elsewhere,high,MEDIUM,no,company_memory.sqlite:memory_entries,DATA_MISSING,cluster_has_preserved_target_no_alias_manual_or_blocked_rows,first
1333,CSL,risk,AROVELLA's major board changes and strategic review,active,0.8,news:art_e4faef3c4644fe5bb3b66e32,newspaper4k,DATA_MISSING,2026-05-04T16:07:24Z,2026-05-04T16:12:16+00:00,2026-05-04T16:12:16+00:00,fanout_0046,8,candidate_expire_duplicate_fanout,status_expire_candidate,explicit target AROVELLA does not match current entity; duplicate fanout cluster preserves matching target rows elsewhere,high,MEDIUM,no,company_memory.sqlite:memory_entries,DATA_MISSING,cluster_has_preserved_target_no_alias_manual_or_blocked_rows,first
1334,RESMED,risk,AROVELLA's major board changes and strategic review,active,0.8,news:art_e4faef3c4644fe5bb3b66e32,newspaper4k,DATA_MISSING,2026-05-04T16:07:24Z,2026-05-04T16:12:16+00:00,2026-05-04T16:12:16+00:00,fanout_0046,8,candidate_expire_duplicate_fanout,status_expire_candidate,explicit target AROVELLA does not match current entity; duplicate fanout cluster preserves matching target rows elsewhere,high,MEDIUM,no,company_memory.sqlite:memory_entries,DATA_MISSING,cluster_has_preserved_target_no_alias_manual_or_blocked_rows,first
1335,PARADIGM BIOPHARMACEUTICALS,risk,AROVELLA's major board changes and strategic review,active,0.8,news:art_e4faef3c4644fe5bb3b66e32,newspaper4k,DATA_MISSING,2026-05-04T16:07:24Z,2026-05-04T16:12:16+00:00,2026-05-04T16:12:16+00:00,fanout_0046,8,candidate_expire_duplicate_fanout,status_expire_candidate,explicit target AROVELLA does not match current entity; duplicate fanout cluster preserves matching target rows elsewhere,high,MEDIUM,no,company_memory.sqlite:memory_entries,DATA_MISSING,cluster_has_preserved_target_no_alias_manual_or_blocked_rows,first
1296,COH,observed_fact,CSL faces renewed scrutiny over valuation gaps and growth expectations,active,0.85,news:art_e4faef3c4644fe5bb3b66e32,newspaper4k,DATA_MISSING,2026-05-04T16:07:24Z,2026-05-04T16:12:11+00:00,2026-05-04T16:12:11+00:00,fanout_0047,8,candidate_expire_duplicate_fanout,status_expire_candidate,explicit target CSL does not match current entity; duplicate fanout cluster preserves matching target rows elsewhere,high,MEDIUM,no,company_memory.sqlite:memory_entries,DATA_MISSING,cluster_has_preserved_target_no_alias_manual_or_blocked_rows,first
1297,EZZ,observed_fact,CSL faces renewed scrutiny over valuation gaps and growth expectations,active,0.85,news:art_e4faef3c4644fe5bb3b66e32,newspaper4k,DATA_MISSING,2026-05-04T16:07:24Z,2026-05-04T16:12:11+00:00,2026-05-04T16:12:11+00:00,fanout_0047,8,candidate_expire_duplicate_fanout,status_expire_candidate,explicit target CSL does not match current entity; duplicate fanout cluster preserves matching target rows elsewhere,high,MEDIUM,no,company_memory.sqlite:memory_entries,DATA_MISSING,cluster_has_preserved_target_no_alias_manual_or_blocked_rows,first
1298,AROVELLA,observed_fact,CSL faces renewed scrutiny over valuation gaps and growth expectations,active,0.85,news:art_e4faef3c4644fe5bb3b66e32,newspaper4k,DATA_MISSING,2026-05-04T16:07:24Z,2026-05-04T16:12:11+00:00,2026-05-04T16:12:11+00:00,fanout_0047,8,candidate_expire_duplicate_fanout,status_expire_candidate,explicit target CSL does not match current entity; duplicate fanout cluster preserves matching target rows elsewhere,high,MEDIUM,no,company_memory.sqlite:memory_entries,DATA_MISSING,cluster_has_preserved_target_no_alias_manual_or_blocked_rows,first
1299,4DMEDICAL,observed_fact,CSL faces renewed scrutiny over valuation gaps and growth expectations,active,0.85,news:art_e4faef3c4644fe5bb3b66e32,newspaper4k,DATA_MISSING,2026-05-04T16:07:24Z,2026-05-04T16:12:11+00:00,2026-05-04T16:12:11+00:00,fanout_0047,8,candidate_expire_duplicate_fanout,status_expire_candidate,explicit target CSL does not match current entity; duplicate fanout cluster preserves matching target rows elsewhere,high,MEDIUM,no,company_memory.sqlite:memory_entries,DATA_MISSING,cluster_has_preserved_target_no_alias_manual_or_blocked_rows,first
1300,LTR PHARMA,observed_fact,CSL faces renewed scrutiny over valuation gaps and growth expectations,active,0.85,news:art_e4faef3c4644fe5bb3b66e32,newspaper4k,DATA_MISSING,2026-05-04T16:07:24Z,2026-05-04T16:12:11+00:00,2026-05-04T16:12:11+00:00,fanout_0047,8,candidate_expire_duplicate_fanout,status_expire_candidate,explicit target CSL does not match current entity; duplicate fanout cluster preserves matching target rows elsewhere,high,MEDIUM,no,company_memory.sqlite:memory_entries,DATA_MISSING,cluster_has_preserved_target_no_alias_manual_or_blocked_rows,first
1302,RESMED,observed_fact,CSL faces renewed scrutiny over valuation gaps and growth expectations,active,0.85,news:art_e4faef3c4644fe5bb3b66e32,newspaper4k,DATA_MISSING,2026-05-04T16:07:24Z,2026-05-04T16:12:12+00:00,2026-05-04T16:12:12+00:00,fanout_0047,8,candidate_expire_duplicate_fanout,status_expire_candidate,explicit target CSL does not match current entity; duplicate fanout cluster preserves matching target rows elsewhere,high,MEDIUM,no,company_memory.sqlite:memory_entries,DATA_MISSING,cluster_has_preserved_target_no_alias_manual_or_blocked_rows,first
1303,PARADIGM BIOPHARMACEUTICALS,observed_fact,CSL faces renewed scrutiny over valuation gaps and growth expectations,active,0.85,news:art_e4faef3c4644fe5bb3b66e32,newspaper4k,DATA_MISSING,2026-05-04T16:07:24Z,2026-05-04T16:12:12+00:00,2026-05-04T16:12:12+00:00,fanout_0047,8,candidate_expire_duplicate_fanout,status_expire_candidate,explicit target CSL does not match current entity; duplicate fanout cluster preserves matching target rows elsewhere,high,MEDIUM,no,company_memory.sqlite:memory_entries,DATA_MISSING,cluster_has_preserved_target_no_alias_manual_or_blocked_rows,first
1336,COH,risk,CSL's renewed scrutiny over valuation gaps and growth expectations,active,0.82,news:art_e4faef3c4644fe5bb3b66e32,newspaper4k,DATA_MISSING,2026-05-04T16:07:24Z,2026-05-04T16:12:17+00:00,2026-05-04T16:12:17+00:00,fanout_0048,8,candidate_expire_duplicate_fanout,status_expire_candidate,explicit target CSL does not match current entity; duplicate fanout cluster preserves matching target rows elsewhere,high,MEDIUM,no,company_memory.sqlite:memory_entries,DATA_MISSING,cluster_has_preserved_target_no_alias_manual_or_blocked_rows,first
1337,EZZ,risk,CSL's renewed scrutiny over valuation gaps and growth expectations,active,0.82,news:art_e4faef3c4644fe5bb3b66e32,newspaper4k,DATA_MISSING,2026-05-04T16:07:24Z,2026-05-04T16:12:18+00:00,2026-05-04T16:12:18+00:00,fanout_0048,8,candidate_expire_duplicate_fanout,status_expire_candidate,explicit target CSL does not match current entity; duplicate fanout cluster preserves matching target rows elsewhere,high,MEDIUM,no,company_memory.sqlite:memory_entries,DATA_MISSING,cluster_has_preserved_target_no_alias_manual_or_blocked_rows,first
1338,AROVELLA,risk,CSL's renewed scrutiny over valuation gaps and growth expectations,active,0.82,news:art_e4faef3c4644fe5bb3b66e32,newspaper4k,DATA_MISSING,2026-05-04T16:07:24Z,2026-05-04T16:12:18+00:00,2026-05-04T16:12:18+00:00,fanout_0048,8,candidate_expire_duplicate_fanout,status_expire_candidate,explicit target CSL does not match current entity; duplicate fanout cluster preserves matching target rows elsewhere,high,MEDIUM,no,company_memory.sqlite:memory_entries,DATA_MISSING,cluster_has_preserved_target_no_alias_manual_or_blocked_rows,first
1339,4DMEDICAL,risk,CSL's renewed scrutiny over valuation gaps and growth expectations,active,0.82,news:art_e4faef3c4644fe5bb3b66e32,newspaper4k,DATA_MISSING,2026-05-04T16:07:24Z,2026-05-04T16:12:18+00:00,2026-05-04T16:12:18+00:00,fanout_0048,8,candidate_expire_duplicate_fanout,status_expire_candidate,explicit target CSL does not match current entity; duplicate fanout cluster preserves matching target rows elsewhere,high,MEDIUM,no,company_memory.sqlite:memory_entries,DATA_MISSING,cluster_has_preserved_target_no_alias_manual_or_blocked_rows,first
1340,LTR PHARMA,risk,CSL's renewed scrutiny over valuation gaps and growth expectations,active,0.82,news:art_e4faef3c4644fe5bb3b66e32,newspaper4k,DATA_MISSING,2026-05-04T16:07:24Z,2026-05-04T16:12:18+00:00,2026-05-04T16:12:18+00:00,fanout_0048,8,candidate_expire_duplicate_fanout,status_expire_candidate,explicit target CSL does not match current entity; duplicate fanout cluster preserves matching target rows elsewhere,high,MEDIUM,no,company_memory.sqlite:memory_entries,DATA_MISSING,cluster_has_preserved_target_no_alias_manual_or_blocked_rows,first
1342,RESMED,risk,CSL's renewed scrutiny over valuation gaps and growth expectations,active,0.82,news:art_e4faef3c4644fe5bb3b66e32,newspaper4k,DATA_MISSING,2026-05-04T16:07:24Z,2026-05-04T16:12:18+00:00,2026-05-04T16:12:18+00:00,fanout_0048,8,candidate_expire_duplicate_fanout,status_expire_candidate,explicit target CSL does not match current entity; duplicate fanout cluster preserves matching target rows elsewhere,high,MEDIUM,no,company_memory.sqlite:memory_entries,DATA_MISSING,cluster_has_preserved_target_no_alias_manual_or_blocked_rows,first
1343,PARADIGM BIOPHARMACEUTICALS,risk,CSL's renewed scrutiny over valuation gaps and growth expectations,active,0.82,news:art_e4faef3c4644fe5bb3b66e32,newspaper4k,DATA_MISSING,2026-05-04T16:07:24Z,2026-05-04T16:12:18+00:00,2026-05-04T16:12:18+00:00,fanout_0048,8,candidate_expire_duplicate_fanout,status_expire_candidate,explicit target CSL does not match current entity; duplicate fanout cluster preserves matching target rows elsewhere,high,MEDIUM,no,company_memory.sqlite:memory_entries,DATA_MISSING,cluster_has_preserved_target_no_alias_manual_or_blocked_rows,first
1272,COH,observed_fact,EZZ enters the wellness market with its MeTime range,active,0.83,news:art_e4faef3c4644fe5bb3b66e32,newspaper4k,DATA_MISSING,2026-05-04T16:07:24Z,2026-05-04T16:12:06+00:00,2026-05-04T16:12:06+00:00,fanout_0049,8,candidate_expire_duplicate_fanout,status_expire_candidate,explicit target EZZ does not match current entity; duplicate fanout cluster preserves matching target rows elsewhere,high,MEDIUM,no,company_memory.sqlite:memory_entries,DATA_MISSING,cluster_has_preserved_target_no_alias_manual_or_blocked_rows,first
1274,AROVELLA,observed_fact,EZZ enters the wellness market with its MeTime range,active,0.83,news:art_e4faef3c4644fe5bb3b66e32,newspaper4k,DATA_MISSING,2026-05-04T16:07:24Z,2026-05-04T16:12:06+00:00,2026-05-04T16:12:06+00:00,fanout_0049,8,candidate_expire_duplicate_fanout,status_expire_candidate,explicit target EZZ does not match current entity; duplicate fanout cluster preserves matching target rows elsewhere,high,MEDIUM,no,company_memory.sqlite:memory_entries,DATA_MISSING,cluster_has_preserved_target_no_alias_manual_or_blocked_rows,first
1275,4DMEDICAL,observed_fact,EZZ enters the wellness market with its MeTime range,active,0.83,news:art_e4faef3c4644fe5bb3b66e32,newspaper4k,DATA_MISSING,2026-05-04T16:07:24Z,2026-05-04T16:12:06+00:00,2026-05-04T16:12:06+00:00,fanout_0049,8,candidate_expire_duplicate_fanout,status_expire_candidate,explicit target EZZ does not match current entity; duplicate fanout cluster preserves matching target rows elsewhere,high,MEDIUM,no,company_memory.sqlite:memory_entries,DATA_MISSING,cluster_has_preserved_target_no_alias_manual_or_blocked_rows,first
1276,LTR PHARMA,observed_fact,EZZ enters the wellness market with its MeTime range,active,0.83,news:art_e4faef3c4644fe5bb3b66e32,newspaper4k,DATA_MISSING,2026-05-04T16:07:24Z,2026-05-04T16:12:07+00:00,2026-05-04T16:12:07+00:00,fanout_0049,8,candidate_expire_duplicate_fanout,status_expire_candidate,explicit target EZZ does not match current entity; duplicate fanout cluster preserves matching target rows elsewhere,high,MEDIUM,no,company_memory.sqlite:memory_entries,DATA_MISSING,cluster_has_preserved_target_no_alias_manual_or_blocked_rows,first
1277,CSL,observed_fact,EZZ enters the wellness market with its MeTime range,active,0.83,news:art_e4faef3c4644fe5bb3b66e32,newspaper4k,DATA_MISSING,2026-05-04T16:07:24Z,2026-05-04T16:12:07+00:00,2026-05-04T16:12:07+00:00,fanout_0049,8,candidate_expire_duplicate_fanout,status_expire_candidate,explicit target EZZ does not match current entity; duplicate fanout cluster preserves matching target rows elsewhere,high,MEDIUM,no,company_memory.sqlite:memory_entries,DATA_MISSING,cluster_has_preserved_target_no_alias_manual_or_blocked_rows,first
1278,RESMED,observed_fact,EZZ enters the wellness market with its MeTime range,active,0.83,news:art_e4faef3c4644fe5bb3b66e32,newspaper4k,DATA_MISSING,2026-05-04T16:07:24Z,2026-05-04T16:12:07+00:00,2026-05-04T16:12:07+00:00,fanout_0049,8,candidate_expire_duplicate_fanout,status_expire_candidate,explicit target EZZ does not match current entity; duplicate fanout cluster preserves matching target rows elsewhere,high,MEDIUM,no,company_memory.sqlite:memory_entries,DATA_MISSING,cluster_has_preserved_target_no_alias_manual_or_blocked_rows,first
1279,PARADIGM BIOPHARMACEUTICALS,observed_fact,EZZ enters the wellness market with its MeTime range,active,0.83,news:art_e4faef3c4644fe5bb3b66e32,newspaper4k,DATA_MISSING,2026-05-04T16:07:24Z,2026-05-04T16:12:07+00:00,2026-05-04T16:12:07+00:00,fanout_0049,8,candidate_expire_duplicate_fanout,status_expire_candidate,explicit target EZZ does not match current entity; duplicate fanout cluster preserves matching target rows elsewhere,high,MEDIUM,no,company_memory.sqlite:memory_entries,DATA_MISSING,cluster_has_preserved_target_no_alias_manual_or_blocked_rows,first
1288,COH,strategic_initiative,LTR PHARMA advances with clinical progress and US expansion,active,0.81,news:art_e4faef3c4644fe5bb3b66e32,newspaper4k,DATA_MISSING,2026-05-04T16:07:24Z,2026-05-04T16:12:09+00:00,2026-05-04T16:12:09+00:00,fanout_0050,8,candidate_expire_duplicate_fanout,status_expire_candidate,explicit target LTR PHARMA does not match current entity; duplicate fanout cluster preserves matching target rows elsewhere,high,MEDIUM,no,company_memory.sqlite:memory_entries,DATA_MISSING,cluster_has_preserved_target_no_alias_manual_or_blocked_rows,first
1289,EZZ,strategic_initiative,LTR PHARMA advances with clinical progress and US expansion,active,0.81,news:art_e4faef3c4644fe5bb3b66e32,newspaper4k,DATA_MISSING,2026-05-04T16:07:24Z,2026-05-04T16:12:10+00:00,2026-05-04T16:12:10+00:00,fanout_0050,8,candidate_expire_duplicate_fanout,status_expire_candidate,explicit target LTR PHARMA does not match current entity; duplicate fanout cluster preserves matching target rows elsewhere,high,MEDIUM,no,company_memory.sqlite:memory_entries,DATA_MISSING,cluster_has_preserved_target_no_alias_manual_or_blocked_rows,first
1290,AROVELLA,strategic_initiative,LTR PHARMA advances with clinical progress and US expansion,active,0.81,news:art_e4faef3c4644fe5bb3b66e32,newspaper4k,DATA_MISSING,2026-05-04T16:07:24Z,2026-05-04T16:12:10+00:00,2026-05-04T16:12:10+00:00,fanout_0050,8,candidate_expire_duplicate_fanout,status_expire_candidate,explicit target LTR PHARMA does not match current entity; duplicate fanout cluster preserves matching target rows elsewhere,high,MEDIUM,no,company_memory.sqlite:memory_entries,DATA_MISSING,cluster_has_preserved_target_no_alias_manual_or_blocked_rows,first
1291,4DMEDICAL,strategic_initiative,LTR PHARMA advances with clinical progress and US expansion,active,0.81,news:art_e4faef3c4644fe5bb3b66e32,newspaper4k,DATA_MISSING,2026-05-04T16:07:24Z,2026-05-04T16:12:10+00:00,2026-05-04T16:12:10+00:00,fanout_0050,8,candidate_expire_duplicate_fanout,status_expire_candidate,explicit target LTR PHARMA does not match current entity; duplicate fanout cluster preserves matching target rows elsewhere,high,MEDIUM,no,company_memory.sqlite:memory_entries,DATA_MISSING,cluster_has_preserved_target_no_alias_manual_or_blocked_rows,first
1293,CSL,strategic_initiative,LTR PHARMA advances with clinical progress and US expansion,active,0.81,news:art_e4faef3c4644fe5bb3b66e32,newspaper4k,DATA_MISSING,2026-05-04T16:07:24Z,2026-05-04T16:12:11+00:00,2026-05-04T16:12:11+00:00,fanout_0050,8,candidate_expire_duplicate_fanout,status_expire_candidate,explicit target LTR PHARMA does not match current entity; duplicate fanout cluster preserves matching target rows elsewhere,high,MEDIUM,no,company_memory.sqlite:memory_entries,DATA_MISSING,cluster_has_preserved_target_no_alias_manual_or_blocked_rows,first
1294,RESMED,strategic_initiative,LTR PHARMA advances with clinical progress and US expansion,active,0.81,news:art_e4faef3c4644fe5bb3b66e32,newspaper4k,DATA_MISSING,2026-05-04T16:07:24Z,2026-05-04T16:12:11+00:00,2026-05-04T16:12:11+00:00,fanout_0050,8,candidate_expire_duplicate_fanout,status_expire_candidate,explicit target LTR PHARMA does not match current entity; duplicate fanout cluster preserves matching target rows elsewhere,high,MEDIUM,no,company_memory.sqlite:memory_entries,DATA_MISSING,cluster_has_preserved_target_no_alias_manual_or_blocked_rows,first
1295,PARADIGM BIOPHARMACEUTICALS,strategic_initiative,LTR PHARMA advances with clinical progress and US expansion,active,0.81,news:art_e4faef3c4644fe5bb3b66e32,newspaper4k,DATA_MISSING,2026-05-04T16:07:24Z,2026-05-04T16:12:11+00:00,2026-05-04T16:12:11+00:00,fanout_0050,8,candidate_expire_duplicate_fanout,status_expire_candidate,explicit target LTR PHARMA does not match current entity; duplicate fanout cluster preserves matching target rows elsewhere,high,MEDIUM,no,company_memory.sqlite:memory_entries,DATA_MISSING,cluster_has_preserved_target_no_alias_manual_or_blocked_rows,first
