epoch,iso_utc,phase,event,doc_id,port_open,health_ok,runtime_pids,slots_http_status,slots_snapshot,vram_used_mb,vram_free_mb,vram_critical,extraction_processes,health_state,slots_probe_state
1777869463.401282,2026-05-04T04:37:43.401282+00:00,preflight,after_runtime_stop_before,,False,False,[],,URLError: <urlopen error [Errno 111] Connection refused>,3520,21056,0,[],port_closed,missing
1777869463.516817,2026-05-04T04:37:43.516817+00:00,cell_a_serial_parallel1_control,before_cell,,False,False,[],,URLError: <urlopen error [Errno 111] Connection refused>,3520,21056,0,[],port_closed,missing
1777870686.937397,2026-05-04T04:58:06.937397+00:00,cell_a_serial_parallel1_control,after_cell,,False,False,[],,URLError: <urlopen error [Errno 111] Connection refused>,3520,21056,0,[],port_closed,missing
1777870687.046425,2026-05-04T04:58:07.046425+00:00,between_cells,after_cell_a_stop,,False,False,[],,URLError: <urlopen error [Errno 111] Connection refused>,3520,21056,0,[],port_closed,missing
1777870687.16337,2026-05-04T04:58:07.163370+00:00,cell_b_parallel2_serial_client,before_cell,,False,False,[],,URLError: <urlopen error [Errno 111] Connection refused>,3520,21056,0,[],port_closed,missing
1777871713.315382,2026-05-04T05:15:13.315382+00:00,cell_b_parallel2_serial_client,after_cell,,True,True,[1959487],200,"[{""id"":0,""n_ctx"":8192,""speculative"":false,""is_processing"":false,""id_task"":984,""params"":{""seed"":4294967295,""temperature"":0.0,""dynatemp_range"":0.0,""dynatemp_exponent"":1.0,""top_k"":40,""top_p"":0.949999988079071,""min_p"":0.05000000074505806,""top_n_sigma"":-1.0,""xtc_probability"":0.0,""xtc_threshold"":0.10000000149011612,""typical_p"":1.0,""repeat_last_n"":64,""repeat_penalty"":1.0,""presence_penalty"":0.0,""frequency_penalty"":0.0,""dry_multiplier"":0.0,""dry_base"":1.75,""dry_allowed_length"":2,""dry_penalty_last_n"":8192,""mirostat"":0,""mirostat_tau"":5.0,""mirostat_eta"":0.10000000149011612,""max_tokens"":2048,""n_predict"":2048,""n_keep"":0,""n_discard"":0,""ignore_eos"":false,""stream"":false,""n_probs"":0,""min_keep"":0,""chat_format"":""peg-native"",""reasoning_format"":""deepseek"",""reasoning_in_content"":false,""thinking_forced_open"":false,""samplers"":[""penalties"",""dry"",""top_n_sigma"",""top_k"",""typ_p"",""top_p"",""min_p"",""xtc"",""temperature""],""speculative.n_max"":16,""speculative.n_min"":0,""speculative.p_min"":0.75,""speculative.type"":""none"",""specu",12469,12107,0,"[{""pid"": 1959487, ""port"": ""8002"", ""model"": ""qwen2.5-14b-instruct-q4_k_m.gguf"", ""vram_mb"": 12464, ""status"": ""AUTHORISED""}]",healthy,ok
1777871713.521897,2026-05-04T05:15:13.521897+00:00,cell_c_parallel2_two_doc_concurrent,poll,,True,True,[1959487],200,"[{""id"":0,""n_ctx"":8192,""speculative"":false,""is_processing"":false,""id_task"":984,""params"":{""seed"":4294967295,""temperature"":0.0,""dynatemp_range"":0.0,""dynatemp_exponent"":1.0,""top_k"":40,""top_p"":0.949999988079071,""min_p"":0.05000000074505806,""top_n_sigma"":-1.0,""xtc_probability"":0.0,""xtc_threshold"":0.10000000149011612,""typical_p"":1.0,""repeat_last_n"":64,""repeat_penalty"":1.0,""presence_penalty"":0.0,""frequency_penalty"":0.0,""dry_multiplier"":0.0,""dry_base"":1.75,""dry_allowed_length"":2,""dry_penalty_last_n"":8192,""mirostat"":0,""mirostat_tau"":5.0,""mirostat_eta"":0.10000000149011612,""max_tokens"":2048,""n_predict"":2048,""n_keep"":0,""n_discard"":0,""ignore_eos"":false,""stream"":false,""n_probs"":0,""min_keep"":0,""chat_format"":""peg-native"",""reasoning_format"":""deepseek"",""reasoning_in_content"":false,""thinking_forced_open"":false,""samplers"":[""penalties"",""dry"",""top_n_sigma"",""top_k"",""typ_p"",""top_p"",""min_p"",""xtc"",""temperature""],""speculative.n_max"":16,""speculative.n_min"":0,""speculative.p_min"":0.75,""speculative.type"":""none"",""specu",12469,12107,0,"[{""pid"": 1959487, ""port"": ""8002"", ""model"": ""qwen2.5-14b-instruct-q4_k_m.gguf"", ""vram_mb"": 12464, ""status"": ""AUTHORISED""}]",healthy,ok
1777871713.521973,2026-05-04T05:15:13.521973+00:00,cell_c_parallel2_two_doc_concurrent,before_child_start,bhp_a_2025-06-30,True,True,[1959487],200,"[{""id"":0,""n_ctx"":8192,""speculative"":false,""is_processing"":false,""id_task"":984,""params"":{""seed"":4294967295,""temperature"":0.0,""dynatemp_range"":0.0,""dynatemp_exponent"":1.0,""top_k"":40,""top_p"":0.949999988079071,""min_p"":0.05000000074505806,""top_n_sigma"":-1.0,""xtc_probability"":0.0,""xtc_threshold"":0.10000000149011612,""typical_p"":1.0,""repeat_last_n"":64,""repeat_penalty"":1.0,""presence_penalty"":0.0,""frequency_penalty"":0.0,""dry_multiplier"":0.0,""dry_base"":1.75,""dry_allowed_length"":2,""dry_penalty_last_n"":8192,""mirostat"":0,""mirostat_tau"":5.0,""mirostat_eta"":0.10000000149011612,""max_tokens"":2048,""n_predict"":2048,""n_keep"":0,""n_discard"":0,""ignore_eos"":false,""stream"":false,""n_probs"":0,""min_keep"":0,""chat_format"":""peg-native"",""reasoning_format"":""deepseek"",""reasoning_in_content"":false,""thinking_forced_open"":false,""samplers"":[""penalties"",""dry"",""top_n_sigma"",""top_k"",""typ_p"",""top_p"",""min_p"",""xtc"",""temperature""],""speculative.n_max"":16,""speculative.n_min"":0,""speculative.p_min"":0.75,""speculative.type"":""none"",""specu",12469,12107,0,"[{""pid"": 1959487, ""port"": ""8002"", ""model"": ""qwen2.5-14b-instruct-q4_k_m.gguf"", ""vram_mb"": 12464, ""status"": ""AUTHORISED""}]",healthy,ok
1777871713.701365,2026-05-04T05:15:13.701365+00:00,cell_c_parallel2_two_doc_concurrent,before_child_start,rio_a_2023-12-31,True,True,[1959487],200,"[{""id"":0,""n_ctx"":8192,""speculative"":false,""is_processing"":false,""id_task"":984,""params"":{""seed"":4294967295,""temperature"":0.0,""dynatemp_range"":0.0,""dynatemp_exponent"":1.0,""top_k"":40,""top_p"":0.949999988079071,""min_p"":0.05000000074505806,""top_n_sigma"":-1.0,""xtc_probability"":0.0,""xtc_threshold"":0.10000000149011612,""typical_p"":1.0,""repeat_last_n"":64,""repeat_penalty"":1.0,""presence_penalty"":0.0,""frequency_penalty"":0.0,""dry_multiplier"":0.0,""dry_base"":1.75,""dry_allowed_length"":2,""dry_penalty_last_n"":8192,""mirostat"":0,""mirostat_tau"":5.0,""mirostat_eta"":0.10000000149011612,""max_tokens"":2048,""n_predict"":2048,""n_keep"":0,""n_discard"":0,""ignore_eos"":false,""stream"":false,""n_probs"":0,""min_keep"":0,""chat_format"":""peg-native"",""reasoning_format"":""deepseek"",""reasoning_in_content"":false,""thinking_forced_open"":false,""samplers"":[""penalties"",""dry"",""top_n_sigma"",""top_k"",""typ_p"",""top_p"",""min_p"",""xtc"",""temperature""],""speculative.n_max"":16,""speculative.n_min"":0,""speculative.p_min"":0.75,""speculative.type"":""none"",""specu",12469,12107,0,"[{""pid"": 1959487, ""port"": ""8002"", ""model"": ""qwen2.5-14b-instruct-q4_k_m.gguf"", ""vram_mb"": 12464, ""status"": ""AUTHORISED""}]",healthy,ok
1777871715.697351,2026-05-04T05:15:15.697351+00:00,cell_c_parallel2_two_doc_concurrent,poll,,True,True,[1959487],200,"[{""id"":0,""n_ctx"":8192,""speculative"":false,""is_processing"":false,""id_task"":984,""params"":{""seed"":4294967295,""temperature"":0.0,""dynatemp_range"":0.0,""dynatemp_exponent"":1.0,""top_k"":40,""top_p"":0.949999988079071,""min_p"":0.05000000074505806,""top_n_sigma"":-1.0,""xtc_probability"":0.0,""xtc_threshold"":0.10000000149011612,""typical_p"":1.0,""repeat_last_n"":64,""repeat_penalty"":1.0,""presence_penalty"":0.0,""frequency_penalty"":0.0,""dry_multiplier"":0.0,""dry_base"":1.75,""dry_allowed_length"":2,""dry_penalty_last_n"":8192,""mirostat"":0,""mirostat_tau"":5.0,""mirostat_eta"":0.10000000149011612,""max_tokens"":2048,""n_predict"":2048,""n_keep"":0,""n_discard"":0,""ignore_eos"":false,""stream"":false,""n_probs"":0,""min_keep"":0,""chat_format"":""peg-native"",""reasoning_format"":""deepseek"",""reasoning_in_content"":false,""thinking_forced_open"":false,""samplers"":[""penalties"",""dry"",""top_n_sigma"",""top_k"",""typ_p"",""top_p"",""min_p"",""xtc"",""temperature""],""speculative.n_max"":16,""speculative.n_min"":0,""speculative.p_min"":0.75,""speculative.type"":""none"",""specu",12469,12107,0,"[{""pid"": 1959487, ""port"": ""8002"", ""model"": ""qwen2.5-14b-instruct-q4_k_m.gguf"", ""vram_mb"": 12464, ""status"": ""AUTHORISED""}]",healthy,ok
1777871717.915159,2026-05-04T05:15:17.915159+00:00,cell_c_parallel2_two_doc_concurrent,poll,,True,True,[1959487],200,"[{""id"":0,""n_ctx"":8192,""speculative"":false,""is_processing"":false,""id_task"":984,""params"":{""seed"":4294967295,""temperature"":0.0,""dynatemp_range"":0.0,""dynatemp_exponent"":1.0,""top_k"":40,""top_p"":0.949999988079071,""min_p"":0.05000000074505806,""top_n_sigma"":-1.0,""xtc_probability"":0.0,""xtc_threshold"":0.10000000149011612,""typical_p"":1.0,""repeat_last_n"":64,""repeat_penalty"":1.0,""presence_penalty"":0.0,""frequency_penalty"":0.0,""dry_multiplier"":0.0,""dry_base"":1.75,""dry_allowed_length"":2,""dry_penalty_last_n"":8192,""mirostat"":0,""mirostat_tau"":5.0,""mirostat_eta"":0.10000000149011612,""max_tokens"":2048,""n_predict"":2048,""n_keep"":0,""n_discard"":0,""ignore_eos"":false,""stream"":false,""n_probs"":0,""min_keep"":0,""chat_format"":""peg-native"",""reasoning_format"":""deepseek"",""reasoning_in_content"":false,""thinking_forced_open"":false,""samplers"":[""penalties"",""dry"",""top_n_sigma"",""top_k"",""typ_p"",""top_p"",""min_p"",""xtc"",""temperature""],""speculative.n_max"":16,""speculative.n_min"":0,""speculative.p_min"":0.75,""speculative.type"":""none"",""specu",12469,12107,0,"[{""pid"": 1959487, ""port"": ""8002"", ""model"": ""qwen2.5-14b-instruct-q4_k_m.gguf"", ""vram_mb"": 12464, ""status"": ""AUTHORISED""}]",healthy,ok
1777871720.128174,2026-05-04T05:15:20.128174+00:00,cell_c_parallel2_two_doc_concurrent,poll,,True,True,[1959487],200,"[{""id"":0,""n_ctx"":8192,""speculative"":false,""is_processing"":false,""id_task"":984,""params"":{""seed"":4294967295,""temperature"":0.0,""dynatemp_range"":0.0,""dynatemp_exponent"":1.0,""top_k"":40,""top_p"":0.949999988079071,""min_p"":0.05000000074505806,""top_n_sigma"":-1.0,""xtc_probability"":0.0,""xtc_threshold"":0.10000000149011612,""typical_p"":1.0,""repeat_last_n"":64,""repeat_penalty"":1.0,""presence_penalty"":0.0,""frequency_penalty"":0.0,""dry_multiplier"":0.0,""dry_base"":1.75,""dry_allowed_length"":2,""dry_penalty_last_n"":8192,""mirostat"":0,""mirostat_tau"":5.0,""mirostat_eta"":0.10000000149011612,""max_tokens"":2048,""n_predict"":2048,""n_keep"":0,""n_discard"":0,""ignore_eos"":false,""stream"":false,""n_probs"":0,""min_keep"":0,""chat_format"":""peg-native"",""reasoning_format"":""deepseek"",""reasoning_in_content"":false,""thinking_forced_open"":false,""samplers"":[""penalties"",""dry"",""top_n_sigma"",""top_k"",""typ_p"",""top_p"",""min_p"",""xtc"",""temperature""],""speculative.n_max"":16,""speculative.n_min"":0,""speculative.p_min"":0.75,""speculative.type"":""none"",""specu",12469,12107,0,"[{""pid"": 1959487, ""port"": ""8002"", ""model"": ""qwen2.5-14b-instruct-q4_k_m.gguf"", ""vram_mb"": 12464, ""status"": ""AUTHORISED""}]",healthy,ok
1777871722.392817,2026-05-04T05:15:22.392817+00:00,cell_c_parallel2_two_doc_concurrent,poll,,True,True,[1959487],200,"[{""id"":0,""n_ctx"":8192,""speculative"":false,""is_processing"":false,""id_task"":984,""params"":{""seed"":4294967295,""temperature"":0.0,""dynatemp_range"":0.0,""dynatemp_exponent"":1.0,""top_k"":40,""top_p"":0.949999988079071,""min_p"":0.05000000074505806,""top_n_sigma"":-1.0,""xtc_probability"":0.0,""xtc_threshold"":0.10000000149011612,""typical_p"":1.0,""repeat_last_n"":64,""repeat_penalty"":1.0,""presence_penalty"":0.0,""frequency_penalty"":0.0,""dry_multiplier"":0.0,""dry_base"":1.75,""dry_allowed_length"":2,""dry_penalty_last_n"":8192,""mirostat"":0,""mirostat_tau"":5.0,""mirostat_eta"":0.10000000149011612,""max_tokens"":2048,""n_predict"":2048,""n_keep"":0,""n_discard"":0,""ignore_eos"":false,""stream"":false,""n_probs"":0,""min_keep"":0,""chat_format"":""peg-native"",""reasoning_format"":""deepseek"",""reasoning_in_content"":false,""thinking_forced_open"":false,""samplers"":[""penalties"",""dry"",""top_n_sigma"",""top_k"",""typ_p"",""top_p"",""min_p"",""xtc"",""temperature""],""speculative.n_max"":16,""speculative.n_min"":0,""speculative.p_min"":0.75,""speculative.type"":""none"",""specu",12469,12107,0,"[{""pid"": 1959487, ""port"": ""8002"", ""model"": ""qwen2.5-14b-instruct-q4_k_m.gguf"", ""vram_mb"": 12464, ""status"": ""AUTHORISED""}]",healthy,ok
1777871724.617654,2026-05-04T05:15:24.617654+00:00,cell_c_parallel2_two_doc_concurrent,poll,,True,True,[1959487],200,"[{""id"":0,""n_ctx"":8192,""speculative"":false,""is_processing"":false,""id_task"":984,""params"":{""seed"":4294967295,""temperature"":0.0,""dynatemp_range"":0.0,""dynatemp_exponent"":1.0,""top_k"":40,""top_p"":0.949999988079071,""min_p"":0.05000000074505806,""top_n_sigma"":-1.0,""xtc_probability"":0.0,""xtc_threshold"":0.10000000149011612,""typical_p"":1.0,""repeat_last_n"":64,""repeat_penalty"":1.0,""presence_penalty"":0.0,""frequency_penalty"":0.0,""dry_multiplier"":0.0,""dry_base"":1.75,""dry_allowed_length"":2,""dry_penalty_last_n"":8192,""mirostat"":0,""mirostat_tau"":5.0,""mirostat_eta"":0.10000000149011612,""max_tokens"":2048,""n_predict"":2048,""n_keep"":0,""n_discard"":0,""ignore_eos"":false,""stream"":false,""n_probs"":0,""min_keep"":0,""chat_format"":""peg-native"",""reasoning_format"":""deepseek"",""reasoning_in_content"":false,""thinking_forced_open"":false,""samplers"":[""penalties"",""dry"",""top_n_sigma"",""top_k"",""typ_p"",""top_p"",""min_p"",""xtc"",""temperature""],""speculative.n_max"":16,""speculative.n_min"":0,""speculative.p_min"":0.75,""speculative.type"":""none"",""specu",12469,12107,0,"[{""pid"": 1959487, ""port"": ""8002"", ""model"": ""qwen2.5-14b-instruct-q4_k_m.gguf"", ""vram_mb"": 12464, ""status"": ""AUTHORISED""}]",healthy,ok
1777871726.825964,2026-05-04T05:15:26.825964+00:00,cell_c_parallel2_two_doc_concurrent,poll,,True,True,[1959487],200,"[{""id"":0,""n_ctx"":8192,""speculative"":false,""is_processing"":false,""id_task"":984,""params"":{""seed"":4294967295,""temperature"":0.0,""dynatemp_range"":0.0,""dynatemp_exponent"":1.0,""top_k"":40,""top_p"":0.949999988079071,""min_p"":0.05000000074505806,""top_n_sigma"":-1.0,""xtc_probability"":0.0,""xtc_threshold"":0.10000000149011612,""typical_p"":1.0,""repeat_last_n"":64,""repeat_penalty"":1.0,""presence_penalty"":0.0,""frequency_penalty"":0.0,""dry_multiplier"":0.0,""dry_base"":1.75,""dry_allowed_length"":2,""dry_penalty_last_n"":8192,""mirostat"":0,""mirostat_tau"":5.0,""mirostat_eta"":0.10000000149011612,""max_tokens"":2048,""n_predict"":2048,""n_keep"":0,""n_discard"":0,""ignore_eos"":false,""stream"":false,""n_probs"":0,""min_keep"":0,""chat_format"":""peg-native"",""reasoning_format"":""deepseek"",""reasoning_in_content"":false,""thinking_forced_open"":false,""samplers"":[""penalties"",""dry"",""top_n_sigma"",""top_k"",""typ_p"",""top_p"",""min_p"",""xtc"",""temperature""],""speculative.n_max"":16,""speculative.n_min"":0,""speculative.p_min"":0.75,""speculative.type"":""none"",""specu",12469,12107,0,"[{""pid"": 1959487, ""port"": ""8002"", ""model"": ""qwen2.5-14b-instruct-q4_k_m.gguf"", ""vram_mb"": 12464, ""status"": ""AUTHORISED""}]",healthy,ok
1777871729.04416,2026-05-04T05:15:29.044160+00:00,cell_c_parallel2_two_doc_concurrent,poll,,True,True,[1959487],200,"[{""id"":0,""n_ctx"":8192,""speculative"":false,""is_processing"":false,""id_task"":984,""params"":{""seed"":4294967295,""temperature"":0.0,""dynatemp_range"":0.0,""dynatemp_exponent"":1.0,""top_k"":40,""top_p"":0.949999988079071,""min_p"":0.05000000074505806,""top_n_sigma"":-1.0,""xtc_probability"":0.0,""xtc_threshold"":0.10000000149011612,""typical_p"":1.0,""repeat_last_n"":64,""repeat_penalty"":1.0,""presence_penalty"":0.0,""frequency_penalty"":0.0,""dry_multiplier"":0.0,""dry_base"":1.75,""dry_allowed_length"":2,""dry_penalty_last_n"":8192,""mirostat"":0,""mirostat_tau"":5.0,""mirostat_eta"":0.10000000149011612,""max_tokens"":2048,""n_predict"":2048,""n_keep"":0,""n_discard"":0,""ignore_eos"":false,""stream"":false,""n_probs"":0,""min_keep"":0,""chat_format"":""peg-native"",""reasoning_format"":""deepseek"",""reasoning_in_content"":false,""thinking_forced_open"":false,""samplers"":[""penalties"",""dry"",""top_n_sigma"",""top_k"",""typ_p"",""top_p"",""min_p"",""xtc"",""temperature""],""speculative.n_max"":16,""speculative.n_min"":0,""speculative.p_min"":0.75,""speculative.type"":""none"",""specu",12469,12107,0,"[{""pid"": 1959487, ""port"": ""8002"", ""model"": ""qwen2.5-14b-instruct-q4_k_m.gguf"", ""vram_mb"": 12464, ""status"": ""AUTHORISED""}]",healthy,ok
1777871731.285095,2026-05-04T05:15:31.285095+00:00,cell_c_parallel2_two_doc_concurrent,poll,,True,True,[1959487],200,"[{""id"":0,""n_ctx"":8192,""speculative"":false,""is_processing"":false,""id_task"":984,""params"":{""seed"":4294967295,""temperature"":0.0,""dynatemp_range"":0.0,""dynatemp_exponent"":1.0,""top_k"":40,""top_p"":0.949999988079071,""min_p"":0.05000000074505806,""top_n_sigma"":-1.0,""xtc_probability"":0.0,""xtc_threshold"":0.10000000149011612,""typical_p"":1.0,""repeat_last_n"":64,""repeat_penalty"":1.0,""presence_penalty"":0.0,""frequency_penalty"":0.0,""dry_multiplier"":0.0,""dry_base"":1.75,""dry_allowed_length"":2,""dry_penalty_last_n"":8192,""mirostat"":0,""mirostat_tau"":5.0,""mirostat_eta"":0.10000000149011612,""max_tokens"":2048,""n_predict"":2048,""n_keep"":0,""n_discard"":0,""ignore_eos"":false,""stream"":false,""n_probs"":0,""min_keep"":0,""chat_format"":""peg-native"",""reasoning_format"":""deepseek"",""reasoning_in_content"":false,""thinking_forced_open"":false,""samplers"":[""penalties"",""dry"",""top_n_sigma"",""top_k"",""typ_p"",""top_p"",""min_p"",""xtc"",""temperature""],""speculative.n_max"":16,""speculative.n_min"":0,""speculative.p_min"":0.75,""speculative.type"":""none"",""specu",12469,12107,0,"[{""pid"": 1959487, ""port"": ""8002"", ""model"": ""qwen2.5-14b-instruct-q4_k_m.gguf"", ""vram_mb"": 12464, ""status"": ""AUTHORISED""}]",healthy,ok
1777871733.522159,2026-05-04T05:15:33.522159+00:00,cell_c_parallel2_two_doc_concurrent,poll,,True,True,[1959487],200,"[{""id"":0,""n_ctx"":8192,""speculative"":false,""is_processing"":false,""id_task"":984,""params"":{""seed"":4294967295,""temperature"":0.0,""dynatemp_range"":0.0,""dynatemp_exponent"":1.0,""top_k"":40,""top_p"":0.949999988079071,""min_p"":0.05000000074505806,""top_n_sigma"":-1.0,""xtc_probability"":0.0,""xtc_threshold"":0.10000000149011612,""typical_p"":1.0,""repeat_last_n"":64,""repeat_penalty"":1.0,""presence_penalty"":0.0,""frequency_penalty"":0.0,""dry_multiplier"":0.0,""dry_base"":1.75,""dry_allowed_length"":2,""dry_penalty_last_n"":8192,""mirostat"":0,""mirostat_tau"":5.0,""mirostat_eta"":0.10000000149011612,""max_tokens"":2048,""n_predict"":2048,""n_keep"":0,""n_discard"":0,""ignore_eos"":false,""stream"":false,""n_probs"":0,""min_keep"":0,""chat_format"":""peg-native"",""reasoning_format"":""deepseek"",""reasoning_in_content"":false,""thinking_forced_open"":false,""samplers"":[""penalties"",""dry"",""top_n_sigma"",""top_k"",""typ_p"",""top_p"",""min_p"",""xtc"",""temperature""],""speculative.n_max"":16,""speculative.n_min"":0,""speculative.p_min"":0.75,""speculative.type"":""none"",""specu",12469,12107,0,"[{""pid"": 1959487, ""port"": ""8002"", ""model"": ""qwen2.5-14b-instruct-q4_k_m.gguf"", ""vram_mb"": 12464, ""status"": ""AUTHORISED""}]",healthy,ok
1777871735.795614,2026-05-04T05:15:35.795614+00:00,cell_c_parallel2_two_doc_concurrent,poll,,True,True,[1959487],200,"[{""id"":0,""n_ctx"":8192,""speculative"":false,""is_processing"":false,""id_task"":984,""params"":{""seed"":4294967295,""temperature"":0.0,""dynatemp_range"":0.0,""dynatemp_exponent"":1.0,""top_k"":40,""top_p"":0.949999988079071,""min_p"":0.05000000074505806,""top_n_sigma"":-1.0,""xtc_probability"":0.0,""xtc_threshold"":0.10000000149011612,""typical_p"":1.0,""repeat_last_n"":64,""repeat_penalty"":1.0,""presence_penalty"":0.0,""frequency_penalty"":0.0,""dry_multiplier"":0.0,""dry_base"":1.75,""dry_allowed_length"":2,""dry_penalty_last_n"":8192,""mirostat"":0,""mirostat_tau"":5.0,""mirostat_eta"":0.10000000149011612,""max_tokens"":2048,""n_predict"":2048,""n_keep"":0,""n_discard"":0,""ignore_eos"":false,""stream"":false,""n_probs"":0,""min_keep"":0,""chat_format"":""peg-native"",""reasoning_format"":""deepseek"",""reasoning_in_content"":false,""thinking_forced_open"":false,""samplers"":[""penalties"",""dry"",""top_n_sigma"",""top_k"",""typ_p"",""top_p"",""min_p"",""xtc"",""temperature""],""speculative.n_max"":16,""speculative.n_min"":0,""speculative.p_min"":0.75,""speculative.type"":""none"",""specu",13124,11452,0,"[{""pid"": 1959487, ""port"": ""8002"", ""model"": ""qwen2.5-14b-instruct-q4_k_m.gguf"", ""vram_mb"": 12464, ""status"": ""AUTHORISED""}]",healthy,ok
1777871738.116859,2026-05-04T05:15:38.116859+00:00,cell_c_parallel2_two_doc_concurrent,poll,,True,True,[1959487],200,"[{""id"":0,""n_ctx"":8192,""speculative"":false,""is_processing"":false,""id_task"":984,""params"":{""seed"":4294967295,""temperature"":0.0,""dynatemp_range"":0.0,""dynatemp_exponent"":1.0,""top_k"":40,""top_p"":0.949999988079071,""min_p"":0.05000000074505806,""top_n_sigma"":-1.0,""xtc_probability"":0.0,""xtc_threshold"":0.10000000149011612,""typical_p"":1.0,""repeat_last_n"":64,""repeat_penalty"":1.0,""presence_penalty"":0.0,""frequency_penalty"":0.0,""dry_multiplier"":0.0,""dry_base"":1.75,""dry_allowed_length"":2,""dry_penalty_last_n"":8192,""mirostat"":0,""mirostat_tau"":5.0,""mirostat_eta"":0.10000000149011612,""max_tokens"":2048,""n_predict"":2048,""n_keep"":0,""n_discard"":0,""ignore_eos"":false,""stream"":false,""n_probs"":0,""min_keep"":0,""chat_format"":""peg-native"",""reasoning_format"":""deepseek"",""reasoning_in_content"":false,""thinking_forced_open"":false,""samplers"":[""penalties"",""dry"",""top_n_sigma"",""top_k"",""typ_p"",""top_p"",""min_p"",""xtc"",""temperature""],""speculative.n_max"":16,""speculative.n_min"":0,""speculative.p_min"":0.75,""speculative.type"":""none"",""specu",14118,10458,0,"[{""pid"": 1959487, ""port"": ""8002"", ""model"": ""qwen2.5-14b-instruct-q4_k_m.gguf"", ""vram_mb"": 12464, ""status"": ""AUTHORISED""}]",healthy,ok
1777871740.362769,2026-05-04T05:15:40.362769+00:00,cell_c_parallel2_two_doc_concurrent,poll,,True,True,[1959487],200,"[{""id"":0,""n_ctx"":8192,""speculative"":false,""is_processing"":false,""id_task"":984,""params"":{""seed"":4294967295,""temperature"":0.0,""dynatemp_range"":0.0,""dynatemp_exponent"":1.0,""top_k"":40,""top_p"":0.949999988079071,""min_p"":0.05000000074505806,""top_n_sigma"":-1.0,""xtc_probability"":0.0,""xtc_threshold"":0.10000000149011612,""typical_p"":1.0,""repeat_last_n"":64,""repeat_penalty"":1.0,""presence_penalty"":0.0,""frequency_penalty"":0.0,""dry_multiplier"":0.0,""dry_base"":1.75,""dry_allowed_length"":2,""dry_penalty_last_n"":8192,""mirostat"":0,""mirostat_tau"":5.0,""mirostat_eta"":0.10000000149011612,""max_tokens"":2048,""n_predict"":2048,""n_keep"":0,""n_discard"":0,""ignore_eos"":false,""stream"":false,""n_probs"":0,""min_keep"":0,""chat_format"":""peg-native"",""reasoning_format"":""deepseek"",""reasoning_in_content"":false,""thinking_forced_open"":false,""samplers"":[""penalties"",""dry"",""top_n_sigma"",""top_k"",""typ_p"",""top_p"",""min_p"",""xtc"",""temperature""],""speculative.n_max"":16,""speculative.n_min"":0,""speculative.p_min"":0.75,""speculative.type"":""none"",""specu",14736,9840,0,"[{""pid"": 1959487, ""port"": ""8002"", ""model"": ""qwen2.5-14b-instruct-q4_k_m.gguf"", ""vram_mb"": 12464, ""status"": ""AUTHORISED""}]",healthy,ok
1777871742.582416,2026-05-04T05:15:42.582416+00:00,cell_c_parallel2_two_doc_concurrent,poll,,True,True,[1959487],200,"[{""id"":0,""n_ctx"":8192,""speculative"":false,""is_processing"":false,""id_task"":984,""params"":{""seed"":4294967295,""temperature"":0.0,""dynatemp_range"":0.0,""dynatemp_exponent"":1.0,""top_k"":40,""top_p"":0.949999988079071,""min_p"":0.05000000074505806,""top_n_sigma"":-1.0,""xtc_probability"":0.0,""xtc_threshold"":0.10000000149011612,""typical_p"":1.0,""repeat_last_n"":64,""repeat_penalty"":1.0,""presence_penalty"":0.0,""frequency_penalty"":0.0,""dry_multiplier"":0.0,""dry_base"":1.75,""dry_allowed_length"":2,""dry_penalty_last_n"":8192,""mirostat"":0,""mirostat_tau"":5.0,""mirostat_eta"":0.10000000149011612,""max_tokens"":2048,""n_predict"":2048,""n_keep"":0,""n_discard"":0,""ignore_eos"":false,""stream"":false,""n_probs"":0,""min_keep"":0,""chat_format"":""peg-native"",""reasoning_format"":""deepseek"",""reasoning_in_content"":false,""thinking_forced_open"":false,""samplers"":[""penalties"",""dry"",""top_n_sigma"",""top_k"",""typ_p"",""top_p"",""min_p"",""xtc"",""temperature""],""speculative.n_max"":16,""speculative.n_min"":0,""speculative.p_min"":0.75,""speculative.type"":""none"",""specu",14740,9836,0,"[{""pid"": 1959487, ""port"": ""8002"", ""model"": ""qwen2.5-14b-instruct-q4_k_m.gguf"", ""vram_mb"": 12464, ""status"": ""AUTHORISED""}]",healthy,ok
1777871744.873594,2026-05-04T05:15:44.873594+00:00,cell_c_parallel2_two_doc_concurrent,poll,,True,True,[1959487],200,"[{""id"":0,""n_ctx"":8192,""speculative"":false,""is_processing"":false,""id_task"":984,""params"":{""seed"":4294967295,""temperature"":0.0,""dynatemp_range"":0.0,""dynatemp_exponent"":1.0,""top_k"":40,""top_p"":0.949999988079071,""min_p"":0.05000000074505806,""top_n_sigma"":-1.0,""xtc_probability"":0.0,""xtc_threshold"":0.10000000149011612,""typical_p"":1.0,""repeat_last_n"":64,""repeat_penalty"":1.0,""presence_penalty"":0.0,""frequency_penalty"":0.0,""dry_multiplier"":0.0,""dry_base"":1.75,""dry_allowed_length"":2,""dry_penalty_last_n"":8192,""mirostat"":0,""mirostat_tau"":5.0,""mirostat_eta"":0.10000000149011612,""max_tokens"":2048,""n_predict"":2048,""n_keep"":0,""n_discard"":0,""ignore_eos"":false,""stream"":false,""n_probs"":0,""min_keep"":0,""chat_format"":""peg-native"",""reasoning_format"":""deepseek"",""reasoning_in_content"":false,""thinking_forced_open"":false,""samplers"":[""penalties"",""dry"",""top_n_sigma"",""top_k"",""typ_p"",""top_p"",""min_p"",""xtc"",""temperature""],""speculative.n_max"":16,""speculative.n_min"":0,""speculative.p_min"":0.75,""speculative.type"":""none"",""specu",14898,9688,0,"[{""pid"": 1959487, ""port"": ""8002"", ""model"": ""qwen2.5-14b-instruct-q4_k_m.gguf"", ""vram_mb"": 12464, ""status"": ""AUTHORISED""}]",healthy,ok
1777871747.195333,2026-05-04T05:15:47.195333+00:00,cell_c_parallel2_two_doc_concurrent,poll,,True,True,[1959487],200,"[{""id"":0,""n_ctx"":8192,""speculative"":false,""is_processing"":false,""id_task"":984,""params"":{""seed"":4294967295,""temperature"":0.0,""dynatemp_range"":0.0,""dynatemp_exponent"":1.0,""top_k"":40,""top_p"":0.949999988079071,""min_p"":0.05000000074505806,""top_n_sigma"":-1.0,""xtc_probability"":0.0,""xtc_threshold"":0.10000000149011612,""typical_p"":1.0,""repeat_last_n"":64,""repeat_penalty"":1.0,""presence_penalty"":0.0,""frequency_penalty"":0.0,""dry_multiplier"":0.0,""dry_base"":1.75,""dry_allowed_length"":2,""dry_penalty_last_n"":8192,""mirostat"":0,""mirostat_tau"":5.0,""mirostat_eta"":0.10000000149011612,""max_tokens"":2048,""n_predict"":2048,""n_keep"":0,""n_discard"":0,""ignore_eos"":false,""stream"":false,""n_probs"":0,""min_keep"":0,""chat_format"":""peg-native"",""reasoning_format"":""deepseek"",""reasoning_in_content"":false,""thinking_forced_open"":false,""samplers"":[""penalties"",""dry"",""top_n_sigma"",""top_k"",""typ_p"",""top_p"",""min_p"",""xtc"",""temperature""],""speculative.n_max"":16,""speculative.n_min"":0,""speculative.p_min"":0.75,""speculative.type"":""none"",""specu",15142,9434,0,"[{""pid"": 1959487, ""port"": ""8002"", ""model"": ""qwen2.5-14b-instruct-q4_k_m.gguf"", ""vram_mb"": 12464, ""status"": ""AUTHORISED""}]",healthy,ok
1777871749.473103,2026-05-04T05:15:49.473103+00:00,cell_c_parallel2_two_doc_concurrent,poll,,True,True,[1959487],200,"[{""id"":0,""n_ctx"":8192,""speculative"":false,""is_processing"":false,""id_task"":984,""params"":{""seed"":4294967295,""temperature"":0.0,""dynatemp_range"":0.0,""dynatemp_exponent"":1.0,""top_k"":40,""top_p"":0.949999988079071,""min_p"":0.05000000074505806,""top_n_sigma"":-1.0,""xtc_probability"":0.0,""xtc_threshold"":0.10000000149011612,""typical_p"":1.0,""repeat_last_n"":64,""repeat_penalty"":1.0,""presence_penalty"":0.0,""frequency_penalty"":0.0,""dry_multiplier"":0.0,""dry_base"":1.75,""dry_allowed_length"":2,""dry_penalty_last_n"":8192,""mirostat"":0,""mirostat_tau"":5.0,""mirostat_eta"":0.10000000149011612,""max_tokens"":2048,""n_predict"":2048,""n_keep"":0,""n_discard"":0,""ignore_eos"":false,""stream"":false,""n_probs"":0,""min_keep"":0,""chat_format"":""peg-native"",""reasoning_format"":""deepseek"",""reasoning_in_content"":false,""thinking_forced_open"":false,""samplers"":[""penalties"",""dry"",""top_n_sigma"",""top_k"",""typ_p"",""top_p"",""min_p"",""xtc"",""temperature""],""speculative.n_max"":16,""speculative.n_min"":0,""speculative.p_min"":0.75,""speculative.type"":""none"",""specu",15362,9214,0,"[{""pid"": 1959487, ""port"": ""8002"", ""model"": ""qwen2.5-14b-instruct-q4_k_m.gguf"", ""vram_mb"": 12464, ""status"": ""AUTHORISED""}]",healthy,ok
1777871751.780151,2026-05-04T05:15:51.780151+00:00,cell_c_parallel2_two_doc_concurrent,poll,,True,True,[1959487],200,"[{""id"":0,""n_ctx"":8192,""speculative"":false,""is_processing"":false,""id_task"":984,""params"":{""seed"":4294967295,""temperature"":0.0,""dynatemp_range"":0.0,""dynatemp_exponent"":1.0,""top_k"":40,""top_p"":0.949999988079071,""min_p"":0.05000000074505806,""top_n_sigma"":-1.0,""xtc_probability"":0.0,""xtc_threshold"":0.10000000149011612,""typical_p"":1.0,""repeat_last_n"":64,""repeat_penalty"":1.0,""presence_penalty"":0.0,""frequency_penalty"":0.0,""dry_multiplier"":0.0,""dry_base"":1.75,""dry_allowed_length"":2,""dry_penalty_last_n"":8192,""mirostat"":0,""mirostat_tau"":5.0,""mirostat_eta"":0.10000000149011612,""max_tokens"":2048,""n_predict"":2048,""n_keep"":0,""n_discard"":0,""ignore_eos"":false,""stream"":false,""n_probs"":0,""min_keep"":0,""chat_format"":""peg-native"",""reasoning_format"":""deepseek"",""reasoning_in_content"":false,""thinking_forced_open"":false,""samplers"":[""penalties"",""dry"",""top_n_sigma"",""top_k"",""typ_p"",""top_p"",""min_p"",""xtc"",""temperature""],""speculative.n_max"":16,""speculative.n_min"":0,""speculative.p_min"":0.75,""speculative.type"":""none"",""specu",15388,9188,0,"[{""pid"": 1959487, ""port"": ""8002"", ""model"": ""qwen2.5-14b-instruct-q4_k_m.gguf"", ""vram_mb"": 12464, ""status"": ""AUTHORISED""}]",healthy,ok
1777871754.163196,2026-05-04T05:15:54.163196+00:00,cell_c_parallel2_two_doc_concurrent,poll,,True,True,[1959487],200,"[{""id"":0,""n_ctx"":8192,""speculative"":false,""is_processing"":false,""id_task"":984,""params"":{""seed"":4294967295,""temperature"":0.0,""dynatemp_range"":0.0,""dynatemp_exponent"":1.0,""top_k"":40,""top_p"":0.949999988079071,""min_p"":0.05000000074505806,""top_n_sigma"":-1.0,""xtc_probability"":0.0,""xtc_threshold"":0.10000000149011612,""typical_p"":1.0,""repeat_last_n"":64,""repeat_penalty"":1.0,""presence_penalty"":0.0,""frequency_penalty"":0.0,""dry_multiplier"":0.0,""dry_base"":1.75,""dry_allowed_length"":2,""dry_penalty_last_n"":8192,""mirostat"":0,""mirostat_tau"":5.0,""mirostat_eta"":0.10000000149011612,""max_tokens"":2048,""n_predict"":2048,""n_keep"":0,""n_discard"":0,""ignore_eos"":false,""stream"":false,""n_probs"":0,""min_keep"":0,""chat_format"":""peg-native"",""reasoning_format"":""deepseek"",""reasoning_in_content"":false,""thinking_forced_open"":false,""samplers"":[""penalties"",""dry"",""top_n_sigma"",""top_k"",""typ_p"",""top_p"",""min_p"",""xtc"",""temperature""],""speculative.n_max"":16,""speculative.n_min"":0,""speculative.p_min"":0.75,""speculative.type"":""none"",""specu",15518,9058,0,"[{""pid"": 1959487, ""port"": ""8002"", ""model"": ""qwen2.5-14b-instruct-q4_k_m.gguf"", ""vram_mb"": 12464, ""status"": ""AUTHORISED""}]",healthy,ok
1777871756.504847,2026-05-04T05:15:56.504847+00:00,cell_c_parallel2_two_doc_concurrent,poll,,True,True,[1959487],200,"[{""id"":0,""n_ctx"":8192,""speculative"":false,""is_processing"":false,""id_task"":984,""params"":{""seed"":4294967295,""temperature"":0.0,""dynatemp_range"":0.0,""dynatemp_exponent"":1.0,""top_k"":40,""top_p"":0.949999988079071,""min_p"":0.05000000074505806,""top_n_sigma"":-1.0,""xtc_probability"":0.0,""xtc_threshold"":0.10000000149011612,""typical_p"":1.0,""repeat_last_n"":64,""repeat_penalty"":1.0,""presence_penalty"":0.0,""frequency_penalty"":0.0,""dry_multiplier"":0.0,""dry_base"":1.75,""dry_allowed_length"":2,""dry_penalty_last_n"":8192,""mirostat"":0,""mirostat_tau"":5.0,""mirostat_eta"":0.10000000149011612,""max_tokens"":2048,""n_predict"":2048,""n_keep"":0,""n_discard"":0,""ignore_eos"":false,""stream"":false,""n_probs"":0,""min_keep"":0,""chat_format"":""peg-native"",""reasoning_format"":""deepseek"",""reasoning_in_content"":false,""thinking_forced_open"":false,""samplers"":[""penalties"",""dry"",""top_n_sigma"",""top_k"",""typ_p"",""top_p"",""min_p"",""xtc"",""temperature""],""speculative.n_max"":16,""speculative.n_min"":0,""speculative.p_min"":0.75,""speculative.type"":""none"",""specu",15830,8746,0,"[{""pid"": 1959487, ""port"": ""8002"", ""model"": ""qwen2.5-14b-instruct-q4_k_m.gguf"", ""vram_mb"": 12464, ""status"": ""AUTHORISED""}]",healthy,ok
1777871758.843148,2026-05-04T05:15:58.843148+00:00,cell_c_parallel2_two_doc_concurrent,poll,,True,True,[1959487],200,"[{""id"":0,""n_ctx"":8192,""speculative"":false,""is_processing"":false,""id_task"":984,""params"":{""seed"":4294967295,""temperature"":0.0,""dynatemp_range"":0.0,""dynatemp_exponent"":1.0,""top_k"":40,""top_p"":0.949999988079071,""min_p"":0.05000000074505806,""top_n_sigma"":-1.0,""xtc_probability"":0.0,""xtc_threshold"":0.10000000149011612,""typical_p"":1.0,""repeat_last_n"":64,""repeat_penalty"":1.0,""presence_penalty"":0.0,""frequency_penalty"":0.0,""dry_multiplier"":0.0,""dry_base"":1.75,""dry_allowed_length"":2,""dry_penalty_last_n"":8192,""mirostat"":0,""mirostat_tau"":5.0,""mirostat_eta"":0.10000000149011612,""max_tokens"":2048,""n_predict"":2048,""n_keep"":0,""n_discard"":0,""ignore_eos"":false,""stream"":false,""n_probs"":0,""min_keep"":0,""chat_format"":""peg-native"",""reasoning_format"":""deepseek"",""reasoning_in_content"":false,""thinking_forced_open"":false,""samplers"":[""penalties"",""dry"",""top_n_sigma"",""top_k"",""typ_p"",""top_p"",""min_p"",""xtc"",""temperature""],""speculative.n_max"":16,""speculative.n_min"":0,""speculative.p_min"":0.75,""speculative.type"":""none"",""specu",16056,8520,0,"[{""pid"": 1959487, ""port"": ""8002"", ""model"": ""qwen2.5-14b-instruct-q4_k_m.gguf"", ""vram_mb"": 12464, ""status"": ""AUTHORISED""}]",healthy,ok
1777871761.117215,2026-05-04T05:16:01.117215+00:00,cell_c_parallel2_two_doc_concurrent,poll,,True,True,[1959487],200,"[{""id"":0,""n_ctx"":8192,""speculative"":false,""is_processing"":false,""id_task"":984,""params"":{""seed"":4294967295,""temperature"":0.0,""dynatemp_range"":0.0,""dynatemp_exponent"":1.0,""top_k"":40,""top_p"":0.949999988079071,""min_p"":0.05000000074505806,""top_n_sigma"":-1.0,""xtc_probability"":0.0,""xtc_threshold"":0.10000000149011612,""typical_p"":1.0,""repeat_last_n"":64,""repeat_penalty"":1.0,""presence_penalty"":0.0,""frequency_penalty"":0.0,""dry_multiplier"":0.0,""dry_base"":1.75,""dry_allowed_length"":2,""dry_penalty_last_n"":8192,""mirostat"":0,""mirostat_tau"":5.0,""mirostat_eta"":0.10000000149011612,""max_tokens"":2048,""n_predict"":2048,""n_keep"":0,""n_discard"":0,""ignore_eos"":false,""stream"":false,""n_probs"":0,""min_keep"":0,""chat_format"":""peg-native"",""reasoning_format"":""deepseek"",""reasoning_in_content"":false,""thinking_forced_open"":false,""samplers"":[""penalties"",""dry"",""top_n_sigma"",""top_k"",""typ_p"",""top_p"",""min_p"",""xtc"",""temperature""],""speculative.n_max"":16,""speculative.n_min"":0,""speculative.p_min"":0.75,""speculative.type"":""none"",""specu",16106,8470,0,"[{""pid"": 1959487, ""port"": ""8002"", ""model"": ""qwen2.5-14b-instruct-q4_k_m.gguf"", ""vram_mb"": 12464, ""status"": ""AUTHORISED""}]",healthy,ok
1777871763.403144,2026-05-04T05:16:03.403144+00:00,cell_c_parallel2_two_doc_concurrent,poll,,True,True,[1959487],200,"[{""id"":0,""n_ctx"":8192,""speculative"":false,""is_processing"":false,""id_task"":984,""params"":{""seed"":4294967295,""temperature"":0.0,""dynatemp_range"":0.0,""dynatemp_exponent"":1.0,""top_k"":40,""top_p"":0.949999988079071,""min_p"":0.05000000074505806,""top_n_sigma"":-1.0,""xtc_probability"":0.0,""xtc_threshold"":0.10000000149011612,""typical_p"":1.0,""repeat_last_n"":64,""repeat_penalty"":1.0,""presence_penalty"":0.0,""frequency_penalty"":0.0,""dry_multiplier"":0.0,""dry_base"":1.75,""dry_allowed_length"":2,""dry_penalty_last_n"":8192,""mirostat"":0,""mirostat_tau"":5.0,""mirostat_eta"":0.10000000149011612,""max_tokens"":2048,""n_predict"":2048,""n_keep"":0,""n_discard"":0,""ignore_eos"":false,""stream"":false,""n_probs"":0,""min_keep"":0,""chat_format"":""peg-native"",""reasoning_format"":""deepseek"",""reasoning_in_content"":false,""thinking_forced_open"":false,""samplers"":[""penalties"",""dry"",""top_n_sigma"",""top_k"",""typ_p"",""top_p"",""min_p"",""xtc"",""temperature""],""speculative.n_max"":16,""speculative.n_min"":0,""speculative.p_min"":0.75,""speculative.type"":""none"",""specu",16506,8070,0,"[{""pid"": 1959487, ""port"": ""8002"", ""model"": ""qwen2.5-14b-instruct-q4_k_m.gguf"", ""vram_mb"": 12464, ""status"": ""AUTHORISED""}]",healthy,ok
1777871765.651965,2026-05-04T05:16:05.651965+00:00,cell_c_parallel2_two_doc_concurrent,poll,,True,True,[1959487],200,"[{""id"":0,""n_ctx"":8192,""speculative"":false,""is_processing"":false,""id_task"":984,""params"":{""seed"":4294967295,""temperature"":0.0,""dynatemp_range"":0.0,""dynatemp_exponent"":1.0,""top_k"":40,""top_p"":0.949999988079071,""min_p"":0.05000000074505806,""top_n_sigma"":-1.0,""xtc_probability"":0.0,""xtc_threshold"":0.10000000149011612,""typical_p"":1.0,""repeat_last_n"":64,""repeat_penalty"":1.0,""presence_penalty"":0.0,""frequency_penalty"":0.0,""dry_multiplier"":0.0,""dry_base"":1.75,""dry_allowed_length"":2,""dry_penalty_last_n"":8192,""mirostat"":0,""mirostat_tau"":5.0,""mirostat_eta"":0.10000000149011612,""max_tokens"":2048,""n_predict"":2048,""n_keep"":0,""n_discard"":0,""ignore_eos"":false,""stream"":false,""n_probs"":0,""min_keep"":0,""chat_format"":""peg-native"",""reasoning_format"":""deepseek"",""reasoning_in_content"":false,""thinking_forced_open"":false,""samplers"":[""penalties"",""dry"",""top_n_sigma"",""top_k"",""typ_p"",""top_p"",""min_p"",""xtc"",""temperature""],""speculative.n_max"":16,""speculative.n_min"":0,""speculative.p_min"":0.75,""speculative.type"":""none"",""specu",16506,8070,0,"[{""pid"": 1959487, ""port"": ""8002"", ""model"": ""qwen2.5-14b-instruct-q4_k_m.gguf"", ""vram_mb"": 12464, ""status"": ""AUTHORISED""}]",healthy,ok
1777871767.935108,2026-05-04T05:16:07.935108+00:00,cell_c_parallel2_two_doc_concurrent,poll,,True,True,[1959487],200,"[{""id"":0,""n_ctx"":8192,""speculative"":false,""is_processing"":false,""id_task"":984,""params"":{""seed"":4294967295,""temperature"":0.0,""dynatemp_range"":0.0,""dynatemp_exponent"":1.0,""top_k"":40,""top_p"":0.949999988079071,""min_p"":0.05000000074505806,""top_n_sigma"":-1.0,""xtc_probability"":0.0,""xtc_threshold"":0.10000000149011612,""typical_p"":1.0,""repeat_last_n"":64,""repeat_penalty"":1.0,""presence_penalty"":0.0,""frequency_penalty"":0.0,""dry_multiplier"":0.0,""dry_base"":1.75,""dry_allowed_length"":2,""dry_penalty_last_n"":8192,""mirostat"":0,""mirostat_tau"":5.0,""mirostat_eta"":0.10000000149011612,""max_tokens"":2048,""n_predict"":2048,""n_keep"":0,""n_discard"":0,""ignore_eos"":false,""stream"":false,""n_probs"":0,""min_keep"":0,""chat_format"":""peg-native"",""reasoning_format"":""deepseek"",""reasoning_in_content"":false,""thinking_forced_open"":false,""samplers"":[""penalties"",""dry"",""top_n_sigma"",""top_k"",""typ_p"",""top_p"",""min_p"",""xtc"",""temperature""],""speculative.n_max"":16,""speculative.n_min"":0,""speculative.p_min"":0.75,""speculative.type"":""none"",""specu",16506,8070,0,"[{""pid"": 1959487, ""port"": ""8002"", ""model"": ""qwen2.5-14b-instruct-q4_k_m.gguf"", ""vram_mb"": 12464, ""status"": ""AUTHORISED""}]",healthy,ok
1777871770.232349,2026-05-04T05:16:10.232349+00:00,cell_c_parallel2_two_doc_concurrent,poll,,True,True,[1959487],200,"[{""id"":0,""n_ctx"":8192,""speculative"":false,""is_processing"":false,""id_task"":984,""params"":{""seed"":4294967295,""temperature"":0.0,""dynatemp_range"":0.0,""dynatemp_exponent"":1.0,""top_k"":40,""top_p"":0.949999988079071,""min_p"":0.05000000074505806,""top_n_sigma"":-1.0,""xtc_probability"":0.0,""xtc_threshold"":0.10000000149011612,""typical_p"":1.0,""repeat_last_n"":64,""repeat_penalty"":1.0,""presence_penalty"":0.0,""frequency_penalty"":0.0,""dry_multiplier"":0.0,""dry_base"":1.75,""dry_allowed_length"":2,""dry_penalty_last_n"":8192,""mirostat"":0,""mirostat_tau"":5.0,""mirostat_eta"":0.10000000149011612,""max_tokens"":2048,""n_predict"":2048,""n_keep"":0,""n_discard"":0,""ignore_eos"":false,""stream"":false,""n_probs"":0,""min_keep"":0,""chat_format"":""peg-native"",""reasoning_format"":""deepseek"",""reasoning_in_content"":false,""thinking_forced_open"":false,""samplers"":[""penalties"",""dry"",""top_n_sigma"",""top_k"",""typ_p"",""top_p"",""min_p"",""xtc"",""temperature""],""speculative.n_max"":16,""speculative.n_min"":0,""speculative.p_min"":0.75,""speculative.type"":""none"",""specu",16506,8070,0,"[{""pid"": 1959487, ""port"": ""8002"", ""model"": ""qwen2.5-14b-instruct-q4_k_m.gguf"", ""vram_mb"": 12464, ""status"": ""AUTHORISED""}]",healthy,ok
1777871772.494167,2026-05-04T05:16:12.494167+00:00,cell_c_parallel2_two_doc_concurrent,poll,,True,True,[1959487],200,"[{""id"":0,""n_ctx"":8192,""speculative"":false,""is_processing"":false,""id_task"":984,""params"":{""seed"":4294967295,""temperature"":0.0,""dynatemp_range"":0.0,""dynatemp_exponent"":1.0,""top_k"":40,""top_p"":0.949999988079071,""min_p"":0.05000000074505806,""top_n_sigma"":-1.0,""xtc_probability"":0.0,""xtc_threshold"":0.10000000149011612,""typical_p"":1.0,""repeat_last_n"":64,""repeat_penalty"":1.0,""presence_penalty"":0.0,""frequency_penalty"":0.0,""dry_multiplier"":0.0,""dry_base"":1.75,""dry_allowed_length"":2,""dry_penalty_last_n"":8192,""mirostat"":0,""mirostat_tau"":5.0,""mirostat_eta"":0.10000000149011612,""max_tokens"":2048,""n_predict"":2048,""n_keep"":0,""n_discard"":0,""ignore_eos"":false,""stream"":false,""n_probs"":0,""min_keep"":0,""chat_format"":""peg-native"",""reasoning_format"":""deepseek"",""reasoning_in_content"":false,""thinking_forced_open"":false,""samplers"":[""penalties"",""dry"",""top_n_sigma"",""top_k"",""typ_p"",""top_p"",""min_p"",""xtc"",""temperature""],""speculative.n_max"":16,""speculative.n_min"":0,""speculative.p_min"":0.75,""speculative.type"":""none"",""specu",16528,8048,0,"[{""pid"": 1959487, ""port"": ""8002"", ""model"": ""qwen2.5-14b-instruct-q4_k_m.gguf"", ""vram_mb"": 12464, ""status"": ""AUTHORISED""}]",healthy,ok
1777871774.724378,2026-05-04T05:16:14.724378+00:00,cell_c_parallel2_two_doc_concurrent,poll,,True,True,[1959487],200,"[{""id"":0,""n_ctx"":8192,""speculative"":false,""is_processing"":false,""id_task"":984,""params"":{""seed"":4294967295,""temperature"":0.0,""dynatemp_range"":0.0,""dynatemp_exponent"":1.0,""top_k"":40,""top_p"":0.949999988079071,""min_p"":0.05000000074505806,""top_n_sigma"":-1.0,""xtc_probability"":0.0,""xtc_threshold"":0.10000000149011612,""typical_p"":1.0,""repeat_last_n"":64,""repeat_penalty"":1.0,""presence_penalty"":0.0,""frequency_penalty"":0.0,""dry_multiplier"":0.0,""dry_base"":1.75,""dry_allowed_length"":2,""dry_penalty_last_n"":8192,""mirostat"":0,""mirostat_tau"":5.0,""mirostat_eta"":0.10000000149011612,""max_tokens"":2048,""n_predict"":2048,""n_keep"":0,""n_discard"":0,""ignore_eos"":false,""stream"":false,""n_probs"":0,""min_keep"":0,""chat_format"":""peg-native"",""reasoning_format"":""deepseek"",""reasoning_in_content"":false,""thinking_forced_open"":false,""samplers"":[""penalties"",""dry"",""top_n_sigma"",""top_k"",""typ_p"",""top_p"",""min_p"",""xtc"",""temperature""],""speculative.n_max"":16,""speculative.n_min"":0,""speculative.p_min"":0.75,""speculative.type"":""none"",""specu",16528,8048,0,"[{""pid"": 1959487, ""port"": ""8002"", ""model"": ""qwen2.5-14b-instruct-q4_k_m.gguf"", ""vram_mb"": 12464, ""status"": ""AUTHORISED""}]",healthy,ok
1777871777.008966,2026-05-04T05:16:17.008966+00:00,cell_c_parallel2_two_doc_concurrent,poll,,True,True,[1959487],200,"[{""id"":0,""n_ctx"":8192,""speculative"":false,""is_processing"":false,""id_task"":984,""params"":{""seed"":4294967295,""temperature"":0.0,""dynatemp_range"":0.0,""dynatemp_exponent"":1.0,""top_k"":40,""top_p"":0.949999988079071,""min_p"":0.05000000074505806,""top_n_sigma"":-1.0,""xtc_probability"":0.0,""xtc_threshold"":0.10000000149011612,""typical_p"":1.0,""repeat_last_n"":64,""repeat_penalty"":1.0,""presence_penalty"":0.0,""frequency_penalty"":0.0,""dry_multiplier"":0.0,""dry_base"":1.75,""dry_allowed_length"":2,""dry_penalty_last_n"":8192,""mirostat"":0,""mirostat_tau"":5.0,""mirostat_eta"":0.10000000149011612,""max_tokens"":2048,""n_predict"":2048,""n_keep"":0,""n_discard"":0,""ignore_eos"":false,""stream"":false,""n_probs"":0,""min_keep"":0,""chat_format"":""peg-native"",""reasoning_format"":""deepseek"",""reasoning_in_content"":false,""thinking_forced_open"":false,""samplers"":[""penalties"",""dry"",""top_n_sigma"",""top_k"",""typ_p"",""top_p"",""min_p"",""xtc"",""temperature""],""speculative.n_max"":16,""speculative.n_min"":0,""speculative.p_min"":0.75,""speculative.type"":""none"",""specu",16528,8048,0,"[{""pid"": 1959487, ""port"": ""8002"", ""model"": ""qwen2.5-14b-instruct-q4_k_m.gguf"", ""vram_mb"": 12464, ""status"": ""AUTHORISED""}]",healthy,ok
1777871779.273341,2026-05-04T05:16:19.273341+00:00,cell_c_parallel2_two_doc_concurrent,poll,,True,True,[1959487],200,"[{""id"":0,""n_ctx"":8192,""speculative"":false,""is_processing"":false,""id_task"":984,""params"":{""seed"":4294967295,""temperature"":0.0,""dynatemp_range"":0.0,""dynatemp_exponent"":1.0,""top_k"":40,""top_p"":0.949999988079071,""min_p"":0.05000000074505806,""top_n_sigma"":-1.0,""xtc_probability"":0.0,""xtc_threshold"":0.10000000149011612,""typical_p"":1.0,""repeat_last_n"":64,""repeat_penalty"":1.0,""presence_penalty"":0.0,""frequency_penalty"":0.0,""dry_multiplier"":0.0,""dry_base"":1.75,""dry_allowed_length"":2,""dry_penalty_last_n"":8192,""mirostat"":0,""mirostat_tau"":5.0,""mirostat_eta"":0.10000000149011612,""max_tokens"":2048,""n_predict"":2048,""n_keep"":0,""n_discard"":0,""ignore_eos"":false,""stream"":false,""n_probs"":0,""min_keep"":0,""chat_format"":""peg-native"",""reasoning_format"":""deepseek"",""reasoning_in_content"":false,""thinking_forced_open"":false,""samplers"":[""penalties"",""dry"",""top_n_sigma"",""top_k"",""typ_p"",""top_p"",""min_p"",""xtc"",""temperature""],""speculative.n_max"":16,""speculative.n_min"":0,""speculative.p_min"":0.75,""speculative.type"":""none"",""specu",16666,7912,0,"[{""pid"": 1959487, ""port"": ""8002"", ""model"": ""qwen2.5-14b-instruct-q4_k_m.gguf"", ""vram_mb"": 12464, ""status"": ""AUTHORISED""}]",healthy,ok
1777871781.529102,2026-05-04T05:16:21.529102+00:00,cell_c_parallel2_two_doc_concurrent,poll,,True,True,[1959487],200,"[{""id"":0,""n_ctx"":8192,""speculative"":false,""is_processing"":false,""id_task"":984,""params"":{""seed"":4294967295,""temperature"":0.0,""dynatemp_range"":0.0,""dynatemp_exponent"":1.0,""top_k"":40,""top_p"":0.949999988079071,""min_p"":0.05000000074505806,""top_n_sigma"":-1.0,""xtc_probability"":0.0,""xtc_threshold"":0.10000000149011612,""typical_p"":1.0,""repeat_last_n"":64,""repeat_penalty"":1.0,""presence_penalty"":0.0,""frequency_penalty"":0.0,""dry_multiplier"":0.0,""dry_base"":1.75,""dry_allowed_length"":2,""dry_penalty_last_n"":8192,""mirostat"":0,""mirostat_tau"":5.0,""mirostat_eta"":0.10000000149011612,""max_tokens"":2048,""n_predict"":2048,""n_keep"":0,""n_discard"":0,""ignore_eos"":false,""stream"":false,""n_probs"":0,""min_keep"":0,""chat_format"":""peg-native"",""reasoning_format"":""deepseek"",""reasoning_in_content"":false,""thinking_forced_open"":false,""samplers"":[""penalties"",""dry"",""top_n_sigma"",""top_k"",""typ_p"",""top_p"",""min_p"",""xtc"",""temperature""],""speculative.n_max"":16,""speculative.n_min"":0,""speculative.p_min"":0.75,""speculative.type"":""none"",""specu",16766,7810,0,"[{""pid"": 1959487, ""port"": ""8002"", ""model"": ""qwen2.5-14b-instruct-q4_k_m.gguf"", ""vram_mb"": 12464, ""status"": ""AUTHORISED""}]",healthy,ok
1777871783.874675,2026-05-04T05:16:23.874675+00:00,cell_c_parallel2_two_doc_concurrent,poll,,True,True,[1959487],200,"[{""id"":0,""n_ctx"":8192,""speculative"":false,""is_processing"":false,""id_task"":984,""params"":{""seed"":4294967295,""temperature"":0.0,""dynatemp_range"":0.0,""dynatemp_exponent"":1.0,""top_k"":40,""top_p"":0.949999988079071,""min_p"":0.05000000074505806,""top_n_sigma"":-1.0,""xtc_probability"":0.0,""xtc_threshold"":0.10000000149011612,""typical_p"":1.0,""repeat_last_n"":64,""repeat_penalty"":1.0,""presence_penalty"":0.0,""frequency_penalty"":0.0,""dry_multiplier"":0.0,""dry_base"":1.75,""dry_allowed_length"":2,""dry_penalty_last_n"":8192,""mirostat"":0,""mirostat_tau"":5.0,""mirostat_eta"":0.10000000149011612,""max_tokens"":2048,""n_predict"":2048,""n_keep"":0,""n_discard"":0,""ignore_eos"":false,""stream"":false,""n_probs"":0,""min_keep"":0,""chat_format"":""peg-native"",""reasoning_format"":""deepseek"",""reasoning_in_content"":false,""thinking_forced_open"":false,""samplers"":[""penalties"",""dry"",""top_n_sigma"",""top_k"",""typ_p"",""top_p"",""min_p"",""xtc"",""temperature""],""speculative.n_max"":16,""speculative.n_min"":0,""speculative.p_min"":0.75,""speculative.type"":""none"",""specu",16766,7810,0,"[{""pid"": 1959487, ""port"": ""8002"", ""model"": ""qwen2.5-14b-instruct-q4_k_m.gguf"", ""vram_mb"": 12464, ""status"": ""AUTHORISED""}]",healthy,ok
1777871786.188166,2026-05-04T05:16:26.188166+00:00,cell_c_parallel2_two_doc_concurrent,poll,,True,True,[1959487],200,"[{""id"":0,""n_ctx"":8192,""speculative"":false,""is_processing"":false,""id_task"":984,""params"":{""seed"":4294967295,""temperature"":0.0,""dynatemp_range"":0.0,""dynatemp_exponent"":1.0,""top_k"":40,""top_p"":0.949999988079071,""min_p"":0.05000000074505806,""top_n_sigma"":-1.0,""xtc_probability"":0.0,""xtc_threshold"":0.10000000149011612,""typical_p"":1.0,""repeat_last_n"":64,""repeat_penalty"":1.0,""presence_penalty"":0.0,""frequency_penalty"":0.0,""dry_multiplier"":0.0,""dry_base"":1.75,""dry_allowed_length"":2,""dry_penalty_last_n"":8192,""mirostat"":0,""mirostat_tau"":5.0,""mirostat_eta"":0.10000000149011612,""max_tokens"":2048,""n_predict"":2048,""n_keep"":0,""n_discard"":0,""ignore_eos"":false,""stream"":false,""n_probs"":0,""min_keep"":0,""chat_format"":""peg-native"",""reasoning_format"":""deepseek"",""reasoning_in_content"":false,""thinking_forced_open"":false,""samplers"":[""penalties"",""dry"",""top_n_sigma"",""top_k"",""typ_p"",""top_p"",""min_p"",""xtc"",""temperature""],""speculative.n_max"":16,""speculative.n_min"":0,""speculative.p_min"":0.75,""speculative.type"":""none"",""specu",16766,7810,0,"[{""pid"": 1959487, ""port"": ""8002"", ""model"": ""qwen2.5-14b-instruct-q4_k_m.gguf"", ""vram_mb"": 12464, ""status"": ""AUTHORISED""}]",healthy,ok
1777871788.437609,2026-05-04T05:16:28.437609+00:00,cell_c_parallel2_two_doc_concurrent,poll,,True,True,[1959487],200,"[{""id"":0,""n_ctx"":8192,""speculative"":false,""is_processing"":false,""id_task"":984,""params"":{""seed"":4294967295,""temperature"":0.0,""dynatemp_range"":0.0,""dynatemp_exponent"":1.0,""top_k"":40,""top_p"":0.949999988079071,""min_p"":0.05000000074505806,""top_n_sigma"":-1.0,""xtc_probability"":0.0,""xtc_threshold"":0.10000000149011612,""typical_p"":1.0,""repeat_last_n"":64,""repeat_penalty"":1.0,""presence_penalty"":0.0,""frequency_penalty"":0.0,""dry_multiplier"":0.0,""dry_base"":1.75,""dry_allowed_length"":2,""dry_penalty_last_n"":8192,""mirostat"":0,""mirostat_tau"":5.0,""mirostat_eta"":0.10000000149011612,""max_tokens"":2048,""n_predict"":2048,""n_keep"":0,""n_discard"":0,""ignore_eos"":false,""stream"":false,""n_probs"":0,""min_keep"":0,""chat_format"":""peg-native"",""reasoning_format"":""deepseek"",""reasoning_in_content"":false,""thinking_forced_open"":false,""samplers"":[""penalties"",""dry"",""top_n_sigma"",""top_k"",""typ_p"",""top_p"",""min_p"",""xtc"",""temperature""],""speculative.n_max"":16,""speculative.n_min"":0,""speculative.p_min"":0.75,""speculative.type"":""none"",""specu",16766,7810,0,"[{""pid"": 1959487, ""port"": ""8002"", ""model"": ""qwen2.5-14b-instruct-q4_k_m.gguf"", ""vram_mb"": 12464, ""status"": ""AUTHORISED""}]",healthy,ok
1777871790.68665,2026-05-04T05:16:30.686650+00:00,cell_c_parallel2_two_doc_concurrent,poll,,True,True,[1959487],200,"[{""id"":0,""n_ctx"":8192,""speculative"":false,""is_processing"":false,""id_task"":984,""params"":{""seed"":4294967295,""temperature"":0.0,""dynatemp_range"":0.0,""dynatemp_exponent"":1.0,""top_k"":40,""top_p"":0.949999988079071,""min_p"":0.05000000074505806,""top_n_sigma"":-1.0,""xtc_probability"":0.0,""xtc_threshold"":0.10000000149011612,""typical_p"":1.0,""repeat_last_n"":64,""repeat_penalty"":1.0,""presence_penalty"":0.0,""frequency_penalty"":0.0,""dry_multiplier"":0.0,""dry_base"":1.75,""dry_allowed_length"":2,""dry_penalty_last_n"":8192,""mirostat"":0,""mirostat_tau"":5.0,""mirostat_eta"":0.10000000149011612,""max_tokens"":2048,""n_predict"":2048,""n_keep"":0,""n_discard"":0,""ignore_eos"":false,""stream"":false,""n_probs"":0,""min_keep"":0,""chat_format"":""peg-native"",""reasoning_format"":""deepseek"",""reasoning_in_content"":false,""thinking_forced_open"":false,""samplers"":[""penalties"",""dry"",""top_n_sigma"",""top_k"",""typ_p"",""top_p"",""min_p"",""xtc"",""temperature""],""speculative.n_max"":16,""speculative.n_min"":0,""speculative.p_min"":0.75,""speculative.type"":""none"",""specu",16766,7810,0,"[{""pid"": 1959487, ""port"": ""8002"", ""model"": ""qwen2.5-14b-instruct-q4_k_m.gguf"", ""vram_mb"": 12464, ""status"": ""AUTHORISED""}]",healthy,ok
1777871792.943025,2026-05-04T05:16:32.943025+00:00,cell_c_parallel2_two_doc_concurrent,poll,,True,True,[1959487],,TimeoutError: timed out,16766,7810,0,"[{""pid"": 1959487, ""port"": ""8002"", ""model"": ""qwen2.5-14b-instruct-q4_k_m.gguf"", ""vram_mb"": 12464, ""status"": ""AUTHORISED""}]",healthy,timeout
1777871798.234154,2026-05-04T05:16:38.234154+00:00,cell_c_parallel2_two_doc_concurrent,poll,,True,True,[1959487],200,"[{""id"":0,""n_ctx"":8192,""speculative"":false,""is_processing"":false,""id_task"":984,""params"":{""seed"":4294967295,""temperature"":0.0,""dynatemp_range"":0.0,""dynatemp_exponent"":1.0,""top_k"":40,""top_p"":0.949999988079071,""min_p"":0.05000000074505806,""top_n_sigma"":-1.0,""xtc_probability"":0.0,""xtc_threshold"":0.10000000149011612,""typical_p"":1.0,""repeat_last_n"":64,""repeat_penalty"":1.0,""presence_penalty"":0.0,""frequency_penalty"":0.0,""dry_multiplier"":0.0,""dry_base"":1.75,""dry_allowed_length"":2,""dry_penalty_last_n"":8192,""mirostat"":0,""mirostat_tau"":5.0,""mirostat_eta"":0.10000000149011612,""max_tokens"":2048,""n_predict"":2048,""n_keep"":0,""n_discard"":0,""ignore_eos"":false,""stream"":false,""n_probs"":0,""min_keep"":0,""chat_format"":""peg-native"",""reasoning_format"":""deepseek"",""reasoning_in_content"":false,""thinking_forced_open"":false,""samplers"":[""penalties"",""dry"",""top_n_sigma"",""top_k"",""typ_p"",""top_p"",""min_p"",""xtc"",""temperature""],""speculative.n_max"":16,""speculative.n_min"":0,""speculative.p_min"":0.75,""speculative.type"":""none"",""specu",16766,7810,0,"[{""pid"": 1959487, ""port"": ""8002"", ""model"": ""qwen2.5-14b-instruct-q4_k_m.gguf"", ""vram_mb"": 12464, ""status"": ""AUTHORISED""}]",healthy,ok
1777871801.951639,2026-05-04T05:16:41.951639+00:00,cell_c_parallel2_two_doc_concurrent,poll,,True,True,[1959487],200,"[{""id"":0,""n_ctx"":8192,""speculative"":false,""is_processing"":false,""id_task"":984,""params"":{""seed"":4294967295,""temperature"":0.0,""dynatemp_range"":0.0,""dynatemp_exponent"":1.0,""top_k"":40,""top_p"":0.949999988079071,""min_p"":0.05000000074505806,""top_n_sigma"":-1.0,""xtc_probability"":0.0,""xtc_threshold"":0.10000000149011612,""typical_p"":1.0,""repeat_last_n"":64,""repeat_penalty"":1.0,""presence_penalty"":0.0,""frequency_penalty"":0.0,""dry_multiplier"":0.0,""dry_base"":1.75,""dry_allowed_length"":2,""dry_penalty_last_n"":8192,""mirostat"":0,""mirostat_tau"":5.0,""mirostat_eta"":0.10000000149011612,""max_tokens"":2048,""n_predict"":2048,""n_keep"":0,""n_discard"":0,""ignore_eos"":false,""stream"":false,""n_probs"":0,""min_keep"":0,""chat_format"":""peg-native"",""reasoning_format"":""deepseek"",""reasoning_in_content"":false,""thinking_forced_open"":false,""samplers"":[""penalties"",""dry"",""top_n_sigma"",""top_k"",""typ_p"",""top_p"",""min_p"",""xtc"",""temperature""],""speculative.n_max"":16,""speculative.n_min"":0,""speculative.p_min"":0.75,""speculative.type"":""none"",""specu",16766,7810,0,"[{""pid"": 1959487, ""port"": ""8002"", ""model"": ""qwen2.5-14b-instruct-q4_k_m.gguf"", ""vram_mb"": 12464, ""status"": ""AUTHORISED""}]",healthy,ok
1777871804.190232,2026-05-04T05:16:44.190232+00:00,cell_c_parallel2_two_doc_concurrent,poll,,True,True,[1959487],200,"[{""id"":0,""n_ctx"":8192,""speculative"":false,""is_processing"":false,""id_task"":984,""params"":{""seed"":4294967295,""temperature"":0.0,""dynatemp_range"":0.0,""dynatemp_exponent"":1.0,""top_k"":40,""top_p"":0.949999988079071,""min_p"":0.05000000074505806,""top_n_sigma"":-1.0,""xtc_probability"":0.0,""xtc_threshold"":0.10000000149011612,""typical_p"":1.0,""repeat_last_n"":64,""repeat_penalty"":1.0,""presence_penalty"":0.0,""frequency_penalty"":0.0,""dry_multiplier"":0.0,""dry_base"":1.75,""dry_allowed_length"":2,""dry_penalty_last_n"":8192,""mirostat"":0,""mirostat_tau"":5.0,""mirostat_eta"":0.10000000149011612,""max_tokens"":2048,""n_predict"":2048,""n_keep"":0,""n_discard"":0,""ignore_eos"":false,""stream"":false,""n_probs"":0,""min_keep"":0,""chat_format"":""peg-native"",""reasoning_format"":""deepseek"",""reasoning_in_content"":false,""thinking_forced_open"":false,""samplers"":[""penalties"",""dry"",""top_n_sigma"",""top_k"",""typ_p"",""top_p"",""min_p"",""xtc"",""temperature""],""speculative.n_max"":16,""speculative.n_min"":0,""speculative.p_min"":0.75,""speculative.type"":""none"",""specu",16766,7810,0,"[{""pid"": 1959487, ""port"": ""8002"", ""model"": ""qwen2.5-14b-instruct-q4_k_m.gguf"", ""vram_mb"": 12464, ""status"": ""AUTHORISED""}]",healthy,ok
1777871806.48315,2026-05-04T05:16:46.483150+00:00,cell_c_parallel2_two_doc_concurrent,poll,,True,False,[1959487],,TimeoutError: timed out,16766,7810,0,"[{""pid"": 1959487, ""port"": ""8002"", ""model"": ""qwen2.5-14b-instruct-q4_k_m.gguf"", ""vram_mb"": 12464, ""status"": ""AUTHORISED""}]",port_open_health_false,timeout
1777871816.802127,2026-05-04T05:16:56.802127+00:00,cell_c_parallel2_two_doc_concurrent,poll,,True,False,[1959487],,TimeoutError: timed out,16766,7810,0,"[{""pid"": 1959487, ""port"": ""8002"", ""model"": ""qwen2.5-14b-instruct-q4_k_m.gguf"", ""vram_mb"": 12464, ""status"": ""AUTHORISED""}]",port_open_health_false,timeout
1777871827.111487,2026-05-04T05:17:07.111487+00:00,cell_c_parallel2_two_doc_concurrent,poll,,True,False,[1959487],,TimeoutError: timed out,16766,7810,0,"[{""pid"": 1959487, ""port"": ""8002"", ""model"": ""qwen2.5-14b-instruct-q4_k_m.gguf"", ""vram_mb"": 12464, ""status"": ""AUTHORISED""}]",port_open_health_false,timeout
1777871837.320482,2026-05-04T05:17:17.320482+00:00,cell_c_parallel2_two_doc_concurrent,poll,,True,False,[1959487],,TimeoutError: timed out,16766,7810,0,"[{""pid"": 1959487, ""port"": ""8002"", ""model"": ""qwen2.5-14b-instruct-q4_k_m.gguf"", ""vram_mb"": 12464, ""status"": ""AUTHORISED""}]",port_open_health_false,timeout
1777871847.526588,2026-05-04T05:17:27.526588+00:00,cell_c_parallel2_two_doc_concurrent,poll,,True,False,[1959487],,TimeoutError: timed out,16766,7810,0,"[{""pid"": 1959487, ""port"": ""8002"", ""model"": ""qwen2.5-14b-instruct-q4_k_m.gguf"", ""vram_mb"": 12464, ""status"": ""AUTHORISED""}]",port_open_health_false,timeout
1777871857.786493,2026-05-04T05:17:37.786493+00:00,cell_c_parallel2_two_doc_concurrent,poll,,True,False,[1959487],,TimeoutError: timed out,16766,7810,0,"[{""pid"": 1959487, ""port"": ""8002"", ""model"": ""qwen2.5-14b-instruct-q4_k_m.gguf"", ""vram_mb"": 12464, ""status"": ""AUTHORISED""}]",port_open_health_false,timeout
1777871868.009165,2026-05-04T05:17:48.009165+00:00,cell_c_parallel2_two_doc_concurrent,poll,,True,False,[1959487],,TimeoutError: timed out,16766,7810,0,"[{""pid"": 1959487, ""port"": ""8002"", ""model"": ""qwen2.5-14b-instruct-q4_k_m.gguf"", ""vram_mb"": 12464, ""status"": ""AUTHORISED""}]",port_open_health_false,timeout
1777871878.252693,2026-05-04T05:17:58.252693+00:00,cell_c_parallel2_two_doc_concurrent,poll,,True,False,[1959487],,TimeoutError: timed out,16766,7810,0,"[{""pid"": 1959487, ""port"": ""8002"", ""model"": ""qwen2.5-14b-instruct-q4_k_m.gguf"", ""vram_mb"": 12464, ""status"": ""AUTHORISED""}]",port_open_health_false,timeout
1777871888.51055,2026-05-04T05:18:08.510550+00:00,cell_c_parallel2_two_doc_concurrent,poll,,True,False,[1959487],200,"[{""id"":0,""n_ctx"":8192,""speculative"":false,""is_processing"":true,""id_task"":1209,""params"":{""seed"":4294967295,""temperature"":0.0,""dynatemp_range"":0.0,""dynatemp_exponent"":1.0,""top_k"":40,""top_p"":0.949999988079071,""min_p"":0.05000000074505806,""top_n_sigma"":-1.0,""xtc_probability"":0.0,""xtc_threshold"":0.10000000149011612,""typical_p"":1.0,""repeat_last_n"":64,""repeat_penalty"":1.0,""presence_penalty"":0.0,""frequency_penalty"":0.0,""dry_multiplier"":0.0,""dry_base"":1.75,""dry_allowed_length"":2,""dry_penalty_last_n"":8192,""mirostat"":0,""mirostat_tau"":5.0,""mirostat_eta"":0.10000000149011612,""max_tokens"":2048,""n_predict"":2048,""n_keep"":0,""n_discard"":0,""ignore_eos"":false,""stream"":false,""n_probs"":0,""min_keep"":0,""chat_format"":""peg-native"",""reasoning_format"":""deepseek"",""reasoning_in_content"":false,""thinking_forced_open"":false,""samplers"":[""penalties"",""dry"",""top_n_sigma"",""top_k"",""typ_p"",""top_p"",""min_p"",""xtc"",""temperature""],""speculative.n_max"":16,""speculative.n_min"":0,""speculative.p_min"":0.75,""speculative.type"":""none"",""specu",16766,7810,0,"[{""pid"": 1959487, ""port"": ""8002"", ""model"": ""qwen2.5-14b-instruct-q4_k_m.gguf"", ""vram_mb"": 12464, ""status"": ""AUTHORISED""}]",port_open_health_false,ok
1777871897.071396,2026-05-04T05:18:17.071396+00:00,cell_c_parallel2_two_doc_concurrent,poll,,True,True,[1959487],,TimeoutError: timed out,16766,7810,0,"[{""pid"": 1959487, ""port"": ""8002"", ""model"": ""qwen2.5-14b-instruct-q4_k_m.gguf"", ""vram_mb"": 12464, ""status"": ""AUTHORISED""}]",healthy,timeout
1777871902.297467,2026-05-04T05:18:22.297467+00:00,cell_c_parallel2_two_doc_concurrent,poll,,True,True,[1959487],200,"[{""id"":0,""n_ctx"":8192,""speculative"":false,""is_processing"":true,""id_task"":1209,""params"":{""seed"":4294967295,""temperature"":0.0,""dynatemp_range"":0.0,""dynatemp_exponent"":1.0,""top_k"":40,""top_p"":0.949999988079071,""min_p"":0.05000000074505806,""top_n_sigma"":-1.0,""xtc_probability"":0.0,""xtc_threshold"":0.10000000149011612,""typical_p"":1.0,""repeat_last_n"":64,""repeat_penalty"":1.0,""presence_penalty"":0.0,""frequency_penalty"":0.0,""dry_multiplier"":0.0,""dry_base"":1.75,""dry_allowed_length"":2,""dry_penalty_last_n"":8192,""mirostat"":0,""mirostat_tau"":5.0,""mirostat_eta"":0.10000000149011612,""max_tokens"":2048,""n_predict"":2048,""n_keep"":0,""n_discard"":0,""ignore_eos"":false,""stream"":false,""n_probs"":0,""min_keep"":0,""chat_format"":""peg-native"",""reasoning_format"":""deepseek"",""reasoning_in_content"":false,""thinking_forced_open"":false,""samplers"":[""penalties"",""dry"",""top_n_sigma"",""top_k"",""typ_p"",""top_p"",""min_p"",""xtc"",""temperature""],""speculative.n_max"":16,""speculative.n_min"":0,""speculative.p_min"":0.75,""speculative.type"":""none"",""specu",16766,7810,0,"[{""pid"": 1959487, ""port"": ""8002"", ""model"": ""qwen2.5-14b-instruct-q4_k_m.gguf"", ""vram_mb"": 12464, ""status"": ""AUTHORISED""}]",healthy,ok
1777871906.018211,2026-05-04T05:18:26.018211+00:00,cell_c_parallel2_two_doc_concurrent,poll,,True,True,[1959487],200,"[{""id"":0,""n_ctx"":8192,""speculative"":false,""is_processing"":true,""id_task"":1209,""params"":{""seed"":4294967295,""temperature"":0.0,""dynatemp_range"":0.0,""dynatemp_exponent"":1.0,""top_k"":40,""top_p"":0.949999988079071,""min_p"":0.05000000074505806,""top_n_sigma"":-1.0,""xtc_probability"":0.0,""xtc_threshold"":0.10000000149011612,""typical_p"":1.0,""repeat_last_n"":64,""repeat_penalty"":1.0,""presence_penalty"":0.0,""frequency_penalty"":0.0,""dry_multiplier"":0.0,""dry_base"":1.75,""dry_allowed_length"":2,""dry_penalty_last_n"":8192,""mirostat"":0,""mirostat_tau"":5.0,""mirostat_eta"":0.10000000149011612,""max_tokens"":2048,""n_predict"":2048,""n_keep"":0,""n_discard"":0,""ignore_eos"":false,""stream"":false,""n_probs"":0,""min_keep"":0,""chat_format"":""peg-native"",""reasoning_format"":""deepseek"",""reasoning_in_content"":false,""thinking_forced_open"":false,""samplers"":[""penalties"",""dry"",""top_n_sigma"",""top_k"",""typ_p"",""top_p"",""min_p"",""xtc"",""temperature""],""speculative.n_max"":16,""speculative.n_min"":0,""speculative.p_min"":0.75,""speculative.type"":""none"",""specu",16766,7810,0,"[{""pid"": 1959487, ""port"": ""8002"", ""model"": ""qwen2.5-14b-instruct-q4_k_m.gguf"", ""vram_mb"": 12464, ""status"": ""AUTHORISED""}]",healthy,ok
1777871908.368586,2026-05-04T05:18:28.368586+00:00,cell_c_parallel2_two_doc_concurrent,poll,,True,True,[1959487],200,"[{""id"":0,""n_ctx"":8192,""speculative"":false,""is_processing"":true,""id_task"":1209,""params"":{""seed"":4294967295,""temperature"":0.0,""dynatemp_range"":0.0,""dynatemp_exponent"":1.0,""top_k"":40,""top_p"":0.949999988079071,""min_p"":0.05000000074505806,""top_n_sigma"":-1.0,""xtc_probability"":0.0,""xtc_threshold"":0.10000000149011612,""typical_p"":1.0,""repeat_last_n"":64,""repeat_penalty"":1.0,""presence_penalty"":0.0,""frequency_penalty"":0.0,""dry_multiplier"":0.0,""dry_base"":1.75,""dry_allowed_length"":2,""dry_penalty_last_n"":8192,""mirostat"":0,""mirostat_tau"":5.0,""mirostat_eta"":0.10000000149011612,""max_tokens"":2048,""n_predict"":2048,""n_keep"":0,""n_discard"":0,""ignore_eos"":false,""stream"":false,""n_probs"":0,""min_keep"":0,""chat_format"":""peg-native"",""reasoning_format"":""deepseek"",""reasoning_in_content"":false,""thinking_forced_open"":false,""samplers"":[""penalties"",""dry"",""top_n_sigma"",""top_k"",""typ_p"",""top_p"",""min_p"",""xtc"",""temperature""],""speculative.n_max"":16,""speculative.n_min"":0,""speculative.p_min"":0.75,""speculative.type"":""none"",""specu",16766,7810,0,"[{""pid"": 1959487, ""port"": ""8002"", ""model"": ""qwen2.5-14b-instruct-q4_k_m.gguf"", ""vram_mb"": 12464, ""status"": ""AUTHORISED""}]",healthy,ok
1777871910.633496,2026-05-04T05:18:30.633496+00:00,cell_c_parallel2_two_doc_concurrent,poll,,True,True,[1959487],,TimeoutError: timed out,16766,7810,0,"[{""pid"": 1959487, ""port"": ""8002"", ""model"": ""qwen2.5-14b-instruct-q4_k_m.gguf"", ""vram_mb"": 12464, ""status"": ""AUTHORISED""}]",healthy,timeout
1777871915.842454,2026-05-04T05:18:35.842454+00:00,cell_c_parallel2_two_doc_concurrent,poll,,True,True,[1959487],200,"[{""id"":0,""n_ctx"":8192,""speculative"":false,""is_processing"":true,""id_task"":1209,""params"":{""seed"":4294967295,""temperature"":0.0,""dynatemp_range"":0.0,""dynatemp_exponent"":1.0,""top_k"":40,""top_p"":0.949999988079071,""min_p"":0.05000000074505806,""top_n_sigma"":-1.0,""xtc_probability"":0.0,""xtc_threshold"":0.10000000149011612,""typical_p"":1.0,""repeat_last_n"":64,""repeat_penalty"":1.0,""presence_penalty"":0.0,""frequency_penalty"":0.0,""dry_multiplier"":0.0,""dry_base"":1.75,""dry_allowed_length"":2,""dry_penalty_last_n"":8192,""mirostat"":0,""mirostat_tau"":5.0,""mirostat_eta"":0.10000000149011612,""max_tokens"":2048,""n_predict"":2048,""n_keep"":0,""n_discard"":0,""ignore_eos"":false,""stream"":false,""n_probs"":0,""min_keep"":0,""chat_format"":""peg-native"",""reasoning_format"":""deepseek"",""reasoning_in_content"":false,""thinking_forced_open"":false,""samplers"":[""penalties"",""dry"",""top_n_sigma"",""top_k"",""typ_p"",""top_p"",""min_p"",""xtc"",""temperature""],""speculative.n_max"":16,""speculative.n_min"":0,""speculative.p_min"":0.75,""speculative.type"":""none"",""specu",16766,7810,0,"[{""pid"": 1959487, ""port"": ""8002"", ""model"": ""qwen2.5-14b-instruct-q4_k_m.gguf"", ""vram_mb"": 12464, ""status"": ""AUTHORISED""}]",healthy,ok
1777871918.789149,2026-05-04T05:18:38.789149+00:00,cell_c_parallel2_two_doc_concurrent,poll,,True,True,[1959487],,TimeoutError: timed out,16766,7810,0,"[{""pid"": 1959487, ""port"": ""8002"", ""model"": ""qwen2.5-14b-instruct-q4_k_m.gguf"", ""vram_mb"": 12464, ""status"": ""AUTHORISED""}]",healthy,timeout
1777871924.020526,2026-05-04T05:18:44.020526+00:00,cell_c_parallel2_two_doc_concurrent,poll,,True,True,[1959487],200,"[{""id"":0,""n_ctx"":8192,""speculative"":false,""is_processing"":true,""id_task"":1209,""params"":{""seed"":4294967295,""temperature"":0.0,""dynatemp_range"":0.0,""dynatemp_exponent"":1.0,""top_k"":40,""top_p"":0.949999988079071,""min_p"":0.05000000074505806,""top_n_sigma"":-1.0,""xtc_probability"":0.0,""xtc_threshold"":0.10000000149011612,""typical_p"":1.0,""repeat_last_n"":64,""repeat_penalty"":1.0,""presence_penalty"":0.0,""frequency_penalty"":0.0,""dry_multiplier"":0.0,""dry_base"":1.75,""dry_allowed_length"":2,""dry_penalty_last_n"":8192,""mirostat"":0,""mirostat_tau"":5.0,""mirostat_eta"":0.10000000149011612,""max_tokens"":2048,""n_predict"":2048,""n_keep"":0,""n_discard"":0,""ignore_eos"":false,""stream"":false,""n_probs"":0,""min_keep"":0,""chat_format"":""peg-native"",""reasoning_format"":""deepseek"",""reasoning_in_content"":false,""thinking_forced_open"":false,""samplers"":[""penalties"",""dry"",""top_n_sigma"",""top_k"",""typ_p"",""top_p"",""min_p"",""xtc"",""temperature""],""speculative.n_max"":16,""speculative.n_min"":0,""speculative.p_min"":0.75,""speculative.type"":""none"",""specu",16766,7810,0,"[{""pid"": 1959487, ""port"": ""8002"", ""model"": ""qwen2.5-14b-instruct-q4_k_m.gguf"", ""vram_mb"": 12464, ""status"": ""AUTHORISED""}]",healthy,ok
1777871926.936261,2026-05-04T05:18:46.936261+00:00,cell_c_parallel2_two_doc_concurrent,poll,,True,True,[1959487],,TimeoutError: timed out,16766,7810,0,"[{""pid"": 1959487, ""port"": ""8002"", ""model"": ""qwen2.5-14b-instruct-q4_k_m.gguf"", ""vram_mb"": 12464, ""status"": ""AUTHORISED""}]",healthy,timeout
1777871932.129497,2026-05-04T05:18:52.129497+00:00,cell_c_parallel2_two_doc_concurrent,poll,,True,True,[1959487],,TimeoutError: timed out,16766,7810,0,"[{""pid"": 1959487, ""port"": ""8002"", ""model"": ""qwen2.5-14b-instruct-q4_k_m.gguf"", ""vram_mb"": 12464, ""status"": ""AUTHORISED""}]",healthy,timeout
1777871937.362489,2026-05-04T05:18:57.362489+00:00,cell_c_parallel2_two_doc_concurrent,poll,,True,True,[1959487],,TimeoutError: timed out,16766,7810,0,"[{""pid"": 1959487, ""port"": ""8002"", ""model"": ""qwen2.5-14b-instruct-q4_k_m.gguf"", ""vram_mb"": 12464, ""status"": ""AUTHORISED""}]",healthy,timeout
1777871942.550172,2026-05-04T05:19:02.550172+00:00,cell_c_parallel2_two_doc_concurrent,poll,,True,True,[1959487],200,"[{""id"":0,""n_ctx"":8192,""speculative"":false,""is_processing"":true,""id_task"":1394,""params"":{""seed"":4294967295,""temperature"":0.0,""dynatemp_range"":0.0,""dynatemp_exponent"":1.0,""top_k"":40,""top_p"":0.949999988079071,""min_p"":0.05000000074505806,""top_n_sigma"":-1.0,""xtc_probability"":0.0,""xtc_threshold"":0.10000000149011612,""typical_p"":1.0,""repeat_last_n"":64,""repeat_penalty"":1.0,""presence_penalty"":0.0,""frequency_penalty"":0.0,""dry_multiplier"":0.0,""dry_base"":1.75,""dry_allowed_length"":2,""dry_penalty_last_n"":8192,""mirostat"":0,""mirostat_tau"":5.0,""mirostat_eta"":0.10000000149011612,""max_tokens"":2048,""n_predict"":2048,""n_keep"":0,""n_discard"":0,""ignore_eos"":false,""stream"":false,""n_probs"":0,""min_keep"":0,""chat_format"":""peg-native"",""reasoning_format"":""deepseek"",""reasoning_in_content"":false,""thinking_forced_open"":false,""samplers"":[""penalties"",""dry"",""top_n_sigma"",""top_k"",""typ_p"",""top_p"",""min_p"",""xtc"",""temperature""],""speculative.n_max"":16,""speculative.n_min"":0,""speculative.p_min"":0.75,""speculative.type"":""none"",""specu",16766,7810,0,"[{""pid"": 1959487, ""port"": ""8002"", ""model"": ""qwen2.5-14b-instruct-q4_k_m.gguf"", ""vram_mb"": 12464, ""status"": ""AUTHORISED""}]",healthy,ok
1777871945.991269,2026-05-04T05:19:05.991269+00:00,cell_c_parallel2_two_doc_concurrent,poll,,True,True,[1959487],200,"[{""id"":0,""n_ctx"":8192,""speculative"":false,""is_processing"":true,""id_task"":1394,""params"":{""seed"":4294967295,""temperature"":0.0,""dynatemp_range"":0.0,""dynatemp_exponent"":1.0,""top_k"":40,""top_p"":0.949999988079071,""min_p"":0.05000000074505806,""top_n_sigma"":-1.0,""xtc_probability"":0.0,""xtc_threshold"":0.10000000149011612,""typical_p"":1.0,""repeat_last_n"":64,""repeat_penalty"":1.0,""presence_penalty"":0.0,""frequency_penalty"":0.0,""dry_multiplier"":0.0,""dry_base"":1.75,""dry_allowed_length"":2,""dry_penalty_last_n"":8192,""mirostat"":0,""mirostat_tau"":5.0,""mirostat_eta"":0.10000000149011612,""max_tokens"":2048,""n_predict"":2048,""n_keep"":0,""n_discard"":0,""ignore_eos"":false,""stream"":false,""n_probs"":0,""min_keep"":0,""chat_format"":""peg-native"",""reasoning_format"":""deepseek"",""reasoning_in_content"":false,""thinking_forced_open"":false,""samplers"":[""penalties"",""dry"",""top_n_sigma"",""top_k"",""typ_p"",""top_p"",""min_p"",""xtc"",""temperature""],""speculative.n_max"":16,""speculative.n_min"":0,""speculative.p_min"":0.75,""speculative.type"":""none"",""specu",16766,7810,0,"[{""pid"": 1959487, ""port"": ""8002"", ""model"": ""qwen2.5-14b-instruct-q4_k_m.gguf"", ""vram_mb"": 12464, ""status"": ""AUTHORISED""}]",healthy,ok
1777871948.357609,2026-05-04T05:19:08.357609+00:00,cell_c_parallel2_two_doc_concurrent,poll,,True,True,[1959487],200,"[{""id"":0,""n_ctx"":8192,""speculative"":false,""is_processing"":true,""id_task"":1394,""params"":{""seed"":4294967295,""temperature"":0.0,""dynatemp_range"":0.0,""dynatemp_exponent"":1.0,""top_k"":40,""top_p"":0.949999988079071,""min_p"":0.05000000074505806,""top_n_sigma"":-1.0,""xtc_probability"":0.0,""xtc_threshold"":0.10000000149011612,""typical_p"":1.0,""repeat_last_n"":64,""repeat_penalty"":1.0,""presence_penalty"":0.0,""frequency_penalty"":0.0,""dry_multiplier"":0.0,""dry_base"":1.75,""dry_allowed_length"":2,""dry_penalty_last_n"":8192,""mirostat"":0,""mirostat_tau"":5.0,""mirostat_eta"":0.10000000149011612,""max_tokens"":2048,""n_predict"":2048,""n_keep"":0,""n_discard"":0,""ignore_eos"":false,""stream"":false,""n_probs"":0,""min_keep"":0,""chat_format"":""peg-native"",""reasoning_format"":""deepseek"",""reasoning_in_content"":false,""thinking_forced_open"":false,""samplers"":[""penalties"",""dry"",""top_n_sigma"",""top_k"",""typ_p"",""top_p"",""min_p"",""xtc"",""temperature""],""speculative.n_max"":16,""speculative.n_min"":0,""speculative.p_min"":0.75,""speculative.type"":""none"",""specu",16766,7810,0,"[{""pid"": 1959487, ""port"": ""8002"", ""model"": ""qwen2.5-14b-instruct-q4_k_m.gguf"", ""vram_mb"": 12464, ""status"": ""AUTHORISED""}]",healthy,ok
1777871950.570807,2026-05-04T05:19:10.570807+00:00,cell_c_parallel2_two_doc_concurrent,poll,,True,True,[1959487],200,"[{""id"":0,""n_ctx"":8192,""speculative"":false,""is_processing"":true,""id_task"":1394,""params"":{""seed"":4294967295,""temperature"":0.0,""dynatemp_range"":0.0,""dynatemp_exponent"":1.0,""top_k"":40,""top_p"":0.949999988079071,""min_p"":0.05000000074505806,""top_n_sigma"":-1.0,""xtc_probability"":0.0,""xtc_threshold"":0.10000000149011612,""typical_p"":1.0,""repeat_last_n"":64,""repeat_penalty"":1.0,""presence_penalty"":0.0,""frequency_penalty"":0.0,""dry_multiplier"":0.0,""dry_base"":1.75,""dry_allowed_length"":2,""dry_penalty_last_n"":8192,""mirostat"":0,""mirostat_tau"":5.0,""mirostat_eta"":0.10000000149011612,""max_tokens"":2048,""n_predict"":2048,""n_keep"":0,""n_discard"":0,""ignore_eos"":false,""stream"":false,""n_probs"":0,""min_keep"":0,""chat_format"":""peg-native"",""reasoning_format"":""deepseek"",""reasoning_in_content"":false,""thinking_forced_open"":false,""samplers"":[""penalties"",""dry"",""top_n_sigma"",""top_k"",""typ_p"",""top_p"",""min_p"",""xtc"",""temperature""],""speculative.n_max"":16,""speculative.n_min"":0,""speculative.p_min"":0.75,""speculative.type"":""none"",""specu",16766,7810,0,"[{""pid"": 1959487, ""port"": ""8002"", ""model"": ""qwen2.5-14b-instruct-q4_k_m.gguf"", ""vram_mb"": 12464, ""status"": ""AUTHORISED""}]",healthy,ok
1777871952.937316,2026-05-04T05:19:12.937316+00:00,cell_c_parallel2_two_doc_concurrent,poll,,True,True,[1959487],200,"[{""id"":0,""n_ctx"":8192,""speculative"":false,""is_processing"":true,""id_task"":1394,""params"":{""seed"":4294967295,""temperature"":0.0,""dynatemp_range"":0.0,""dynatemp_exponent"":1.0,""top_k"":40,""top_p"":0.949999988079071,""min_p"":0.05000000074505806,""top_n_sigma"":-1.0,""xtc_probability"":0.0,""xtc_threshold"":0.10000000149011612,""typical_p"":1.0,""repeat_last_n"":64,""repeat_penalty"":1.0,""presence_penalty"":0.0,""frequency_penalty"":0.0,""dry_multiplier"":0.0,""dry_base"":1.75,""dry_allowed_length"":2,""dry_penalty_last_n"":8192,""mirostat"":0,""mirostat_tau"":5.0,""mirostat_eta"":0.10000000149011612,""max_tokens"":2048,""n_predict"":2048,""n_keep"":0,""n_discard"":0,""ignore_eos"":false,""stream"":false,""n_probs"":0,""min_keep"":0,""chat_format"":""peg-native"",""reasoning_format"":""deepseek"",""reasoning_in_content"":false,""thinking_forced_open"":false,""samplers"":[""penalties"",""dry"",""top_n_sigma"",""top_k"",""typ_p"",""top_p"",""min_p"",""xtc"",""temperature""],""speculative.n_max"":16,""speculative.n_min"":0,""speculative.p_min"":0.75,""speculative.type"":""none"",""specu",16766,7810,0,"[{""pid"": 1959487, ""port"": ""8002"", ""model"": ""qwen2.5-14b-instruct-q4_k_m.gguf"", ""vram_mb"": 12464, ""status"": ""AUTHORISED""}]",healthy,ok
1777871955.149172,2026-05-04T05:19:15.149172+00:00,cell_c_parallel2_two_doc_concurrent,poll,,True,True,[1959487],200,"[{""id"":0,""n_ctx"":8192,""speculative"":false,""is_processing"":true,""id_task"":1394,""params"":{""seed"":4294967295,""temperature"":0.0,""dynatemp_range"":0.0,""dynatemp_exponent"":1.0,""top_k"":40,""top_p"":0.949999988079071,""min_p"":0.05000000074505806,""top_n_sigma"":-1.0,""xtc_probability"":0.0,""xtc_threshold"":0.10000000149011612,""typical_p"":1.0,""repeat_last_n"":64,""repeat_penalty"":1.0,""presence_penalty"":0.0,""frequency_penalty"":0.0,""dry_multiplier"":0.0,""dry_base"":1.75,""dry_allowed_length"":2,""dry_penalty_last_n"":8192,""mirostat"":0,""mirostat_tau"":5.0,""mirostat_eta"":0.10000000149011612,""max_tokens"":2048,""n_predict"":2048,""n_keep"":0,""n_discard"":0,""ignore_eos"":false,""stream"":false,""n_probs"":0,""min_keep"":0,""chat_format"":""peg-native"",""reasoning_format"":""deepseek"",""reasoning_in_content"":false,""thinking_forced_open"":false,""samplers"":[""penalties"",""dry"",""top_n_sigma"",""top_k"",""typ_p"",""top_p"",""min_p"",""xtc"",""temperature""],""speculative.n_max"":16,""speculative.n_min"":0,""speculative.p_min"":0.75,""speculative.type"":""none"",""specu",16766,7810,0,"[{""pid"": 1959487, ""port"": ""8002"", ""model"": ""qwen2.5-14b-instruct-q4_k_m.gguf"", ""vram_mb"": 12464, ""status"": ""AUTHORISED""}]",healthy,ok
1777871957.42482,2026-05-04T05:19:17.424820+00:00,cell_c_parallel2_two_doc_concurrent,poll,,True,True,[1959487],200,"[{""id"":0,""n_ctx"":8192,""speculative"":false,""is_processing"":true,""id_task"":1394,""params"":{""seed"":4294967295,""temperature"":0.0,""dynatemp_range"":0.0,""dynatemp_exponent"":1.0,""top_k"":40,""top_p"":0.949999988079071,""min_p"":0.05000000074505806,""top_n_sigma"":-1.0,""xtc_probability"":0.0,""xtc_threshold"":0.10000000149011612,""typical_p"":1.0,""repeat_last_n"":64,""repeat_penalty"":1.0,""presence_penalty"":0.0,""frequency_penalty"":0.0,""dry_multiplier"":0.0,""dry_base"":1.75,""dry_allowed_length"":2,""dry_penalty_last_n"":8192,""mirostat"":0,""mirostat_tau"":5.0,""mirostat_eta"":0.10000000149011612,""max_tokens"":2048,""n_predict"":2048,""n_keep"":0,""n_discard"":0,""ignore_eos"":false,""stream"":false,""n_probs"":0,""min_keep"":0,""chat_format"":""peg-native"",""reasoning_format"":""deepseek"",""reasoning_in_content"":false,""thinking_forced_open"":false,""samplers"":[""penalties"",""dry"",""top_n_sigma"",""top_k"",""typ_p"",""top_p"",""min_p"",""xtc"",""temperature""],""speculative.n_max"":16,""speculative.n_min"":0,""speculative.p_min"":0.75,""speculative.type"":""none"",""specu",16766,7810,0,"[{""pid"": 1959487, ""port"": ""8002"", ""model"": ""qwen2.5-14b-instruct-q4_k_m.gguf"", ""vram_mb"": 12464, ""status"": ""AUTHORISED""}]",healthy,ok
1777871959.696643,2026-05-04T05:19:19.696643+00:00,cell_c_parallel2_two_doc_concurrent,poll,,True,True,[1959487],200,"[{""id"":0,""n_ctx"":8192,""speculative"":false,""is_processing"":false,""id_task"":1394,""params"":{""seed"":4294967295,""temperature"":0.0,""dynatemp_range"":0.0,""dynatemp_exponent"":1.0,""top_k"":40,""top_p"":0.949999988079071,""min_p"":0.05000000074505806,""top_n_sigma"":-1.0,""xtc_probability"":0.0,""xtc_threshold"":0.10000000149011612,""typical_p"":1.0,""repeat_last_n"":64,""repeat_penalty"":1.0,""presence_penalty"":0.0,""frequency_penalty"":0.0,""dry_multiplier"":0.0,""dry_base"":1.75,""dry_allowed_length"":2,""dry_penalty_last_n"":8192,""mirostat"":0,""mirostat_tau"":5.0,""mirostat_eta"":0.10000000149011612,""max_tokens"":2048,""n_predict"":2048,""n_keep"":0,""n_discard"":0,""ignore_eos"":false,""stream"":false,""n_probs"":0,""min_keep"":0,""chat_format"":""peg-native"",""reasoning_format"":""deepseek"",""reasoning_in_content"":false,""thinking_forced_open"":false,""samplers"":[""penalties"",""dry"",""top_n_sigma"",""top_k"",""typ_p"",""top_p"",""min_p"",""xtc"",""temperature""],""speculative.n_max"":16,""speculative.n_min"":0,""speculative.p_min"":0.75,""speculative.type"":""none"",""spec",15073,9503,0,"[{""pid"": 1959487, ""port"": ""8002"", ""model"": ""qwen2.5-14b-instruct-q4_k_m.gguf"", ""vram_mb"": 12464, ""status"": ""AUTHORISED""}]",healthy,ok
1777871961.192291,2026-05-04T05:19:21.192291+00:00,cell_c_parallel2_two_doc_concurrent,after_child_end,rio_a_2023-12-31,True,True,[1959487],200,"[{""id"":0,""n_ctx"":8192,""speculative"":false,""is_processing"":false,""id_task"":1394,""params"":{""seed"":4294967295,""temperature"":0.0,""dynatemp_range"":0.0,""dynatemp_exponent"":1.0,""top_k"":40,""top_p"":0.949999988079071,""min_p"":0.05000000074505806,""top_n_sigma"":-1.0,""xtc_probability"":0.0,""xtc_threshold"":0.10000000149011612,""typical_p"":1.0,""repeat_last_n"":64,""repeat_penalty"":1.0,""presence_penalty"":0.0,""frequency_penalty"":0.0,""dry_multiplier"":0.0,""dry_base"":1.75,""dry_allowed_length"":2,""dry_penalty_last_n"":8192,""mirostat"":0,""mirostat_tau"":5.0,""mirostat_eta"":0.10000000149011612,""max_tokens"":2048,""n_predict"":2048,""n_keep"":0,""n_discard"":0,""ignore_eos"":false,""stream"":false,""n_probs"":0,""min_keep"":0,""chat_format"":""peg-native"",""reasoning_format"":""deepseek"",""reasoning_in_content"":false,""thinking_forced_open"":false,""samplers"":[""penalties"",""dry"",""top_n_sigma"",""top_k"",""typ_p"",""top_p"",""min_p"",""xtc"",""temperature""],""speculative.n_max"":16,""speculative.n_min"":0,""speculative.p_min"":0.75,""speculative.type"":""none"",""spec",15073,9503,0,"[{""pid"": 1959487, ""port"": ""8002"", ""model"": ""qwen2.5-14b-instruct-q4_k_m.gguf"", ""vram_mb"": 12464, ""status"": ""AUTHORISED""}]",healthy,ok
1777871961.364984,2026-05-04T05:19:21.364984+00:00,cell_c_parallel2_two_doc_concurrent,before_child_start,qbe_h_2025-06-30,True,True,[1959487],200,"[{""id"":0,""n_ctx"":8192,""speculative"":false,""is_processing"":false,""id_task"":1394,""params"":{""seed"":4294967295,""temperature"":0.0,""dynatemp_range"":0.0,""dynatemp_exponent"":1.0,""top_k"":40,""top_p"":0.949999988079071,""min_p"":0.05000000074505806,""top_n_sigma"":-1.0,""xtc_probability"":0.0,""xtc_threshold"":0.10000000149011612,""typical_p"":1.0,""repeat_last_n"":64,""repeat_penalty"":1.0,""presence_penalty"":0.0,""frequency_penalty"":0.0,""dry_multiplier"":0.0,""dry_base"":1.75,""dry_allowed_length"":2,""dry_penalty_last_n"":8192,""mirostat"":0,""mirostat_tau"":5.0,""mirostat_eta"":0.10000000149011612,""max_tokens"":2048,""n_predict"":2048,""n_keep"":0,""n_discard"":0,""ignore_eos"":false,""stream"":false,""n_probs"":0,""min_keep"":0,""chat_format"":""peg-native"",""reasoning_format"":""deepseek"",""reasoning_in_content"":false,""thinking_forced_open"":false,""samplers"":[""penalties"",""dry"",""top_n_sigma"",""top_k"",""typ_p"",""top_p"",""min_p"",""xtc"",""temperature""],""speculative.n_max"":16,""speculative.n_min"":0,""speculative.p_min"":0.75,""speculative.type"":""none"",""spec",15073,9503,0,"[{""pid"": 1959487, ""port"": ""8002"", ""model"": ""qwen2.5-14b-instruct-q4_k_m.gguf"", ""vram_mb"": 12464, ""status"": ""AUTHORISED""}]",healthy,ok
1777871961.904898,2026-05-04T05:19:21.904898+00:00,cell_c_parallel2_two_doc_concurrent,poll,,True,True,[1959487],200,"[{""id"":0,""n_ctx"":8192,""speculative"":false,""is_processing"":false,""id_task"":1394,""params"":{""seed"":4294967295,""temperature"":0.0,""dynatemp_range"":0.0,""dynatemp_exponent"":1.0,""top_k"":40,""top_p"":0.949999988079071,""min_p"":0.05000000074505806,""top_n_sigma"":-1.0,""xtc_probability"":0.0,""xtc_threshold"":0.10000000149011612,""typical_p"":1.0,""repeat_last_n"":64,""repeat_penalty"":1.0,""presence_penalty"":0.0,""frequency_penalty"":0.0,""dry_multiplier"":0.0,""dry_base"":1.75,""dry_allowed_length"":2,""dry_penalty_last_n"":8192,""mirostat"":0,""mirostat_tau"":5.0,""mirostat_eta"":0.10000000149011612,""max_tokens"":2048,""n_predict"":2048,""n_keep"":0,""n_discard"":0,""ignore_eos"":false,""stream"":false,""n_probs"":0,""min_keep"":0,""chat_format"":""peg-native"",""reasoning_format"":""deepseek"",""reasoning_in_content"":false,""thinking_forced_open"":false,""samplers"":[""penalties"",""dry"",""top_n_sigma"",""top_k"",""typ_p"",""top_p"",""min_p"",""xtc"",""temperature""],""speculative.n_max"":16,""speculative.n_min"":0,""speculative.p_min"":0.75,""speculative.type"":""none"",""spec",15073,9503,0,"[{""pid"": 1959487, ""port"": ""8002"", ""model"": ""qwen2.5-14b-instruct-q4_k_m.gguf"", ""vram_mb"": 12464, ""status"": ""AUTHORISED""}]",healthy,ok
1777871964.197606,2026-05-04T05:19:24.197606+00:00,cell_c_parallel2_two_doc_concurrent,poll,,True,True,[1959487],200,"[{""id"":0,""n_ctx"":8192,""speculative"":false,""is_processing"":false,""id_task"":1394,""params"":{""seed"":4294967295,""temperature"":0.0,""dynatemp_range"":0.0,""dynatemp_exponent"":1.0,""top_k"":40,""top_p"":0.949999988079071,""min_p"":0.05000000074505806,""top_n_sigma"":-1.0,""xtc_probability"":0.0,""xtc_threshold"":0.10000000149011612,""typical_p"":1.0,""repeat_last_n"":64,""repeat_penalty"":1.0,""presence_penalty"":0.0,""frequency_penalty"":0.0,""dry_multiplier"":0.0,""dry_base"":1.75,""dry_allowed_length"":2,""dry_penalty_last_n"":8192,""mirostat"":0,""mirostat_tau"":5.0,""mirostat_eta"":0.10000000149011612,""max_tokens"":2048,""n_predict"":2048,""n_keep"":0,""n_discard"":0,""ignore_eos"":false,""stream"":false,""n_probs"":0,""min_keep"":0,""chat_format"":""peg-native"",""reasoning_format"":""deepseek"",""reasoning_in_content"":false,""thinking_forced_open"":false,""samplers"":[""penalties"",""dry"",""top_n_sigma"",""top_k"",""typ_p"",""top_p"",""min_p"",""xtc"",""temperature""],""speculative.n_max"":16,""speculative.n_min"":0,""speculative.p_min"":0.75,""speculative.type"":""none"",""spec",15073,9503,0,"[{""pid"": 1959487, ""port"": ""8002"", ""model"": ""qwen2.5-14b-instruct-q4_k_m.gguf"", ""vram_mb"": 12464, ""status"": ""AUTHORISED""}]",healthy,ok
1777871966.507317,2026-05-04T05:19:26.507317+00:00,cell_c_parallel2_two_doc_concurrent,poll,,True,True,[1959487],200,"[{""id"":0,""n_ctx"":8192,""speculative"":false,""is_processing"":false,""id_task"":1394,""params"":{""seed"":4294967295,""temperature"":0.0,""dynatemp_range"":0.0,""dynatemp_exponent"":1.0,""top_k"":40,""top_p"":0.949999988079071,""min_p"":0.05000000074505806,""top_n_sigma"":-1.0,""xtc_probability"":0.0,""xtc_threshold"":0.10000000149011612,""typical_p"":1.0,""repeat_last_n"":64,""repeat_penalty"":1.0,""presence_penalty"":0.0,""frequency_penalty"":0.0,""dry_multiplier"":0.0,""dry_base"":1.75,""dry_allowed_length"":2,""dry_penalty_last_n"":8192,""mirostat"":0,""mirostat_tau"":5.0,""mirostat_eta"":0.10000000149011612,""max_tokens"":2048,""n_predict"":2048,""n_keep"":0,""n_discard"":0,""ignore_eos"":false,""stream"":false,""n_probs"":0,""min_keep"":0,""chat_format"":""peg-native"",""reasoning_format"":""deepseek"",""reasoning_in_content"":false,""thinking_forced_open"":false,""samplers"":[""penalties"",""dry"",""top_n_sigma"",""top_k"",""typ_p"",""top_p"",""min_p"",""xtc"",""temperature""],""speculative.n_max"":16,""speculative.n_min"":0,""speculative.p_min"":0.75,""speculative.type"":""none"",""spec",15073,9503,0,"[{""pid"": 1959487, ""port"": ""8002"", ""model"": ""qwen2.5-14b-instruct-q4_k_m.gguf"", ""vram_mb"": 12464, ""status"": ""AUTHORISED""}]",healthy,ok
1777871968.858222,2026-05-04T05:19:28.858222+00:00,cell_c_parallel2_two_doc_concurrent,poll,,True,True,[1959487],200,"[{""id"":0,""n_ctx"":8192,""speculative"":false,""is_processing"":false,""id_task"":1394,""params"":{""seed"":4294967295,""temperature"":0.0,""dynatemp_range"":0.0,""dynatemp_exponent"":1.0,""top_k"":40,""top_p"":0.949999988079071,""min_p"":0.05000000074505806,""top_n_sigma"":-1.0,""xtc_probability"":0.0,""xtc_threshold"":0.10000000149011612,""typical_p"":1.0,""repeat_last_n"":64,""repeat_penalty"":1.0,""presence_penalty"":0.0,""frequency_penalty"":0.0,""dry_multiplier"":0.0,""dry_base"":1.75,""dry_allowed_length"":2,""dry_penalty_last_n"":8192,""mirostat"":0,""mirostat_tau"":5.0,""mirostat_eta"":0.10000000149011612,""max_tokens"":2048,""n_predict"":2048,""n_keep"":0,""n_discard"":0,""ignore_eos"":false,""stream"":false,""n_probs"":0,""min_keep"":0,""chat_format"":""peg-native"",""reasoning_format"":""deepseek"",""reasoning_in_content"":false,""thinking_forced_open"":false,""samplers"":[""penalties"",""dry"",""top_n_sigma"",""top_k"",""typ_p"",""top_p"",""min_p"",""xtc"",""temperature""],""speculative.n_max"":16,""speculative.n_min"":0,""speculative.p_min"":0.75,""speculative.type"":""none"",""spec",15073,9503,0,"[{""pid"": 1959487, ""port"": ""8002"", ""model"": ""qwen2.5-14b-instruct-q4_k_m.gguf"", ""vram_mb"": 12464, ""status"": ""AUTHORISED""}]",healthy,ok
1777871971.219635,2026-05-04T05:19:31.219635+00:00,cell_c_parallel2_two_doc_concurrent,poll,,True,True,[1959487],200,"[{""id"":0,""n_ctx"":8192,""speculative"":false,""is_processing"":false,""id_task"":1394,""params"":{""seed"":4294967295,""temperature"":0.0,""dynatemp_range"":0.0,""dynatemp_exponent"":1.0,""top_k"":40,""top_p"":0.949999988079071,""min_p"":0.05000000074505806,""top_n_sigma"":-1.0,""xtc_probability"":0.0,""xtc_threshold"":0.10000000149011612,""typical_p"":1.0,""repeat_last_n"":64,""repeat_penalty"":1.0,""presence_penalty"":0.0,""frequency_penalty"":0.0,""dry_multiplier"":0.0,""dry_base"":1.75,""dry_allowed_length"":2,""dry_penalty_last_n"":8192,""mirostat"":0,""mirostat_tau"":5.0,""mirostat_eta"":0.10000000149011612,""max_tokens"":2048,""n_predict"":2048,""n_keep"":0,""n_discard"":0,""ignore_eos"":false,""stream"":false,""n_probs"":0,""min_keep"":0,""chat_format"":""peg-native"",""reasoning_format"":""deepseek"",""reasoning_in_content"":false,""thinking_forced_open"":false,""samplers"":[""penalties"",""dry"",""top_n_sigma"",""top_k"",""typ_p"",""top_p"",""min_p"",""xtc"",""temperature""],""speculative.n_max"":16,""speculative.n_min"":0,""speculative.p_min"":0.75,""speculative.type"":""none"",""spec",15073,9503,0,"[{""pid"": 1959487, ""port"": ""8002"", ""model"": ""qwen2.5-14b-instruct-q4_k_m.gguf"", ""vram_mb"": 12464, ""status"": ""AUTHORISED""}]",healthy,ok
1777871973.663917,2026-05-04T05:19:33.663917+00:00,cell_c_parallel2_two_doc_concurrent,poll,,True,True,[1959487],200,"[{""id"":0,""n_ctx"":8192,""speculative"":false,""is_processing"":false,""id_task"":1394,""params"":{""seed"":4294967295,""temperature"":0.0,""dynatemp_range"":0.0,""dynatemp_exponent"":1.0,""top_k"":40,""top_p"":0.949999988079071,""min_p"":0.05000000074505806,""top_n_sigma"":-1.0,""xtc_probability"":0.0,""xtc_threshold"":0.10000000149011612,""typical_p"":1.0,""repeat_last_n"":64,""repeat_penalty"":1.0,""presence_penalty"":0.0,""frequency_penalty"":0.0,""dry_multiplier"":0.0,""dry_base"":1.75,""dry_allowed_length"":2,""dry_penalty_last_n"":8192,""mirostat"":0,""mirostat_tau"":5.0,""mirostat_eta"":0.10000000149011612,""max_tokens"":2048,""n_predict"":2048,""n_keep"":0,""n_discard"":0,""ignore_eos"":false,""stream"":false,""n_probs"":0,""min_keep"":0,""chat_format"":""peg-native"",""reasoning_format"":""deepseek"",""reasoning_in_content"":false,""thinking_forced_open"":false,""samplers"":[""penalties"",""dry"",""top_n_sigma"",""top_k"",""typ_p"",""top_p"",""min_p"",""xtc"",""temperature""],""speculative.n_max"":16,""speculative.n_min"":0,""speculative.p_min"":0.75,""speculative.type"":""none"",""spec",15073,9503,0,"[{""pid"": 1959487, ""port"": ""8002"", ""model"": ""qwen2.5-14b-instruct-q4_k_m.gguf"", ""vram_mb"": 12464, ""status"": ""AUTHORISED""}]",healthy,ok
1777871976.081893,2026-05-04T05:19:36.081893+00:00,cell_c_parallel2_two_doc_concurrent,poll,,True,True,[1959487],200,"[{""id"":0,""n_ctx"":8192,""speculative"":false,""is_processing"":false,""id_task"":1394,""params"":{""seed"":4294967295,""temperature"":0.0,""dynatemp_range"":0.0,""dynatemp_exponent"":1.0,""top_k"":40,""top_p"":0.949999988079071,""min_p"":0.05000000074505806,""top_n_sigma"":-1.0,""xtc_probability"":0.0,""xtc_threshold"":0.10000000149011612,""typical_p"":1.0,""repeat_last_n"":64,""repeat_penalty"":1.0,""presence_penalty"":0.0,""frequency_penalty"":0.0,""dry_multiplier"":0.0,""dry_base"":1.75,""dry_allowed_length"":2,""dry_penalty_last_n"":8192,""mirostat"":0,""mirostat_tau"":5.0,""mirostat_eta"":0.10000000149011612,""max_tokens"":2048,""n_predict"":2048,""n_keep"":0,""n_discard"":0,""ignore_eos"":false,""stream"":false,""n_probs"":0,""min_keep"":0,""chat_format"":""peg-native"",""reasoning_format"":""deepseek"",""reasoning_in_content"":false,""thinking_forced_open"":false,""samplers"":[""penalties"",""dry"",""top_n_sigma"",""top_k"",""typ_p"",""top_p"",""min_p"",""xtc"",""temperature""],""speculative.n_max"":16,""speculative.n_min"":0,""speculative.p_min"":0.75,""speculative.type"":""none"",""spec",15073,9503,0,"[{""pid"": 1959487, ""port"": ""8002"", ""model"": ""qwen2.5-14b-instruct-q4_k_m.gguf"", ""vram_mb"": 12464, ""status"": ""AUTHORISED""}]",healthy,ok
1777871978.501164,2026-05-04T05:19:38.501164+00:00,cell_c_parallel2_two_doc_concurrent,poll,,True,True,[1959487],200,"[{""id"":0,""n_ctx"":8192,""speculative"":false,""is_processing"":false,""id_task"":1394,""params"":{""seed"":4294967295,""temperature"":0.0,""dynatemp_range"":0.0,""dynatemp_exponent"":1.0,""top_k"":40,""top_p"":0.949999988079071,""min_p"":0.05000000074505806,""top_n_sigma"":-1.0,""xtc_probability"":0.0,""xtc_threshold"":0.10000000149011612,""typical_p"":1.0,""repeat_last_n"":64,""repeat_penalty"":1.0,""presence_penalty"":0.0,""frequency_penalty"":0.0,""dry_multiplier"":0.0,""dry_base"":1.75,""dry_allowed_length"":2,""dry_penalty_last_n"":8192,""mirostat"":0,""mirostat_tau"":5.0,""mirostat_eta"":0.10000000149011612,""max_tokens"":2048,""n_predict"":2048,""n_keep"":0,""n_discard"":0,""ignore_eos"":false,""stream"":false,""n_probs"":0,""min_keep"":0,""chat_format"":""peg-native"",""reasoning_format"":""deepseek"",""reasoning_in_content"":false,""thinking_forced_open"":false,""samplers"":[""penalties"",""dry"",""top_n_sigma"",""top_k"",""typ_p"",""top_p"",""min_p"",""xtc"",""temperature""],""speculative.n_max"":16,""speculative.n_min"":0,""speculative.p_min"":0.75,""speculative.type"":""none"",""spec",15073,9503,0,"[{""pid"": 1959487, ""port"": ""8002"", ""model"": ""qwen2.5-14b-instruct-q4_k_m.gguf"", ""vram_mb"": 12464, ""status"": ""AUTHORISED""}]",healthy,ok
1777871980.880147,2026-05-04T05:19:40.880147+00:00,cell_c_parallel2_two_doc_concurrent,poll,,True,True,[1959487],200,"[{""id"":0,""n_ctx"":8192,""speculative"":false,""is_processing"":false,""id_task"":1394,""params"":{""seed"":4294967295,""temperature"":0.0,""dynatemp_range"":0.0,""dynatemp_exponent"":1.0,""top_k"":40,""top_p"":0.949999988079071,""min_p"":0.05000000074505806,""top_n_sigma"":-1.0,""xtc_probability"":0.0,""xtc_threshold"":0.10000000149011612,""typical_p"":1.0,""repeat_last_n"":64,""repeat_penalty"":1.0,""presence_penalty"":0.0,""frequency_penalty"":0.0,""dry_multiplier"":0.0,""dry_base"":1.75,""dry_allowed_length"":2,""dry_penalty_last_n"":8192,""mirostat"":0,""mirostat_tau"":5.0,""mirostat_eta"":0.10000000149011612,""max_tokens"":2048,""n_predict"":2048,""n_keep"":0,""n_discard"":0,""ignore_eos"":false,""stream"":false,""n_probs"":0,""min_keep"":0,""chat_format"":""peg-native"",""reasoning_format"":""deepseek"",""reasoning_in_content"":false,""thinking_forced_open"":false,""samplers"":[""penalties"",""dry"",""top_n_sigma"",""top_k"",""typ_p"",""top_p"",""min_p"",""xtc"",""temperature""],""speculative.n_max"":16,""speculative.n_min"":0,""speculative.p_min"":0.75,""speculative.type"":""none"",""spec",15073,9503,0,"[{""pid"": 1959487, ""port"": ""8002"", ""model"": ""qwen2.5-14b-instruct-q4_k_m.gguf"", ""vram_mb"": 12464, ""status"": ""AUTHORISED""}]",healthy,ok
1777871983.338893,2026-05-04T05:19:43.338893+00:00,cell_c_parallel2_two_doc_concurrent,poll,,True,True,[1959487],200,"[{""id"":0,""n_ctx"":8192,""speculative"":false,""is_processing"":false,""id_task"":1394,""params"":{""seed"":4294967295,""temperature"":0.0,""dynatemp_range"":0.0,""dynatemp_exponent"":1.0,""top_k"":40,""top_p"":0.949999988079071,""min_p"":0.05000000074505806,""top_n_sigma"":-1.0,""xtc_probability"":0.0,""xtc_threshold"":0.10000000149011612,""typical_p"":1.0,""repeat_last_n"":64,""repeat_penalty"":1.0,""presence_penalty"":0.0,""frequency_penalty"":0.0,""dry_multiplier"":0.0,""dry_base"":1.75,""dry_allowed_length"":2,""dry_penalty_last_n"":8192,""mirostat"":0,""mirostat_tau"":5.0,""mirostat_eta"":0.10000000149011612,""max_tokens"":2048,""n_predict"":2048,""n_keep"":0,""n_discard"":0,""ignore_eos"":false,""stream"":false,""n_probs"":0,""min_keep"":0,""chat_format"":""peg-native"",""reasoning_format"":""deepseek"",""reasoning_in_content"":false,""thinking_forced_open"":false,""samplers"":[""penalties"",""dry"",""top_n_sigma"",""top_k"",""typ_p"",""top_p"",""min_p"",""xtc"",""temperature""],""speculative.n_max"":16,""speculative.n_min"":0,""speculative.p_min"":0.75,""speculative.type"":""none"",""spec",15774,8802,0,"[{""pid"": 1959487, ""port"": ""8002"", ""model"": ""qwen2.5-14b-instruct-q4_k_m.gguf"", ""vram_mb"": 12464, ""status"": ""AUTHORISED""}]",healthy,ok
1777871985.689709,2026-05-04T05:19:45.689709+00:00,cell_c_parallel2_two_doc_concurrent,poll,,True,True,[1959487],200,"[{""id"":0,""n_ctx"":8192,""speculative"":false,""is_processing"":false,""id_task"":1394,""params"":{""seed"":4294967295,""temperature"":0.0,""dynatemp_range"":0.0,""dynatemp_exponent"":1.0,""top_k"":40,""top_p"":0.949999988079071,""min_p"":0.05000000074505806,""top_n_sigma"":-1.0,""xtc_probability"":0.0,""xtc_threshold"":0.10000000149011612,""typical_p"":1.0,""repeat_last_n"":64,""repeat_penalty"":1.0,""presence_penalty"":0.0,""frequency_penalty"":0.0,""dry_multiplier"":0.0,""dry_base"":1.75,""dry_allowed_length"":2,""dry_penalty_last_n"":8192,""mirostat"":0,""mirostat_tau"":5.0,""mirostat_eta"":0.10000000149011612,""max_tokens"":2048,""n_predict"":2048,""n_keep"":0,""n_discard"":0,""ignore_eos"":false,""stream"":false,""n_probs"":0,""min_keep"":0,""chat_format"":""peg-native"",""reasoning_format"":""deepseek"",""reasoning_in_content"":false,""thinking_forced_open"":false,""samplers"":[""penalties"",""dry"",""top_n_sigma"",""top_k"",""typ_p"",""top_p"",""min_p"",""xtc"",""temperature""],""speculative.n_max"":16,""speculative.n_min"":0,""speculative.p_min"":0.75,""speculative.type"":""none"",""spec",16106,8470,0,"[{""pid"": 1959487, ""port"": ""8002"", ""model"": ""qwen2.5-14b-instruct-q4_k_m.gguf"", ""vram_mb"": 12464, ""status"": ""AUTHORISED""}]",healthy,ok
1777871987.998936,2026-05-04T05:19:47.998936+00:00,cell_c_parallel2_two_doc_concurrent,poll,,True,True,[1959487],200,"[{""id"":0,""n_ctx"":8192,""speculative"":false,""is_processing"":false,""id_task"":1394,""params"":{""seed"":4294967295,""temperature"":0.0,""dynatemp_range"":0.0,""dynatemp_exponent"":1.0,""top_k"":40,""top_p"":0.949999988079071,""min_p"":0.05000000074505806,""top_n_sigma"":-1.0,""xtc_probability"":0.0,""xtc_threshold"":0.10000000149011612,""typical_p"":1.0,""repeat_last_n"":64,""repeat_penalty"":1.0,""presence_penalty"":0.0,""frequency_penalty"":0.0,""dry_multiplier"":0.0,""dry_base"":1.75,""dry_allowed_length"":2,""dry_penalty_last_n"":8192,""mirostat"":0,""mirostat_tau"":5.0,""mirostat_eta"":0.10000000149011612,""max_tokens"":2048,""n_predict"":2048,""n_keep"":0,""n_discard"":0,""ignore_eos"":false,""stream"":false,""n_probs"":0,""min_keep"":0,""chat_format"":""peg-native"",""reasoning_format"":""deepseek"",""reasoning_in_content"":false,""thinking_forced_open"":false,""samplers"":[""penalties"",""dry"",""top_n_sigma"",""top_k"",""typ_p"",""top_p"",""min_p"",""xtc"",""temperature""],""speculative.n_max"":16,""speculative.n_min"":0,""speculative.p_min"":0.75,""speculative.type"":""none"",""spec",16410,8166,0,"[{""pid"": 1959487, ""port"": ""8002"", ""model"": ""qwen2.5-14b-instruct-q4_k_m.gguf"", ""vram_mb"": 12464, ""status"": ""AUTHORISED""}]",healthy,ok
1777871990.262173,2026-05-04T05:19:50.262173+00:00,cell_c_parallel2_two_doc_concurrent,poll,,True,True,[1959487],200,"[{""id"":0,""n_ctx"":8192,""speculative"":false,""is_processing"":false,""id_task"":1394,""params"":{""seed"":4294967295,""temperature"":0.0,""dynatemp_range"":0.0,""dynatemp_exponent"":1.0,""top_k"":40,""top_p"":0.949999988079071,""min_p"":0.05000000074505806,""top_n_sigma"":-1.0,""xtc_probability"":0.0,""xtc_threshold"":0.10000000149011612,""typical_p"":1.0,""repeat_last_n"":64,""repeat_penalty"":1.0,""presence_penalty"":0.0,""frequency_penalty"":0.0,""dry_multiplier"":0.0,""dry_base"":1.75,""dry_allowed_length"":2,""dry_penalty_last_n"":8192,""mirostat"":0,""mirostat_tau"":5.0,""mirostat_eta"":0.10000000149011612,""max_tokens"":2048,""n_predict"":2048,""n_keep"":0,""n_discard"":0,""ignore_eos"":false,""stream"":false,""n_probs"":0,""min_keep"":0,""chat_format"":""peg-native"",""reasoning_format"":""deepseek"",""reasoning_in_content"":false,""thinking_forced_open"":false,""samplers"":[""penalties"",""dry"",""top_n_sigma"",""top_k"",""typ_p"",""top_p"",""min_p"",""xtc"",""temperature""],""speculative.n_max"":16,""speculative.n_min"":0,""speculative.p_min"":0.75,""speculative.type"":""none"",""spec",16410,8166,0,"[{""pid"": 1959487, ""port"": ""8002"", ""model"": ""qwen2.5-14b-instruct-q4_k_m.gguf"", ""vram_mb"": 12464, ""status"": ""AUTHORISED""}]",healthy,ok
1777871992.564027,2026-05-04T05:19:52.564027+00:00,cell_c_parallel2_two_doc_concurrent,poll,,True,True,[1959487],200,"[{""id"":0,""n_ctx"":8192,""speculative"":false,""is_processing"":false,""id_task"":1394,""params"":{""seed"":4294967295,""temperature"":0.0,""dynatemp_range"":0.0,""dynatemp_exponent"":1.0,""top_k"":40,""top_p"":0.949999988079071,""min_p"":0.05000000074505806,""top_n_sigma"":-1.0,""xtc_probability"":0.0,""xtc_threshold"":0.10000000149011612,""typical_p"":1.0,""repeat_last_n"":64,""repeat_penalty"":1.0,""presence_penalty"":0.0,""frequency_penalty"":0.0,""dry_multiplier"":0.0,""dry_base"":1.75,""dry_allowed_length"":2,""dry_penalty_last_n"":8192,""mirostat"":0,""mirostat_tau"":5.0,""mirostat_eta"":0.10000000149011612,""max_tokens"":2048,""n_predict"":2048,""n_keep"":0,""n_discard"":0,""ignore_eos"":false,""stream"":false,""n_probs"":0,""min_keep"":0,""chat_format"":""peg-native"",""reasoning_format"":""deepseek"",""reasoning_in_content"":false,""thinking_forced_open"":false,""samplers"":[""penalties"",""dry"",""top_n_sigma"",""top_k"",""typ_p"",""top_p"",""min_p"",""xtc"",""temperature""],""speculative.n_max"":16,""speculative.n_min"":0,""speculative.p_min"":0.75,""speculative.type"":""none"",""spec",16410,8166,0,"[{""pid"": 1959487, ""port"": ""8002"", ""model"": ""qwen2.5-14b-instruct-q4_k_m.gguf"", ""vram_mb"": 12464, ""status"": ""AUTHORISED""}]",healthy,ok
1777871994.976232,2026-05-04T05:19:54.976232+00:00,cell_c_parallel2_two_doc_concurrent,poll,,True,True,[1959487],200,"[{""id"":0,""n_ctx"":8192,""speculative"":false,""is_processing"":false,""id_task"":1394,""params"":{""seed"":4294967295,""temperature"":0.0,""dynatemp_range"":0.0,""dynatemp_exponent"":1.0,""top_k"":40,""top_p"":0.949999988079071,""min_p"":0.05000000074505806,""top_n_sigma"":-1.0,""xtc_probability"":0.0,""xtc_threshold"":0.10000000149011612,""typical_p"":1.0,""repeat_last_n"":64,""repeat_penalty"":1.0,""presence_penalty"":0.0,""frequency_penalty"":0.0,""dry_multiplier"":0.0,""dry_base"":1.75,""dry_allowed_length"":2,""dry_penalty_last_n"":8192,""mirostat"":0,""mirostat_tau"":5.0,""mirostat_eta"":0.10000000149011612,""max_tokens"":2048,""n_predict"":2048,""n_keep"":0,""n_discard"":0,""ignore_eos"":false,""stream"":false,""n_probs"":0,""min_keep"":0,""chat_format"":""peg-native"",""reasoning_format"":""deepseek"",""reasoning_in_content"":false,""thinking_forced_open"":false,""samplers"":[""penalties"",""dry"",""top_n_sigma"",""top_k"",""typ_p"",""top_p"",""min_p"",""xtc"",""temperature""],""speculative.n_max"":16,""speculative.n_min"":0,""speculative.p_min"":0.75,""speculative.type"":""none"",""spec",16410,8166,0,"[{""pid"": 1959487, ""port"": ""8002"", ""model"": ""qwen2.5-14b-instruct-q4_k_m.gguf"", ""vram_mb"": 12464, ""status"": ""AUTHORISED""}]",healthy,ok
1777871997.276479,2026-05-04T05:19:57.276479+00:00,cell_c_parallel2_two_doc_concurrent,poll,,True,True,[1959487],200,"[{""id"":0,""n_ctx"":8192,""speculative"":false,""is_processing"":false,""id_task"":1394,""params"":{""seed"":4294967295,""temperature"":0.0,""dynatemp_range"":0.0,""dynatemp_exponent"":1.0,""top_k"":40,""top_p"":0.949999988079071,""min_p"":0.05000000074505806,""top_n_sigma"":-1.0,""xtc_probability"":0.0,""xtc_threshold"":0.10000000149011612,""typical_p"":1.0,""repeat_last_n"":64,""repeat_penalty"":1.0,""presence_penalty"":0.0,""frequency_penalty"":0.0,""dry_multiplier"":0.0,""dry_base"":1.75,""dry_allowed_length"":2,""dry_penalty_last_n"":8192,""mirostat"":0,""mirostat_tau"":5.0,""mirostat_eta"":0.10000000149011612,""max_tokens"":2048,""n_predict"":2048,""n_keep"":0,""n_discard"":0,""ignore_eos"":false,""stream"":false,""n_probs"":0,""min_keep"":0,""chat_format"":""peg-native"",""reasoning_format"":""deepseek"",""reasoning_in_content"":false,""thinking_forced_open"":false,""samplers"":[""penalties"",""dry"",""top_n_sigma"",""top_k"",""typ_p"",""top_p"",""min_p"",""xtc"",""temperature""],""speculative.n_max"":16,""speculative.n_min"":0,""speculative.p_min"":0.75,""speculative.type"":""none"",""spec",16410,8166,0,"[{""pid"": 1959487, ""port"": ""8002"", ""model"": ""qwen2.5-14b-instruct-q4_k_m.gguf"", ""vram_mb"": 12464, ""status"": ""AUTHORISED""}]",healthy,ok
1777871999.543344,2026-05-04T05:19:59.543344+00:00,cell_c_parallel2_two_doc_concurrent,poll,,True,True,[1959487],200,"[{""id"":0,""n_ctx"":8192,""speculative"":false,""is_processing"":false,""id_task"":1394,""params"":{""seed"":4294967295,""temperature"":0.0,""dynatemp_range"":0.0,""dynatemp_exponent"":1.0,""top_k"":40,""top_p"":0.949999988079071,""min_p"":0.05000000074505806,""top_n_sigma"":-1.0,""xtc_probability"":0.0,""xtc_threshold"":0.10000000149011612,""typical_p"":1.0,""repeat_last_n"":64,""repeat_penalty"":1.0,""presence_penalty"":0.0,""frequency_penalty"":0.0,""dry_multiplier"":0.0,""dry_base"":1.75,""dry_allowed_length"":2,""dry_penalty_last_n"":8192,""mirostat"":0,""mirostat_tau"":5.0,""mirostat_eta"":0.10000000149011612,""max_tokens"":2048,""n_predict"":2048,""n_keep"":0,""n_discard"":0,""ignore_eos"":false,""stream"":false,""n_probs"":0,""min_keep"":0,""chat_format"":""peg-native"",""reasoning_format"":""deepseek"",""reasoning_in_content"":false,""thinking_forced_open"":false,""samplers"":[""penalties"",""dry"",""top_n_sigma"",""top_k"",""typ_p"",""top_p"",""min_p"",""xtc"",""temperature""],""speculative.n_max"":16,""speculative.n_min"":0,""speculative.p_min"":0.75,""speculative.type"":""none"",""spec",16410,8166,0,"[{""pid"": 1959487, ""port"": ""8002"", ""model"": ""qwen2.5-14b-instruct-q4_k_m.gguf"", ""vram_mb"": 12464, ""status"": ""AUTHORISED""}]",healthy,ok
1777872001.775587,2026-05-04T05:20:01.775587+00:00,cell_c_parallel2_two_doc_concurrent,poll,,True,True,[1959487],200,"[{""id"":0,""n_ctx"":8192,""speculative"":false,""is_processing"":false,""id_task"":1394,""params"":{""seed"":4294967295,""temperature"":0.0,""dynatemp_range"":0.0,""dynatemp_exponent"":1.0,""top_k"":40,""top_p"":0.949999988079071,""min_p"":0.05000000074505806,""top_n_sigma"":-1.0,""xtc_probability"":0.0,""xtc_threshold"":0.10000000149011612,""typical_p"":1.0,""repeat_last_n"":64,""repeat_penalty"":1.0,""presence_penalty"":0.0,""frequency_penalty"":0.0,""dry_multiplier"":0.0,""dry_base"":1.75,""dry_allowed_length"":2,""dry_penalty_last_n"":8192,""mirostat"":0,""mirostat_tau"":5.0,""mirostat_eta"":0.10000000149011612,""max_tokens"":2048,""n_predict"":2048,""n_keep"":0,""n_discard"":0,""ignore_eos"":false,""stream"":false,""n_probs"":0,""min_keep"":0,""chat_format"":""peg-native"",""reasoning_format"":""deepseek"",""reasoning_in_content"":false,""thinking_forced_open"":false,""samplers"":[""penalties"",""dry"",""top_n_sigma"",""top_k"",""typ_p"",""top_p"",""min_p"",""xtc"",""temperature""],""speculative.n_max"":16,""speculative.n_min"":0,""speculative.p_min"":0.75,""speculative.type"":""none"",""spec",16810,7766,0,"[{""pid"": 1959487, ""port"": ""8002"", ""model"": ""qwen2.5-14b-instruct-q4_k_m.gguf"", ""vram_mb"": 12464, ""status"": ""AUTHORISED""}]",healthy,ok
1777872004.024722,2026-05-04T05:20:04.024722+00:00,cell_c_parallel2_two_doc_concurrent,poll,,True,True,[1959487],200,"[{""id"":0,""n_ctx"":8192,""speculative"":false,""is_processing"":false,""id_task"":1394,""params"":{""seed"":4294967295,""temperature"":0.0,""dynatemp_range"":0.0,""dynatemp_exponent"":1.0,""top_k"":40,""top_p"":0.949999988079071,""min_p"":0.05000000074505806,""top_n_sigma"":-1.0,""xtc_probability"":0.0,""xtc_threshold"":0.10000000149011612,""typical_p"":1.0,""repeat_last_n"":64,""repeat_penalty"":1.0,""presence_penalty"":0.0,""frequency_penalty"":0.0,""dry_multiplier"":0.0,""dry_base"":1.75,""dry_allowed_length"":2,""dry_penalty_last_n"":8192,""mirostat"":0,""mirostat_tau"":5.0,""mirostat_eta"":0.10000000149011612,""max_tokens"":2048,""n_predict"":2048,""n_keep"":0,""n_discard"":0,""ignore_eos"":false,""stream"":false,""n_probs"":0,""min_keep"":0,""chat_format"":""peg-native"",""reasoning_format"":""deepseek"",""reasoning_in_content"":false,""thinking_forced_open"":false,""samplers"":[""penalties"",""dry"",""top_n_sigma"",""top_k"",""typ_p"",""top_p"",""min_p"",""xtc"",""temperature""],""speculative.n_max"":16,""speculative.n_min"":0,""speculative.p_min"":0.75,""speculative.type"":""none"",""spec",16810,7766,0,"[{""pid"": 1959487, ""port"": ""8002"", ""model"": ""qwen2.5-14b-instruct-q4_k_m.gguf"", ""vram_mb"": 12464, ""status"": ""AUTHORISED""}]",healthy,ok
1777872006.242146,2026-05-04T05:20:06.242146+00:00,cell_c_parallel2_two_doc_concurrent,poll,,True,True,[1959487],200,"[{""id"":0,""n_ctx"":8192,""speculative"":false,""is_processing"":false,""id_task"":1394,""params"":{""seed"":4294967295,""temperature"":0.0,""dynatemp_range"":0.0,""dynatemp_exponent"":1.0,""top_k"":40,""top_p"":0.949999988079071,""min_p"":0.05000000074505806,""top_n_sigma"":-1.0,""xtc_probability"":0.0,""xtc_threshold"":0.10000000149011612,""typical_p"":1.0,""repeat_last_n"":64,""repeat_penalty"":1.0,""presence_penalty"":0.0,""frequency_penalty"":0.0,""dry_multiplier"":0.0,""dry_base"":1.75,""dry_allowed_length"":2,""dry_penalty_last_n"":8192,""mirostat"":0,""mirostat_tau"":5.0,""mirostat_eta"":0.10000000149011612,""max_tokens"":2048,""n_predict"":2048,""n_keep"":0,""n_discard"":0,""ignore_eos"":false,""stream"":false,""n_probs"":0,""min_keep"":0,""chat_format"":""peg-native"",""reasoning_format"":""deepseek"",""reasoning_in_content"":false,""thinking_forced_open"":false,""samplers"":[""penalties"",""dry"",""top_n_sigma"",""top_k"",""typ_p"",""top_p"",""min_p"",""xtc"",""temperature""],""speculative.n_max"":16,""speculative.n_min"":0,""speculative.p_min"":0.75,""speculative.type"":""none"",""spec",16810,7766,0,"[{""pid"": 1959487, ""port"": ""8002"", ""model"": ""qwen2.5-14b-instruct-q4_k_m.gguf"", ""vram_mb"": 12464, ""status"": ""AUTHORISED""}]",healthy,ok
1777872008.460744,2026-05-04T05:20:08.460744+00:00,cell_c_parallel2_two_doc_concurrent,poll,,True,True,[1959487],200,"[{""id"":0,""n_ctx"":8192,""speculative"":false,""is_processing"":false,""id_task"":1394,""params"":{""seed"":4294967295,""temperature"":0.0,""dynatemp_range"":0.0,""dynatemp_exponent"":1.0,""top_k"":40,""top_p"":0.949999988079071,""min_p"":0.05000000074505806,""top_n_sigma"":-1.0,""xtc_probability"":0.0,""xtc_threshold"":0.10000000149011612,""typical_p"":1.0,""repeat_last_n"":64,""repeat_penalty"":1.0,""presence_penalty"":0.0,""frequency_penalty"":0.0,""dry_multiplier"":0.0,""dry_base"":1.75,""dry_allowed_length"":2,""dry_penalty_last_n"":8192,""mirostat"":0,""mirostat_tau"":5.0,""mirostat_eta"":0.10000000149011612,""max_tokens"":2048,""n_predict"":2048,""n_keep"":0,""n_discard"":0,""ignore_eos"":false,""stream"":false,""n_probs"":0,""min_keep"":0,""chat_format"":""peg-native"",""reasoning_format"":""deepseek"",""reasoning_in_content"":false,""thinking_forced_open"":false,""samplers"":[""penalties"",""dry"",""top_n_sigma"",""top_k"",""typ_p"",""top_p"",""min_p"",""xtc"",""temperature""],""speculative.n_max"":16,""speculative.n_min"":0,""speculative.p_min"":0.75,""speculative.type"":""none"",""spec",16828,7750,0,"[{""pid"": 1959487, ""port"": ""8002"", ""model"": ""qwen2.5-14b-instruct-q4_k_m.gguf"", ""vram_mb"": 12464, ""status"": ""AUTHORISED""}]",healthy,ok
1777872010.679144,2026-05-04T05:20:10.679144+00:00,cell_c_parallel2_two_doc_concurrent,poll,,True,True,[1959487],200,"[{""id"":0,""n_ctx"":8192,""speculative"":false,""is_processing"":false,""id_task"":1394,""params"":{""seed"":4294967295,""temperature"":0.0,""dynatemp_range"":0.0,""dynatemp_exponent"":1.0,""top_k"":40,""top_p"":0.949999988079071,""min_p"":0.05000000074505806,""top_n_sigma"":-1.0,""xtc_probability"":0.0,""xtc_threshold"":0.10000000149011612,""typical_p"":1.0,""repeat_last_n"":64,""repeat_penalty"":1.0,""presence_penalty"":0.0,""frequency_penalty"":0.0,""dry_multiplier"":0.0,""dry_base"":1.75,""dry_allowed_length"":2,""dry_penalty_last_n"":8192,""mirostat"":0,""mirostat_tau"":5.0,""mirostat_eta"":0.10000000149011612,""max_tokens"":2048,""n_predict"":2048,""n_keep"":0,""n_discard"":0,""ignore_eos"":false,""stream"":false,""n_probs"":0,""min_keep"":0,""chat_format"":""peg-native"",""reasoning_format"":""deepseek"",""reasoning_in_content"":false,""thinking_forced_open"":false,""samplers"":[""penalties"",""dry"",""top_n_sigma"",""top_k"",""typ_p"",""top_p"",""min_p"",""xtc"",""temperature""],""speculative.n_max"":16,""speculative.n_min"":0,""speculative.p_min"":0.75,""speculative.type"":""none"",""spec",16832,7744,0,"[{""pid"": 1959487, ""port"": ""8002"", ""model"": ""qwen2.5-14b-instruct-q4_k_m.gguf"", ""vram_mb"": 12464, ""status"": ""AUTHORISED""}]",healthy,ok
1777872012.914537,2026-05-04T05:20:12.914537+00:00,cell_c_parallel2_two_doc_concurrent,poll,,True,True,[1959487],200,"[{""id"":0,""n_ctx"":8192,""speculative"":false,""is_processing"":false,""id_task"":1394,""params"":{""seed"":4294967295,""temperature"":0.0,""dynatemp_range"":0.0,""dynatemp_exponent"":1.0,""top_k"":40,""top_p"":0.949999988079071,""min_p"":0.05000000074505806,""top_n_sigma"":-1.0,""xtc_probability"":0.0,""xtc_threshold"":0.10000000149011612,""typical_p"":1.0,""repeat_last_n"":64,""repeat_penalty"":1.0,""presence_penalty"":0.0,""frequency_penalty"":0.0,""dry_multiplier"":0.0,""dry_base"":1.75,""dry_allowed_length"":2,""dry_penalty_last_n"":8192,""mirostat"":0,""mirostat_tau"":5.0,""mirostat_eta"":0.10000000149011612,""max_tokens"":2048,""n_predict"":2048,""n_keep"":0,""n_discard"":0,""ignore_eos"":false,""stream"":false,""n_probs"":0,""min_keep"":0,""chat_format"":""peg-native"",""reasoning_format"":""deepseek"",""reasoning_in_content"":false,""thinking_forced_open"":false,""samplers"":[""penalties"",""dry"",""top_n_sigma"",""top_k"",""typ_p"",""top_p"",""min_p"",""xtc"",""temperature""],""speculative.n_max"":16,""speculative.n_min"":0,""speculative.p_min"":0.75,""speculative.type"":""none"",""spec",16832,7744,0,"[{""pid"": 1959487, ""port"": ""8002"", ""model"": ""qwen2.5-14b-instruct-q4_k_m.gguf"", ""vram_mb"": 12464, ""status"": ""AUTHORISED""}]",healthy,ok
1777872015.128158,2026-05-04T05:20:15.128158+00:00,cell_c_parallel2_two_doc_concurrent,poll,,True,True,[1959487],200,"[{""id"":0,""n_ctx"":8192,""speculative"":false,""is_processing"":false,""id_task"":1394,""params"":{""seed"":4294967295,""temperature"":0.0,""dynatemp_range"":0.0,""dynatemp_exponent"":1.0,""top_k"":40,""top_p"":0.949999988079071,""min_p"":0.05000000074505806,""top_n_sigma"":-1.0,""xtc_probability"":0.0,""xtc_threshold"":0.10000000149011612,""typical_p"":1.0,""repeat_last_n"":64,""repeat_penalty"":1.0,""presence_penalty"":0.0,""frequency_penalty"":0.0,""dry_multiplier"":0.0,""dry_base"":1.75,""dry_allowed_length"":2,""dry_penalty_last_n"":8192,""mirostat"":0,""mirostat_tau"":5.0,""mirostat_eta"":0.10000000149011612,""max_tokens"":2048,""n_predict"":2048,""n_keep"":0,""n_discard"":0,""ignore_eos"":false,""stream"":false,""n_probs"":0,""min_keep"":0,""chat_format"":""peg-native"",""reasoning_format"":""deepseek"",""reasoning_in_content"":false,""thinking_forced_open"":false,""samplers"":[""penalties"",""dry"",""top_n_sigma"",""top_k"",""typ_p"",""top_p"",""min_p"",""xtc"",""temperature""],""speculative.n_max"":16,""speculative.n_min"":0,""speculative.p_min"":0.75,""speculative.type"":""none"",""spec",16842,7734,0,"[{""pid"": 1959487, ""port"": ""8002"", ""model"": ""qwen2.5-14b-instruct-q4_k_m.gguf"", ""vram_mb"": 12464, ""status"": ""AUTHORISED""}]",healthy,ok
1777872017.351878,2026-05-04T05:20:17.351878+00:00,cell_c_parallel2_two_doc_concurrent,poll,,True,True,[1959487],200,"[{""id"":0,""n_ctx"":8192,""speculative"":false,""is_processing"":false,""id_task"":1394,""params"":{""seed"":4294967295,""temperature"":0.0,""dynatemp_range"":0.0,""dynatemp_exponent"":1.0,""top_k"":40,""top_p"":0.949999988079071,""min_p"":0.05000000074505806,""top_n_sigma"":-1.0,""xtc_probability"":0.0,""xtc_threshold"":0.10000000149011612,""typical_p"":1.0,""repeat_last_n"":64,""repeat_penalty"":1.0,""presence_penalty"":0.0,""frequency_penalty"":0.0,""dry_multiplier"":0.0,""dry_base"":1.75,""dry_allowed_length"":2,""dry_penalty_last_n"":8192,""mirostat"":0,""mirostat_tau"":5.0,""mirostat_eta"":0.10000000149011612,""max_tokens"":2048,""n_predict"":2048,""n_keep"":0,""n_discard"":0,""ignore_eos"":false,""stream"":false,""n_probs"":0,""min_keep"":0,""chat_format"":""peg-native"",""reasoning_format"":""deepseek"",""reasoning_in_content"":false,""thinking_forced_open"":false,""samplers"":[""penalties"",""dry"",""top_n_sigma"",""top_k"",""typ_p"",""top_p"",""min_p"",""xtc"",""temperature""],""speculative.n_max"":16,""speculative.n_min"":0,""speculative.p_min"":0.75,""speculative.type"":""none"",""spec",16842,7734,0,"[{""pid"": 1959487, ""port"": ""8002"", ""model"": ""qwen2.5-14b-instruct-q4_k_m.gguf"", ""vram_mb"": 12464, ""status"": ""AUTHORISED""}]",healthy,ok
1777872019.593159,2026-05-04T05:20:19.593159+00:00,cell_c_parallel2_two_doc_concurrent,poll,,True,True,[1959487],200,"[{""id"":0,""n_ctx"":8192,""speculative"":false,""is_processing"":false,""id_task"":1394,""params"":{""seed"":4294967295,""temperature"":0.0,""dynatemp_range"":0.0,""dynatemp_exponent"":1.0,""top_k"":40,""top_p"":0.949999988079071,""min_p"":0.05000000074505806,""top_n_sigma"":-1.0,""xtc_probability"":0.0,""xtc_threshold"":0.10000000149011612,""typical_p"":1.0,""repeat_last_n"":64,""repeat_penalty"":1.0,""presence_penalty"":0.0,""frequency_penalty"":0.0,""dry_multiplier"":0.0,""dry_base"":1.75,""dry_allowed_length"":2,""dry_penalty_last_n"":8192,""mirostat"":0,""mirostat_tau"":5.0,""mirostat_eta"":0.10000000149011612,""max_tokens"":2048,""n_predict"":2048,""n_keep"":0,""n_discard"":0,""ignore_eos"":false,""stream"":false,""n_probs"":0,""min_keep"":0,""chat_format"":""peg-native"",""reasoning_format"":""deepseek"",""reasoning_in_content"":false,""thinking_forced_open"":false,""samplers"":[""penalties"",""dry"",""top_n_sigma"",""top_k"",""typ_p"",""top_p"",""min_p"",""xtc"",""temperature""],""speculative.n_max"":16,""speculative.n_min"":0,""speculative.p_min"":0.75,""speculative.type"":""none"",""spec",16842,7734,0,"[{""pid"": 1959487, ""port"": ""8002"", ""model"": ""qwen2.5-14b-instruct-q4_k_m.gguf"", ""vram_mb"": 12464, ""status"": ""AUTHORISED""}]",healthy,ok
1777872021.879195,2026-05-04T05:20:21.879195+00:00,cell_c_parallel2_two_doc_concurrent,poll,,True,True,[1959487],200,"[{""id"":0,""n_ctx"":8192,""speculative"":false,""is_processing"":false,""id_task"":1394,""params"":{""seed"":4294967295,""temperature"":0.0,""dynatemp_range"":0.0,""dynatemp_exponent"":1.0,""top_k"":40,""top_p"":0.949999988079071,""min_p"":0.05000000074505806,""top_n_sigma"":-1.0,""xtc_probability"":0.0,""xtc_threshold"":0.10000000149011612,""typical_p"":1.0,""repeat_last_n"":64,""repeat_penalty"":1.0,""presence_penalty"":0.0,""frequency_penalty"":0.0,""dry_multiplier"":0.0,""dry_base"":1.75,""dry_allowed_length"":2,""dry_penalty_last_n"":8192,""mirostat"":0,""mirostat_tau"":5.0,""mirostat_eta"":0.10000000149011612,""max_tokens"":2048,""n_predict"":2048,""n_keep"":0,""n_discard"":0,""ignore_eos"":false,""stream"":false,""n_probs"":0,""min_keep"":0,""chat_format"":""peg-native"",""reasoning_format"":""deepseek"",""reasoning_in_content"":false,""thinking_forced_open"":false,""samplers"":[""penalties"",""dry"",""top_n_sigma"",""top_k"",""typ_p"",""top_p"",""min_p"",""xtc"",""temperature""],""speculative.n_max"":16,""speculative.n_min"":0,""speculative.p_min"":0.75,""speculative.type"":""none"",""spec",16842,7734,0,"[{""pid"": 1959487, ""port"": ""8002"", ""model"": ""qwen2.5-14b-instruct-q4_k_m.gguf"", ""vram_mb"": 12464, ""status"": ""AUTHORISED""}]",healthy,ok
1777872024.138834,2026-05-04T05:20:24.138834+00:00,cell_c_parallel2_two_doc_concurrent,poll,,True,True,[1959487],200,"[{""id"":0,""n_ctx"":8192,""speculative"":false,""is_processing"":false,""id_task"":1394,""params"":{""seed"":4294967295,""temperature"":0.0,""dynatemp_range"":0.0,""dynatemp_exponent"":1.0,""top_k"":40,""top_p"":0.949999988079071,""min_p"":0.05000000074505806,""top_n_sigma"":-1.0,""xtc_probability"":0.0,""xtc_threshold"":0.10000000149011612,""typical_p"":1.0,""repeat_last_n"":64,""repeat_penalty"":1.0,""presence_penalty"":0.0,""frequency_penalty"":0.0,""dry_multiplier"":0.0,""dry_base"":1.75,""dry_allowed_length"":2,""dry_penalty_last_n"":8192,""mirostat"":0,""mirostat_tau"":5.0,""mirostat_eta"":0.10000000149011612,""max_tokens"":2048,""n_predict"":2048,""n_keep"":0,""n_discard"":0,""ignore_eos"":false,""stream"":false,""n_probs"":0,""min_keep"":0,""chat_format"":""peg-native"",""reasoning_format"":""deepseek"",""reasoning_in_content"":false,""thinking_forced_open"":false,""samplers"":[""penalties"",""dry"",""top_n_sigma"",""top_k"",""typ_p"",""top_p"",""min_p"",""xtc"",""temperature""],""speculative.n_max"":16,""speculative.n_min"":0,""speculative.p_min"":0.75,""speculative.type"":""none"",""spec",16842,7734,0,"[{""pid"": 1959487, ""port"": ""8002"", ""model"": ""qwen2.5-14b-instruct-q4_k_m.gguf"", ""vram_mb"": 12464, ""status"": ""AUTHORISED""}]",healthy,ok
1777872026.349198,2026-05-04T05:20:26.349198+00:00,cell_c_parallel2_two_doc_concurrent,poll,,True,True,[1959487],200,"[{""id"":0,""n_ctx"":8192,""speculative"":false,""is_processing"":false,""id_task"":1394,""params"":{""seed"":4294967295,""temperature"":0.0,""dynatemp_range"":0.0,""dynatemp_exponent"":1.0,""top_k"":40,""top_p"":0.949999988079071,""min_p"":0.05000000074505806,""top_n_sigma"":-1.0,""xtc_probability"":0.0,""xtc_threshold"":0.10000000149011612,""typical_p"":1.0,""repeat_last_n"":64,""repeat_penalty"":1.0,""presence_penalty"":0.0,""frequency_penalty"":0.0,""dry_multiplier"":0.0,""dry_base"":1.75,""dry_allowed_length"":2,""dry_penalty_last_n"":8192,""mirostat"":0,""mirostat_tau"":5.0,""mirostat_eta"":0.10000000149011612,""max_tokens"":2048,""n_predict"":2048,""n_keep"":0,""n_discard"":0,""ignore_eos"":false,""stream"":false,""n_probs"":0,""min_keep"":0,""chat_format"":""peg-native"",""reasoning_format"":""deepseek"",""reasoning_in_content"":false,""thinking_forced_open"":false,""samplers"":[""penalties"",""dry"",""top_n_sigma"",""top_k"",""typ_p"",""top_p"",""min_p"",""xtc"",""temperature""],""speculative.n_max"":16,""speculative.n_min"":0,""speculative.p_min"":0.75,""speculative.type"":""none"",""spec",16842,7734,0,"[{""pid"": 1959487, ""port"": ""8002"", ""model"": ""qwen2.5-14b-instruct-q4_k_m.gguf"", ""vram_mb"": 12464, ""status"": ""AUTHORISED""}]",healthy,ok
1777872028.657534,2026-05-04T05:20:28.657534+00:00,cell_c_parallel2_two_doc_concurrent,poll,,True,True,[1959487],200,"[{""id"":0,""n_ctx"":8192,""speculative"":false,""is_processing"":false,""id_task"":1394,""params"":{""seed"":4294967295,""temperature"":0.0,""dynatemp_range"":0.0,""dynatemp_exponent"":1.0,""top_k"":40,""top_p"":0.949999988079071,""min_p"":0.05000000074505806,""top_n_sigma"":-1.0,""xtc_probability"":0.0,""xtc_threshold"":0.10000000149011612,""typical_p"":1.0,""repeat_last_n"":64,""repeat_penalty"":1.0,""presence_penalty"":0.0,""frequency_penalty"":0.0,""dry_multiplier"":0.0,""dry_base"":1.75,""dry_allowed_length"":2,""dry_penalty_last_n"":8192,""mirostat"":0,""mirostat_tau"":5.0,""mirostat_eta"":0.10000000149011612,""max_tokens"":2048,""n_predict"":2048,""n_keep"":0,""n_discard"":0,""ignore_eos"":false,""stream"":false,""n_probs"":0,""min_keep"":0,""chat_format"":""peg-native"",""reasoning_format"":""deepseek"",""reasoning_in_content"":false,""thinking_forced_open"":false,""samplers"":[""penalties"",""dry"",""top_n_sigma"",""top_k"",""typ_p"",""top_p"",""min_p"",""xtc"",""temperature""],""speculative.n_max"":16,""speculative.n_min"":0,""speculative.p_min"":0.75,""speculative.type"":""none"",""spec",16842,7734,0,"[{""pid"": 1959487, ""port"": ""8002"", ""model"": ""qwen2.5-14b-instruct-q4_k_m.gguf"", ""vram_mb"": 12464, ""status"": ""AUTHORISED""}]",healthy,ok
1777872030.851194,2026-05-04T05:20:30.851194+00:00,cell_c_parallel2_two_doc_concurrent,poll,,True,True,[1959487],,TimeoutError: timed out,16842,7734,0,"[{""pid"": 1959487, ""port"": ""8002"", ""model"": ""qwen2.5-14b-instruct-q4_k_m.gguf"", ""vram_mb"": 12464, ""status"": ""AUTHORISED""}]",healthy,timeout
1777872036.071286,2026-05-04T05:20:36.071286+00:00,cell_c_parallel2_two_doc_concurrent,poll,,True,True,[1959487],200,"[{""id"":0,""n_ctx"":8192,""speculative"":false,""is_processing"":false,""id_task"":1394,""params"":{""seed"":4294967295,""temperature"":0.0,""dynatemp_range"":0.0,""dynatemp_exponent"":1.0,""top_k"":40,""top_p"":0.949999988079071,""min_p"":0.05000000074505806,""top_n_sigma"":-1.0,""xtc_probability"":0.0,""xtc_threshold"":0.10000000149011612,""typical_p"":1.0,""repeat_last_n"":64,""repeat_penalty"":1.0,""presence_penalty"":0.0,""frequency_penalty"":0.0,""dry_multiplier"":0.0,""dry_base"":1.75,""dry_allowed_length"":2,""dry_penalty_last_n"":8192,""mirostat"":0,""mirostat_tau"":5.0,""mirostat_eta"":0.10000000149011612,""max_tokens"":2048,""n_predict"":2048,""n_keep"":0,""n_discard"":0,""ignore_eos"":false,""stream"":false,""n_probs"":0,""min_keep"":0,""chat_format"":""peg-native"",""reasoning_format"":""deepseek"",""reasoning_in_content"":false,""thinking_forced_open"":false,""samplers"":[""penalties"",""dry"",""top_n_sigma"",""top_k"",""typ_p"",""top_p"",""min_p"",""xtc"",""temperature""],""speculative.n_max"":16,""speculative.n_min"":0,""speculative.p_min"":0.75,""speculative.type"":""none"",""spec",16842,7734,0,"[{""pid"": 1959487, ""port"": ""8002"", ""model"": ""qwen2.5-14b-instruct-q4_k_m.gguf"", ""vram_mb"": 12464, ""status"": ""AUTHORISED""}]",healthy,ok
1777872038.370159,2026-05-04T05:20:38.370159+00:00,cell_c_parallel2_two_doc_concurrent,poll,,True,True,[1959487],200,"[{""id"":0,""n_ctx"":8192,""speculative"":false,""is_processing"":false,""id_task"":1394,""params"":{""seed"":4294967295,""temperature"":0.0,""dynatemp_range"":0.0,""dynatemp_exponent"":1.0,""top_k"":40,""top_p"":0.949999988079071,""min_p"":0.05000000074505806,""top_n_sigma"":-1.0,""xtc_probability"":0.0,""xtc_threshold"":0.10000000149011612,""typical_p"":1.0,""repeat_last_n"":64,""repeat_penalty"":1.0,""presence_penalty"":0.0,""frequency_penalty"":0.0,""dry_multiplier"":0.0,""dry_base"":1.75,""dry_allowed_length"":2,""dry_penalty_last_n"":8192,""mirostat"":0,""mirostat_tau"":5.0,""mirostat_eta"":0.10000000149011612,""max_tokens"":2048,""n_predict"":2048,""n_keep"":0,""n_discard"":0,""ignore_eos"":false,""stream"":false,""n_probs"":0,""min_keep"":0,""chat_format"":""peg-native"",""reasoning_format"":""deepseek"",""reasoning_in_content"":false,""thinking_forced_open"":false,""samplers"":[""penalties"",""dry"",""top_n_sigma"",""top_k"",""typ_p"",""top_p"",""min_p"",""xtc"",""temperature""],""speculative.n_max"":16,""speculative.n_min"":0,""speculative.p_min"":0.75,""speculative.type"":""none"",""spec",16842,7734,0,"[{""pid"": 1959487, ""port"": ""8002"", ""model"": ""qwen2.5-14b-instruct-q4_k_m.gguf"", ""vram_mb"": 12464, ""status"": ""AUTHORISED""}]",healthy,ok
1777872040.71345,2026-05-04T05:20:40.713450+00:00,cell_c_parallel2_two_doc_concurrent,poll,,True,True,[1959487],200,"[{""id"":0,""n_ctx"":8192,""speculative"":false,""is_processing"":false,""id_task"":1394,""params"":{""seed"":4294967295,""temperature"":0.0,""dynatemp_range"":0.0,""dynatemp_exponent"":1.0,""top_k"":40,""top_p"":0.949999988079071,""min_p"":0.05000000074505806,""top_n_sigma"":-1.0,""xtc_probability"":0.0,""xtc_threshold"":0.10000000149011612,""typical_p"":1.0,""repeat_last_n"":64,""repeat_penalty"":1.0,""presence_penalty"":0.0,""frequency_penalty"":0.0,""dry_multiplier"":0.0,""dry_base"":1.75,""dry_allowed_length"":2,""dry_penalty_last_n"":8192,""mirostat"":0,""mirostat_tau"":5.0,""mirostat_eta"":0.10000000149011612,""max_tokens"":2048,""n_predict"":2048,""n_keep"":0,""n_discard"":0,""ignore_eos"":false,""stream"":false,""n_probs"":0,""min_keep"":0,""chat_format"":""peg-native"",""reasoning_format"":""deepseek"",""reasoning_in_content"":false,""thinking_forced_open"":false,""samplers"":[""penalties"",""dry"",""top_n_sigma"",""top_k"",""typ_p"",""top_p"",""min_p"",""xtc"",""temperature""],""speculative.n_max"":16,""speculative.n_min"":0,""speculative.p_min"":0.75,""speculative.type"":""none"",""spec",16842,7734,0,"[{""pid"": 1959487, ""port"": ""8002"", ""model"": ""qwen2.5-14b-instruct-q4_k_m.gguf"", ""vram_mb"": 12464, ""status"": ""AUTHORISED""}]",healthy,ok
1777872043.005928,2026-05-04T05:20:43.005928+00:00,cell_c_parallel2_two_doc_concurrent,poll,,True,False,[1959487],,TimeoutError: timed out,16842,7734,0,"[{""pid"": 1959487, ""port"": ""8002"", ""model"": ""qwen2.5-14b-instruct-q4_k_m.gguf"", ""vram_mb"": 12464, ""status"": ""AUTHORISED""}]",port_open_health_false,timeout
1777872053.235147,2026-05-04T05:20:53.235147+00:00,cell_c_parallel2_two_doc_concurrent,poll,,True,False,[1959487],,TimeoutError: timed out,16842,7734,0,"[{""pid"": 1959487, ""port"": ""8002"", ""model"": ""qwen2.5-14b-instruct-q4_k_m.gguf"", ""vram_mb"": 12464, ""status"": ""AUTHORISED""}]",port_open_health_false,timeout
1777872063.545276,2026-05-04T05:21:03.545276+00:00,cell_c_parallel2_two_doc_concurrent,poll,,True,False,[1959487],,TimeoutError: timed out,16842,7734,0,"[{""pid"": 1959487, ""port"": ""8002"", ""model"": ""qwen2.5-14b-instruct-q4_k_m.gguf"", ""vram_mb"": 12464, ""status"": ""AUTHORISED""}]",port_open_health_false,timeout
1777872073.79489,2026-05-04T05:21:13.794890+00:00,cell_c_parallel2_two_doc_concurrent,poll,,True,False,[1959487],,TimeoutError: timed out,16842,7734,0,"[{""pid"": 1959487, ""port"": ""8002"", ""model"": ""qwen2.5-14b-instruct-q4_k_m.gguf"", ""vram_mb"": 12464, ""status"": ""AUTHORISED""}]",port_open_health_false,timeout
1777872084.117146,2026-05-04T05:21:24.117146+00:00,cell_c_parallel2_two_doc_concurrent,poll,,True,False,[1959487],,TimeoutError: timed out,16842,7734,0,"[{""pid"": 1959487, ""port"": ""8002"", ""model"": ""qwen2.5-14b-instruct-q4_k_m.gguf"", ""vram_mb"": 12464, ""status"": ""AUTHORISED""}]",port_open_health_false,timeout
1777872094.403307,2026-05-04T05:21:34.403307+00:00,cell_c_parallel2_two_doc_concurrent,poll,,True,False,[1959487],,TimeoutError: timed out,16842,7734,0,"[{""pid"": 1959487, ""port"": ""8002"", ""model"": ""qwen2.5-14b-instruct-q4_k_m.gguf"", ""vram_mb"": 12464, ""status"": ""AUTHORISED""}]",port_open_health_false,timeout
1777872104.624547,2026-05-04T05:21:44.624547+00:00,cell_c_parallel2_two_doc_concurrent,poll,,True,True,[1959487],200,"[{""id"":0,""n_ctx"":8192,""speculative"":false,""is_processing"":true,""id_task"":1607,""params"":{""seed"":4294967295,""temperature"":0.0,""dynatemp_range"":0.0,""dynatemp_exponent"":1.0,""top_k"":40,""top_p"":0.949999988079071,""min_p"":0.05000000074505806,""top_n_sigma"":-1.0,""xtc_probability"":0.0,""xtc_threshold"":0.10000000149011612,""typical_p"":1.0,""repeat_last_n"":64,""repeat_penalty"":1.0,""presence_penalty"":0.0,""frequency_penalty"":0.0,""dry_multiplier"":0.0,""dry_base"":1.75,""dry_allowed_length"":2,""dry_penalty_last_n"":8192,""mirostat"":0,""mirostat_tau"":5.0,""mirostat_eta"":0.10000000149011612,""max_tokens"":2048,""n_predict"":2048,""n_keep"":0,""n_discard"":0,""ignore_eos"":false,""stream"":false,""n_probs"":0,""min_keep"":0,""chat_format"":""peg-native"",""reasoning_format"":""deepseek"",""reasoning_in_content"":false,""thinking_forced_open"":false,""samplers"":[""penalties"",""dry"",""top_n_sigma"",""top_k"",""typ_p"",""top_p"",""min_p"",""xtc"",""temperature""],""speculative.n_max"":16,""speculative.n_min"":0,""speculative.p_min"":0.75,""speculative.type"":""none"",""specu",16988,7588,0,"[{""pid"": 1959487, ""port"": ""8002"", ""model"": ""qwen2.5-14b-instruct-q4_k_m.gguf"", ""vram_mb"": 12464, ""status"": ""AUTHORISED""}]",healthy,ok
1777872111.238651,2026-05-04T05:21:51.238651+00:00,cell_c_parallel2_two_doc_concurrent,poll,,True,True,[1959487],,TimeoutError: timed out,16988,7588,0,"[{""pid"": 1959487, ""port"": ""8002"", ""model"": ""qwen2.5-14b-instruct-q4_k_m.gguf"", ""vram_mb"": 12464, ""status"": ""AUTHORISED""}]",healthy,timeout
1777872117.0065,2026-05-04T05:21:57.006500+00:00,cell_c_parallel2_two_doc_concurrent,poll,,True,True,[1959487],200,"[{""id"":0,""n_ctx"":8192,""speculative"":false,""is_processing"":true,""id_task"":1607,""params"":{""seed"":4294967295,""temperature"":0.0,""dynatemp_range"":0.0,""dynatemp_exponent"":1.0,""top_k"":40,""top_p"":0.949999988079071,""min_p"":0.05000000074505806,""top_n_sigma"":-1.0,""xtc_probability"":0.0,""xtc_threshold"":0.10000000149011612,""typical_p"":1.0,""repeat_last_n"":64,""repeat_penalty"":1.0,""presence_penalty"":0.0,""frequency_penalty"":0.0,""dry_multiplier"":0.0,""dry_base"":1.75,""dry_allowed_length"":2,""dry_penalty_last_n"":8192,""mirostat"":0,""mirostat_tau"":5.0,""mirostat_eta"":0.10000000149011612,""max_tokens"":2048,""n_predict"":2048,""n_keep"":0,""n_discard"":0,""ignore_eos"":false,""stream"":false,""n_probs"":0,""min_keep"":0,""chat_format"":""peg-native"",""reasoning_format"":""deepseek"",""reasoning_in_content"":false,""thinking_forced_open"":false,""samplers"":[""penalties"",""dry"",""top_n_sigma"",""top_k"",""typ_p"",""top_p"",""min_p"",""xtc"",""temperature""],""speculative.n_max"":16,""speculative.n_min"":0,""speculative.p_min"":0.75,""speculative.type"":""none"",""specu",16988,7588,0,"[{""pid"": 1959487, ""port"": ""8002"", ""model"": ""qwen2.5-14b-instruct-q4_k_m.gguf"", ""vram_mb"": 12464, ""status"": ""AUTHORISED""}]",healthy,ok
1777872120.343902,2026-05-04T05:22:00.343902+00:00,cell_c_parallel2_two_doc_concurrent,poll,,True,True,[1959487],200,"[{""id"":0,""n_ctx"":8192,""speculative"":false,""is_processing"":true,""id_task"":1607,""params"":{""seed"":4294967295,""temperature"":0.0,""dynatemp_range"":0.0,""dynatemp_exponent"":1.0,""top_k"":40,""top_p"":0.949999988079071,""min_p"":0.05000000074505806,""top_n_sigma"":-1.0,""xtc_probability"":0.0,""xtc_threshold"":0.10000000149011612,""typical_p"":1.0,""repeat_last_n"":64,""repeat_penalty"":1.0,""presence_penalty"":0.0,""frequency_penalty"":0.0,""dry_multiplier"":0.0,""dry_base"":1.75,""dry_allowed_length"":2,""dry_penalty_last_n"":8192,""mirostat"":0,""mirostat_tau"":5.0,""mirostat_eta"":0.10000000149011612,""max_tokens"":2048,""n_predict"":2048,""n_keep"":0,""n_discard"":0,""ignore_eos"":false,""stream"":false,""n_probs"":0,""min_keep"":0,""chat_format"":""peg-native"",""reasoning_format"":""deepseek"",""reasoning_in_content"":false,""thinking_forced_open"":false,""samplers"":[""penalties"",""dry"",""top_n_sigma"",""top_k"",""typ_p"",""top_p"",""min_p"",""xtc"",""temperature""],""speculative.n_max"":16,""speculative.n_min"":0,""speculative.p_min"":0.75,""speculative.type"":""none"",""specu",16988,7588,0,"[{""pid"": 1959487, ""port"": ""8002"", ""model"": ""qwen2.5-14b-instruct-q4_k_m.gguf"", ""vram_mb"": 12464, ""status"": ""AUTHORISED""}]",healthy,ok
1777872123.119143,2026-05-04T05:22:03.119143+00:00,cell_c_parallel2_two_doc_concurrent,poll,,True,True,[1959487],200,"[{""id"":0,""n_ctx"":8192,""speculative"":false,""is_processing"":true,""id_task"":1611,""params"":{""seed"":4294967295,""temperature"":0.0,""dynatemp_range"":0.0,""dynatemp_exponent"":1.0,""top_k"":40,""top_p"":0.949999988079071,""min_p"":0.05000000074505806,""top_n_sigma"":-1.0,""xtc_probability"":0.0,""xtc_threshold"":0.10000000149011612,""typical_p"":1.0,""repeat_last_n"":64,""repeat_penalty"":1.0,""presence_penalty"":0.0,""frequency_penalty"":0.0,""dry_multiplier"":0.0,""dry_base"":1.75,""dry_allowed_length"":2,""dry_penalty_last_n"":8192,""mirostat"":0,""mirostat_tau"":5.0,""mirostat_eta"":0.10000000149011612,""max_tokens"":2048,""n_predict"":2048,""n_keep"":0,""n_discard"":0,""ignore_eos"":false,""stream"":false,""n_probs"":0,""min_keep"":0,""chat_format"":""peg-native"",""reasoning_format"":""deepseek"",""reasoning_in_content"":false,""thinking_forced_open"":false,""samplers"":[""penalties"",""dry"",""top_n_sigma"",""top_k"",""typ_p"",""top_p"",""min_p"",""xtc"",""temperature""],""speculative.n_max"":16,""speculative.n_min"":0,""speculative.p_min"":0.75,""speculative.type"":""none"",""specu",16988,7588,0,"[{""pid"": 1959487, ""port"": ""8002"", ""model"": ""qwen2.5-14b-instruct-q4_k_m.gguf"", ""vram_mb"": 12464, ""status"": ""AUTHORISED""}]",healthy,ok
1777872125.648233,2026-05-04T05:22:05.648233+00:00,cell_c_parallel2_two_doc_concurrent,poll,,True,True,[1959487],,TimeoutError: timed out,16988,7588,0,"[{""pid"": 1959487, ""port"": ""8002"", ""model"": ""qwen2.5-14b-instruct-q4_k_m.gguf"", ""vram_mb"": 12464, ""status"": ""AUTHORISED""}]",healthy,timeout
1777872132.059527,2026-05-04T05:22:12.059527+00:00,cell_c_parallel2_two_doc_concurrent,poll,,True,True,[1959487],,TimeoutError: timed out,16988,7588,0,"[{""pid"": 1959487, ""port"": ""8002"", ""model"": ""qwen2.5-14b-instruct-q4_k_m.gguf"", ""vram_mb"": 12464, ""status"": ""AUTHORISED""}]",healthy,timeout
1777872139.256258,2026-05-04T05:22:19.256258+00:00,cell_c_parallel2_two_doc_concurrent,poll,,True,True,[1959487],200,"[{""id"":0,""n_ctx"":8192,""speculative"":false,""is_processing"":true,""id_task"":1611,""params"":{""seed"":4294967295,""temperature"":0.0,""dynatemp_range"":0.0,""dynatemp_exponent"":1.0,""top_k"":40,""top_p"":0.949999988079071,""min_p"":0.05000000074505806,""top_n_sigma"":-1.0,""xtc_probability"":0.0,""xtc_threshold"":0.10000000149011612,""typical_p"":1.0,""repeat_last_n"":64,""repeat_penalty"":1.0,""presence_penalty"":0.0,""frequency_penalty"":0.0,""dry_multiplier"":0.0,""dry_base"":1.75,""dry_allowed_length"":2,""dry_penalty_last_n"":8192,""mirostat"":0,""mirostat_tau"":5.0,""mirostat_eta"":0.10000000149011612,""max_tokens"":2048,""n_predict"":2048,""n_keep"":0,""n_discard"":0,""ignore_eos"":false,""stream"":false,""n_probs"":0,""min_keep"":0,""chat_format"":""peg-native"",""reasoning_format"":""deepseek"",""reasoning_in_content"":false,""thinking_forced_open"":false,""samplers"":[""penalties"",""dry"",""top_n_sigma"",""top_k"",""typ_p"",""top_p"",""min_p"",""xtc"",""temperature""],""speculative.n_max"":16,""speculative.n_min"":0,""speculative.p_min"":0.75,""speculative.type"":""none"",""specu",16988,7588,0,"[{""pid"": 1959487, ""port"": ""8002"", ""model"": ""qwen2.5-14b-instruct-q4_k_m.gguf"", ""vram_mb"": 12464, ""status"": ""AUTHORISED""}]",healthy,ok
1777872142.00053,2026-05-04T05:22:22.000530+00:00,cell_c_parallel2_two_doc_concurrent,poll,,True,True,[1959487],200,"[{""id"":0,""n_ctx"":8192,""speculative"":false,""is_processing"":true,""id_task"":1611,""params"":{""seed"":4294967295,""temperature"":0.0,""dynatemp_range"":0.0,""dynatemp_exponent"":1.0,""top_k"":40,""top_p"":0.949999988079071,""min_p"":0.05000000074505806,""top_n_sigma"":-1.0,""xtc_probability"":0.0,""xtc_threshold"":0.10000000149011612,""typical_p"":1.0,""repeat_last_n"":64,""repeat_penalty"":1.0,""presence_penalty"":0.0,""frequency_penalty"":0.0,""dry_multiplier"":0.0,""dry_base"":1.75,""dry_allowed_length"":2,""dry_penalty_last_n"":8192,""mirostat"":0,""mirostat_tau"":5.0,""mirostat_eta"":0.10000000149011612,""max_tokens"":2048,""n_predict"":2048,""n_keep"":0,""n_discard"":0,""ignore_eos"":false,""stream"":false,""n_probs"":0,""min_keep"":0,""chat_format"":""peg-native"",""reasoning_format"":""deepseek"",""reasoning_in_content"":false,""thinking_forced_open"":false,""samplers"":[""penalties"",""dry"",""top_n_sigma"",""top_k"",""typ_p"",""top_p"",""min_p"",""xtc"",""temperature""],""speculative.n_max"":16,""speculative.n_min"":0,""speculative.p_min"":0.75,""speculative.type"":""none"",""specu",16988,7588,0,"[{""pid"": 1959487, ""port"": ""8002"", ""model"": ""qwen2.5-14b-instruct-q4_k_m.gguf"", ""vram_mb"": 12464, ""status"": ""AUTHORISED""}]",healthy,ok
1777872144.48967,2026-05-04T05:22:24.489670+00:00,cell_c_parallel2_two_doc_concurrent,poll,,True,True,[1959487],200,"[{""id"":0,""n_ctx"":8192,""speculative"":false,""is_processing"":true,""id_task"":1611,""params"":{""seed"":4294967295,""temperature"":0.0,""dynatemp_range"":0.0,""dynatemp_exponent"":1.0,""top_k"":40,""top_p"":0.949999988079071,""min_p"":0.05000000074505806,""top_n_sigma"":-1.0,""xtc_probability"":0.0,""xtc_threshold"":0.10000000149011612,""typical_p"":1.0,""repeat_last_n"":64,""repeat_penalty"":1.0,""presence_penalty"":0.0,""frequency_penalty"":0.0,""dry_multiplier"":0.0,""dry_base"":1.75,""dry_allowed_length"":2,""dry_penalty_last_n"":8192,""mirostat"":0,""mirostat_tau"":5.0,""mirostat_eta"":0.10000000149011612,""max_tokens"":2048,""n_predict"":2048,""n_keep"":0,""n_discard"":0,""ignore_eos"":false,""stream"":false,""n_probs"":0,""min_keep"":0,""chat_format"":""peg-native"",""reasoning_format"":""deepseek"",""reasoning_in_content"":false,""thinking_forced_open"":false,""samplers"":[""penalties"",""dry"",""top_n_sigma"",""top_k"",""typ_p"",""top_p"",""min_p"",""xtc"",""temperature""],""speculative.n_max"":16,""speculative.n_min"":0,""speculative.p_min"":0.75,""speculative.type"":""none"",""specu",16988,7588,0,"[{""pid"": 1959487, ""port"": ""8002"", ""model"": ""qwen2.5-14b-instruct-q4_k_m.gguf"", ""vram_mb"": 12464, ""status"": ""AUTHORISED""}]",healthy,ok
1777872147.095343,2026-05-04T05:22:27.095343+00:00,cell_c_parallel2_two_doc_concurrent,poll,,True,True,[1959487],200,"[{""id"":0,""n_ctx"":8192,""speculative"":false,""is_processing"":true,""id_task"":1611,""params"":{""seed"":4294967295,""temperature"":0.0,""dynatemp_range"":0.0,""dynatemp_exponent"":1.0,""top_k"":40,""top_p"":0.949999988079071,""min_p"":0.05000000074505806,""top_n_sigma"":-1.0,""xtc_probability"":0.0,""xtc_threshold"":0.10000000149011612,""typical_p"":1.0,""repeat_last_n"":64,""repeat_penalty"":1.0,""presence_penalty"":0.0,""frequency_penalty"":0.0,""dry_multiplier"":0.0,""dry_base"":1.75,""dry_allowed_length"":2,""dry_penalty_last_n"":8192,""mirostat"":0,""mirostat_tau"":5.0,""mirostat_eta"":0.10000000149011612,""max_tokens"":2048,""n_predict"":2048,""n_keep"":0,""n_discard"":0,""ignore_eos"":false,""stream"":false,""n_probs"":0,""min_keep"":0,""chat_format"":""peg-native"",""reasoning_format"":""deepseek"",""reasoning_in_content"":false,""thinking_forced_open"":false,""samplers"":[""penalties"",""dry"",""top_n_sigma"",""top_k"",""typ_p"",""top_p"",""min_p"",""xtc"",""temperature""],""speculative.n_max"":16,""speculative.n_min"":0,""speculative.p_min"":0.75,""speculative.type"":""none"",""specu",16988,7588,0,"[{""pid"": 1959487, ""port"": ""8002"", ""model"": ""qwen2.5-14b-instruct-q4_k_m.gguf"", ""vram_mb"": 12464, ""status"": ""AUTHORISED""}]",healthy,ok
1777872149.589903,2026-05-04T05:22:29.589903+00:00,cell_c_parallel2_two_doc_concurrent,poll,,True,True,[1959487],200,"[{""id"":0,""n_ctx"":8192,""speculative"":false,""is_processing"":true,""id_task"":1611,""params"":{""seed"":4294967295,""temperature"":0.0,""dynatemp_range"":0.0,""dynatemp_exponent"":1.0,""top_k"":40,""top_p"":0.949999988079071,""min_p"":0.05000000074505806,""top_n_sigma"":-1.0,""xtc_probability"":0.0,""xtc_threshold"":0.10000000149011612,""typical_p"":1.0,""repeat_last_n"":64,""repeat_penalty"":1.0,""presence_penalty"":0.0,""frequency_penalty"":0.0,""dry_multiplier"":0.0,""dry_base"":1.75,""dry_allowed_length"":2,""dry_penalty_last_n"":8192,""mirostat"":0,""mirostat_tau"":5.0,""mirostat_eta"":0.10000000149011612,""max_tokens"":2048,""n_predict"":2048,""n_keep"":0,""n_discard"":0,""ignore_eos"":false,""stream"":false,""n_probs"":0,""min_keep"":0,""chat_format"":""peg-native"",""reasoning_format"":""deepseek"",""reasoning_in_content"":false,""thinking_forced_open"":false,""samplers"":[""penalties"",""dry"",""top_n_sigma"",""top_k"",""typ_p"",""top_p"",""min_p"",""xtc"",""temperature""],""speculative.n_max"":16,""speculative.n_min"":0,""speculative.p_min"":0.75,""speculative.type"":""none"",""specu",16842,7734,0,"[{""pid"": 1959487, ""port"": ""8002"", ""model"": ""qwen2.5-14b-instruct-q4_k_m.gguf"", ""vram_mb"": 12464, ""status"": ""AUTHORISED""}]",healthy,ok
1777872152.088844,2026-05-04T05:22:32.088844+00:00,cell_c_parallel2_two_doc_concurrent,poll,,True,True,[1959487],200,"[{""id"":0,""n_ctx"":8192,""speculative"":false,""is_processing"":true,""id_task"":1611,""params"":{""seed"":4294967295,""temperature"":0.0,""dynatemp_range"":0.0,""dynatemp_exponent"":1.0,""top_k"":40,""top_p"":0.949999988079071,""min_p"":0.05000000074505806,""top_n_sigma"":-1.0,""xtc_probability"":0.0,""xtc_threshold"":0.10000000149011612,""typical_p"":1.0,""repeat_last_n"":64,""repeat_penalty"":1.0,""presence_penalty"":0.0,""frequency_penalty"":0.0,""dry_multiplier"":0.0,""dry_base"":1.75,""dry_allowed_length"":2,""dry_penalty_last_n"":8192,""mirostat"":0,""mirostat_tau"":5.0,""mirostat_eta"":0.10000000149011612,""max_tokens"":2048,""n_predict"":2048,""n_keep"":0,""n_discard"":0,""ignore_eos"":false,""stream"":false,""n_probs"":0,""min_keep"":0,""chat_format"":""peg-native"",""reasoning_format"":""deepseek"",""reasoning_in_content"":false,""thinking_forced_open"":false,""samplers"":[""penalties"",""dry"",""top_n_sigma"",""top_k"",""typ_p"",""top_p"",""min_p"",""xtc"",""temperature""],""speculative.n_max"":16,""speculative.n_min"":0,""speculative.p_min"":0.75,""speculative.type"":""none"",""specu",16842,7734,0,"[{""pid"": 1959487, ""port"": ""8002"", ""model"": ""qwen2.5-14b-instruct-q4_k_m.gguf"", ""vram_mb"": 12464, ""status"": ""AUTHORISED""}]",healthy,ok
1777872154.580087,2026-05-04T05:22:34.580087+00:00,cell_c_parallel2_two_doc_concurrent,poll,,True,True,[1959487],200,"[{""id"":0,""n_ctx"":8192,""speculative"":false,""is_processing"":true,""id_task"":1611,""params"":{""seed"":4294967295,""temperature"":0.0,""dynatemp_range"":0.0,""dynatemp_exponent"":1.0,""top_k"":40,""top_p"":0.949999988079071,""min_p"":0.05000000074505806,""top_n_sigma"":-1.0,""xtc_probability"":0.0,""xtc_threshold"":0.10000000149011612,""typical_p"":1.0,""repeat_last_n"":64,""repeat_penalty"":1.0,""presence_penalty"":0.0,""frequency_penalty"":0.0,""dry_multiplier"":0.0,""dry_base"":1.75,""dry_allowed_length"":2,""dry_penalty_last_n"":8192,""mirostat"":0,""mirostat_tau"":5.0,""mirostat_eta"":0.10000000149011612,""max_tokens"":2048,""n_predict"":2048,""n_keep"":0,""n_discard"":0,""ignore_eos"":false,""stream"":false,""n_probs"":0,""min_keep"":0,""chat_format"":""peg-native"",""reasoning_format"":""deepseek"",""reasoning_in_content"":false,""thinking_forced_open"":false,""samplers"":[""penalties"",""dry"",""top_n_sigma"",""top_k"",""typ_p"",""top_p"",""min_p"",""xtc"",""temperature""],""speculative.n_max"":16,""speculative.n_min"":0,""speculative.p_min"":0.75,""speculative.type"":""none"",""specu",16842,7734,0,"[{""pid"": 1959487, ""port"": ""8002"", ""model"": ""qwen2.5-14b-instruct-q4_k_m.gguf"", ""vram_mb"": 12464, ""status"": ""AUTHORISED""}]",healthy,ok
1777872157.009547,2026-05-04T05:22:37.009547+00:00,cell_c_parallel2_two_doc_concurrent,poll,,True,True,[1959487],200,"[{""id"":0,""n_ctx"":8192,""speculative"":false,""is_processing"":true,""id_task"":1611,""params"":{""seed"":4294967295,""temperature"":0.0,""dynatemp_range"":0.0,""dynatemp_exponent"":1.0,""top_k"":40,""top_p"":0.949999988079071,""min_p"":0.05000000074505806,""top_n_sigma"":-1.0,""xtc_probability"":0.0,""xtc_threshold"":0.10000000149011612,""typical_p"":1.0,""repeat_last_n"":64,""repeat_penalty"":1.0,""presence_penalty"":0.0,""frequency_penalty"":0.0,""dry_multiplier"":0.0,""dry_base"":1.75,""dry_allowed_length"":2,""dry_penalty_last_n"":8192,""mirostat"":0,""mirostat_tau"":5.0,""mirostat_eta"":0.10000000149011612,""max_tokens"":2048,""n_predict"":2048,""n_keep"":0,""n_discard"":0,""ignore_eos"":false,""stream"":false,""n_probs"":0,""min_keep"":0,""chat_format"":""peg-native"",""reasoning_format"":""deepseek"",""reasoning_in_content"":false,""thinking_forced_open"":false,""samplers"":[""penalties"",""dry"",""top_n_sigma"",""top_k"",""typ_p"",""top_p"",""min_p"",""xtc"",""temperature""],""speculative.n_max"":16,""speculative.n_min"":0,""speculative.p_min"":0.75,""speculative.type"":""none"",""specu",16842,7734,0,"[{""pid"": 1959487, ""port"": ""8002"", ""model"": ""qwen2.5-14b-instruct-q4_k_m.gguf"", ""vram_mb"": 12464, ""status"": ""AUTHORISED""}]",healthy,ok
1777872159.437318,2026-05-04T05:22:39.437318+00:00,cell_c_parallel2_two_doc_concurrent,poll,,True,True,[1959487],200,"[{""id"":0,""n_ctx"":8192,""speculative"":false,""is_processing"":true,""id_task"":1611,""params"":{""seed"":4294967295,""temperature"":0.0,""dynatemp_range"":0.0,""dynatemp_exponent"":1.0,""top_k"":40,""top_p"":0.949999988079071,""min_p"":0.05000000074505806,""top_n_sigma"":-1.0,""xtc_probability"":0.0,""xtc_threshold"":0.10000000149011612,""typical_p"":1.0,""repeat_last_n"":64,""repeat_penalty"":1.0,""presence_penalty"":0.0,""frequency_penalty"":0.0,""dry_multiplier"":0.0,""dry_base"":1.75,""dry_allowed_length"":2,""dry_penalty_last_n"":8192,""mirostat"":0,""mirostat_tau"":5.0,""mirostat_eta"":0.10000000149011612,""max_tokens"":2048,""n_predict"":2048,""n_keep"":0,""n_discard"":0,""ignore_eos"":false,""stream"":false,""n_probs"":0,""min_keep"":0,""chat_format"":""peg-native"",""reasoning_format"":""deepseek"",""reasoning_in_content"":false,""thinking_forced_open"":false,""samplers"":[""penalties"",""dry"",""top_n_sigma"",""top_k"",""typ_p"",""top_p"",""min_p"",""xtc"",""temperature""],""speculative.n_max"":16,""speculative.n_min"":0,""speculative.p_min"":0.75,""speculative.type"":""none"",""specu",16842,7734,0,"[{""pid"": 1959487, ""port"": ""8002"", ""model"": ""qwen2.5-14b-instruct-q4_k_m.gguf"", ""vram_mb"": 12464, ""status"": ""AUTHORISED""}]",healthy,ok
1777872161.679236,2026-05-04T05:22:41.679236+00:00,cell_c_parallel2_two_doc_concurrent,poll,,True,True,[1959487],200,"[{""id"":0,""n_ctx"":8192,""speculative"":false,""is_processing"":true,""id_task"":1611,""params"":{""seed"":4294967295,""temperature"":0.0,""dynatemp_range"":0.0,""dynatemp_exponent"":1.0,""top_k"":40,""top_p"":0.949999988079071,""min_p"":0.05000000074505806,""top_n_sigma"":-1.0,""xtc_probability"":0.0,""xtc_threshold"":0.10000000149011612,""typical_p"":1.0,""repeat_last_n"":64,""repeat_penalty"":1.0,""presence_penalty"":0.0,""frequency_penalty"":0.0,""dry_multiplier"":0.0,""dry_base"":1.75,""dry_allowed_length"":2,""dry_penalty_last_n"":8192,""mirostat"":0,""mirostat_tau"":5.0,""mirostat_eta"":0.10000000149011612,""max_tokens"":2048,""n_predict"":2048,""n_keep"":0,""n_discard"":0,""ignore_eos"":false,""stream"":false,""n_probs"":0,""min_keep"":0,""chat_format"":""peg-native"",""reasoning_format"":""deepseek"",""reasoning_in_content"":false,""thinking_forced_open"":false,""samplers"":[""penalties"",""dry"",""top_n_sigma"",""top_k"",""typ_p"",""top_p"",""min_p"",""xtc"",""temperature""],""speculative.n_max"":16,""speculative.n_min"":0,""speculative.p_min"":0.75,""speculative.type"":""none"",""specu",16842,7734,0,"[{""pid"": 1959487, ""port"": ""8002"", ""model"": ""qwen2.5-14b-instruct-q4_k_m.gguf"", ""vram_mb"": 12464, ""status"": ""AUTHORISED""}]",healthy,ok
1777872163.979507,2026-05-04T05:22:43.979507+00:00,cell_c_parallel2_two_doc_concurrent,poll,,True,True,[1959487],,TimeoutError: timed out,16842,7734,0,"[{""pid"": 1959487, ""port"": ""8002"", ""model"": ""qwen2.5-14b-instruct-q4_k_m.gguf"", ""vram_mb"": 12464, ""status"": ""AUTHORISED""}]",healthy,timeout
1777872169.246464,2026-05-04T05:22:49.246464+00:00,cell_c_parallel2_two_doc_concurrent,poll,,True,True,[1959487],200,"[{""id"":0,""n_ctx"":8192,""speculative"":false,""is_processing"":true,""id_task"":1846,""params"":{""seed"":4294967295,""temperature"":0.0,""dynatemp_range"":0.0,""dynatemp_exponent"":1.0,""top_k"":40,""top_p"":0.949999988079071,""min_p"":0.05000000074505806,""top_n_sigma"":-1.0,""xtc_probability"":0.0,""xtc_threshold"":0.10000000149011612,""typical_p"":1.0,""repeat_last_n"":64,""repeat_penalty"":1.0,""presence_penalty"":0.0,""frequency_penalty"":0.0,""dry_multiplier"":0.0,""dry_base"":1.75,""dry_allowed_length"":2,""dry_penalty_last_n"":8192,""mirostat"":0,""mirostat_tau"":5.0,""mirostat_eta"":0.10000000149011612,""max_tokens"":2048,""n_predict"":2048,""n_keep"":0,""n_discard"":0,""ignore_eos"":false,""stream"":false,""n_probs"":0,""min_keep"":0,""chat_format"":""peg-native"",""reasoning_format"":""deepseek"",""reasoning_in_content"":false,""thinking_forced_open"":false,""samplers"":[""penalties"",""dry"",""top_n_sigma"",""top_k"",""typ_p"",""top_p"",""min_p"",""xtc"",""temperature""],""speculative.n_max"":16,""speculative.n_min"":0,""speculative.p_min"":0.75,""speculative.type"":""none"",""specu",16842,7734,0,"[{""pid"": 1959487, ""port"": ""8002"", ""model"": ""qwen2.5-14b-instruct-q4_k_m.gguf"", ""vram_mb"": 12464, ""status"": ""AUTHORISED""}]",healthy,ok
1777872172.903371,2026-05-04T05:22:52.903371+00:00,cell_c_parallel2_two_doc_concurrent,poll,,True,True,[1959487],,TimeoutError: timed out,16842,7734,0,"[{""pid"": 1959487, ""port"": ""8002"", ""model"": ""qwen2.5-14b-instruct-q4_k_m.gguf"", ""vram_mb"": 12464, ""status"": ""AUTHORISED""}]",healthy,timeout
1777872178.156494,2026-05-04T05:22:58.156494+00:00,cell_c_parallel2_two_doc_concurrent,poll,,True,True,[1959487],,TimeoutError: timed out,16842,7734,0,"[{""pid"": 1959487, ""port"": ""8002"", ""model"": ""qwen2.5-14b-instruct-q4_k_m.gguf"", ""vram_mb"": 12464, ""status"": ""AUTHORISED""}]",healthy,timeout
1777872183.378718,2026-05-04T05:23:03.378718+00:00,cell_c_parallel2_two_doc_concurrent,poll,,True,True,[1959487],200,"[{""id"":0,""n_ctx"":8192,""speculative"":false,""is_processing"":true,""id_task"":1846,""params"":{""seed"":4294967295,""temperature"":0.0,""dynatemp_range"":0.0,""dynatemp_exponent"":1.0,""top_k"":40,""top_p"":0.949999988079071,""min_p"":0.05000000074505806,""top_n_sigma"":-1.0,""xtc_probability"":0.0,""xtc_threshold"":0.10000000149011612,""typical_p"":1.0,""repeat_last_n"":64,""repeat_penalty"":1.0,""presence_penalty"":0.0,""frequency_penalty"":0.0,""dry_multiplier"":0.0,""dry_base"":1.75,""dry_allowed_length"":2,""dry_penalty_last_n"":8192,""mirostat"":0,""mirostat_tau"":5.0,""mirostat_eta"":0.10000000149011612,""max_tokens"":2048,""n_predict"":2048,""n_keep"":0,""n_discard"":0,""ignore_eos"":false,""stream"":false,""n_probs"":0,""min_keep"":0,""chat_format"":""peg-native"",""reasoning_format"":""deepseek"",""reasoning_in_content"":false,""thinking_forced_open"":false,""samplers"":[""penalties"",""dry"",""top_n_sigma"",""top_k"",""typ_p"",""top_p"",""min_p"",""xtc"",""temperature""],""speculative.n_max"":16,""speculative.n_min"":0,""speculative.p_min"":0.75,""speculative.type"":""none"",""specu",16842,7734,0,"[{""pid"": 1959487, ""port"": ""8002"", ""model"": ""qwen2.5-14b-instruct-q4_k_m.gguf"", ""vram_mb"": 12464, ""status"": ""AUTHORISED""}]",healthy,ok
1777872185.732622,2026-05-04T05:23:05.732622+00:00,cell_c_parallel2_two_doc_concurrent,poll,,True,True,[1959487],,TimeoutError: timed out,16842,7734,0,"[{""pid"": 1959487, ""port"": ""8002"", ""model"": ""qwen2.5-14b-instruct-q4_k_m.gguf"", ""vram_mb"": 12464, ""status"": ""AUTHORISED""}]",healthy,timeout
1777872190.996604,2026-05-04T05:23:10.996604+00:00,cell_c_parallel2_two_doc_concurrent,poll,,True,True,[1959487],200,"[{""id"":0,""n_ctx"":8192,""speculative"":false,""is_processing"":true,""id_task"":1846,""params"":{""seed"":4294967295,""temperature"":0.0,""dynatemp_range"":0.0,""dynatemp_exponent"":1.0,""top_k"":40,""top_p"":0.949999988079071,""min_p"":0.05000000074505806,""top_n_sigma"":-1.0,""xtc_probability"":0.0,""xtc_threshold"":0.10000000149011612,""typical_p"":1.0,""repeat_last_n"":64,""repeat_penalty"":1.0,""presence_penalty"":0.0,""frequency_penalty"":0.0,""dry_multiplier"":0.0,""dry_base"":1.75,""dry_allowed_length"":2,""dry_penalty_last_n"":8192,""mirostat"":0,""mirostat_tau"":5.0,""mirostat_eta"":0.10000000149011612,""max_tokens"":2048,""n_predict"":2048,""n_keep"":0,""n_discard"":0,""ignore_eos"":false,""stream"":false,""n_probs"":0,""min_keep"":0,""chat_format"":""peg-native"",""reasoning_format"":""deepseek"",""reasoning_in_content"":false,""thinking_forced_open"":false,""samplers"":[""penalties"",""dry"",""top_n_sigma"",""top_k"",""typ_p"",""top_p"",""min_p"",""xtc"",""temperature""],""speculative.n_max"":16,""speculative.n_min"":0,""speculative.p_min"":0.75,""speculative.type"":""none"",""specu",16842,7734,0,"[{""pid"": 1959487, ""port"": ""8002"", ""model"": ""qwen2.5-14b-instruct-q4_k_m.gguf"", ""vram_mb"": 12464, ""status"": ""AUTHORISED""}]",healthy,ok
1777872195.744755,2026-05-04T05:23:15.744755+00:00,cell_c_parallel2_two_doc_concurrent,poll,,True,True,[1959487],,TimeoutError: timed out,16842,7734,0,"[{""pid"": 1959487, ""port"": ""8002"", ""model"": ""qwen2.5-14b-instruct-q4_k_m.gguf"", ""vram_mb"": 12464, ""status"": ""AUTHORISED""}]",healthy,timeout
1777872200.976494,2026-05-04T05:23:20.976494+00:00,cell_c_parallel2_two_doc_concurrent,poll,,True,True,[1959487],200,"[{""id"":0,""n_ctx"":8192,""speculative"":false,""is_processing"":true,""id_task"":1846,""params"":{""seed"":4294967295,""temperature"":0.0,""dynatemp_range"":0.0,""dynatemp_exponent"":1.0,""top_k"":40,""top_p"":0.949999988079071,""min_p"":0.05000000074505806,""top_n_sigma"":-1.0,""xtc_probability"":0.0,""xtc_threshold"":0.10000000149011612,""typical_p"":1.0,""repeat_last_n"":64,""repeat_penalty"":1.0,""presence_penalty"":0.0,""frequency_penalty"":0.0,""dry_multiplier"":0.0,""dry_base"":1.75,""dry_allowed_length"":2,""dry_penalty_last_n"":8192,""mirostat"":0,""mirostat_tau"":5.0,""mirostat_eta"":0.10000000149011612,""max_tokens"":2048,""n_predict"":2048,""n_keep"":0,""n_discard"":0,""ignore_eos"":false,""stream"":false,""n_probs"":0,""min_keep"":0,""chat_format"":""peg-native"",""reasoning_format"":""deepseek"",""reasoning_in_content"":false,""thinking_forced_open"":false,""samplers"":[""penalties"",""dry"",""top_n_sigma"",""top_k"",""typ_p"",""top_p"",""min_p"",""xtc"",""temperature""],""speculative.n_max"":16,""speculative.n_min"":0,""speculative.p_min"":0.75,""speculative.type"":""none"",""specu",16842,7734,0,"[{""pid"": 1959487, ""port"": ""8002"", ""model"": ""qwen2.5-14b-instruct-q4_k_m.gguf"", ""vram_mb"": 12464, ""status"": ""AUTHORISED""}]",healthy,ok
1777872204.1875,2026-05-04T05:23:24.187500+00:00,cell_c_parallel2_two_doc_concurrent,poll,,True,True,[1959487],200,"[{""id"":0,""n_ctx"":8192,""speculative"":false,""is_processing"":true,""id_task"":1846,""params"":{""seed"":4294967295,""temperature"":0.0,""dynatemp_range"":0.0,""dynatemp_exponent"":1.0,""top_k"":40,""top_p"":0.949999988079071,""min_p"":0.05000000074505806,""top_n_sigma"":-1.0,""xtc_probability"":0.0,""xtc_threshold"":0.10000000149011612,""typical_p"":1.0,""repeat_last_n"":64,""repeat_penalty"":1.0,""presence_penalty"":0.0,""frequency_penalty"":0.0,""dry_multiplier"":0.0,""dry_base"":1.75,""dry_allowed_length"":2,""dry_penalty_last_n"":8192,""mirostat"":0,""mirostat_tau"":5.0,""mirostat_eta"":0.10000000149011612,""max_tokens"":2048,""n_predict"":2048,""n_keep"":0,""n_discard"":0,""ignore_eos"":false,""stream"":false,""n_probs"":0,""min_keep"":0,""chat_format"":""peg-native"",""reasoning_format"":""deepseek"",""reasoning_in_content"":false,""thinking_forced_open"":false,""samplers"":[""penalties"",""dry"",""top_n_sigma"",""top_k"",""typ_p"",""top_p"",""min_p"",""xtc"",""temperature""],""speculative.n_max"":16,""speculative.n_min"":0,""speculative.p_min"":0.75,""speculative.type"":""none"",""specu",16842,7734,0,"[{""pid"": 1959487, ""port"": ""8002"", ""model"": ""qwen2.5-14b-instruct-q4_k_m.gguf"", ""vram_mb"": 12464, ""status"": ""AUTHORISED""}]",healthy,ok
1777872206.682364,2026-05-04T05:23:26.682364+00:00,cell_c_parallel2_two_doc_concurrent,poll,,True,True,[1959487],200,"[{""id"":0,""n_ctx"":8192,""speculative"":false,""is_processing"":true,""id_task"":1846,""params"":{""seed"":4294967295,""temperature"":0.0,""dynatemp_range"":0.0,""dynatemp_exponent"":1.0,""top_k"":40,""top_p"":0.949999988079071,""min_p"":0.05000000074505806,""top_n_sigma"":-1.0,""xtc_probability"":0.0,""xtc_threshold"":0.10000000149011612,""typical_p"":1.0,""repeat_last_n"":64,""repeat_penalty"":1.0,""presence_penalty"":0.0,""frequency_penalty"":0.0,""dry_multiplier"":0.0,""dry_base"":1.75,""dry_allowed_length"":2,""dry_penalty_last_n"":8192,""mirostat"":0,""mirostat_tau"":5.0,""mirostat_eta"":0.10000000149011612,""max_tokens"":2048,""n_predict"":2048,""n_keep"":0,""n_discard"":0,""ignore_eos"":false,""stream"":false,""n_probs"":0,""min_keep"":0,""chat_format"":""peg-native"",""reasoning_format"":""deepseek"",""reasoning_in_content"":false,""thinking_forced_open"":false,""samplers"":[""penalties"",""dry"",""top_n_sigma"",""top_k"",""typ_p"",""top_p"",""min_p"",""xtc"",""temperature""],""speculative.n_max"":16,""speculative.n_min"":0,""speculative.p_min"":0.75,""speculative.type"":""none"",""specu",16842,7734,0,"[{""pid"": 1959487, ""port"": ""8002"", ""model"": ""qwen2.5-14b-instruct-q4_k_m.gguf"", ""vram_mb"": 12464, ""status"": ""AUTHORISED""}]",healthy,ok
1777872209.138903,2026-05-04T05:23:29.138903+00:00,cell_c_parallel2_two_doc_concurrent,poll,,True,True,[1959487],200,"[{""id"":0,""n_ctx"":8192,""speculative"":false,""is_processing"":true,""id_task"":1846,""params"":{""seed"":4294967295,""temperature"":0.0,""dynatemp_range"":0.0,""dynatemp_exponent"":1.0,""top_k"":40,""top_p"":0.949999988079071,""min_p"":0.05000000074505806,""top_n_sigma"":-1.0,""xtc_probability"":0.0,""xtc_threshold"":0.10000000149011612,""typical_p"":1.0,""repeat_last_n"":64,""repeat_penalty"":1.0,""presence_penalty"":0.0,""frequency_penalty"":0.0,""dry_multiplier"":0.0,""dry_base"":1.75,""dry_allowed_length"":2,""dry_penalty_last_n"":8192,""mirostat"":0,""mirostat_tau"":5.0,""mirostat_eta"":0.10000000149011612,""max_tokens"":2048,""n_predict"":2048,""n_keep"":0,""n_discard"":0,""ignore_eos"":false,""stream"":false,""n_probs"":0,""min_keep"":0,""chat_format"":""peg-native"",""reasoning_format"":""deepseek"",""reasoning_in_content"":false,""thinking_forced_open"":false,""samplers"":[""penalties"",""dry"",""top_n_sigma"",""top_k"",""typ_p"",""top_p"",""min_p"",""xtc"",""temperature""],""speculative.n_max"":16,""speculative.n_min"":0,""speculative.p_min"":0.75,""speculative.type"":""none"",""specu",16842,7734,0,"[{""pid"": 1959487, ""port"": ""8002"", ""model"": ""qwen2.5-14b-instruct-q4_k_m.gguf"", ""vram_mb"": 12464, ""status"": ""AUTHORISED""}]",healthy,ok
1777872211.561494,2026-05-04T05:23:31.561494+00:00,cell_c_parallel2_two_doc_concurrent,poll,,True,True,[1959487],200,"[{""id"":0,""n_ctx"":8192,""speculative"":false,""is_processing"":true,""id_task"":1846,""params"":{""seed"":4294967295,""temperature"":0.0,""dynatemp_range"":0.0,""dynatemp_exponent"":1.0,""top_k"":40,""top_p"":0.949999988079071,""min_p"":0.05000000074505806,""top_n_sigma"":-1.0,""xtc_probability"":0.0,""xtc_threshold"":0.10000000149011612,""typical_p"":1.0,""repeat_last_n"":64,""repeat_penalty"":1.0,""presence_penalty"":0.0,""frequency_penalty"":0.0,""dry_multiplier"":0.0,""dry_base"":1.75,""dry_allowed_length"":2,""dry_penalty_last_n"":8192,""mirostat"":0,""mirostat_tau"":5.0,""mirostat_eta"":0.10000000149011612,""max_tokens"":2048,""n_predict"":2048,""n_keep"":0,""n_discard"":0,""ignore_eos"":false,""stream"":false,""n_probs"":0,""min_keep"":0,""chat_format"":""peg-native"",""reasoning_format"":""deepseek"",""reasoning_in_content"":false,""thinking_forced_open"":false,""samplers"":[""penalties"",""dry"",""top_n_sigma"",""top_k"",""typ_p"",""top_p"",""min_p"",""xtc"",""temperature""],""speculative.n_max"":16,""speculative.n_min"":0,""speculative.p_min"":0.75,""speculative.type"":""none"",""specu",16842,7734,0,"[{""pid"": 1959487, ""port"": ""8002"", ""model"": ""qwen2.5-14b-instruct-q4_k_m.gguf"", ""vram_mb"": 12464, ""status"": ""AUTHORISED""}]",healthy,ok
1777872213.875254,2026-05-04T05:23:33.875254+00:00,cell_c_parallel2_two_doc_concurrent,poll,,True,True,[1959487],200,"[{""id"":0,""n_ctx"":8192,""speculative"":false,""is_processing"":true,""id_task"":1846,""params"":{""seed"":4294967295,""temperature"":0.0,""dynatemp_range"":0.0,""dynatemp_exponent"":1.0,""top_k"":40,""top_p"":0.949999988079071,""min_p"":0.05000000074505806,""top_n_sigma"":-1.0,""xtc_probability"":0.0,""xtc_threshold"":0.10000000149011612,""typical_p"":1.0,""repeat_last_n"":64,""repeat_penalty"":1.0,""presence_penalty"":0.0,""frequency_penalty"":0.0,""dry_multiplier"":0.0,""dry_base"":1.75,""dry_allowed_length"":2,""dry_penalty_last_n"":8192,""mirostat"":0,""mirostat_tau"":5.0,""mirostat_eta"":0.10000000149011612,""max_tokens"":2048,""n_predict"":2048,""n_keep"":0,""n_discard"":0,""ignore_eos"":false,""stream"":false,""n_probs"":0,""min_keep"":0,""chat_format"":""peg-native"",""reasoning_format"":""deepseek"",""reasoning_in_content"":false,""thinking_forced_open"":false,""samplers"":[""penalties"",""dry"",""top_n_sigma"",""top_k"",""typ_p"",""top_p"",""min_p"",""xtc"",""temperature""],""speculative.n_max"":16,""speculative.n_min"":0,""speculative.p_min"":0.75,""speculative.type"":""none"",""specu",16842,7734,0,"[{""pid"": 1959487, ""port"": ""8002"", ""model"": ""qwen2.5-14b-instruct-q4_k_m.gguf"", ""vram_mb"": 12464, ""status"": ""AUTHORISED""}]",healthy,ok
1777872216.271054,2026-05-04T05:23:36.271054+00:00,cell_c_parallel2_two_doc_concurrent,poll,,True,True,[1959487],200,"[{""id"":0,""n_ctx"":8192,""speculative"":false,""is_processing"":true,""id_task"":1846,""params"":{""seed"":4294967295,""temperature"":0.0,""dynatemp_range"":0.0,""dynatemp_exponent"":1.0,""top_k"":40,""top_p"":0.949999988079071,""min_p"":0.05000000074505806,""top_n_sigma"":-1.0,""xtc_probability"":0.0,""xtc_threshold"":0.10000000149011612,""typical_p"":1.0,""repeat_last_n"":64,""repeat_penalty"":1.0,""presence_penalty"":0.0,""frequency_penalty"":0.0,""dry_multiplier"":0.0,""dry_base"":1.75,""dry_allowed_length"":2,""dry_penalty_last_n"":8192,""mirostat"":0,""mirostat_tau"":5.0,""mirostat_eta"":0.10000000149011612,""max_tokens"":2048,""n_predict"":2048,""n_keep"":0,""n_discard"":0,""ignore_eos"":false,""stream"":false,""n_probs"":0,""min_keep"":0,""chat_format"":""peg-native"",""reasoning_format"":""deepseek"",""reasoning_in_content"":false,""thinking_forced_open"":false,""samplers"":[""penalties"",""dry"",""top_n_sigma"",""top_k"",""typ_p"",""top_p"",""min_p"",""xtc"",""temperature""],""speculative.n_max"":16,""speculative.n_min"":0,""speculative.p_min"":0.75,""speculative.type"":""none"",""specu",16842,7734,0,"[{""pid"": 1959487, ""port"": ""8002"", ""model"": ""qwen2.5-14b-instruct-q4_k_m.gguf"", ""vram_mb"": 12464, ""status"": ""AUTHORISED""}]",healthy,ok
1777872218.523713,2026-05-04T05:23:38.523713+00:00,cell_c_parallel2_two_doc_concurrent,poll,,True,True,[1959487],,TimeoutError: timed out,16842,7734,0,"[{""pid"": 1959487, ""port"": ""8002"", ""model"": ""qwen2.5-14b-instruct-q4_k_m.gguf"", ""vram_mb"": 12464, ""status"": ""AUTHORISED""}]",healthy,timeout
1777872223.73363,2026-05-04T05:23:43.733630+00:00,cell_c_parallel2_two_doc_concurrent,poll,,True,True,[1959487],,TimeoutError: timed out,16842,7734,0,"[{""pid"": 1959487, ""port"": ""8002"", ""model"": ""qwen2.5-14b-instruct-q4_k_m.gguf"", ""vram_mb"": 12464, ""status"": ""AUTHORISED""}]",healthy,timeout
1777872228.97348,2026-05-04T05:23:48.973480+00:00,cell_c_parallel2_two_doc_concurrent,poll,,True,True,[1959487],,TimeoutError: timed out,16842,7734,0,"[{""pid"": 1959487, ""port"": ""8002"", ""model"": ""qwen2.5-14b-instruct-q4_k_m.gguf"", ""vram_mb"": 12464, ""status"": ""AUTHORISED""}]",healthy,timeout
1777872234.192138,2026-05-04T05:23:54.192138+00:00,cell_c_parallel2_two_doc_concurrent,poll,,True,True,[1959487],200,"[{""id"":0,""n_ctx"":8192,""speculative"":false,""is_processing"":true,""id_task"":1846,""params"":{""seed"":4294967295,""temperature"":0.0,""dynatemp_range"":0.0,""dynatemp_exponent"":1.0,""top_k"":40,""top_p"":0.949999988079071,""min_p"":0.05000000074505806,""top_n_sigma"":-1.0,""xtc_probability"":0.0,""xtc_threshold"":0.10000000149011612,""typical_p"":1.0,""repeat_last_n"":64,""repeat_penalty"":1.0,""presence_penalty"":0.0,""frequency_penalty"":0.0,""dry_multiplier"":0.0,""dry_base"":1.75,""dry_allowed_length"":2,""dry_penalty_last_n"":8192,""mirostat"":0,""mirostat_tau"":5.0,""mirostat_eta"":0.10000000149011612,""max_tokens"":2048,""n_predict"":2048,""n_keep"":0,""n_discard"":0,""ignore_eos"":false,""stream"":false,""n_probs"":0,""min_keep"":0,""chat_format"":""peg-native"",""reasoning_format"":""deepseek"",""reasoning_in_content"":false,""thinking_forced_open"":false,""samplers"":[""penalties"",""dry"",""top_n_sigma"",""top_k"",""typ_p"",""top_p"",""min_p"",""xtc"",""temperature""],""speculative.n_max"":16,""speculative.n_min"":0,""speculative.p_min"":0.75,""speculative.type"":""none"",""specu",16842,7734,0,"[{""pid"": 1959487, ""port"": ""8002"", ""model"": ""qwen2.5-14b-instruct-q4_k_m.gguf"", ""vram_mb"": 12464, ""status"": ""AUTHORISED""}]",healthy,ok
1777872239.254322,2026-05-04T05:23:59.254322+00:00,cell_c_parallel2_two_doc_concurrent,poll,,True,True,[1959487],200,"[{""id"":0,""n_ctx"":8192,""speculative"":false,""is_processing"":true,""id_task"":1846,""params"":{""seed"":4294967295,""temperature"":0.0,""dynatemp_range"":0.0,""dynatemp_exponent"":1.0,""top_k"":40,""top_p"":0.949999988079071,""min_p"":0.05000000074505806,""top_n_sigma"":-1.0,""xtc_probability"":0.0,""xtc_threshold"":0.10000000149011612,""typical_p"":1.0,""repeat_last_n"":64,""repeat_penalty"":1.0,""presence_penalty"":0.0,""frequency_penalty"":0.0,""dry_multiplier"":0.0,""dry_base"":1.75,""dry_allowed_length"":2,""dry_penalty_last_n"":8192,""mirostat"":0,""mirostat_tau"":5.0,""mirostat_eta"":0.10000000149011612,""max_tokens"":2048,""n_predict"":2048,""n_keep"":0,""n_discard"":0,""ignore_eos"":false,""stream"":false,""n_probs"":0,""min_keep"":0,""chat_format"":""peg-native"",""reasoning_format"":""deepseek"",""reasoning_in_content"":false,""thinking_forced_open"":false,""samplers"":[""penalties"",""dry"",""top_n_sigma"",""top_k"",""typ_p"",""top_p"",""min_p"",""xtc"",""temperature""],""speculative.n_max"":16,""speculative.n_min"":0,""speculative.p_min"":0.75,""speculative.type"":""none"",""specu",16842,7734,0,"[{""pid"": 1959487, ""port"": ""8002"", ""model"": ""qwen2.5-14b-instruct-q4_k_m.gguf"", ""vram_mb"": 12464, ""status"": ""AUTHORISED""}]",healthy,ok
1777872241.693598,2026-05-04T05:24:01.693598+00:00,cell_c_parallel2_two_doc_concurrent,poll,,True,True,[1959487],200,"[{""id"":0,""n_ctx"":8192,""speculative"":false,""is_processing"":true,""id_task"":1846,""params"":{""seed"":4294967295,""temperature"":0.0,""dynatemp_range"":0.0,""dynatemp_exponent"":1.0,""top_k"":40,""top_p"":0.949999988079071,""min_p"":0.05000000074505806,""top_n_sigma"":-1.0,""xtc_probability"":0.0,""xtc_threshold"":0.10000000149011612,""typical_p"":1.0,""repeat_last_n"":64,""repeat_penalty"":1.0,""presence_penalty"":0.0,""frequency_penalty"":0.0,""dry_multiplier"":0.0,""dry_base"":1.75,""dry_allowed_length"":2,""dry_penalty_last_n"":8192,""mirostat"":0,""mirostat_tau"":5.0,""mirostat_eta"":0.10000000149011612,""max_tokens"":2048,""n_predict"":2048,""n_keep"":0,""n_discard"":0,""ignore_eos"":false,""stream"":false,""n_probs"":0,""min_keep"":0,""chat_format"":""peg-native"",""reasoning_format"":""deepseek"",""reasoning_in_content"":false,""thinking_forced_open"":false,""samplers"":[""penalties"",""dry"",""top_n_sigma"",""top_k"",""typ_p"",""top_p"",""min_p"",""xtc"",""temperature""],""speculative.n_max"":16,""speculative.n_min"":0,""speculative.p_min"":0.75,""speculative.type"":""none"",""specu",16842,7734,0,"[{""pid"": 1959487, ""port"": ""8002"", ""model"": ""qwen2.5-14b-instruct-q4_k_m.gguf"", ""vram_mb"": 12464, ""status"": ""AUTHORISED""}]",healthy,ok
1777872243.983864,2026-05-04T05:24:03.983864+00:00,cell_c_parallel2_two_doc_concurrent,poll,,True,True,[1959487],200,"[{""id"":0,""n_ctx"":8192,""speculative"":false,""is_processing"":true,""id_task"":1846,""params"":{""seed"":4294967295,""temperature"":0.0,""dynatemp_range"":0.0,""dynatemp_exponent"":1.0,""top_k"":40,""top_p"":0.949999988079071,""min_p"":0.05000000074505806,""top_n_sigma"":-1.0,""xtc_probability"":0.0,""xtc_threshold"":0.10000000149011612,""typical_p"":1.0,""repeat_last_n"":64,""repeat_penalty"":1.0,""presence_penalty"":0.0,""frequency_penalty"":0.0,""dry_multiplier"":0.0,""dry_base"":1.75,""dry_allowed_length"":2,""dry_penalty_last_n"":8192,""mirostat"":0,""mirostat_tau"":5.0,""mirostat_eta"":0.10000000149011612,""max_tokens"":2048,""n_predict"":2048,""n_keep"":0,""n_discard"":0,""ignore_eos"":false,""stream"":false,""n_probs"":0,""min_keep"":0,""chat_format"":""peg-native"",""reasoning_format"":""deepseek"",""reasoning_in_content"":false,""thinking_forced_open"":false,""samplers"":[""penalties"",""dry"",""top_n_sigma"",""top_k"",""typ_p"",""top_p"",""min_p"",""xtc"",""temperature""],""speculative.n_max"":16,""speculative.n_min"":0,""speculative.p_min"":0.75,""speculative.type"":""none"",""specu",16842,7734,0,"[{""pid"": 1959487, ""port"": ""8002"", ""model"": ""qwen2.5-14b-instruct-q4_k_m.gguf"", ""vram_mb"": 12464, ""status"": ""AUTHORISED""}]",healthy,ok
1777872246.289769,2026-05-04T05:24:06.289769+00:00,cell_c_parallel2_two_doc_concurrent,poll,,True,True,[1959487],200,"[{""id"":0,""n_ctx"":8192,""speculative"":false,""is_processing"":true,""id_task"":1846,""params"":{""seed"":4294967295,""temperature"":0.0,""dynatemp_range"":0.0,""dynatemp_exponent"":1.0,""top_k"":40,""top_p"":0.949999988079071,""min_p"":0.05000000074505806,""top_n_sigma"":-1.0,""xtc_probability"":0.0,""xtc_threshold"":0.10000000149011612,""typical_p"":1.0,""repeat_last_n"":64,""repeat_penalty"":1.0,""presence_penalty"":0.0,""frequency_penalty"":0.0,""dry_multiplier"":0.0,""dry_base"":1.75,""dry_allowed_length"":2,""dry_penalty_last_n"":8192,""mirostat"":0,""mirostat_tau"":5.0,""mirostat_eta"":0.10000000149011612,""max_tokens"":2048,""n_predict"":2048,""n_keep"":0,""n_discard"":0,""ignore_eos"":false,""stream"":false,""n_probs"":0,""min_keep"":0,""chat_format"":""peg-native"",""reasoning_format"":""deepseek"",""reasoning_in_content"":false,""thinking_forced_open"":false,""samplers"":[""penalties"",""dry"",""top_n_sigma"",""top_k"",""typ_p"",""top_p"",""min_p"",""xtc"",""temperature""],""speculative.n_max"":16,""speculative.n_min"":0,""speculative.p_min"":0.75,""speculative.type"":""none"",""specu",16842,7734,0,"[{""pid"": 1959487, ""port"": ""8002"", ""model"": ""qwen2.5-14b-instruct-q4_k_m.gguf"", ""vram_mb"": 12464, ""status"": ""AUTHORISED""}]",healthy,ok
1777872248.731145,2026-05-04T05:24:08.731145+00:00,cell_c_parallel2_two_doc_concurrent,poll,,True,True,[1959487],200,"[{""id"":0,""n_ctx"":8192,""speculative"":false,""is_processing"":false,""id_task"":1846,""params"":{""seed"":4294967295,""temperature"":0.0,""dynatemp_range"":0.0,""dynatemp_exponent"":1.0,""top_k"":40,""top_p"":0.949999988079071,""min_p"":0.05000000074505806,""top_n_sigma"":-1.0,""xtc_probability"":0.0,""xtc_threshold"":0.10000000149011612,""typical_p"":1.0,""repeat_last_n"":64,""repeat_penalty"":1.0,""presence_penalty"":0.0,""frequency_penalty"":0.0,""dry_multiplier"":0.0,""dry_base"":1.75,""dry_allowed_length"":2,""dry_penalty_last_n"":8192,""mirostat"":0,""mirostat_tau"":5.0,""mirostat_eta"":0.10000000149011612,""max_tokens"":2048,""n_predict"":2048,""n_keep"":0,""n_discard"":0,""ignore_eos"":false,""stream"":false,""n_probs"":0,""min_keep"":0,""chat_format"":""peg-native"",""reasoning_format"":""deepseek"",""reasoning_in_content"":false,""thinking_forced_open"":false,""samplers"":[""penalties"",""dry"",""top_n_sigma"",""top_k"",""typ_p"",""top_p"",""min_p"",""xtc"",""temperature""],""speculative.n_max"":16,""speculative.n_min"":0,""speculative.p_min"":0.75,""speculative.type"":""none"",""spec",16842,7734,0,"[{""pid"": 1959487, ""port"": ""8002"", ""model"": ""qwen2.5-14b-instruct-q4_k_m.gguf"", ""vram_mb"": 12464, ""status"": ""AUTHORISED""}]",healthy,ok
1777872251.059149,2026-05-04T05:24:11.059149+00:00,cell_c_parallel2_two_doc_concurrent,poll,,True,True,[1959487],200,"[{""id"":0,""n_ctx"":8192,""speculative"":false,""is_processing"":false,""id_task"":1846,""params"":{""seed"":4294967295,""temperature"":0.0,""dynatemp_range"":0.0,""dynatemp_exponent"":1.0,""top_k"":40,""top_p"":0.949999988079071,""min_p"":0.05000000074505806,""top_n_sigma"":-1.0,""xtc_probability"":0.0,""xtc_threshold"":0.10000000149011612,""typical_p"":1.0,""repeat_last_n"":64,""repeat_penalty"":1.0,""presence_penalty"":0.0,""frequency_penalty"":0.0,""dry_multiplier"":0.0,""dry_base"":1.75,""dry_allowed_length"":2,""dry_penalty_last_n"":8192,""mirostat"":0,""mirostat_tau"":5.0,""mirostat_eta"":0.10000000149011612,""max_tokens"":2048,""n_predict"":2048,""n_keep"":0,""n_discard"":0,""ignore_eos"":false,""stream"":false,""n_probs"":0,""min_keep"":0,""chat_format"":""peg-native"",""reasoning_format"":""deepseek"",""reasoning_in_content"":false,""thinking_forced_open"":false,""samplers"":[""penalties"",""dry"",""top_n_sigma"",""top_k"",""typ_p"",""top_p"",""min_p"",""xtc"",""temperature""],""speculative.n_max"":16,""speculative.n_min"":0,""speculative.p_min"":0.75,""speculative.type"":""none"",""spec",16842,7734,0,"[{""pid"": 1959487, ""port"": ""8002"", ""model"": ""qwen2.5-14b-instruct-q4_k_m.gguf"", ""vram_mb"": 12464, ""status"": ""AUTHORISED""}]",healthy,ok
1777872253.392645,2026-05-04T05:24:13.392645+00:00,cell_c_parallel2_two_doc_concurrent,poll,,True,True,[1959487],200,"[{""id"":0,""n_ctx"":8192,""speculative"":false,""is_processing"":false,""id_task"":1846,""params"":{""seed"":4294967295,""temperature"":0.0,""dynatemp_range"":0.0,""dynatemp_exponent"":1.0,""top_k"":40,""top_p"":0.949999988079071,""min_p"":0.05000000074505806,""top_n_sigma"":-1.0,""xtc_probability"":0.0,""xtc_threshold"":0.10000000149011612,""typical_p"":1.0,""repeat_last_n"":64,""repeat_penalty"":1.0,""presence_penalty"":0.0,""frequency_penalty"":0.0,""dry_multiplier"":0.0,""dry_base"":1.75,""dry_allowed_length"":2,""dry_penalty_last_n"":8192,""mirostat"":0,""mirostat_tau"":5.0,""mirostat_eta"":0.10000000149011612,""max_tokens"":2048,""n_predict"":2048,""n_keep"":0,""n_discard"":0,""ignore_eos"":false,""stream"":false,""n_probs"":0,""min_keep"":0,""chat_format"":""peg-native"",""reasoning_format"":""deepseek"",""reasoning_in_content"":false,""thinking_forced_open"":false,""samplers"":[""penalties"",""dry"",""top_n_sigma"",""top_k"",""typ_p"",""top_p"",""min_p"",""xtc"",""temperature""],""speculative.n_max"":16,""speculative.n_min"":0,""speculative.p_min"":0.75,""speculative.type"":""none"",""spec",16842,7734,0,"[{""pid"": 1959487, ""port"": ""8002"", ""model"": ""qwen2.5-14b-instruct-q4_k_m.gguf"", ""vram_mb"": 12464, ""status"": ""AUTHORISED""}]",healthy,ok
1777872255.793726,2026-05-04T05:24:15.793726+00:00,cell_c_parallel2_two_doc_concurrent,poll,,True,True,[1959487],200,"[{""id"":0,""n_ctx"":8192,""speculative"":false,""is_processing"":false,""id_task"":1846,""params"":{""seed"":4294967295,""temperature"":0.0,""dynatemp_range"":0.0,""dynatemp_exponent"":1.0,""top_k"":40,""top_p"":0.949999988079071,""min_p"":0.05000000074505806,""top_n_sigma"":-1.0,""xtc_probability"":0.0,""xtc_threshold"":0.10000000149011612,""typical_p"":1.0,""repeat_last_n"":64,""repeat_penalty"":1.0,""presence_penalty"":0.0,""frequency_penalty"":0.0,""dry_multiplier"":0.0,""dry_base"":1.75,""dry_allowed_length"":2,""dry_penalty_last_n"":8192,""mirostat"":0,""mirostat_tau"":5.0,""mirostat_eta"":0.10000000149011612,""max_tokens"":2048,""n_predict"":2048,""n_keep"":0,""n_discard"":0,""ignore_eos"":false,""stream"":false,""n_probs"":0,""min_keep"":0,""chat_format"":""peg-native"",""reasoning_format"":""deepseek"",""reasoning_in_content"":false,""thinking_forced_open"":false,""samplers"":[""penalties"",""dry"",""top_n_sigma"",""top_k"",""typ_p"",""top_p"",""min_p"",""xtc"",""temperature""],""speculative.n_max"":16,""speculative.n_min"":0,""speculative.p_min"":0.75,""speculative.type"":""none"",""spec",16842,7734,0,"[{""pid"": 1959487, ""port"": ""8002"", ""model"": ""qwen2.5-14b-instruct-q4_k_m.gguf"", ""vram_mb"": 12464, ""status"": ""AUTHORISED""}]",healthy,ok
1777872258.042033,2026-05-04T05:24:18.042033+00:00,cell_c_parallel2_two_doc_concurrent,poll,,True,True,[1959487],200,"[{""id"":0,""n_ctx"":8192,""speculative"":false,""is_processing"":false,""id_task"":1846,""params"":{""seed"":4294967295,""temperature"":0.0,""dynatemp_range"":0.0,""dynatemp_exponent"":1.0,""top_k"":40,""top_p"":0.949999988079071,""min_p"":0.05000000074505806,""top_n_sigma"":-1.0,""xtc_probability"":0.0,""xtc_threshold"":0.10000000149011612,""typical_p"":1.0,""repeat_last_n"":64,""repeat_penalty"":1.0,""presence_penalty"":0.0,""frequency_penalty"":0.0,""dry_multiplier"":0.0,""dry_base"":1.75,""dry_allowed_length"":2,""dry_penalty_last_n"":8192,""mirostat"":0,""mirostat_tau"":5.0,""mirostat_eta"":0.10000000149011612,""max_tokens"":2048,""n_predict"":2048,""n_keep"":0,""n_discard"":0,""ignore_eos"":false,""stream"":false,""n_probs"":0,""min_keep"":0,""chat_format"":""peg-native"",""reasoning_format"":""deepseek"",""reasoning_in_content"":false,""thinking_forced_open"":false,""samplers"":[""penalties"",""dry"",""top_n_sigma"",""top_k"",""typ_p"",""top_p"",""min_p"",""xtc"",""temperature""],""speculative.n_max"":16,""speculative.n_min"":0,""speculative.p_min"":0.75,""speculative.type"":""none"",""spec",16842,7734,0,"[{""pid"": 1959487, ""port"": ""8002"", ""model"": ""qwen2.5-14b-instruct-q4_k_m.gguf"", ""vram_mb"": 12464, ""status"": ""AUTHORISED""}]",healthy,ok
1777872260.31597,2026-05-04T05:24:20.315970+00:00,cell_c_parallel2_two_doc_concurrent,poll,,True,True,[1959487],200,"[{""id"":0,""n_ctx"":8192,""speculative"":false,""is_processing"":false,""id_task"":1846,""params"":{""seed"":4294967295,""temperature"":0.0,""dynatemp_range"":0.0,""dynatemp_exponent"":1.0,""top_k"":40,""top_p"":0.949999988079071,""min_p"":0.05000000074505806,""top_n_sigma"":-1.0,""xtc_probability"":0.0,""xtc_threshold"":0.10000000149011612,""typical_p"":1.0,""repeat_last_n"":64,""repeat_penalty"":1.0,""presence_penalty"":0.0,""frequency_penalty"":0.0,""dry_multiplier"":0.0,""dry_base"":1.75,""dry_allowed_length"":2,""dry_penalty_last_n"":8192,""mirostat"":0,""mirostat_tau"":5.0,""mirostat_eta"":0.10000000149011612,""max_tokens"":2048,""n_predict"":2048,""n_keep"":0,""n_discard"":0,""ignore_eos"":false,""stream"":false,""n_probs"":0,""min_keep"":0,""chat_format"":""peg-native"",""reasoning_format"":""deepseek"",""reasoning_in_content"":false,""thinking_forced_open"":false,""samplers"":[""penalties"",""dry"",""top_n_sigma"",""top_k"",""typ_p"",""top_p"",""min_p"",""xtc"",""temperature""],""speculative.n_max"":16,""speculative.n_min"":0,""speculative.p_min"":0.75,""speculative.type"":""none"",""spec",16842,7734,0,"[{""pid"": 1959487, ""port"": ""8002"", ""model"": ""qwen2.5-14b-instruct-q4_k_m.gguf"", ""vram_mb"": 12464, ""status"": ""AUTHORISED""}]",healthy,ok
1777872262.590721,2026-05-04T05:24:22.590721+00:00,cell_c_parallel2_two_doc_concurrent,poll,,True,True,[1959487],200,"[{""id"":0,""n_ctx"":8192,""speculative"":false,""is_processing"":false,""id_task"":1846,""params"":{""seed"":4294967295,""temperature"":0.0,""dynatemp_range"":0.0,""dynatemp_exponent"":1.0,""top_k"":40,""top_p"":0.949999988079071,""min_p"":0.05000000074505806,""top_n_sigma"":-1.0,""xtc_probability"":0.0,""xtc_threshold"":0.10000000149011612,""typical_p"":1.0,""repeat_last_n"":64,""repeat_penalty"":1.0,""presence_penalty"":0.0,""frequency_penalty"":0.0,""dry_multiplier"":0.0,""dry_base"":1.75,""dry_allowed_length"":2,""dry_penalty_last_n"":8192,""mirostat"":0,""mirostat_tau"":5.0,""mirostat_eta"":0.10000000149011612,""max_tokens"":2048,""n_predict"":2048,""n_keep"":0,""n_discard"":0,""ignore_eos"":false,""stream"":false,""n_probs"":0,""min_keep"":0,""chat_format"":""peg-native"",""reasoning_format"":""deepseek"",""reasoning_in_content"":false,""thinking_forced_open"":false,""samplers"":[""penalties"",""dry"",""top_n_sigma"",""top_k"",""typ_p"",""top_p"",""min_p"",""xtc"",""temperature""],""speculative.n_max"":16,""speculative.n_min"":0,""speculative.p_min"":0.75,""speculative.type"":""none"",""spec",16842,7734,0,"[{""pid"": 1959487, ""port"": ""8002"", ""model"": ""qwen2.5-14b-instruct-q4_k_m.gguf"", ""vram_mb"": 12464, ""status"": ""AUTHORISED""}]",healthy,ok
1777872264.893623,2026-05-04T05:24:24.893623+00:00,cell_c_parallel2_two_doc_concurrent,poll,,True,True,[1959487],200,"[{""id"":0,""n_ctx"":8192,""speculative"":false,""is_processing"":false,""id_task"":1846,""params"":{""seed"":4294967295,""temperature"":0.0,""dynatemp_range"":0.0,""dynatemp_exponent"":1.0,""top_k"":40,""top_p"":0.949999988079071,""min_p"":0.05000000074505806,""top_n_sigma"":-1.0,""xtc_probability"":0.0,""xtc_threshold"":0.10000000149011612,""typical_p"":1.0,""repeat_last_n"":64,""repeat_penalty"":1.0,""presence_penalty"":0.0,""frequency_penalty"":0.0,""dry_multiplier"":0.0,""dry_base"":1.75,""dry_allowed_length"":2,""dry_penalty_last_n"":8192,""mirostat"":0,""mirostat_tau"":5.0,""mirostat_eta"":0.10000000149011612,""max_tokens"":2048,""n_predict"":2048,""n_keep"":0,""n_discard"":0,""ignore_eos"":false,""stream"":false,""n_probs"":0,""min_keep"":0,""chat_format"":""peg-native"",""reasoning_format"":""deepseek"",""reasoning_in_content"":false,""thinking_forced_open"":false,""samplers"":[""penalties"",""dry"",""top_n_sigma"",""top_k"",""typ_p"",""top_p"",""min_p"",""xtc"",""temperature""],""speculative.n_max"":16,""speculative.n_min"":0,""speculative.p_min"":0.75,""speculative.type"":""none"",""spec",16842,7734,0,"[{""pid"": 1959487, ""port"": ""8002"", ""model"": ""qwen2.5-14b-instruct-q4_k_m.gguf"", ""vram_mb"": 12464, ""status"": ""AUTHORISED""}]",healthy,ok
1777872267.282949,2026-05-04T05:24:27.282949+00:00,cell_c_parallel2_two_doc_concurrent,poll,,True,True,[1959487],200,"[{""id"":0,""n_ctx"":8192,""speculative"":false,""is_processing"":false,""id_task"":1846,""params"":{""seed"":4294967295,""temperature"":0.0,""dynatemp_range"":0.0,""dynatemp_exponent"":1.0,""top_k"":40,""top_p"":0.949999988079071,""min_p"":0.05000000074505806,""top_n_sigma"":-1.0,""xtc_probability"":0.0,""xtc_threshold"":0.10000000149011612,""typical_p"":1.0,""repeat_last_n"":64,""repeat_penalty"":1.0,""presence_penalty"":0.0,""frequency_penalty"":0.0,""dry_multiplier"":0.0,""dry_base"":1.75,""dry_allowed_length"":2,""dry_penalty_last_n"":8192,""mirostat"":0,""mirostat_tau"":5.0,""mirostat_eta"":0.10000000149011612,""max_tokens"":2048,""n_predict"":2048,""n_keep"":0,""n_discard"":0,""ignore_eos"":false,""stream"":false,""n_probs"":0,""min_keep"":0,""chat_format"":""peg-native"",""reasoning_format"":""deepseek"",""reasoning_in_content"":false,""thinking_forced_open"":false,""samplers"":[""penalties"",""dry"",""top_n_sigma"",""top_k"",""typ_p"",""top_p"",""min_p"",""xtc"",""temperature""],""speculative.n_max"":16,""speculative.n_min"":0,""speculative.p_min"":0.75,""speculative.type"":""none"",""spec",16842,7734,0,"[{""pid"": 1959487, ""port"": ""8002"", ""model"": ""qwen2.5-14b-instruct-q4_k_m.gguf"", ""vram_mb"": 12464, ""status"": ""AUTHORISED""}]",healthy,ok
1777872269.522506,2026-05-04T05:24:29.522506+00:00,cell_c_parallel2_two_doc_concurrent,poll,,True,True,[1959487],200,"[{""id"":0,""n_ctx"":8192,""speculative"":false,""is_processing"":false,""id_task"":1846,""params"":{""seed"":4294967295,""temperature"":0.0,""dynatemp_range"":0.0,""dynatemp_exponent"":1.0,""top_k"":40,""top_p"":0.949999988079071,""min_p"":0.05000000074505806,""top_n_sigma"":-1.0,""xtc_probability"":0.0,""xtc_threshold"":0.10000000149011612,""typical_p"":1.0,""repeat_last_n"":64,""repeat_penalty"":1.0,""presence_penalty"":0.0,""frequency_penalty"":0.0,""dry_multiplier"":0.0,""dry_base"":1.75,""dry_allowed_length"":2,""dry_penalty_last_n"":8192,""mirostat"":0,""mirostat_tau"":5.0,""mirostat_eta"":0.10000000149011612,""max_tokens"":2048,""n_predict"":2048,""n_keep"":0,""n_discard"":0,""ignore_eos"":false,""stream"":false,""n_probs"":0,""min_keep"":0,""chat_format"":""peg-native"",""reasoning_format"":""deepseek"",""reasoning_in_content"":false,""thinking_forced_open"":false,""samplers"":[""penalties"",""dry"",""top_n_sigma"",""top_k"",""typ_p"",""top_p"",""min_p"",""xtc"",""temperature""],""speculative.n_max"":16,""speculative.n_min"":0,""speculative.p_min"":0.75,""speculative.type"":""none"",""spec",16842,7734,0,"[{""pid"": 1959487, ""port"": ""8002"", ""model"": ""qwen2.5-14b-instruct-q4_k_m.gguf"", ""vram_mb"": 12464, ""status"": ""AUTHORISED""}]",healthy,ok
1777872271.717169,2026-05-04T05:24:31.717169+00:00,cell_c_parallel2_two_doc_concurrent,poll,,True,True,[1959487],200,"[{""id"":0,""n_ctx"":8192,""speculative"":false,""is_processing"":false,""id_task"":1846,""params"":{""seed"":4294967295,""temperature"":0.0,""dynatemp_range"":0.0,""dynatemp_exponent"":1.0,""top_k"":40,""top_p"":0.949999988079071,""min_p"":0.05000000074505806,""top_n_sigma"":-1.0,""xtc_probability"":0.0,""xtc_threshold"":0.10000000149011612,""typical_p"":1.0,""repeat_last_n"":64,""repeat_penalty"":1.0,""presence_penalty"":0.0,""frequency_penalty"":0.0,""dry_multiplier"":0.0,""dry_base"":1.75,""dry_allowed_length"":2,""dry_penalty_last_n"":8192,""mirostat"":0,""mirostat_tau"":5.0,""mirostat_eta"":0.10000000149011612,""max_tokens"":2048,""n_predict"":2048,""n_keep"":0,""n_discard"":0,""ignore_eos"":false,""stream"":false,""n_probs"":0,""min_keep"":0,""chat_format"":""peg-native"",""reasoning_format"":""deepseek"",""reasoning_in_content"":false,""thinking_forced_open"":false,""samplers"":[""penalties"",""dry"",""top_n_sigma"",""top_k"",""typ_p"",""top_p"",""min_p"",""xtc"",""temperature""],""speculative.n_max"":16,""speculative.n_min"":0,""speculative.p_min"":0.75,""speculative.type"":""none"",""spec",16842,7734,0,"[{""pid"": 1959487, ""port"": ""8002"", ""model"": ""qwen2.5-14b-instruct-q4_k_m.gguf"", ""vram_mb"": 12464, ""status"": ""AUTHORISED""}]",healthy,ok
1777872273.920391,2026-05-04T05:24:33.920391+00:00,cell_c_parallel2_two_doc_concurrent,poll,,True,True,[1959487],200,"[{""id"":0,""n_ctx"":8192,""speculative"":false,""is_processing"":false,""id_task"":1846,""params"":{""seed"":4294967295,""temperature"":0.0,""dynatemp_range"":0.0,""dynatemp_exponent"":1.0,""top_k"":40,""top_p"":0.949999988079071,""min_p"":0.05000000074505806,""top_n_sigma"":-1.0,""xtc_probability"":0.0,""xtc_threshold"":0.10000000149011612,""typical_p"":1.0,""repeat_last_n"":64,""repeat_penalty"":1.0,""presence_penalty"":0.0,""frequency_penalty"":0.0,""dry_multiplier"":0.0,""dry_base"":1.75,""dry_allowed_length"":2,""dry_penalty_last_n"":8192,""mirostat"":0,""mirostat_tau"":5.0,""mirostat_eta"":0.10000000149011612,""max_tokens"":2048,""n_predict"":2048,""n_keep"":0,""n_discard"":0,""ignore_eos"":false,""stream"":false,""n_probs"":0,""min_keep"":0,""chat_format"":""peg-native"",""reasoning_format"":""deepseek"",""reasoning_in_content"":false,""thinking_forced_open"":false,""samplers"":[""penalties"",""dry"",""top_n_sigma"",""top_k"",""typ_p"",""top_p"",""min_p"",""xtc"",""temperature""],""speculative.n_max"":16,""speculative.n_min"":0,""speculative.p_min"":0.75,""speculative.type"":""none"",""spec",16842,7734,0,"[{""pid"": 1959487, ""port"": ""8002"", ""model"": ""qwen2.5-14b-instruct-q4_k_m.gguf"", ""vram_mb"": 12464, ""status"": ""AUTHORISED""}]",healthy,ok
1777872276.11839,2026-05-04T05:24:36.118390+00:00,cell_c_parallel2_two_doc_concurrent,poll,,True,True,[1959487],200,"[{""id"":0,""n_ctx"":8192,""speculative"":false,""is_processing"":false,""id_task"":1846,""params"":{""seed"":4294967295,""temperature"":0.0,""dynatemp_range"":0.0,""dynatemp_exponent"":1.0,""top_k"":40,""top_p"":0.949999988079071,""min_p"":0.05000000074505806,""top_n_sigma"":-1.0,""xtc_probability"":0.0,""xtc_threshold"":0.10000000149011612,""typical_p"":1.0,""repeat_last_n"":64,""repeat_penalty"":1.0,""presence_penalty"":0.0,""frequency_penalty"":0.0,""dry_multiplier"":0.0,""dry_base"":1.75,""dry_allowed_length"":2,""dry_penalty_last_n"":8192,""mirostat"":0,""mirostat_tau"":5.0,""mirostat_eta"":0.10000000149011612,""max_tokens"":2048,""n_predict"":2048,""n_keep"":0,""n_discard"":0,""ignore_eos"":false,""stream"":false,""n_probs"":0,""min_keep"":0,""chat_format"":""peg-native"",""reasoning_format"":""deepseek"",""reasoning_in_content"":false,""thinking_forced_open"":false,""samplers"":[""penalties"",""dry"",""top_n_sigma"",""top_k"",""typ_p"",""top_p"",""min_p"",""xtc"",""temperature""],""speculative.n_max"":16,""speculative.n_min"":0,""speculative.p_min"":0.75,""speculative.type"":""none"",""spec",16842,7734,0,"[{""pid"": 1959487, ""port"": ""8002"", ""model"": ""qwen2.5-14b-instruct-q4_k_m.gguf"", ""vram_mb"": 12464, ""status"": ""AUTHORISED""}]",healthy,ok
1777872278.335327,2026-05-04T05:24:38.335327+00:00,cell_c_parallel2_two_doc_concurrent,poll,,True,True,[1959487],200,"[{""id"":0,""n_ctx"":8192,""speculative"":false,""is_processing"":false,""id_task"":1846,""params"":{""seed"":4294967295,""temperature"":0.0,""dynatemp_range"":0.0,""dynatemp_exponent"":1.0,""top_k"":40,""top_p"":0.949999988079071,""min_p"":0.05000000074505806,""top_n_sigma"":-1.0,""xtc_probability"":0.0,""xtc_threshold"":0.10000000149011612,""typical_p"":1.0,""repeat_last_n"":64,""repeat_penalty"":1.0,""presence_penalty"":0.0,""frequency_penalty"":0.0,""dry_multiplier"":0.0,""dry_base"":1.75,""dry_allowed_length"":2,""dry_penalty_last_n"":8192,""mirostat"":0,""mirostat_tau"":5.0,""mirostat_eta"":0.10000000149011612,""max_tokens"":2048,""n_predict"":2048,""n_keep"":0,""n_discard"":0,""ignore_eos"":false,""stream"":false,""n_probs"":0,""min_keep"":0,""chat_format"":""peg-native"",""reasoning_format"":""deepseek"",""reasoning_in_content"":false,""thinking_forced_open"":false,""samplers"":[""penalties"",""dry"",""top_n_sigma"",""top_k"",""typ_p"",""top_p"",""min_p"",""xtc"",""temperature""],""speculative.n_max"":16,""speculative.n_min"":0,""speculative.p_min"":0.75,""speculative.type"":""none"",""spec",16842,7734,0,"[{""pid"": 1959487, ""port"": ""8002"", ""model"": ""qwen2.5-14b-instruct-q4_k_m.gguf"", ""vram_mb"": 12464, ""status"": ""AUTHORISED""}]",healthy,ok
1777872280.519137,2026-05-04T05:24:40.519137+00:00,cell_c_parallel2_two_doc_concurrent,poll,,True,True,[1959487],200,"[{""id"":0,""n_ctx"":8192,""speculative"":false,""is_processing"":false,""id_task"":1846,""params"":{""seed"":4294967295,""temperature"":0.0,""dynatemp_range"":0.0,""dynatemp_exponent"":1.0,""top_k"":40,""top_p"":0.949999988079071,""min_p"":0.05000000074505806,""top_n_sigma"":-1.0,""xtc_probability"":0.0,""xtc_threshold"":0.10000000149011612,""typical_p"":1.0,""repeat_last_n"":64,""repeat_penalty"":1.0,""presence_penalty"":0.0,""frequency_penalty"":0.0,""dry_multiplier"":0.0,""dry_base"":1.75,""dry_allowed_length"":2,""dry_penalty_last_n"":8192,""mirostat"":0,""mirostat_tau"":5.0,""mirostat_eta"":0.10000000149011612,""max_tokens"":2048,""n_predict"":2048,""n_keep"":0,""n_discard"":0,""ignore_eos"":false,""stream"":false,""n_probs"":0,""min_keep"":0,""chat_format"":""peg-native"",""reasoning_format"":""deepseek"",""reasoning_in_content"":false,""thinking_forced_open"":false,""samplers"":[""penalties"",""dry"",""top_n_sigma"",""top_k"",""typ_p"",""top_p"",""min_p"",""xtc"",""temperature""],""speculative.n_max"":16,""speculative.n_min"":0,""speculative.p_min"":0.75,""speculative.type"":""none"",""spec",15073,9503,0,"[{""pid"": 1959487, ""port"": ""8002"", ""model"": ""qwen2.5-14b-instruct-q4_k_m.gguf"", ""vram_mb"": 12464, ""status"": ""AUTHORISED""}]",healthy,ok
1777872281.931304,2026-05-04T05:24:41.931304+00:00,cell_c_parallel2_two_doc_concurrent,after_child_end,qbe_h_2025-06-30,True,True,[1959487],200,"[{""id"":0,""n_ctx"":8192,""speculative"":false,""is_processing"":false,""id_task"":1846,""params"":{""seed"":4294967295,""temperature"":0.0,""dynatemp_range"":0.0,""dynatemp_exponent"":1.0,""top_k"":40,""top_p"":0.949999988079071,""min_p"":0.05000000074505806,""top_n_sigma"":-1.0,""xtc_probability"":0.0,""xtc_threshold"":0.10000000149011612,""typical_p"":1.0,""repeat_last_n"":64,""repeat_penalty"":1.0,""presence_penalty"":0.0,""frequency_penalty"":0.0,""dry_multiplier"":0.0,""dry_base"":1.75,""dry_allowed_length"":2,""dry_penalty_last_n"":8192,""mirostat"":0,""mirostat_tau"":5.0,""mirostat_eta"":0.10000000149011612,""max_tokens"":2048,""n_predict"":2048,""n_keep"":0,""n_discard"":0,""ignore_eos"":false,""stream"":false,""n_probs"":0,""min_keep"":0,""chat_format"":""peg-native"",""reasoning_format"":""deepseek"",""reasoning_in_content"":false,""thinking_forced_open"":false,""samplers"":[""penalties"",""dry"",""top_n_sigma"",""top_k"",""typ_p"",""top_p"",""min_p"",""xtc"",""temperature""],""speculative.n_max"":16,""speculative.n_min"":0,""speculative.p_min"":0.75,""speculative.type"":""none"",""spec",15073,9503,0,"[{""pid"": 1959487, ""port"": ""8002"", ""model"": ""qwen2.5-14b-instruct-q4_k_m.gguf"", ""vram_mb"": 12464, ""status"": ""AUTHORISED""}]",healthy,ok
1777872282.12572,2026-05-04T05:24:42.125720+00:00,cell_c_parallel2_two_doc_concurrent,before_child_start,eqr_q_2025-12-31,True,True,[1959487],200,"[{""id"":0,""n_ctx"":8192,""speculative"":false,""is_processing"":false,""id_task"":1846,""params"":{""seed"":4294967295,""temperature"":0.0,""dynatemp_range"":0.0,""dynatemp_exponent"":1.0,""top_k"":40,""top_p"":0.949999988079071,""min_p"":0.05000000074505806,""top_n_sigma"":-1.0,""xtc_probability"":0.0,""xtc_threshold"":0.10000000149011612,""typical_p"":1.0,""repeat_last_n"":64,""repeat_penalty"":1.0,""presence_penalty"":0.0,""frequency_penalty"":0.0,""dry_multiplier"":0.0,""dry_base"":1.75,""dry_allowed_length"":2,""dry_penalty_last_n"":8192,""mirostat"":0,""mirostat_tau"":5.0,""mirostat_eta"":0.10000000149011612,""max_tokens"":2048,""n_predict"":2048,""n_keep"":0,""n_discard"":0,""ignore_eos"":false,""stream"":false,""n_probs"":0,""min_keep"":0,""chat_format"":""peg-native"",""reasoning_format"":""deepseek"",""reasoning_in_content"":false,""thinking_forced_open"":false,""samplers"":[""penalties"",""dry"",""top_n_sigma"",""top_k"",""typ_p"",""top_p"",""min_p"",""xtc"",""temperature""],""speculative.n_max"":16,""speculative.n_min"":0,""speculative.p_min"":0.75,""speculative.type"":""none"",""spec",15073,9503,0,"[{""pid"": 1959487, ""port"": ""8002"", ""model"": ""qwen2.5-14b-instruct-q4_k_m.gguf"", ""vram_mb"": 12464, ""status"": ""AUTHORISED""}]",healthy,ok
1777872282.759205,2026-05-04T05:24:42.759205+00:00,cell_c_parallel2_two_doc_concurrent,poll,,True,True,[1959487],200,"[{""id"":0,""n_ctx"":8192,""speculative"":false,""is_processing"":false,""id_task"":1846,""params"":{""seed"":4294967295,""temperature"":0.0,""dynatemp_range"":0.0,""dynatemp_exponent"":1.0,""top_k"":40,""top_p"":0.949999988079071,""min_p"":0.05000000074505806,""top_n_sigma"":-1.0,""xtc_probability"":0.0,""xtc_threshold"":0.10000000149011612,""typical_p"":1.0,""repeat_last_n"":64,""repeat_penalty"":1.0,""presence_penalty"":0.0,""frequency_penalty"":0.0,""dry_multiplier"":0.0,""dry_base"":1.75,""dry_allowed_length"":2,""dry_penalty_last_n"":8192,""mirostat"":0,""mirostat_tau"":5.0,""mirostat_eta"":0.10000000149011612,""max_tokens"":2048,""n_predict"":2048,""n_keep"":0,""n_discard"":0,""ignore_eos"":false,""stream"":false,""n_probs"":0,""min_keep"":0,""chat_format"":""peg-native"",""reasoning_format"":""deepseek"",""reasoning_in_content"":false,""thinking_forced_open"":false,""samplers"":[""penalties"",""dry"",""top_n_sigma"",""top_k"",""typ_p"",""top_p"",""min_p"",""xtc"",""temperature""],""speculative.n_max"":16,""speculative.n_min"":0,""speculative.p_min"":0.75,""speculative.type"":""none"",""spec",15073,9503,0,"[{""pid"": 1959487, ""port"": ""8002"", ""model"": ""qwen2.5-14b-instruct-q4_k_m.gguf"", ""vram_mb"": 12464, ""status"": ""AUTHORISED""}]",healthy,ok
1777872284.978874,2026-05-04T05:24:44.978874+00:00,cell_c_parallel2_two_doc_concurrent,poll,,True,True,[1959487],200,"[{""id"":0,""n_ctx"":8192,""speculative"":false,""is_processing"":false,""id_task"":1846,""params"":{""seed"":4294967295,""temperature"":0.0,""dynatemp_range"":0.0,""dynatemp_exponent"":1.0,""top_k"":40,""top_p"":0.949999988079071,""min_p"":0.05000000074505806,""top_n_sigma"":-1.0,""xtc_probability"":0.0,""xtc_threshold"":0.10000000149011612,""typical_p"":1.0,""repeat_last_n"":64,""repeat_penalty"":1.0,""presence_penalty"":0.0,""frequency_penalty"":0.0,""dry_multiplier"":0.0,""dry_base"":1.75,""dry_allowed_length"":2,""dry_penalty_last_n"":8192,""mirostat"":0,""mirostat_tau"":5.0,""mirostat_eta"":0.10000000149011612,""max_tokens"":2048,""n_predict"":2048,""n_keep"":0,""n_discard"":0,""ignore_eos"":false,""stream"":false,""n_probs"":0,""min_keep"":0,""chat_format"":""peg-native"",""reasoning_format"":""deepseek"",""reasoning_in_content"":false,""thinking_forced_open"":false,""samplers"":[""penalties"",""dry"",""top_n_sigma"",""top_k"",""typ_p"",""top_p"",""min_p"",""xtc"",""temperature""],""speculative.n_max"":16,""speculative.n_min"":0,""speculative.p_min"":0.75,""speculative.type"":""none"",""spec",15073,9503,0,"[{""pid"": 1959487, ""port"": ""8002"", ""model"": ""qwen2.5-14b-instruct-q4_k_m.gguf"", ""vram_mb"": 12464, ""status"": ""AUTHORISED""}]",healthy,ok
1777872287.178634,2026-05-04T05:24:47.178634+00:00,cell_c_parallel2_two_doc_concurrent,poll,,True,True,[1959487],200,"[{""id"":0,""n_ctx"":8192,""speculative"":false,""is_processing"":false,""id_task"":1846,""params"":{""seed"":4294967295,""temperature"":0.0,""dynatemp_range"":0.0,""dynatemp_exponent"":1.0,""top_k"":40,""top_p"":0.949999988079071,""min_p"":0.05000000074505806,""top_n_sigma"":-1.0,""xtc_probability"":0.0,""xtc_threshold"":0.10000000149011612,""typical_p"":1.0,""repeat_last_n"":64,""repeat_penalty"":1.0,""presence_penalty"":0.0,""frequency_penalty"":0.0,""dry_multiplier"":0.0,""dry_base"":1.75,""dry_allowed_length"":2,""dry_penalty_last_n"":8192,""mirostat"":0,""mirostat_tau"":5.0,""mirostat_eta"":0.10000000149011612,""max_tokens"":2048,""n_predict"":2048,""n_keep"":0,""n_discard"":0,""ignore_eos"":false,""stream"":false,""n_probs"":0,""min_keep"":0,""chat_format"":""peg-native"",""reasoning_format"":""deepseek"",""reasoning_in_content"":false,""thinking_forced_open"":false,""samplers"":[""penalties"",""dry"",""top_n_sigma"",""top_k"",""typ_p"",""top_p"",""min_p"",""xtc"",""temperature""],""speculative.n_max"":16,""speculative.n_min"":0,""speculative.p_min"":0.75,""speculative.type"":""none"",""spec",15073,9503,0,"[{""pid"": 1959487, ""port"": ""8002"", ""model"": ""qwen2.5-14b-instruct-q4_k_m.gguf"", ""vram_mb"": 12464, ""status"": ""AUTHORISED""}]",healthy,ok
1777872289.386715,2026-05-04T05:24:49.386715+00:00,cell_c_parallel2_two_doc_concurrent,poll,,True,True,[1959487],200,"[{""id"":0,""n_ctx"":8192,""speculative"":false,""is_processing"":false,""id_task"":1846,""params"":{""seed"":4294967295,""temperature"":0.0,""dynatemp_range"":0.0,""dynatemp_exponent"":1.0,""top_k"":40,""top_p"":0.949999988079071,""min_p"":0.05000000074505806,""top_n_sigma"":-1.0,""xtc_probability"":0.0,""xtc_threshold"":0.10000000149011612,""typical_p"":1.0,""repeat_last_n"":64,""repeat_penalty"":1.0,""presence_penalty"":0.0,""frequency_penalty"":0.0,""dry_multiplier"":0.0,""dry_base"":1.75,""dry_allowed_length"":2,""dry_penalty_last_n"":8192,""mirostat"":0,""mirostat_tau"":5.0,""mirostat_eta"":0.10000000149011612,""max_tokens"":2048,""n_predict"":2048,""n_keep"":0,""n_discard"":0,""ignore_eos"":false,""stream"":false,""n_probs"":0,""min_keep"":0,""chat_format"":""peg-native"",""reasoning_format"":""deepseek"",""reasoning_in_content"":false,""thinking_forced_open"":false,""samplers"":[""penalties"",""dry"",""top_n_sigma"",""top_k"",""typ_p"",""top_p"",""min_p"",""xtc"",""temperature""],""speculative.n_max"":16,""speculative.n_min"":0,""speculative.p_min"":0.75,""speculative.type"":""none"",""spec",15073,9503,0,"[{""pid"": 1959487, ""port"": ""8002"", ""model"": ""qwen2.5-14b-instruct-q4_k_m.gguf"", ""vram_mb"": 12464, ""status"": ""AUTHORISED""}]",healthy,ok
1777872291.604011,2026-05-04T05:24:51.604011+00:00,cell_c_parallel2_two_doc_concurrent,poll,,True,True,[1959487],200,"[{""id"":0,""n_ctx"":8192,""speculative"":false,""is_processing"":false,""id_task"":1846,""params"":{""seed"":4294967295,""temperature"":0.0,""dynatemp_range"":0.0,""dynatemp_exponent"":1.0,""top_k"":40,""top_p"":0.949999988079071,""min_p"":0.05000000074505806,""top_n_sigma"":-1.0,""xtc_probability"":0.0,""xtc_threshold"":0.10000000149011612,""typical_p"":1.0,""repeat_last_n"":64,""repeat_penalty"":1.0,""presence_penalty"":0.0,""frequency_penalty"":0.0,""dry_multiplier"":0.0,""dry_base"":1.75,""dry_allowed_length"":2,""dry_penalty_last_n"":8192,""mirostat"":0,""mirostat_tau"":5.0,""mirostat_eta"":0.10000000149011612,""max_tokens"":2048,""n_predict"":2048,""n_keep"":0,""n_discard"":0,""ignore_eos"":false,""stream"":false,""n_probs"":0,""min_keep"":0,""chat_format"":""peg-native"",""reasoning_format"":""deepseek"",""reasoning_in_content"":false,""thinking_forced_open"":false,""samplers"":[""penalties"",""dry"",""top_n_sigma"",""top_k"",""typ_p"",""top_p"",""min_p"",""xtc"",""temperature""],""speculative.n_max"":16,""speculative.n_min"":0,""speculative.p_min"":0.75,""speculative.type"":""none"",""spec",15073,9503,0,"[{""pid"": 1959487, ""port"": ""8002"", ""model"": ""qwen2.5-14b-instruct-q4_k_m.gguf"", ""vram_mb"": 12464, ""status"": ""AUTHORISED""}]",healthy,ok
1777872293.799148,2026-05-04T05:24:53.799148+00:00,cell_c_parallel2_two_doc_concurrent,poll,,True,True,[1959487],200,"[{""id"":0,""n_ctx"":8192,""speculative"":false,""is_processing"":false,""id_task"":1846,""params"":{""seed"":4294967295,""temperature"":0.0,""dynatemp_range"":0.0,""dynatemp_exponent"":1.0,""top_k"":40,""top_p"":0.949999988079071,""min_p"":0.05000000074505806,""top_n_sigma"":-1.0,""xtc_probability"":0.0,""xtc_threshold"":0.10000000149011612,""typical_p"":1.0,""repeat_last_n"":64,""repeat_penalty"":1.0,""presence_penalty"":0.0,""frequency_penalty"":0.0,""dry_multiplier"":0.0,""dry_base"":1.75,""dry_allowed_length"":2,""dry_penalty_last_n"":8192,""mirostat"":0,""mirostat_tau"":5.0,""mirostat_eta"":0.10000000149011612,""max_tokens"":2048,""n_predict"":2048,""n_keep"":0,""n_discard"":0,""ignore_eos"":false,""stream"":false,""n_probs"":0,""min_keep"":0,""chat_format"":""peg-native"",""reasoning_format"":""deepseek"",""reasoning_in_content"":false,""thinking_forced_open"":false,""samplers"":[""penalties"",""dry"",""top_n_sigma"",""top_k"",""typ_p"",""top_p"",""min_p"",""xtc"",""temperature""],""speculative.n_max"":16,""speculative.n_min"":0,""speculative.p_min"":0.75,""speculative.type"":""none"",""spec",15073,9503,0,"[{""pid"": 1959487, ""port"": ""8002"", ""model"": ""qwen2.5-14b-instruct-q4_k_m.gguf"", ""vram_mb"": 12464, ""status"": ""AUTHORISED""}]",healthy,ok
1777872295.984917,2026-05-04T05:24:55.984917+00:00,cell_c_parallel2_two_doc_concurrent,poll,,True,True,[1959487],200,"[{""id"":0,""n_ctx"":8192,""speculative"":false,""is_processing"":false,""id_task"":1846,""params"":{""seed"":4294967295,""temperature"":0.0,""dynatemp_range"":0.0,""dynatemp_exponent"":1.0,""top_k"":40,""top_p"":0.949999988079071,""min_p"":0.05000000074505806,""top_n_sigma"":-1.0,""xtc_probability"":0.0,""xtc_threshold"":0.10000000149011612,""typical_p"":1.0,""repeat_last_n"":64,""repeat_penalty"":1.0,""presence_penalty"":0.0,""frequency_penalty"":0.0,""dry_multiplier"":0.0,""dry_base"":1.75,""dry_allowed_length"":2,""dry_penalty_last_n"":8192,""mirostat"":0,""mirostat_tau"":5.0,""mirostat_eta"":0.10000000149011612,""max_tokens"":2048,""n_predict"":2048,""n_keep"":0,""n_discard"":0,""ignore_eos"":false,""stream"":false,""n_probs"":0,""min_keep"":0,""chat_format"":""peg-native"",""reasoning_format"":""deepseek"",""reasoning_in_content"":false,""thinking_forced_open"":false,""samplers"":[""penalties"",""dry"",""top_n_sigma"",""top_k"",""typ_p"",""top_p"",""min_p"",""xtc"",""temperature""],""speculative.n_max"":16,""speculative.n_min"":0,""speculative.p_min"":0.75,""speculative.type"":""none"",""spec",15073,9503,0,"[{""pid"": 1959487, ""port"": ""8002"", ""model"": ""qwen2.5-14b-instruct-q4_k_m.gguf"", ""vram_mb"": 12464, ""status"": ""AUTHORISED""}]",healthy,ok
1777872298.178677,2026-05-04T05:24:58.178677+00:00,cell_c_parallel2_two_doc_concurrent,poll,,True,True,[1959487],200,"[{""id"":0,""n_ctx"":8192,""speculative"":false,""is_processing"":false,""id_task"":1846,""params"":{""seed"":4294967295,""temperature"":0.0,""dynatemp_range"":0.0,""dynatemp_exponent"":1.0,""top_k"":40,""top_p"":0.949999988079071,""min_p"":0.05000000074505806,""top_n_sigma"":-1.0,""xtc_probability"":0.0,""xtc_threshold"":0.10000000149011612,""typical_p"":1.0,""repeat_last_n"":64,""repeat_penalty"":1.0,""presence_penalty"":0.0,""frequency_penalty"":0.0,""dry_multiplier"":0.0,""dry_base"":1.75,""dry_allowed_length"":2,""dry_penalty_last_n"":8192,""mirostat"":0,""mirostat_tau"":5.0,""mirostat_eta"":0.10000000149011612,""max_tokens"":2048,""n_predict"":2048,""n_keep"":0,""n_discard"":0,""ignore_eos"":false,""stream"":false,""n_probs"":0,""min_keep"":0,""chat_format"":""peg-native"",""reasoning_format"":""deepseek"",""reasoning_in_content"":false,""thinking_forced_open"":false,""samplers"":[""penalties"",""dry"",""top_n_sigma"",""top_k"",""typ_p"",""top_p"",""min_p"",""xtc"",""temperature""],""speculative.n_max"":16,""speculative.n_min"":0,""speculative.p_min"":0.75,""speculative.type"":""none"",""spec",15073,9503,0,"[{""pid"": 1959487, ""port"": ""8002"", ""model"": ""qwen2.5-14b-instruct-q4_k_m.gguf"", ""vram_mb"": 12464, ""status"": ""AUTHORISED""}]",healthy,ok
1777872300.357721,2026-05-04T05:25:00.357721+00:00,cell_c_parallel2_two_doc_concurrent,poll,,True,True,[1959487],200,"[{""id"":0,""n_ctx"":8192,""speculative"":false,""is_processing"":false,""id_task"":1846,""params"":{""seed"":4294967295,""temperature"":0.0,""dynatemp_range"":0.0,""dynatemp_exponent"":1.0,""top_k"":40,""top_p"":0.949999988079071,""min_p"":0.05000000074505806,""top_n_sigma"":-1.0,""xtc_probability"":0.0,""xtc_threshold"":0.10000000149011612,""typical_p"":1.0,""repeat_last_n"":64,""repeat_penalty"":1.0,""presence_penalty"":0.0,""frequency_penalty"":0.0,""dry_multiplier"":0.0,""dry_base"":1.75,""dry_allowed_length"":2,""dry_penalty_last_n"":8192,""mirostat"":0,""mirostat_tau"":5.0,""mirostat_eta"":0.10000000149011612,""max_tokens"":2048,""n_predict"":2048,""n_keep"":0,""n_discard"":0,""ignore_eos"":false,""stream"":false,""n_probs"":0,""min_keep"":0,""chat_format"":""peg-native"",""reasoning_format"":""deepseek"",""reasoning_in_content"":false,""thinking_forced_open"":false,""samplers"":[""penalties"",""dry"",""top_n_sigma"",""top_k"",""typ_p"",""top_p"",""min_p"",""xtc"",""temperature""],""speculative.n_max"":16,""speculative.n_min"":0,""speculative.p_min"":0.75,""speculative.type"":""none"",""spec",15073,9503,0,"[{""pid"": 1959487, ""port"": ""8002"", ""model"": ""qwen2.5-14b-instruct-q4_k_m.gguf"", ""vram_mb"": 12464, ""status"": ""AUTHORISED""}]",healthy,ok
1777872302.556622,2026-05-04T05:25:02.556622+00:00,cell_c_parallel2_two_doc_concurrent,poll,,True,True,[1959487],200,"[{""id"":0,""n_ctx"":8192,""speculative"":false,""is_processing"":false,""id_task"":1846,""params"":{""seed"":4294967295,""temperature"":0.0,""dynatemp_range"":0.0,""dynatemp_exponent"":1.0,""top_k"":40,""top_p"":0.949999988079071,""min_p"":0.05000000074505806,""top_n_sigma"":-1.0,""xtc_probability"":0.0,""xtc_threshold"":0.10000000149011612,""typical_p"":1.0,""repeat_last_n"":64,""repeat_penalty"":1.0,""presence_penalty"":0.0,""frequency_penalty"":0.0,""dry_multiplier"":0.0,""dry_base"":1.75,""dry_allowed_length"":2,""dry_penalty_last_n"":8192,""mirostat"":0,""mirostat_tau"":5.0,""mirostat_eta"":0.10000000149011612,""max_tokens"":2048,""n_predict"":2048,""n_keep"":0,""n_discard"":0,""ignore_eos"":false,""stream"":false,""n_probs"":0,""min_keep"":0,""chat_format"":""peg-native"",""reasoning_format"":""deepseek"",""reasoning_in_content"":false,""thinking_forced_open"":false,""samplers"":[""penalties"",""dry"",""top_n_sigma"",""top_k"",""typ_p"",""top_p"",""min_p"",""xtc"",""temperature""],""speculative.n_max"":16,""speculative.n_min"":0,""speculative.p_min"":0.75,""speculative.type"":""none"",""spec",15073,9503,0,"[{""pid"": 1959487, ""port"": ""8002"", ""model"": ""qwen2.5-14b-instruct-q4_k_m.gguf"", ""vram_mb"": 12464, ""status"": ""AUTHORISED""}]",healthy,ok
1777872304.942335,2026-05-04T05:25:04.942335+00:00,cell_c_parallel2_two_doc_concurrent,poll,,True,True,[1959487],200,"[{""id"":0,""n_ctx"":8192,""speculative"":false,""is_processing"":false,""id_task"":1846,""params"":{""seed"":4294967295,""temperature"":0.0,""dynatemp_range"":0.0,""dynatemp_exponent"":1.0,""top_k"":40,""top_p"":0.949999988079071,""min_p"":0.05000000074505806,""top_n_sigma"":-1.0,""xtc_probability"":0.0,""xtc_threshold"":0.10000000149011612,""typical_p"":1.0,""repeat_last_n"":64,""repeat_penalty"":1.0,""presence_penalty"":0.0,""frequency_penalty"":0.0,""dry_multiplier"":0.0,""dry_base"":1.75,""dry_allowed_length"":2,""dry_penalty_last_n"":8192,""mirostat"":0,""mirostat_tau"":5.0,""mirostat_eta"":0.10000000149011612,""max_tokens"":2048,""n_predict"":2048,""n_keep"":0,""n_discard"":0,""ignore_eos"":false,""stream"":false,""n_probs"":0,""min_keep"":0,""chat_format"":""peg-native"",""reasoning_format"":""deepseek"",""reasoning_in_content"":false,""thinking_forced_open"":false,""samplers"":[""penalties"",""dry"",""top_n_sigma"",""top_k"",""typ_p"",""top_p"",""min_p"",""xtc"",""temperature""],""speculative.n_max"":16,""speculative.n_min"":0,""speculative.p_min"":0.75,""speculative.type"":""none"",""spec",15073,9503,0,"[{""pid"": 1959487, ""port"": ""8002"", ""model"": ""qwen2.5-14b-instruct-q4_k_m.gguf"", ""vram_mb"": 12464, ""status"": ""AUTHORISED""}]",healthy,ok
1777872307.130194,2026-05-04T05:25:07.130194+00:00,cell_c_parallel2_two_doc_concurrent,poll,,True,True,[1959487],200,"[{""id"":0,""n_ctx"":8192,""speculative"":false,""is_processing"":false,""id_task"":1846,""params"":{""seed"":4294967295,""temperature"":0.0,""dynatemp_range"":0.0,""dynatemp_exponent"":1.0,""top_k"":40,""top_p"":0.949999988079071,""min_p"":0.05000000074505806,""top_n_sigma"":-1.0,""xtc_probability"":0.0,""xtc_threshold"":0.10000000149011612,""typical_p"":1.0,""repeat_last_n"":64,""repeat_penalty"":1.0,""presence_penalty"":0.0,""frequency_penalty"":0.0,""dry_multiplier"":0.0,""dry_base"":1.75,""dry_allowed_length"":2,""dry_penalty_last_n"":8192,""mirostat"":0,""mirostat_tau"":5.0,""mirostat_eta"":0.10000000149011612,""max_tokens"":2048,""n_predict"":2048,""n_keep"":0,""n_discard"":0,""ignore_eos"":false,""stream"":false,""n_probs"":0,""min_keep"":0,""chat_format"":""peg-native"",""reasoning_format"":""deepseek"",""reasoning_in_content"":false,""thinking_forced_open"":false,""samplers"":[""penalties"",""dry"",""top_n_sigma"",""top_k"",""typ_p"",""top_p"",""min_p"",""xtc"",""temperature""],""speculative.n_max"":16,""speculative.n_min"":0,""speculative.p_min"":0.75,""speculative.type"":""none"",""spec",15073,9503,0,"[{""pid"": 1959487, ""port"": ""8002"", ""model"": ""qwen2.5-14b-instruct-q4_k_m.gguf"", ""vram_mb"": 12464, ""status"": ""AUTHORISED""}]",healthy,ok
1777872309.344075,2026-05-04T05:25:09.344075+00:00,cell_c_parallel2_two_doc_concurrent,poll,,True,True,[1959487],200,"[{""id"":0,""n_ctx"":8192,""speculative"":false,""is_processing"":false,""id_task"":1846,""params"":{""seed"":4294967295,""temperature"":0.0,""dynatemp_range"":0.0,""dynatemp_exponent"":1.0,""top_k"":40,""top_p"":0.949999988079071,""min_p"":0.05000000074505806,""top_n_sigma"":-1.0,""xtc_probability"":0.0,""xtc_threshold"":0.10000000149011612,""typical_p"":1.0,""repeat_last_n"":64,""repeat_penalty"":1.0,""presence_penalty"":0.0,""frequency_penalty"":0.0,""dry_multiplier"":0.0,""dry_base"":1.75,""dry_allowed_length"":2,""dry_penalty_last_n"":8192,""mirostat"":0,""mirostat_tau"":5.0,""mirostat_eta"":0.10000000149011612,""max_tokens"":2048,""n_predict"":2048,""n_keep"":0,""n_discard"":0,""ignore_eos"":false,""stream"":false,""n_probs"":0,""min_keep"":0,""chat_format"":""peg-native"",""reasoning_format"":""deepseek"",""reasoning_in_content"":false,""thinking_forced_open"":false,""samplers"":[""penalties"",""dry"",""top_n_sigma"",""top_k"",""typ_p"",""top_p"",""min_p"",""xtc"",""temperature""],""speculative.n_max"":16,""speculative.n_min"":0,""speculative.p_min"":0.75,""speculative.type"":""none"",""spec",15073,9503,0,"[{""pid"": 1959487, ""port"": ""8002"", ""model"": ""qwen2.5-14b-instruct-q4_k_m.gguf"", ""vram_mb"": 12464, ""status"": ""AUTHORISED""}]",healthy,ok
1777872311.538768,2026-05-04T05:25:11.538768+00:00,cell_c_parallel2_two_doc_concurrent,poll,,True,True,[1959487],200,"[{""id"":0,""n_ctx"":8192,""speculative"":false,""is_processing"":false,""id_task"":1846,""params"":{""seed"":4294967295,""temperature"":0.0,""dynatemp_range"":0.0,""dynatemp_exponent"":1.0,""top_k"":40,""top_p"":0.949999988079071,""min_p"":0.05000000074505806,""top_n_sigma"":-1.0,""xtc_probability"":0.0,""xtc_threshold"":0.10000000149011612,""typical_p"":1.0,""repeat_last_n"":64,""repeat_penalty"":1.0,""presence_penalty"":0.0,""frequency_penalty"":0.0,""dry_multiplier"":0.0,""dry_base"":1.75,""dry_allowed_length"":2,""dry_penalty_last_n"":8192,""mirostat"":0,""mirostat_tau"":5.0,""mirostat_eta"":0.10000000149011612,""max_tokens"":2048,""n_predict"":2048,""n_keep"":0,""n_discard"":0,""ignore_eos"":false,""stream"":false,""n_probs"":0,""min_keep"":0,""chat_format"":""peg-native"",""reasoning_format"":""deepseek"",""reasoning_in_content"":false,""thinking_forced_open"":false,""samplers"":[""penalties"",""dry"",""top_n_sigma"",""top_k"",""typ_p"",""top_p"",""min_p"",""xtc"",""temperature""],""speculative.n_max"":16,""speculative.n_min"":0,""speculative.p_min"":0.75,""speculative.type"":""none"",""spec",15073,9503,0,"[{""pid"": 1959487, ""port"": ""8002"", ""model"": ""qwen2.5-14b-instruct-q4_k_m.gguf"", ""vram_mb"": 12464, ""status"": ""AUTHORISED""}]",healthy,ok
1777872313.72721,2026-05-04T05:25:13.727210+00:00,cell_c_parallel2_two_doc_concurrent,poll,,True,True,[1959487],200,"[{""id"":0,""n_ctx"":8192,""speculative"":false,""is_processing"":false,""id_task"":1846,""params"":{""seed"":4294967295,""temperature"":0.0,""dynatemp_range"":0.0,""dynatemp_exponent"":1.0,""top_k"":40,""top_p"":0.949999988079071,""min_p"":0.05000000074505806,""top_n_sigma"":-1.0,""xtc_probability"":0.0,""xtc_threshold"":0.10000000149011612,""typical_p"":1.0,""repeat_last_n"":64,""repeat_penalty"":1.0,""presence_penalty"":0.0,""frequency_penalty"":0.0,""dry_multiplier"":0.0,""dry_base"":1.75,""dry_allowed_length"":2,""dry_penalty_last_n"":8192,""mirostat"":0,""mirostat_tau"":5.0,""mirostat_eta"":0.10000000149011612,""max_tokens"":2048,""n_predict"":2048,""n_keep"":0,""n_discard"":0,""ignore_eos"":false,""stream"":false,""n_probs"":0,""min_keep"":0,""chat_format"":""peg-native"",""reasoning_format"":""deepseek"",""reasoning_in_content"":false,""thinking_forced_open"":false,""samplers"":[""penalties"",""dry"",""top_n_sigma"",""top_k"",""typ_p"",""top_p"",""min_p"",""xtc"",""temperature""],""speculative.n_max"":16,""speculative.n_min"":0,""speculative.p_min"":0.75,""speculative.type"":""none"",""spec",15073,9503,0,"[{""pid"": 1959487, ""port"": ""8002"", ""model"": ""qwen2.5-14b-instruct-q4_k_m.gguf"", ""vram_mb"": 12464, ""status"": ""AUTHORISED""}]",healthy,ok
1777872315.95261,2026-05-04T05:25:15.952610+00:00,cell_c_parallel2_two_doc_concurrent,poll,,True,True,[1959487],200,"[{""id"":0,""n_ctx"":8192,""speculative"":false,""is_processing"":false,""id_task"":1846,""params"":{""seed"":4294967295,""temperature"":0.0,""dynatemp_range"":0.0,""dynatemp_exponent"":1.0,""top_k"":40,""top_p"":0.949999988079071,""min_p"":0.05000000074505806,""top_n_sigma"":-1.0,""xtc_probability"":0.0,""xtc_threshold"":0.10000000149011612,""typical_p"":1.0,""repeat_last_n"":64,""repeat_penalty"":1.0,""presence_penalty"":0.0,""frequency_penalty"":0.0,""dry_multiplier"":0.0,""dry_base"":1.75,""dry_allowed_length"":2,""dry_penalty_last_n"":8192,""mirostat"":0,""mirostat_tau"":5.0,""mirostat_eta"":0.10000000149011612,""max_tokens"":2048,""n_predict"":2048,""n_keep"":0,""n_discard"":0,""ignore_eos"":false,""stream"":false,""n_probs"":0,""min_keep"":0,""chat_format"":""peg-native"",""reasoning_format"":""deepseek"",""reasoning_in_content"":false,""thinking_forced_open"":false,""samplers"":[""penalties"",""dry"",""top_n_sigma"",""top_k"",""typ_p"",""top_p"",""min_p"",""xtc"",""temperature""],""speculative.n_max"":16,""speculative.n_min"":0,""speculative.p_min"":0.75,""speculative.type"":""none"",""spec",15073,9503,0,"[{""pid"": 1959487, ""port"": ""8002"", ""model"": ""qwen2.5-14b-instruct-q4_k_m.gguf"", ""vram_mb"": 12464, ""status"": ""AUTHORISED""}]",healthy,ok
1777872318.200783,2026-05-04T05:25:18.200783+00:00,cell_c_parallel2_two_doc_concurrent,poll,,True,True,[1959487],200,"[{""id"":0,""n_ctx"":8192,""speculative"":false,""is_processing"":false,""id_task"":1846,""params"":{""seed"":4294967295,""temperature"":0.0,""dynatemp_range"":0.0,""dynatemp_exponent"":1.0,""top_k"":40,""top_p"":0.949999988079071,""min_p"":0.05000000074505806,""top_n_sigma"":-1.0,""xtc_probability"":0.0,""xtc_threshold"":0.10000000149011612,""typical_p"":1.0,""repeat_last_n"":64,""repeat_penalty"":1.0,""presence_penalty"":0.0,""frequency_penalty"":0.0,""dry_multiplier"":0.0,""dry_base"":1.75,""dry_allowed_length"":2,""dry_penalty_last_n"":8192,""mirostat"":0,""mirostat_tau"":5.0,""mirostat_eta"":0.10000000149011612,""max_tokens"":2048,""n_predict"":2048,""n_keep"":0,""n_discard"":0,""ignore_eos"":false,""stream"":false,""n_probs"":0,""min_keep"":0,""chat_format"":""peg-native"",""reasoning_format"":""deepseek"",""reasoning_in_content"":false,""thinking_forced_open"":false,""samplers"":[""penalties"",""dry"",""top_n_sigma"",""top_k"",""typ_p"",""top_p"",""min_p"",""xtc"",""temperature""],""speculative.n_max"":16,""speculative.n_min"":0,""speculative.p_min"":0.75,""speculative.type"":""none"",""spec",15073,9503,0,"[{""pid"": 1959487, ""port"": ""8002"", ""model"": ""qwen2.5-14b-instruct-q4_k_m.gguf"", ""vram_mb"": 12464, ""status"": ""AUTHORISED""}]",healthy,ok
1777872320.400147,2026-05-04T05:25:20.400147+00:00,cell_c_parallel2_two_doc_concurrent,poll,,True,True,[1959487],200,"[{""id"":0,""n_ctx"":8192,""speculative"":false,""is_processing"":false,""id_task"":1846,""params"":{""seed"":4294967295,""temperature"":0.0,""dynatemp_range"":0.0,""dynatemp_exponent"":1.0,""top_k"":40,""top_p"":0.949999988079071,""min_p"":0.05000000074505806,""top_n_sigma"":-1.0,""xtc_probability"":0.0,""xtc_threshold"":0.10000000149011612,""typical_p"":1.0,""repeat_last_n"":64,""repeat_penalty"":1.0,""presence_penalty"":0.0,""frequency_penalty"":0.0,""dry_multiplier"":0.0,""dry_base"":1.75,""dry_allowed_length"":2,""dry_penalty_last_n"":8192,""mirostat"":0,""mirostat_tau"":5.0,""mirostat_eta"":0.10000000149011612,""max_tokens"":2048,""n_predict"":2048,""n_keep"":0,""n_discard"":0,""ignore_eos"":false,""stream"":false,""n_probs"":0,""min_keep"":0,""chat_format"":""peg-native"",""reasoning_format"":""deepseek"",""reasoning_in_content"":false,""thinking_forced_open"":false,""samplers"":[""penalties"",""dry"",""top_n_sigma"",""top_k"",""typ_p"",""top_p"",""min_p"",""xtc"",""temperature""],""speculative.n_max"":16,""speculative.n_min"":0,""speculative.p_min"":0.75,""speculative.type"":""none"",""spec",15073,9503,0,"[{""pid"": 1959487, ""port"": ""8002"", ""model"": ""qwen2.5-14b-instruct-q4_k_m.gguf"", ""vram_mb"": 12464, ""status"": ""AUTHORISED""}]",healthy,ok
1777872322.597772,2026-05-04T05:25:22.597772+00:00,cell_c_parallel2_two_doc_concurrent,poll,,True,True,[1959487],200,"[{""id"":0,""n_ctx"":8192,""speculative"":false,""is_processing"":false,""id_task"":1846,""params"":{""seed"":4294967295,""temperature"":0.0,""dynatemp_range"":0.0,""dynatemp_exponent"":1.0,""top_k"":40,""top_p"":0.949999988079071,""min_p"":0.05000000074505806,""top_n_sigma"":-1.0,""xtc_probability"":0.0,""xtc_threshold"":0.10000000149011612,""typical_p"":1.0,""repeat_last_n"":64,""repeat_penalty"":1.0,""presence_penalty"":0.0,""frequency_penalty"":0.0,""dry_multiplier"":0.0,""dry_base"":1.75,""dry_allowed_length"":2,""dry_penalty_last_n"":8192,""mirostat"":0,""mirostat_tau"":5.0,""mirostat_eta"":0.10000000149011612,""max_tokens"":2048,""n_predict"":2048,""n_keep"":0,""n_discard"":0,""ignore_eos"":false,""stream"":false,""n_probs"":0,""min_keep"":0,""chat_format"":""peg-native"",""reasoning_format"":""deepseek"",""reasoning_in_content"":false,""thinking_forced_open"":false,""samplers"":[""penalties"",""dry"",""top_n_sigma"",""top_k"",""typ_p"",""top_p"",""min_p"",""xtc"",""temperature""],""speculative.n_max"":16,""speculative.n_min"":0,""speculative.p_min"":0.75,""speculative.type"":""none"",""spec",15073,9503,0,"[{""pid"": 1959487, ""port"": ""8002"", ""model"": ""qwen2.5-14b-instruct-q4_k_m.gguf"", ""vram_mb"": 12464, ""status"": ""AUTHORISED""}]",healthy,ok
1777872324.8265,2026-05-04T05:25:24.826500+00:00,cell_c_parallel2_two_doc_concurrent,poll,,True,True,[1959487],200,"[{""id"":0,""n_ctx"":8192,""speculative"":false,""is_processing"":false,""id_task"":1846,""params"":{""seed"":4294967295,""temperature"":0.0,""dynatemp_range"":0.0,""dynatemp_exponent"":1.0,""top_k"":40,""top_p"":0.949999988079071,""min_p"":0.05000000074505806,""top_n_sigma"":-1.0,""xtc_probability"":0.0,""xtc_threshold"":0.10000000149011612,""typical_p"":1.0,""repeat_last_n"":64,""repeat_penalty"":1.0,""presence_penalty"":0.0,""frequency_penalty"":0.0,""dry_multiplier"":0.0,""dry_base"":1.75,""dry_allowed_length"":2,""dry_penalty_last_n"":8192,""mirostat"":0,""mirostat_tau"":5.0,""mirostat_eta"":0.10000000149011612,""max_tokens"":2048,""n_predict"":2048,""n_keep"":0,""n_discard"":0,""ignore_eos"":false,""stream"":false,""n_probs"":0,""min_keep"":0,""chat_format"":""peg-native"",""reasoning_format"":""deepseek"",""reasoning_in_content"":false,""thinking_forced_open"":false,""samplers"":[""penalties"",""dry"",""top_n_sigma"",""top_k"",""typ_p"",""top_p"",""min_p"",""xtc"",""temperature""],""speculative.n_max"":16,""speculative.n_min"":0,""speculative.p_min"":0.75,""speculative.type"":""none"",""spec",15073,9503,0,"[{""pid"": 1959487, ""port"": ""8002"", ""model"": ""qwen2.5-14b-instruct-q4_k_m.gguf"", ""vram_mb"": 12464, ""status"": ""AUTHORISED""}]",healthy,ok
1777872327.070276,2026-05-04T05:25:27.070276+00:00,cell_c_parallel2_two_doc_concurrent,poll,,True,True,[1959487],200,"[{""id"":0,""n_ctx"":8192,""speculative"":false,""is_processing"":false,""id_task"":1846,""params"":{""seed"":4294967295,""temperature"":0.0,""dynatemp_range"":0.0,""dynatemp_exponent"":1.0,""top_k"":40,""top_p"":0.949999988079071,""min_p"":0.05000000074505806,""top_n_sigma"":-1.0,""xtc_probability"":0.0,""xtc_threshold"":0.10000000149011612,""typical_p"":1.0,""repeat_last_n"":64,""repeat_penalty"":1.0,""presence_penalty"":0.0,""frequency_penalty"":0.0,""dry_multiplier"":0.0,""dry_base"":1.75,""dry_allowed_length"":2,""dry_penalty_last_n"":8192,""mirostat"":0,""mirostat_tau"":5.0,""mirostat_eta"":0.10000000149011612,""max_tokens"":2048,""n_predict"":2048,""n_keep"":0,""n_discard"":0,""ignore_eos"":false,""stream"":false,""n_probs"":0,""min_keep"":0,""chat_format"":""peg-native"",""reasoning_format"":""deepseek"",""reasoning_in_content"":false,""thinking_forced_open"":false,""samplers"":[""penalties"",""dry"",""top_n_sigma"",""top_k"",""typ_p"",""top_p"",""min_p"",""xtc"",""temperature""],""speculative.n_max"":16,""speculative.n_min"":0,""speculative.p_min"":0.75,""speculative.type"":""none"",""spec",15073,9503,0,"[{""pid"": 1959487, ""port"": ""8002"", ""model"": ""qwen2.5-14b-instruct-q4_k_m.gguf"", ""vram_mb"": 12464, ""status"": ""AUTHORISED""}]",healthy,ok
1777872329.422681,2026-05-04T05:25:29.422681+00:00,cell_c_parallel2_two_doc_concurrent,poll,,True,True,[1959487],200,"[{""id"":0,""n_ctx"":8192,""speculative"":false,""is_processing"":false,""id_task"":1846,""params"":{""seed"":4294967295,""temperature"":0.0,""dynatemp_range"":0.0,""dynatemp_exponent"":1.0,""top_k"":40,""top_p"":0.949999988079071,""min_p"":0.05000000074505806,""top_n_sigma"":-1.0,""xtc_probability"":0.0,""xtc_threshold"":0.10000000149011612,""typical_p"":1.0,""repeat_last_n"":64,""repeat_penalty"":1.0,""presence_penalty"":0.0,""frequency_penalty"":0.0,""dry_multiplier"":0.0,""dry_base"":1.75,""dry_allowed_length"":2,""dry_penalty_last_n"":8192,""mirostat"":0,""mirostat_tau"":5.0,""mirostat_eta"":0.10000000149011612,""max_tokens"":2048,""n_predict"":2048,""n_keep"":0,""n_discard"":0,""ignore_eos"":false,""stream"":false,""n_probs"":0,""min_keep"":0,""chat_format"":""peg-native"",""reasoning_format"":""deepseek"",""reasoning_in_content"":false,""thinking_forced_open"":false,""samplers"":[""penalties"",""dry"",""top_n_sigma"",""top_k"",""typ_p"",""top_p"",""min_p"",""xtc"",""temperature""],""speculative.n_max"":16,""speculative.n_min"":0,""speculative.p_min"":0.75,""speculative.type"":""none"",""spec",15073,9503,0,"[{""pid"": 1959487, ""port"": ""8002"", ""model"": ""qwen2.5-14b-instruct-q4_k_m.gguf"", ""vram_mb"": 12464, ""status"": ""AUTHORISED""}]",healthy,ok
1777872331.627421,2026-05-04T05:25:31.627421+00:00,cell_c_parallel2_two_doc_concurrent,poll,,True,True,[1959487],200,"[{""id"":0,""n_ctx"":8192,""speculative"":false,""is_processing"":false,""id_task"":1846,""params"":{""seed"":4294967295,""temperature"":0.0,""dynatemp_range"":0.0,""dynatemp_exponent"":1.0,""top_k"":40,""top_p"":0.949999988079071,""min_p"":0.05000000074505806,""top_n_sigma"":-1.0,""xtc_probability"":0.0,""xtc_threshold"":0.10000000149011612,""typical_p"":1.0,""repeat_last_n"":64,""repeat_penalty"":1.0,""presence_penalty"":0.0,""frequency_penalty"":0.0,""dry_multiplier"":0.0,""dry_base"":1.75,""dry_allowed_length"":2,""dry_penalty_last_n"":8192,""mirostat"":0,""mirostat_tau"":5.0,""mirostat_eta"":0.10000000149011612,""max_tokens"":2048,""n_predict"":2048,""n_keep"":0,""n_discard"":0,""ignore_eos"":false,""stream"":false,""n_probs"":0,""min_keep"":0,""chat_format"":""peg-native"",""reasoning_format"":""deepseek"",""reasoning_in_content"":false,""thinking_forced_open"":false,""samplers"":[""penalties"",""dry"",""top_n_sigma"",""top_k"",""typ_p"",""top_p"",""min_p"",""xtc"",""temperature""],""speculative.n_max"":16,""speculative.n_min"":0,""speculative.p_min"":0.75,""speculative.type"":""none"",""spec",15398,9178,0,"[{""pid"": 1959487, ""port"": ""8002"", ""model"": ""qwen2.5-14b-instruct-q4_k_m.gguf"", ""vram_mb"": 12464, ""status"": ""AUTHORISED""}]",healthy,ok
1777872333.820883,2026-05-04T05:25:33.820883+00:00,cell_c_parallel2_two_doc_concurrent,poll,,True,True,[1959487],200,"[{""id"":0,""n_ctx"":8192,""speculative"":false,""is_processing"":false,""id_task"":1846,""params"":{""seed"":4294967295,""temperature"":0.0,""dynatemp_range"":0.0,""dynatemp_exponent"":1.0,""top_k"":40,""top_p"":0.949999988079071,""min_p"":0.05000000074505806,""top_n_sigma"":-1.0,""xtc_probability"":0.0,""xtc_threshold"":0.10000000149011612,""typical_p"":1.0,""repeat_last_n"":64,""repeat_penalty"":1.0,""presence_penalty"":0.0,""frequency_penalty"":0.0,""dry_multiplier"":0.0,""dry_base"":1.75,""dry_allowed_length"":2,""dry_penalty_last_n"":8192,""mirostat"":0,""mirostat_tau"":5.0,""mirostat_eta"":0.10000000149011612,""max_tokens"":2048,""n_predict"":2048,""n_keep"":0,""n_discard"":0,""ignore_eos"":false,""stream"":false,""n_probs"":0,""min_keep"":0,""chat_format"":""peg-native"",""reasoning_format"":""deepseek"",""reasoning_in_content"":false,""thinking_forced_open"":false,""samplers"":[""penalties"",""dry"",""top_n_sigma"",""top_k"",""typ_p"",""top_p"",""min_p"",""xtc"",""temperature""],""speculative.n_max"":16,""speculative.n_min"":0,""speculative.p_min"":0.75,""speculative.type"":""none"",""spec",15714,8862,0,"[{""pid"": 1959487, ""port"": ""8002"", ""model"": ""qwen2.5-14b-instruct-q4_k_m.gguf"", ""vram_mb"": 12464, ""status"": ""AUTHORISED""}]",healthy,ok
1777872336.107058,2026-05-04T05:25:36.107058+00:00,cell_c_parallel2_two_doc_concurrent,poll,,True,True,[1959487],200,"[{""id"":0,""n_ctx"":8192,""speculative"":false,""is_processing"":false,""id_task"":1846,""params"":{""seed"":4294967295,""temperature"":0.0,""dynatemp_range"":0.0,""dynatemp_exponent"":1.0,""top_k"":40,""top_p"":0.949999988079071,""min_p"":0.05000000074505806,""top_n_sigma"":-1.0,""xtc_probability"":0.0,""xtc_threshold"":0.10000000149011612,""typical_p"":1.0,""repeat_last_n"":64,""repeat_penalty"":1.0,""presence_penalty"":0.0,""frequency_penalty"":0.0,""dry_multiplier"":0.0,""dry_base"":1.75,""dry_allowed_length"":2,""dry_penalty_last_n"":8192,""mirostat"":0,""mirostat_tau"":5.0,""mirostat_eta"":0.10000000149011612,""max_tokens"":2048,""n_predict"":2048,""n_keep"":0,""n_discard"":0,""ignore_eos"":false,""stream"":false,""n_probs"":0,""min_keep"":0,""chat_format"":""peg-native"",""reasoning_format"":""deepseek"",""reasoning_in_content"":false,""thinking_forced_open"":false,""samplers"":[""penalties"",""dry"",""top_n_sigma"",""top_k"",""typ_p"",""top_p"",""min_p"",""xtc"",""temperature""],""speculative.n_max"":16,""speculative.n_min"":0,""speculative.p_min"":0.75,""speculative.type"":""none"",""spec",15887,8689,0,"[{""pid"": 1959487, ""port"": ""8002"", ""model"": ""qwen2.5-14b-instruct-q4_k_m.gguf"", ""vram_mb"": 12464, ""status"": ""AUTHORISED""}]",healthy,ok
1777872338.328465,2026-05-04T05:25:38.328465+00:00,cell_c_parallel2_two_doc_concurrent,poll,,True,True,[1959487],200,"[{""id"":0,""n_ctx"":8192,""speculative"":false,""is_processing"":false,""id_task"":1846,""params"":{""seed"":4294967295,""temperature"":0.0,""dynatemp_range"":0.0,""dynatemp_exponent"":1.0,""top_k"":40,""top_p"":0.949999988079071,""min_p"":0.05000000074505806,""top_n_sigma"":-1.0,""xtc_probability"":0.0,""xtc_threshold"":0.10000000149011612,""typical_p"":1.0,""repeat_last_n"":64,""repeat_penalty"":1.0,""presence_penalty"":0.0,""frequency_penalty"":0.0,""dry_multiplier"":0.0,""dry_base"":1.75,""dry_allowed_length"":2,""dry_penalty_last_n"":8192,""mirostat"":0,""mirostat_tau"":5.0,""mirostat_eta"":0.10000000149011612,""max_tokens"":2048,""n_predict"":2048,""n_keep"":0,""n_discard"":0,""ignore_eos"":false,""stream"":false,""n_probs"":0,""min_keep"":0,""chat_format"":""peg-native"",""reasoning_format"":""deepseek"",""reasoning_in_content"":false,""thinking_forced_open"":false,""samplers"":[""penalties"",""dry"",""top_n_sigma"",""top_k"",""typ_p"",""top_p"",""min_p"",""xtc"",""temperature""],""speculative.n_max"":16,""speculative.n_min"":0,""speculative.p_min"":0.75,""speculative.type"":""none"",""spec",16362,8214,0,"[{""pid"": 1959487, ""port"": ""8002"", ""model"": ""qwen2.5-14b-instruct-q4_k_m.gguf"", ""vram_mb"": 12464, ""status"": ""AUTHORISED""}]",healthy,ok
1777872340.656789,2026-05-04T05:25:40.656789+00:00,cell_c_parallel2_two_doc_concurrent,poll,,True,True,[1959487],200,"[{""id"":0,""n_ctx"":8192,""speculative"":false,""is_processing"":false,""id_task"":1846,""params"":{""seed"":4294967295,""temperature"":0.0,""dynatemp_range"":0.0,""dynatemp_exponent"":1.0,""top_k"":40,""top_p"":0.949999988079071,""min_p"":0.05000000074505806,""top_n_sigma"":-1.0,""xtc_probability"":0.0,""xtc_threshold"":0.10000000149011612,""typical_p"":1.0,""repeat_last_n"":64,""repeat_penalty"":1.0,""presence_penalty"":0.0,""frequency_penalty"":0.0,""dry_multiplier"":0.0,""dry_base"":1.75,""dry_allowed_length"":2,""dry_penalty_last_n"":8192,""mirostat"":0,""mirostat_tau"":5.0,""mirostat_eta"":0.10000000149011612,""max_tokens"":2048,""n_predict"":2048,""n_keep"":0,""n_discard"":0,""ignore_eos"":false,""stream"":false,""n_probs"":0,""min_keep"":0,""chat_format"":""peg-native"",""reasoning_format"":""deepseek"",""reasoning_in_content"":false,""thinking_forced_open"":false,""samplers"":[""penalties"",""dry"",""top_n_sigma"",""top_k"",""typ_p"",""top_p"",""min_p"",""xtc"",""temperature""],""speculative.n_max"":16,""speculative.n_min"":0,""speculative.p_min"":0.75,""speculative.type"":""none"",""spec",16362,8214,0,"[{""pid"": 1959487, ""port"": ""8002"", ""model"": ""qwen2.5-14b-instruct-q4_k_m.gguf"", ""vram_mb"": 12464, ""status"": ""AUTHORISED""}]",healthy,ok
1777872342.889995,2026-05-04T05:25:42.889995+00:00,cell_c_parallel2_two_doc_concurrent,poll,,True,True,[1959487],200,"[{""id"":0,""n_ctx"":8192,""speculative"":false,""is_processing"":false,""id_task"":1846,""params"":{""seed"":4294967295,""temperature"":0.0,""dynatemp_range"":0.0,""dynatemp_exponent"":1.0,""top_k"":40,""top_p"":0.949999988079071,""min_p"":0.05000000074505806,""top_n_sigma"":-1.0,""xtc_probability"":0.0,""xtc_threshold"":0.10000000149011612,""typical_p"":1.0,""repeat_last_n"":64,""repeat_penalty"":1.0,""presence_penalty"":0.0,""frequency_penalty"":0.0,""dry_multiplier"":0.0,""dry_base"":1.75,""dry_allowed_length"":2,""dry_penalty_last_n"":8192,""mirostat"":0,""mirostat_tau"":5.0,""mirostat_eta"":0.10000000149011612,""max_tokens"":2048,""n_predict"":2048,""n_keep"":0,""n_discard"":0,""ignore_eos"":false,""stream"":false,""n_probs"":0,""min_keep"":0,""chat_format"":""peg-native"",""reasoning_format"":""deepseek"",""reasoning_in_content"":false,""thinking_forced_open"":false,""samplers"":[""penalties"",""dry"",""top_n_sigma"",""top_k"",""typ_p"",""top_p"",""min_p"",""xtc"",""temperature""],""speculative.n_max"":16,""speculative.n_min"":0,""speculative.p_min"":0.75,""speculative.type"":""none"",""spec",16770,7806,0,"[{""pid"": 1959487, ""port"": ""8002"", ""model"": ""qwen2.5-14b-instruct-q4_k_m.gguf"", ""vram_mb"": 12464, ""status"": ""AUTHORISED""}]",healthy,ok
1777872345.114455,2026-05-04T05:25:45.114455+00:00,cell_c_parallel2_two_doc_concurrent,poll,,True,True,[1959487],200,"[{""id"":0,""n_ctx"":8192,""speculative"":false,""is_processing"":false,""id_task"":1846,""params"":{""seed"":4294967295,""temperature"":0.0,""dynatemp_range"":0.0,""dynatemp_exponent"":1.0,""top_k"":40,""top_p"":0.949999988079071,""min_p"":0.05000000074505806,""top_n_sigma"":-1.0,""xtc_probability"":0.0,""xtc_threshold"":0.10000000149011612,""typical_p"":1.0,""repeat_last_n"":64,""repeat_penalty"":1.0,""presence_penalty"":0.0,""frequency_penalty"":0.0,""dry_multiplier"":0.0,""dry_base"":1.75,""dry_allowed_length"":2,""dry_penalty_last_n"":8192,""mirostat"":0,""mirostat_tau"":5.0,""mirostat_eta"":0.10000000149011612,""max_tokens"":2048,""n_predict"":2048,""n_keep"":0,""n_discard"":0,""ignore_eos"":false,""stream"":false,""n_probs"":0,""min_keep"":0,""chat_format"":""peg-native"",""reasoning_format"":""deepseek"",""reasoning_in_content"":false,""thinking_forced_open"":false,""samplers"":[""penalties"",""dry"",""top_n_sigma"",""top_k"",""typ_p"",""top_p"",""min_p"",""xtc"",""temperature""],""speculative.n_max"":16,""speculative.n_min"":0,""speculative.p_min"":0.75,""speculative.type"":""none"",""spec",16770,7806,0,"[{""pid"": 1959487, ""port"": ""8002"", ""model"": ""qwen2.5-14b-instruct-q4_k_m.gguf"", ""vram_mb"": 12464, ""status"": ""AUTHORISED""}]",healthy,ok
1777872347.35352,2026-05-04T05:25:47.353520+00:00,cell_c_parallel2_two_doc_concurrent,poll,,True,True,[1959487],200,"[{""id"":0,""n_ctx"":8192,""speculative"":false,""is_processing"":false,""id_task"":1846,""params"":{""seed"":4294967295,""temperature"":0.0,""dynatemp_range"":0.0,""dynatemp_exponent"":1.0,""top_k"":40,""top_p"":0.949999988079071,""min_p"":0.05000000074505806,""top_n_sigma"":-1.0,""xtc_probability"":0.0,""xtc_threshold"":0.10000000149011612,""typical_p"":1.0,""repeat_last_n"":64,""repeat_penalty"":1.0,""presence_penalty"":0.0,""frequency_penalty"":0.0,""dry_multiplier"":0.0,""dry_base"":1.75,""dry_allowed_length"":2,""dry_penalty_last_n"":8192,""mirostat"":0,""mirostat_tau"":5.0,""mirostat_eta"":0.10000000149011612,""max_tokens"":2048,""n_predict"":2048,""n_keep"":0,""n_discard"":0,""ignore_eos"":false,""stream"":false,""n_probs"":0,""min_keep"":0,""chat_format"":""peg-native"",""reasoning_format"":""deepseek"",""reasoning_in_content"":false,""thinking_forced_open"":false,""samplers"":[""penalties"",""dry"",""top_n_sigma"",""top_k"",""typ_p"",""top_p"",""min_p"",""xtc"",""temperature""],""speculative.n_max"":16,""speculative.n_min"":0,""speculative.p_min"":0.75,""speculative.type"":""none"",""spec",16770,7806,0,"[{""pid"": 1959487, ""port"": ""8002"", ""model"": ""qwen2.5-14b-instruct-q4_k_m.gguf"", ""vram_mb"": 12464, ""status"": ""AUTHORISED""}]",healthy,ok
1777872349.658837,2026-05-04T05:25:49.658837+00:00,cell_c_parallel2_two_doc_concurrent,poll,,True,True,[1959487],200,"[{""id"":0,""n_ctx"":8192,""speculative"":false,""is_processing"":false,""id_task"":1846,""params"":{""seed"":4294967295,""temperature"":0.0,""dynatemp_range"":0.0,""dynatemp_exponent"":1.0,""top_k"":40,""top_p"":0.949999988079071,""min_p"":0.05000000074505806,""top_n_sigma"":-1.0,""xtc_probability"":0.0,""xtc_threshold"":0.10000000149011612,""typical_p"":1.0,""repeat_last_n"":64,""repeat_penalty"":1.0,""presence_penalty"":0.0,""frequency_penalty"":0.0,""dry_multiplier"":0.0,""dry_base"":1.75,""dry_allowed_length"":2,""dry_penalty_last_n"":8192,""mirostat"":0,""mirostat_tau"":5.0,""mirostat_eta"":0.10000000149011612,""max_tokens"":2048,""n_predict"":2048,""n_keep"":0,""n_discard"":0,""ignore_eos"":false,""stream"":false,""n_probs"":0,""min_keep"":0,""chat_format"":""peg-native"",""reasoning_format"":""deepseek"",""reasoning_in_content"":false,""thinking_forced_open"":false,""samplers"":[""penalties"",""dry"",""top_n_sigma"",""top_k"",""typ_p"",""top_p"",""min_p"",""xtc"",""temperature""],""speculative.n_max"":16,""speculative.n_min"":0,""speculative.p_min"":0.75,""speculative.type"":""none"",""spec",16770,7806,0,"[{""pid"": 1959487, ""port"": ""8002"", ""model"": ""qwen2.5-14b-instruct-q4_k_m.gguf"", ""vram_mb"": 12464, ""status"": ""AUTHORISED""}]",healthy,ok
1777872351.881877,2026-05-04T05:25:51.881877+00:00,cell_c_parallel2_two_doc_concurrent,poll,,True,True,[1959487],200,"[{""id"":0,""n_ctx"":8192,""speculative"":false,""is_processing"":false,""id_task"":1846,""params"":{""seed"":4294967295,""temperature"":0.0,""dynatemp_range"":0.0,""dynatemp_exponent"":1.0,""top_k"":40,""top_p"":0.949999988079071,""min_p"":0.05000000074505806,""top_n_sigma"":-1.0,""xtc_probability"":0.0,""xtc_threshold"":0.10000000149011612,""typical_p"":1.0,""repeat_last_n"":64,""repeat_penalty"":1.0,""presence_penalty"":0.0,""frequency_penalty"":0.0,""dry_multiplier"":0.0,""dry_base"":1.75,""dry_allowed_length"":2,""dry_penalty_last_n"":8192,""mirostat"":0,""mirostat_tau"":5.0,""mirostat_eta"":0.10000000149011612,""max_tokens"":2048,""n_predict"":2048,""n_keep"":0,""n_discard"":0,""ignore_eos"":false,""stream"":false,""n_probs"":0,""min_keep"":0,""chat_format"":""peg-native"",""reasoning_format"":""deepseek"",""reasoning_in_content"":false,""thinking_forced_open"":false,""samplers"":[""penalties"",""dry"",""top_n_sigma"",""top_k"",""typ_p"",""top_p"",""min_p"",""xtc"",""temperature""],""speculative.n_max"":16,""speculative.n_min"":0,""speculative.p_min"":0.75,""speculative.type"":""none"",""spec",16770,7806,0,"[{""pid"": 1959487, ""port"": ""8002"", ""model"": ""qwen2.5-14b-instruct-q4_k_m.gguf"", ""vram_mb"": 12464, ""status"": ""AUTHORISED""}]",healthy,ok
1777872354.191684,2026-05-04T05:25:54.191684+00:00,cell_c_parallel2_two_doc_concurrent,poll,,True,True,[1959487],,TimeoutError: timed out,16770,7806,0,"[{""pid"": 1959487, ""port"": ""8002"", ""model"": ""qwen2.5-14b-instruct-q4_k_m.gguf"", ""vram_mb"": 12464, ""status"": ""AUTHORISED""}]",healthy,timeout
1777872359.451427,2026-05-04T05:25:59.451427+00:00,cell_c_parallel2_two_doc_concurrent,poll,,True,True,[1959487],200,"[{""id"":0,""n_ctx"":8192,""speculative"":false,""is_processing"":true,""id_task"":2155,""params"":{""seed"":4294967295,""temperature"":0.0,""dynatemp_range"":0.0,""dynatemp_exponent"":1.0,""top_k"":40,""top_p"":0.949999988079071,""min_p"":0.05000000074505806,""top_n_sigma"":-1.0,""xtc_probability"":0.0,""xtc_threshold"":0.10000000149011612,""typical_p"":1.0,""repeat_last_n"":64,""repeat_penalty"":1.0,""presence_penalty"":0.0,""frequency_penalty"":0.0,""dry_multiplier"":0.0,""dry_base"":1.75,""dry_allowed_length"":2,""dry_penalty_last_n"":8192,""mirostat"":0,""mirostat_tau"":5.0,""mirostat_eta"":0.10000000149011612,""max_tokens"":2048,""n_predict"":2048,""n_keep"":0,""n_discard"":0,""ignore_eos"":false,""stream"":false,""n_probs"":0,""min_keep"":0,""chat_format"":""peg-native"",""reasoning_format"":""deepseek"",""reasoning_in_content"":false,""thinking_forced_open"":false,""samplers"":[""penalties"",""dry"",""top_n_sigma"",""top_k"",""typ_p"",""top_p"",""min_p"",""xtc"",""temperature""],""speculative.n_max"":16,""speculative.n_min"":0,""speculative.p_min"":0.75,""speculative.type"":""none"",""specu",16784,7792,0,"[{""pid"": 1959487, ""port"": ""8002"", ""model"": ""qwen2.5-14b-instruct-q4_k_m.gguf"", ""vram_mb"": 12464, ""status"": ""AUTHORISED""}]",healthy,ok
1777872364.577744,2026-05-04T05:26:04.577744+00:00,cell_c_parallel2_two_doc_concurrent,poll,,True,True,[1959487],200,"[{""id"":0,""n_ctx"":8192,""speculative"":false,""is_processing"":true,""id_task"":2155,""params"":{""seed"":4294967295,""temperature"":0.0,""dynatemp_range"":0.0,""dynatemp_exponent"":1.0,""top_k"":40,""top_p"":0.949999988079071,""min_p"":0.05000000074505806,""top_n_sigma"":-1.0,""xtc_probability"":0.0,""xtc_threshold"":0.10000000149011612,""typical_p"":1.0,""repeat_last_n"":64,""repeat_penalty"":1.0,""presence_penalty"":0.0,""frequency_penalty"":0.0,""dry_multiplier"":0.0,""dry_base"":1.75,""dry_allowed_length"":2,""dry_penalty_last_n"":8192,""mirostat"":0,""mirostat_tau"":5.0,""mirostat_eta"":0.10000000149011612,""max_tokens"":2048,""n_predict"":2048,""n_keep"":0,""n_discard"":0,""ignore_eos"":false,""stream"":false,""n_probs"":0,""min_keep"":0,""chat_format"":""peg-native"",""reasoning_format"":""deepseek"",""reasoning_in_content"":false,""thinking_forced_open"":false,""samplers"":[""penalties"",""dry"",""top_n_sigma"",""top_k"",""typ_p"",""top_p"",""min_p"",""xtc"",""temperature""],""speculative.n_max"":16,""speculative.n_min"":0,""speculative.p_min"":0.75,""speculative.type"":""none"",""specu",16784,7792,0,"[{""pid"": 1959487, ""port"": ""8002"", ""model"": ""qwen2.5-14b-instruct-q4_k_m.gguf"", ""vram_mb"": 12464, ""status"": ""AUTHORISED""}]",healthy,ok
1777872367.070577,2026-05-04T05:26:07.070577+00:00,cell_c_parallel2_two_doc_concurrent,poll,,True,True,[1959487],200,"[{""id"":0,""n_ctx"":8192,""speculative"":false,""is_processing"":true,""id_task"":2155,""params"":{""seed"":4294967295,""temperature"":0.0,""dynatemp_range"":0.0,""dynatemp_exponent"":1.0,""top_k"":40,""top_p"":0.949999988079071,""min_p"":0.05000000074505806,""top_n_sigma"":-1.0,""xtc_probability"":0.0,""xtc_threshold"":0.10000000149011612,""typical_p"":1.0,""repeat_last_n"":64,""repeat_penalty"":1.0,""presence_penalty"":0.0,""frequency_penalty"":0.0,""dry_multiplier"":0.0,""dry_base"":1.75,""dry_allowed_length"":2,""dry_penalty_last_n"":8192,""mirostat"":0,""mirostat_tau"":5.0,""mirostat_eta"":0.10000000149011612,""max_tokens"":2048,""n_predict"":2048,""n_keep"":0,""n_discard"":0,""ignore_eos"":false,""stream"":false,""n_probs"":0,""min_keep"":0,""chat_format"":""peg-native"",""reasoning_format"":""deepseek"",""reasoning_in_content"":false,""thinking_forced_open"":false,""samplers"":[""penalties"",""dry"",""top_n_sigma"",""top_k"",""typ_p"",""top_p"",""min_p"",""xtc"",""temperature""],""speculative.n_max"":16,""speculative.n_min"":0,""speculative.p_min"":0.75,""speculative.type"":""none"",""specu",16784,7792,0,"[{""pid"": 1959487, ""port"": ""8002"", ""model"": ""qwen2.5-14b-instruct-q4_k_m.gguf"", ""vram_mb"": 12464, ""status"": ""AUTHORISED""}]",healthy,ok
1777872369.515621,2026-05-04T05:26:09.515621+00:00,cell_c_parallel2_two_doc_concurrent,poll,,True,True,[1959487],,TimeoutError: timed out,16784,7792,0,"[{""pid"": 1959487, ""port"": ""8002"", ""model"": ""qwen2.5-14b-instruct-q4_k_m.gguf"", ""vram_mb"": 12464, ""status"": ""AUTHORISED""}]",healthy,timeout
1777872374.833299,2026-05-04T05:26:14.833299+00:00,cell_c_parallel2_two_doc_concurrent,poll,,True,True,[1959487],,TimeoutError: timed out,16784,7792,0,"[{""pid"": 1959487, ""port"": ""8002"", ""model"": ""qwen2.5-14b-instruct-q4_k_m.gguf"", ""vram_mb"": 12464, ""status"": ""AUTHORISED""}]",healthy,timeout
1777872380.116683,2026-05-04T05:26:20.116683+00:00,cell_c_parallel2_two_doc_concurrent,poll,,True,True,[1959487],,TimeoutError: timed out,16784,7792,0,"[{""pid"": 1959487, ""port"": ""8002"", ""model"": ""qwen2.5-14b-instruct-q4_k_m.gguf"", ""vram_mb"": 12464, ""status"": ""AUTHORISED""}]",healthy,timeout
1777872385.327439,2026-05-04T05:26:25.327439+00:00,cell_c_parallel2_two_doc_concurrent,poll,,True,True,[1959487],200,"[{""id"":0,""n_ctx"":8192,""speculative"":false,""is_processing"":false,""id_task"":2155,""params"":{""seed"":4294967295,""temperature"":0.0,""dynatemp_range"":0.0,""dynatemp_exponent"":1.0,""top_k"":40,""top_p"":0.949999988079071,""min_p"":0.05000000074505806,""top_n_sigma"":-1.0,""xtc_probability"":0.0,""xtc_threshold"":0.10000000149011612,""typical_p"":1.0,""repeat_last_n"":64,""repeat_penalty"":1.0,""presence_penalty"":0.0,""frequency_penalty"":0.0,""dry_multiplier"":0.0,""dry_base"":1.75,""dry_allowed_length"":2,""dry_penalty_last_n"":8192,""mirostat"":0,""mirostat_tau"":5.0,""mirostat_eta"":0.10000000149011612,""max_tokens"":2048,""n_predict"":2048,""n_keep"":0,""n_discard"":0,""ignore_eos"":false,""stream"":false,""n_probs"":0,""min_keep"":0,""chat_format"":""peg-native"",""reasoning_format"":""deepseek"",""reasoning_in_content"":false,""thinking_forced_open"":false,""samplers"":[""penalties"",""dry"",""top_n_sigma"",""top_k"",""typ_p"",""top_p"",""min_p"",""xtc"",""temperature""],""speculative.n_max"":16,""speculative.n_min"":0,""speculative.p_min"":0.75,""speculative.type"":""none"",""spec",16784,7792,0,"[{""pid"": 1959487, ""port"": ""8002"", ""model"": ""qwen2.5-14b-instruct-q4_k_m.gguf"", ""vram_mb"": 12464, ""status"": ""AUTHORISED""}]",healthy,ok
1777872390.551296,2026-05-04T05:26:30.551296+00:00,cell_c_parallel2_two_doc_concurrent,poll,,True,True,[1959487],,TimeoutError: timed out,16784,7792,0,"[{""pid"": 1959487, ""port"": ""8002"", ""model"": ""qwen2.5-14b-instruct-q4_k_m.gguf"", ""vram_mb"": 12464, ""status"": ""AUTHORISED""}]",healthy,timeout
1777872395.851497,2026-05-04T05:26:35.851497+00:00,cell_c_parallel2_two_doc_concurrent,poll,,True,True,[1959487],200,"[{""id"":0,""n_ctx"":8192,""speculative"":false,""is_processing"":false,""id_task"":2155,""params"":{""seed"":4294967295,""temperature"":0.0,""dynatemp_range"":0.0,""dynatemp_exponent"":1.0,""top_k"":40,""top_p"":0.949999988079071,""min_p"":0.05000000074505806,""top_n_sigma"":-1.0,""xtc_probability"":0.0,""xtc_threshold"":0.10000000149011612,""typical_p"":1.0,""repeat_last_n"":64,""repeat_penalty"":1.0,""presence_penalty"":0.0,""frequency_penalty"":0.0,""dry_multiplier"":0.0,""dry_base"":1.75,""dry_allowed_length"":2,""dry_penalty_last_n"":8192,""mirostat"":0,""mirostat_tau"":5.0,""mirostat_eta"":0.10000000149011612,""max_tokens"":2048,""n_predict"":2048,""n_keep"":0,""n_discard"":0,""ignore_eos"":false,""stream"":false,""n_probs"":0,""min_keep"":0,""chat_format"":""peg-native"",""reasoning_format"":""deepseek"",""reasoning_in_content"":false,""thinking_forced_open"":false,""samplers"":[""penalties"",""dry"",""top_n_sigma"",""top_k"",""typ_p"",""top_p"",""min_p"",""xtc"",""temperature""],""speculative.n_max"":16,""speculative.n_min"":0,""speculative.p_min"":0.75,""speculative.type"":""none"",""spec",16784,7792,0,"[{""pid"": 1959487, ""port"": ""8002"", ""model"": ""qwen2.5-14b-instruct-q4_k_m.gguf"", ""vram_mb"": 12464, ""status"": ""AUTHORISED""}]",healthy,ok
1777872400.330418,2026-05-04T05:26:40.330418+00:00,cell_c_parallel2_two_doc_concurrent,poll,,True,True,[1959487],200,"[{""id"":0,""n_ctx"":8192,""speculative"":false,""is_processing"":false,""id_task"":2155,""params"":{""seed"":4294967295,""temperature"":0.0,""dynatemp_range"":0.0,""dynatemp_exponent"":1.0,""top_k"":40,""top_p"":0.949999988079071,""min_p"":0.05000000074505806,""top_n_sigma"":-1.0,""xtc_probability"":0.0,""xtc_threshold"":0.10000000149011612,""typical_p"":1.0,""repeat_last_n"":64,""repeat_penalty"":1.0,""presence_penalty"":0.0,""frequency_penalty"":0.0,""dry_multiplier"":0.0,""dry_base"":1.75,""dry_allowed_length"":2,""dry_penalty_last_n"":8192,""mirostat"":0,""mirostat_tau"":5.0,""mirostat_eta"":0.10000000149011612,""max_tokens"":2048,""n_predict"":2048,""n_keep"":0,""n_discard"":0,""ignore_eos"":false,""stream"":false,""n_probs"":0,""min_keep"":0,""chat_format"":""peg-native"",""reasoning_format"":""deepseek"",""reasoning_in_content"":false,""thinking_forced_open"":false,""samplers"":[""penalties"",""dry"",""top_n_sigma"",""top_k"",""typ_p"",""top_p"",""min_p"",""xtc"",""temperature""],""speculative.n_max"":16,""speculative.n_min"":0,""speculative.p_min"":0.75,""speculative.type"":""none"",""spec",16784,7792,0,"[{""pid"": 1959487, ""port"": ""8002"", ""model"": ""qwen2.5-14b-instruct-q4_k_m.gguf"", ""vram_mb"": 12464, ""status"": ""AUTHORISED""}]",healthy,ok
1777872402.738706,2026-05-04T05:26:42.738706+00:00,cell_c_parallel2_two_doc_concurrent,poll,,True,True,[1959487],200,"[{""id"":0,""n_ctx"":8192,""speculative"":false,""is_processing"":false,""id_task"":2155,""params"":{""seed"":4294967295,""temperature"":0.0,""dynatemp_range"":0.0,""dynatemp_exponent"":1.0,""top_k"":40,""top_p"":0.949999988079071,""min_p"":0.05000000074505806,""top_n_sigma"":-1.0,""xtc_probability"":0.0,""xtc_threshold"":0.10000000149011612,""typical_p"":1.0,""repeat_last_n"":64,""repeat_penalty"":1.0,""presence_penalty"":0.0,""frequency_penalty"":0.0,""dry_multiplier"":0.0,""dry_base"":1.75,""dry_allowed_length"":2,""dry_penalty_last_n"":8192,""mirostat"":0,""mirostat_tau"":5.0,""mirostat_eta"":0.10000000149011612,""max_tokens"":2048,""n_predict"":2048,""n_keep"":0,""n_discard"":0,""ignore_eos"":false,""stream"":false,""n_probs"":0,""min_keep"":0,""chat_format"":""peg-native"",""reasoning_format"":""deepseek"",""reasoning_in_content"":false,""thinking_forced_open"":false,""samplers"":[""penalties"",""dry"",""top_n_sigma"",""top_k"",""typ_p"",""top_p"",""min_p"",""xtc"",""temperature""],""speculative.n_max"":16,""speculative.n_min"":0,""speculative.p_min"":0.75,""speculative.type"":""none"",""spec",16784,7792,0,"[{""pid"": 1959487, ""port"": ""8002"", ""model"": ""qwen2.5-14b-instruct-q4_k_m.gguf"", ""vram_mb"": 12464, ""status"": ""AUTHORISED""}]",healthy,ok
1777872405.202099,2026-05-04T05:26:45.202099+00:00,cell_c_parallel2_two_doc_concurrent,poll,,True,True,[1959487],200,"[{""id"":0,""n_ctx"":8192,""speculative"":false,""is_processing"":false,""id_task"":2155,""params"":{""seed"":4294967295,""temperature"":0.0,""dynatemp_range"":0.0,""dynatemp_exponent"":1.0,""top_k"":40,""top_p"":0.949999988079071,""min_p"":0.05000000074505806,""top_n_sigma"":-1.0,""xtc_probability"":0.0,""xtc_threshold"":0.10000000149011612,""typical_p"":1.0,""repeat_last_n"":64,""repeat_penalty"":1.0,""presence_penalty"":0.0,""frequency_penalty"":0.0,""dry_multiplier"":0.0,""dry_base"":1.75,""dry_allowed_length"":2,""dry_penalty_last_n"":8192,""mirostat"":0,""mirostat_tau"":5.0,""mirostat_eta"":0.10000000149011612,""max_tokens"":2048,""n_predict"":2048,""n_keep"":0,""n_discard"":0,""ignore_eos"":false,""stream"":false,""n_probs"":0,""min_keep"":0,""chat_format"":""peg-native"",""reasoning_format"":""deepseek"",""reasoning_in_content"":false,""thinking_forced_open"":false,""samplers"":[""penalties"",""dry"",""top_n_sigma"",""top_k"",""typ_p"",""top_p"",""min_p"",""xtc"",""temperature""],""speculative.n_max"":16,""speculative.n_min"":0,""speculative.p_min"":0.75,""speculative.type"":""none"",""spec",16784,7792,0,"[{""pid"": 1959487, ""port"": ""8002"", ""model"": ""qwen2.5-14b-instruct-q4_k_m.gguf"", ""vram_mb"": 12464, ""status"": ""AUTHORISED""}]",healthy,ok
1777872407.640365,2026-05-04T05:26:47.640365+00:00,cell_c_parallel2_two_doc_concurrent,poll,,True,True,[1959487],200,"[{""id"":0,""n_ctx"":8192,""speculative"":false,""is_processing"":false,""id_task"":2155,""params"":{""seed"":4294967295,""temperature"":0.0,""dynatemp_range"":0.0,""dynatemp_exponent"":1.0,""top_k"":40,""top_p"":0.949999988079071,""min_p"":0.05000000074505806,""top_n_sigma"":-1.0,""xtc_probability"":0.0,""xtc_threshold"":0.10000000149011612,""typical_p"":1.0,""repeat_last_n"":64,""repeat_penalty"":1.0,""presence_penalty"":0.0,""frequency_penalty"":0.0,""dry_multiplier"":0.0,""dry_base"":1.75,""dry_allowed_length"":2,""dry_penalty_last_n"":8192,""mirostat"":0,""mirostat_tau"":5.0,""mirostat_eta"":0.10000000149011612,""max_tokens"":2048,""n_predict"":2048,""n_keep"":0,""n_discard"":0,""ignore_eos"":false,""stream"":false,""n_probs"":0,""min_keep"":0,""chat_format"":""peg-native"",""reasoning_format"":""deepseek"",""reasoning_in_content"":false,""thinking_forced_open"":false,""samplers"":[""penalties"",""dry"",""top_n_sigma"",""top_k"",""typ_p"",""top_p"",""min_p"",""xtc"",""temperature""],""speculative.n_max"":16,""speculative.n_min"":0,""speculative.p_min"":0.75,""speculative.type"":""none"",""spec",16784,7792,0,"[{""pid"": 1959487, ""port"": ""8002"", ""model"": ""qwen2.5-14b-instruct-q4_k_m.gguf"", ""vram_mb"": 12464, ""status"": ""AUTHORISED""}]",healthy,ok
1777872409.935147,2026-05-04T05:26:49.935147+00:00,cell_c_parallel2_two_doc_concurrent,poll,,True,True,[1959487],200,"[{""id"":0,""n_ctx"":8192,""speculative"":false,""is_processing"":false,""id_task"":2155,""params"":{""seed"":4294967295,""temperature"":0.0,""dynatemp_range"":0.0,""dynatemp_exponent"":1.0,""top_k"":40,""top_p"":0.949999988079071,""min_p"":0.05000000074505806,""top_n_sigma"":-1.0,""xtc_probability"":0.0,""xtc_threshold"":0.10000000149011612,""typical_p"":1.0,""repeat_last_n"":64,""repeat_penalty"":1.0,""presence_penalty"":0.0,""frequency_penalty"":0.0,""dry_multiplier"":0.0,""dry_base"":1.75,""dry_allowed_length"":2,""dry_penalty_last_n"":8192,""mirostat"":0,""mirostat_tau"":5.0,""mirostat_eta"":0.10000000149011612,""max_tokens"":2048,""n_predict"":2048,""n_keep"":0,""n_discard"":0,""ignore_eos"":false,""stream"":false,""n_probs"":0,""min_keep"":0,""chat_format"":""peg-native"",""reasoning_format"":""deepseek"",""reasoning_in_content"":false,""thinking_forced_open"":false,""samplers"":[""penalties"",""dry"",""top_n_sigma"",""top_k"",""typ_p"",""top_p"",""min_p"",""xtc"",""temperature""],""speculative.n_max"":16,""speculative.n_min"":0,""speculative.p_min"":0.75,""speculative.type"":""none"",""spec",16784,7792,0,"[{""pid"": 1959487, ""port"": ""8002"", ""model"": ""qwen2.5-14b-instruct-q4_k_m.gguf"", ""vram_mb"": 12464, ""status"": ""AUTHORISED""}]",healthy,ok
1777872412.375719,2026-05-04T05:26:52.375719+00:00,cell_c_parallel2_two_doc_concurrent,poll,,True,True,[1959487],200,"[{""id"":0,""n_ctx"":8192,""speculative"":false,""is_processing"":false,""id_task"":2155,""params"":{""seed"":4294967295,""temperature"":0.0,""dynatemp_range"":0.0,""dynatemp_exponent"":1.0,""top_k"":40,""top_p"":0.949999988079071,""min_p"":0.05000000074505806,""top_n_sigma"":-1.0,""xtc_probability"":0.0,""xtc_threshold"":0.10000000149011612,""typical_p"":1.0,""repeat_last_n"":64,""repeat_penalty"":1.0,""presence_penalty"":0.0,""frequency_penalty"":0.0,""dry_multiplier"":0.0,""dry_base"":1.75,""dry_allowed_length"":2,""dry_penalty_last_n"":8192,""mirostat"":0,""mirostat_tau"":5.0,""mirostat_eta"":0.10000000149011612,""max_tokens"":2048,""n_predict"":2048,""n_keep"":0,""n_discard"":0,""ignore_eos"":false,""stream"":false,""n_probs"":0,""min_keep"":0,""chat_format"":""peg-native"",""reasoning_format"":""deepseek"",""reasoning_in_content"":false,""thinking_forced_open"":false,""samplers"":[""penalties"",""dry"",""top_n_sigma"",""top_k"",""typ_p"",""top_p"",""min_p"",""xtc"",""temperature""],""speculative.n_max"":16,""speculative.n_min"":0,""speculative.p_min"":0.75,""speculative.type"":""none"",""spec",16784,7792,0,"[{""pid"": 1959487, ""port"": ""8002"", ""model"": ""qwen2.5-14b-instruct-q4_k_m.gguf"", ""vram_mb"": 12464, ""status"": ""AUTHORISED""}]",healthy,ok
1777872414.88571,2026-05-04T05:26:54.885710+00:00,cell_c_parallel2_two_doc_concurrent,poll,,True,True,[1959487],200,"[{""id"":0,""n_ctx"":8192,""speculative"":false,""is_processing"":false,""id_task"":2155,""params"":{""seed"":4294967295,""temperature"":0.0,""dynatemp_range"":0.0,""dynatemp_exponent"":1.0,""top_k"":40,""top_p"":0.949999988079071,""min_p"":0.05000000074505806,""top_n_sigma"":-1.0,""xtc_probability"":0.0,""xtc_threshold"":0.10000000149011612,""typical_p"":1.0,""repeat_last_n"":64,""repeat_penalty"":1.0,""presence_penalty"":0.0,""frequency_penalty"":0.0,""dry_multiplier"":0.0,""dry_base"":1.75,""dry_allowed_length"":2,""dry_penalty_last_n"":8192,""mirostat"":0,""mirostat_tau"":5.0,""mirostat_eta"":0.10000000149011612,""max_tokens"":2048,""n_predict"":2048,""n_keep"":0,""n_discard"":0,""ignore_eos"":false,""stream"":false,""n_probs"":0,""min_keep"":0,""chat_format"":""peg-native"",""reasoning_format"":""deepseek"",""reasoning_in_content"":false,""thinking_forced_open"":false,""samplers"":[""penalties"",""dry"",""top_n_sigma"",""top_k"",""typ_p"",""top_p"",""min_p"",""xtc"",""temperature""],""speculative.n_max"":16,""speculative.n_min"":0,""speculative.p_min"":0.75,""speculative.type"":""none"",""spec",16784,7792,0,"[{""pid"": 1959487, ""port"": ""8002"", ""model"": ""qwen2.5-14b-instruct-q4_k_m.gguf"", ""vram_mb"": 12464, ""status"": ""AUTHORISED""}]",healthy,ok
1777872417.366052,2026-05-04T05:26:57.366052+00:00,cell_c_parallel2_two_doc_concurrent,poll,,True,True,[1959487],200,"[{""id"":0,""n_ctx"":8192,""speculative"":false,""is_processing"":false,""id_task"":2155,""params"":{""seed"":4294967295,""temperature"":0.0,""dynatemp_range"":0.0,""dynatemp_exponent"":1.0,""top_k"":40,""top_p"":0.949999988079071,""min_p"":0.05000000074505806,""top_n_sigma"":-1.0,""xtc_probability"":0.0,""xtc_threshold"":0.10000000149011612,""typical_p"":1.0,""repeat_last_n"":64,""repeat_penalty"":1.0,""presence_penalty"":0.0,""frequency_penalty"":0.0,""dry_multiplier"":0.0,""dry_base"":1.75,""dry_allowed_length"":2,""dry_penalty_last_n"":8192,""mirostat"":0,""mirostat_tau"":5.0,""mirostat_eta"":0.10000000149011612,""max_tokens"":2048,""n_predict"":2048,""n_keep"":0,""n_discard"":0,""ignore_eos"":false,""stream"":false,""n_probs"":0,""min_keep"":0,""chat_format"":""peg-native"",""reasoning_format"":""deepseek"",""reasoning_in_content"":false,""thinking_forced_open"":false,""samplers"":[""penalties"",""dry"",""top_n_sigma"",""top_k"",""typ_p"",""top_p"",""min_p"",""xtc"",""temperature""],""speculative.n_max"":16,""speculative.n_min"":0,""speculative.p_min"":0.75,""speculative.type"":""none"",""spec",16784,7792,0,"[{""pid"": 1959487, ""port"": ""8002"", ""model"": ""qwen2.5-14b-instruct-q4_k_m.gguf"", ""vram_mb"": 12464, ""status"": ""AUTHORISED""}]",healthy,ok
1777872419.761066,2026-05-04T05:26:59.761066+00:00,cell_c_parallel2_two_doc_concurrent,poll,,True,True,[1959487],200,"[{""id"":0,""n_ctx"":8192,""speculative"":false,""is_processing"":false,""id_task"":2155,""params"":{""seed"":4294967295,""temperature"":0.0,""dynatemp_range"":0.0,""dynatemp_exponent"":1.0,""top_k"":40,""top_p"":0.949999988079071,""min_p"":0.05000000074505806,""top_n_sigma"":-1.0,""xtc_probability"":0.0,""xtc_threshold"":0.10000000149011612,""typical_p"":1.0,""repeat_last_n"":64,""repeat_penalty"":1.0,""presence_penalty"":0.0,""frequency_penalty"":0.0,""dry_multiplier"":0.0,""dry_base"":1.75,""dry_allowed_length"":2,""dry_penalty_last_n"":8192,""mirostat"":0,""mirostat_tau"":5.0,""mirostat_eta"":0.10000000149011612,""max_tokens"":2048,""n_predict"":2048,""n_keep"":0,""n_discard"":0,""ignore_eos"":false,""stream"":false,""n_probs"":0,""min_keep"":0,""chat_format"":""peg-native"",""reasoning_format"":""deepseek"",""reasoning_in_content"":false,""thinking_forced_open"":false,""samplers"":[""penalties"",""dry"",""top_n_sigma"",""top_k"",""typ_p"",""top_p"",""min_p"",""xtc"",""temperature""],""speculative.n_max"":16,""speculative.n_min"":0,""speculative.p_min"":0.75,""speculative.type"":""none"",""spec",16784,7792,0,"[{""pid"": 1959487, ""port"": ""8002"", ""model"": ""qwen2.5-14b-instruct-q4_k_m.gguf"", ""vram_mb"": 12464, ""status"": ""AUTHORISED""}]",healthy,ok
1777872422.013086,2026-05-04T05:27:02.013086+00:00,cell_c_parallel2_two_doc_concurrent,poll,,True,True,[1959487],200,"[{""id"":0,""n_ctx"":8192,""speculative"":false,""is_processing"":false,""id_task"":2155,""params"":{""seed"":4294967295,""temperature"":0.0,""dynatemp_range"":0.0,""dynatemp_exponent"":1.0,""top_k"":40,""top_p"":0.949999988079071,""min_p"":0.05000000074505806,""top_n_sigma"":-1.0,""xtc_probability"":0.0,""xtc_threshold"":0.10000000149011612,""typical_p"":1.0,""repeat_last_n"":64,""repeat_penalty"":1.0,""presence_penalty"":0.0,""frequency_penalty"":0.0,""dry_multiplier"":0.0,""dry_base"":1.75,""dry_allowed_length"":2,""dry_penalty_last_n"":8192,""mirostat"":0,""mirostat_tau"":5.0,""mirostat_eta"":0.10000000149011612,""max_tokens"":2048,""n_predict"":2048,""n_keep"":0,""n_discard"":0,""ignore_eos"":false,""stream"":false,""n_probs"":0,""min_keep"":0,""chat_format"":""peg-native"",""reasoning_format"":""deepseek"",""reasoning_in_content"":false,""thinking_forced_open"":false,""samplers"":[""penalties"",""dry"",""top_n_sigma"",""top_k"",""typ_p"",""top_p"",""min_p"",""xtc"",""temperature""],""speculative.n_max"":16,""speculative.n_min"":0,""speculative.p_min"":0.75,""speculative.type"":""none"",""spec",15087,9489,0,"[{""pid"": 1959487, ""port"": ""8002"", ""model"": ""qwen2.5-14b-instruct-q4_k_m.gguf"", ""vram_mb"": 12464, ""status"": ""AUTHORISED""}]",healthy,ok
1777872424.239184,2026-05-04T05:27:04.239184+00:00,cell_c_parallel2_two_doc_concurrent,poll,,True,True,[1959487],200,"[{""id"":0,""n_ctx"":8192,""speculative"":false,""is_processing"":false,""id_task"":2155,""params"":{""seed"":4294967295,""temperature"":0.0,""dynatemp_range"":0.0,""dynatemp_exponent"":1.0,""top_k"":40,""top_p"":0.949999988079071,""min_p"":0.05000000074505806,""top_n_sigma"":-1.0,""xtc_probability"":0.0,""xtc_threshold"":0.10000000149011612,""typical_p"":1.0,""repeat_last_n"":64,""repeat_penalty"":1.0,""presence_penalty"":0.0,""frequency_penalty"":0.0,""dry_multiplier"":0.0,""dry_base"":1.75,""dry_allowed_length"":2,""dry_penalty_last_n"":8192,""mirostat"":0,""mirostat_tau"":5.0,""mirostat_eta"":0.10000000149011612,""max_tokens"":2048,""n_predict"":2048,""n_keep"":0,""n_discard"":0,""ignore_eos"":false,""stream"":false,""n_probs"":0,""min_keep"":0,""chat_format"":""peg-native"",""reasoning_format"":""deepseek"",""reasoning_in_content"":false,""thinking_forced_open"":false,""samplers"":[""penalties"",""dry"",""top_n_sigma"",""top_k"",""typ_p"",""top_p"",""min_p"",""xtc"",""temperature""],""speculative.n_max"":16,""speculative.n_min"":0,""speculative.p_min"":0.75,""speculative.type"":""none"",""spec",15087,9489,0,"[{""pid"": 1959487, ""port"": ""8002"", ""model"": ""qwen2.5-14b-instruct-q4_k_m.gguf"", ""vram_mb"": 12464, ""status"": ""AUTHORISED""}]",healthy,ok
1777872424.506258,2026-05-04T05:27:04.506258+00:00,cell_c_parallel2_two_doc_concurrent,after_child_end,eqr_q_2025-12-31,True,True,[1959487],200,"[{""id"":0,""n_ctx"":8192,""speculative"":false,""is_processing"":false,""id_task"":2155,""params"":{""seed"":4294967295,""temperature"":0.0,""dynatemp_range"":0.0,""dynatemp_exponent"":1.0,""top_k"":40,""top_p"":0.949999988079071,""min_p"":0.05000000074505806,""top_n_sigma"":-1.0,""xtc_probability"":0.0,""xtc_threshold"":0.10000000149011612,""typical_p"":1.0,""repeat_last_n"":64,""repeat_penalty"":1.0,""presence_penalty"":0.0,""frequency_penalty"":0.0,""dry_multiplier"":0.0,""dry_base"":1.75,""dry_allowed_length"":2,""dry_penalty_last_n"":8192,""mirostat"":0,""mirostat_tau"":5.0,""mirostat_eta"":0.10000000149011612,""max_tokens"":2048,""n_predict"":2048,""n_keep"":0,""n_discard"":0,""ignore_eos"":false,""stream"":false,""n_probs"":0,""min_keep"":0,""chat_format"":""peg-native"",""reasoning_format"":""deepseek"",""reasoning_in_content"":false,""thinking_forced_open"":false,""samplers"":[""penalties"",""dry"",""top_n_sigma"",""top_k"",""typ_p"",""top_p"",""min_p"",""xtc"",""temperature""],""speculative.n_max"":16,""speculative.n_min"":0,""speculative.p_min"":0.75,""speculative.type"":""none"",""spec",15087,9489,0,"[{""pid"": 1959487, ""port"": ""8002"", ""model"": ""qwen2.5-14b-instruct-q4_k_m.gguf"", ""vram_mb"": 12464, ""status"": ""AUTHORISED""}]",healthy,ok
1777872426.43194,2026-05-04T05:27:06.431940+00:00,cell_c_parallel2_two_doc_concurrent,poll,,True,True,[1959487],200,"[{""id"":0,""n_ctx"":8192,""speculative"":false,""is_processing"":false,""id_task"":2155,""params"":{""seed"":4294967295,""temperature"":0.0,""dynatemp_range"":0.0,""dynatemp_exponent"":1.0,""top_k"":40,""top_p"":0.949999988079071,""min_p"":0.05000000074505806,""top_n_sigma"":-1.0,""xtc_probability"":0.0,""xtc_threshold"":0.10000000149011612,""typical_p"":1.0,""repeat_last_n"":64,""repeat_penalty"":1.0,""presence_penalty"":0.0,""frequency_penalty"":0.0,""dry_multiplier"":0.0,""dry_base"":1.75,""dry_allowed_length"":2,""dry_penalty_last_n"":8192,""mirostat"":0,""mirostat_tau"":5.0,""mirostat_eta"":0.10000000149011612,""max_tokens"":2048,""n_predict"":2048,""n_keep"":0,""n_discard"":0,""ignore_eos"":false,""stream"":false,""n_probs"":0,""min_keep"":0,""chat_format"":""peg-native"",""reasoning_format"":""deepseek"",""reasoning_in_content"":false,""thinking_forced_open"":false,""samplers"":[""penalties"",""dry"",""top_n_sigma"",""top_k"",""typ_p"",""top_p"",""min_p"",""xtc"",""temperature""],""speculative.n_max"":16,""speculative.n_min"":0,""speculative.p_min"":0.75,""speculative.type"":""none"",""spec",15087,9489,0,"[{""pid"": 1959487, ""port"": ""8002"", ""model"": ""qwen2.5-14b-instruct-q4_k_m.gguf"", ""vram_mb"": 12464, ""status"": ""AUTHORISED""}]",healthy,ok
1777872428.624763,2026-05-04T05:27:08.624763+00:00,cell_c_parallel2_two_doc_concurrent,poll,,True,True,[1959487],200,"[{""id"":0,""n_ctx"":8192,""speculative"":false,""is_processing"":false,""id_task"":2155,""params"":{""seed"":4294967295,""temperature"":0.0,""dynatemp_range"":0.0,""dynatemp_exponent"":1.0,""top_k"":40,""top_p"":0.949999988079071,""min_p"":0.05000000074505806,""top_n_sigma"":-1.0,""xtc_probability"":0.0,""xtc_threshold"":0.10000000149011612,""typical_p"":1.0,""repeat_last_n"":64,""repeat_penalty"":1.0,""presence_penalty"":0.0,""frequency_penalty"":0.0,""dry_multiplier"":0.0,""dry_base"":1.75,""dry_allowed_length"":2,""dry_penalty_last_n"":8192,""mirostat"":0,""mirostat_tau"":5.0,""mirostat_eta"":0.10000000149011612,""max_tokens"":2048,""n_predict"":2048,""n_keep"":0,""n_discard"":0,""ignore_eos"":false,""stream"":false,""n_probs"":0,""min_keep"":0,""chat_format"":""peg-native"",""reasoning_format"":""deepseek"",""reasoning_in_content"":false,""thinking_forced_open"":false,""samplers"":[""penalties"",""dry"",""top_n_sigma"",""top_k"",""typ_p"",""top_p"",""min_p"",""xtc"",""temperature""],""speculative.n_max"":16,""speculative.n_min"":0,""speculative.p_min"":0.75,""speculative.type"":""none"",""spec",15087,9489,0,"[{""pid"": 1959487, ""port"": ""8002"", ""model"": ""qwen2.5-14b-instruct-q4_k_m.gguf"", ""vram_mb"": 12464, ""status"": ""AUTHORISED""}]",healthy,ok
1777872430.81301,2026-05-04T05:27:10.813010+00:00,cell_c_parallel2_two_doc_concurrent,poll,,True,True,[1959487],,TimeoutError: timed out,15087,9489,0,"[{""pid"": 1959487, ""port"": ""8002"", ""model"": ""qwen2.5-14b-instruct-q4_k_m.gguf"", ""vram_mb"": 12464, ""status"": ""AUTHORISED""}]",healthy,timeout
1777872435.994547,2026-05-04T05:27:15.994547+00:00,cell_c_parallel2_two_doc_concurrent,poll,,True,True,[1959487],200,"[{""id"":0,""n_ctx"":8192,""speculative"":false,""is_processing"":true,""id_task"":2359,""params"":{""seed"":4294967295,""temperature"":0.0,""dynatemp_range"":0.0,""dynatemp_exponent"":1.0,""top_k"":40,""top_p"":0.949999988079071,""min_p"":0.05000000074505806,""top_n_sigma"":-1.0,""xtc_probability"":0.0,""xtc_threshold"":0.10000000149011612,""typical_p"":1.0,""repeat_last_n"":64,""repeat_penalty"":1.0,""presence_penalty"":0.0,""frequency_penalty"":0.0,""dry_multiplier"":0.0,""dry_base"":1.75,""dry_allowed_length"":2,""dry_penalty_last_n"":8192,""mirostat"":0,""mirostat_tau"":5.0,""mirostat_eta"":0.10000000149011612,""max_tokens"":2048,""n_predict"":2048,""n_keep"":0,""n_discard"":0,""ignore_eos"":false,""stream"":false,""n_probs"":0,""min_keep"":0,""chat_format"":""peg-native"",""reasoning_format"":""deepseek"",""reasoning_in_content"":false,""thinking_forced_open"":false,""samplers"":[""penalties"",""dry"",""top_n_sigma"",""top_k"",""typ_p"",""top_p"",""min_p"",""xtc"",""temperature""],""speculative.n_max"":16,""speculative.n_min"":0,""speculative.p_min"":0.75,""speculative.type"":""none"",""specu",15087,9489,0,"[{""pid"": 1959487, ""port"": ""8002"", ""model"": ""qwen2.5-14b-instruct-q4_k_m.gguf"", ""vram_mb"": 12464, ""status"": ""AUTHORISED""}]",healthy,ok
1777872438.232309,2026-05-04T05:27:18.232309+00:00,cell_c_parallel2_two_doc_concurrent,poll,,True,True,[1959487],200,"[{""id"":0,""n_ctx"":8192,""speculative"":false,""is_processing"":true,""id_task"":2359,""params"":{""seed"":4294967295,""temperature"":0.0,""dynatemp_range"":0.0,""dynatemp_exponent"":1.0,""top_k"":40,""top_p"":0.949999988079071,""min_p"":0.05000000074505806,""top_n_sigma"":-1.0,""xtc_probability"":0.0,""xtc_threshold"":0.10000000149011612,""typical_p"":1.0,""repeat_last_n"":64,""repeat_penalty"":1.0,""presence_penalty"":0.0,""frequency_penalty"":0.0,""dry_multiplier"":0.0,""dry_base"":1.75,""dry_allowed_length"":2,""dry_penalty_last_n"":8192,""mirostat"":0,""mirostat_tau"":5.0,""mirostat_eta"":0.10000000149011612,""max_tokens"":2048,""n_predict"":2048,""n_keep"":0,""n_discard"":0,""ignore_eos"":false,""stream"":false,""n_probs"":0,""min_keep"":0,""chat_format"":""peg-native"",""reasoning_format"":""deepseek"",""reasoning_in_content"":false,""thinking_forced_open"":false,""samplers"":[""penalties"",""dry"",""top_n_sigma"",""top_k"",""typ_p"",""top_p"",""min_p"",""xtc"",""temperature""],""speculative.n_max"":16,""speculative.n_min"":0,""speculative.p_min"":0.75,""speculative.type"":""none"",""specu",15087,9489,0,"[{""pid"": 1959487, ""port"": ""8002"", ""model"": ""qwen2.5-14b-instruct-q4_k_m.gguf"", ""vram_mb"": 12464, ""status"": ""AUTHORISED""}]",healthy,ok
1777872440.469346,2026-05-04T05:27:20.469346+00:00,cell_c_parallel2_two_doc_concurrent,poll,,True,False,[1959487],,TimeoutError: timed out,15087,9489,0,"[{""pid"": 1959487, ""port"": ""8002"", ""model"": ""qwen2.5-14b-instruct-q4_k_m.gguf"", ""vram_mb"": 12464, ""status"": ""AUTHORISED""}]",port_open_health_false,timeout
1777872450.724503,2026-05-04T05:27:30.724503+00:00,cell_c_parallel2_two_doc_concurrent,poll,,True,False,[1959487],,TimeoutError: timed out,15087,9489,0,"[{""pid"": 1959487, ""port"": ""8002"", ""model"": ""qwen2.5-14b-instruct-q4_k_m.gguf"", ""vram_mb"": 12464, ""status"": ""AUTHORISED""}]",port_open_health_false,timeout
1777872460.94601,2026-05-04T05:27:40.946010+00:00,cell_c_parallel2_two_doc_concurrent,poll,,True,False,[1959487],,TimeoutError: timed out,15087,9489,0,"[{""pid"": 1959487, ""port"": ""8002"", ""model"": ""qwen2.5-14b-instruct-q4_k_m.gguf"", ""vram_mb"": 12464, ""status"": ""AUTHORISED""}]",port_open_health_false,timeout
1777872471.171219,2026-05-04T05:27:51.171219+00:00,cell_c_parallel2_two_doc_concurrent,poll,,True,False,[1959487],,TimeoutError: timed out,15087,9489,0,"[{""pid"": 1959487, ""port"": ""8002"", ""model"": ""qwen2.5-14b-instruct-q4_k_m.gguf"", ""vram_mb"": 12464, ""status"": ""AUTHORISED""}]",port_open_health_false,timeout
1777872481.377478,2026-05-04T05:28:01.377478+00:00,cell_c_parallel2_two_doc_concurrent,poll,,True,False,[1959487],,TimeoutError: timed out,15087,9489,0,"[{""pid"": 1959487, ""port"": ""8002"", ""model"": ""qwen2.5-14b-instruct-q4_k_m.gguf"", ""vram_mb"": 12464, ""status"": ""AUTHORISED""}]",port_open_health_false,timeout
1777872491.555501,2026-05-04T05:28:11.555501+00:00,cell_c_parallel2_two_doc_concurrent,poll,,True,False,[1959487],,TimeoutError: timed out,15087,9489,0,"[{""pid"": 1959487, ""port"": ""8002"", ""model"": ""qwen2.5-14b-instruct-q4_k_m.gguf"", ""vram_mb"": 12464, ""status"": ""AUTHORISED""}]",port_open_health_false,timeout
1777872501.753477,2026-05-04T05:28:21.753477+00:00,cell_c_parallel2_two_doc_concurrent,poll,,True,False,[1959487],,TimeoutError: timed out,15087,9489,0,"[{""pid"": 1959487, ""port"": ""8002"", ""model"": ""qwen2.5-14b-instruct-q4_k_m.gguf"", ""vram_mb"": 12464, ""status"": ""AUTHORISED""}]",port_open_health_false,timeout
1777872511.947498,2026-05-04T05:28:31.947498+00:00,cell_c_parallel2_two_doc_concurrent,poll,,True,False,[1959487],200,"[{""id"":0,""n_ctx"":8192,""speculative"":false,""is_processing"":true,""id_task"":2422,""params"":{""seed"":4294967295,""temperature"":0.0,""dynatemp_range"":0.0,""dynatemp_exponent"":1.0,""top_k"":40,""top_p"":0.949999988079071,""min_p"":0.05000000074505806,""top_n_sigma"":-1.0,""xtc_probability"":0.0,""xtc_threshold"":0.10000000149011612,""typical_p"":1.0,""repeat_last_n"":64,""repeat_penalty"":1.0,""presence_penalty"":0.0,""frequency_penalty"":0.0,""dry_multiplier"":0.0,""dry_base"":1.75,""dry_allowed_length"":2,""dry_penalty_last_n"":8192,""mirostat"":0,""mirostat_tau"":5.0,""mirostat_eta"":0.10000000149011612,""max_tokens"":2048,""n_predict"":2048,""n_keep"":0,""n_discard"":0,""ignore_eos"":false,""stream"":false,""n_probs"":0,""min_keep"":0,""chat_format"":""peg-native"",""reasoning_format"":""deepseek"",""reasoning_in_content"":false,""thinking_forced_open"":false,""samplers"":[""penalties"",""dry"",""top_n_sigma"",""top_k"",""typ_p"",""top_p"",""min_p"",""xtc"",""temperature""],""speculative.n_max"":16,""speculative.n_min"":0,""speculative.p_min"":0.75,""speculative.type"":""none"",""specu",15087,9489,0,"[{""pid"": 1959487, ""port"": ""8002"", ""model"": ""qwen2.5-14b-instruct-q4_k_m.gguf"", ""vram_mb"": 12464, ""status"": ""AUTHORISED""}]",port_open_health_false,ok
1777872519.727695,2026-05-04T05:28:39.727695+00:00,cell_c_parallel2_two_doc_concurrent,poll,,True,True,[1959487],,TimeoutError: timed out,15087,9489,0,"[{""pid"": 1959487, ""port"": ""8002"", ""model"": ""qwen2.5-14b-instruct-q4_k_m.gguf"", ""vram_mb"": 12464, ""status"": ""AUTHORISED""}]",healthy,timeout
1777872524.922683,2026-05-04T05:28:44.922683+00:00,cell_c_parallel2_two_doc_concurrent,poll,,True,True,[1959487],200,"[{""id"":0,""n_ctx"":8192,""speculative"":false,""is_processing"":true,""id_task"":2422,""params"":{""seed"":4294967295,""temperature"":0.0,""dynatemp_range"":0.0,""dynatemp_exponent"":1.0,""top_k"":40,""top_p"":0.949999988079071,""min_p"":0.05000000074505806,""top_n_sigma"":-1.0,""xtc_probability"":0.0,""xtc_threshold"":0.10000000149011612,""typical_p"":1.0,""repeat_last_n"":64,""repeat_penalty"":1.0,""presence_penalty"":0.0,""frequency_penalty"":0.0,""dry_multiplier"":0.0,""dry_base"":1.75,""dry_allowed_length"":2,""dry_penalty_last_n"":8192,""mirostat"":0,""mirostat_tau"":5.0,""mirostat_eta"":0.10000000149011612,""max_tokens"":2048,""n_predict"":2048,""n_keep"":0,""n_discard"":0,""ignore_eos"":false,""stream"":false,""n_probs"":0,""min_keep"":0,""chat_format"":""peg-native"",""reasoning_format"":""deepseek"",""reasoning_in_content"":false,""thinking_forced_open"":false,""samplers"":[""penalties"",""dry"",""top_n_sigma"",""top_k"",""typ_p"",""top_p"",""min_p"",""xtc"",""temperature""],""speculative.n_max"":16,""speculative.n_min"":0,""speculative.p_min"":0.75,""speculative.type"":""none"",""specu",15087,9489,0,"[{""pid"": 1959487, ""port"": ""8002"", ""model"": ""qwen2.5-14b-instruct-q4_k_m.gguf"", ""vram_mb"": 12464, ""status"": ""AUTHORISED""}]",healthy,ok
1777872527.28331,2026-05-04T05:28:47.283310+00:00,cell_c_parallel2_two_doc_concurrent,poll,,True,True,[1959487],,TimeoutError: timed out,15087,9489,0,"[{""pid"": 1959487, ""port"": ""8002"", ""model"": ""qwen2.5-14b-instruct-q4_k_m.gguf"", ""vram_mb"": 12464, ""status"": ""AUTHORISED""}]",healthy,timeout
1777872532.57943,2026-05-04T05:28:52.579430+00:00,cell_c_parallel2_two_doc_concurrent,poll,,True,True,[1959487],200,"[{""id"":0,""n_ctx"":8192,""speculative"":false,""is_processing"":true,""id_task"":2484,""params"":{""seed"":4294967295,""temperature"":0.0,""dynatemp_range"":0.0,""dynatemp_exponent"":1.0,""top_k"":40,""top_p"":0.949999988079071,""min_p"":0.05000000074505806,""top_n_sigma"":-1.0,""xtc_probability"":0.0,""xtc_threshold"":0.10000000149011612,""typical_p"":1.0,""repeat_last_n"":64,""repeat_penalty"":1.0,""presence_penalty"":0.0,""frequency_penalty"":0.0,""dry_multiplier"":0.0,""dry_base"":1.75,""dry_allowed_length"":2,""dry_penalty_last_n"":8192,""mirostat"":0,""mirostat_tau"":5.0,""mirostat_eta"":0.10000000149011612,""max_tokens"":2048,""n_predict"":2048,""n_keep"":0,""n_discard"":0,""ignore_eos"":false,""stream"":false,""n_probs"":0,""min_keep"":0,""chat_format"":""peg-native"",""reasoning_format"":""deepseek"",""reasoning_in_content"":false,""thinking_forced_open"":false,""samplers"":[""penalties"",""dry"",""top_n_sigma"",""top_k"",""typ_p"",""top_p"",""min_p"",""xtc"",""temperature""],""speculative.n_max"":16,""speculative.n_min"":0,""speculative.p_min"":0.75,""speculative.type"":""none"",""specu",15087,9489,0,"[{""pid"": 1959487, ""port"": ""8002"", ""model"": ""qwen2.5-14b-instruct-q4_k_m.gguf"", ""vram_mb"": 12464, ""status"": ""AUTHORISED""}]",healthy,ok
1777872535.525712,2026-05-04T05:28:55.525712+00:00,cell_c_parallel2_two_doc_concurrent,poll,,True,True,[1959487],,TimeoutError: timed out,15087,9489,0,"[{""pid"": 1959487, ""port"": ""8002"", ""model"": ""qwen2.5-14b-instruct-q4_k_m.gguf"", ""vram_mb"": 12464, ""status"": ""AUTHORISED""}]",healthy,timeout
1777872540.730211,2026-05-04T05:29:00.730211+00:00,cell_c_parallel2_two_doc_concurrent,poll,,True,True,[1959487],200,"[{""id"":0,""n_ctx"":8192,""speculative"":false,""is_processing"":true,""id_task"":2484,""params"":{""seed"":4294967295,""temperature"":0.0,""dynatemp_range"":0.0,""dynatemp_exponent"":1.0,""top_k"":40,""top_p"":0.949999988079071,""min_p"":0.05000000074505806,""top_n_sigma"":-1.0,""xtc_probability"":0.0,""xtc_threshold"":0.10000000149011612,""typical_p"":1.0,""repeat_last_n"":64,""repeat_penalty"":1.0,""presence_penalty"":0.0,""frequency_penalty"":0.0,""dry_multiplier"":0.0,""dry_base"":1.75,""dry_allowed_length"":2,""dry_penalty_last_n"":8192,""mirostat"":0,""mirostat_tau"":5.0,""mirostat_eta"":0.10000000149011612,""max_tokens"":2048,""n_predict"":2048,""n_keep"":0,""n_discard"":0,""ignore_eos"":false,""stream"":false,""n_probs"":0,""min_keep"":0,""chat_format"":""peg-native"",""reasoning_format"":""deepseek"",""reasoning_in_content"":false,""thinking_forced_open"":false,""samplers"":[""penalties"",""dry"",""top_n_sigma"",""top_k"",""typ_p"",""top_p"",""min_p"",""xtc"",""temperature""],""speculative.n_max"":16,""speculative.n_min"":0,""speculative.p_min"":0.75,""speculative.type"":""none"",""specu",15087,9489,0,"[{""pid"": 1959487, ""port"": ""8002"", ""model"": ""qwen2.5-14b-instruct-q4_k_m.gguf"", ""vram_mb"": 12464, ""status"": ""AUTHORISED""}]",healthy,ok
1777872543.334692,2026-05-04T05:29:03.334692+00:00,cell_c_parallel2_two_doc_concurrent,poll,,True,True,[1959487],200,"[{""id"":0,""n_ctx"":8192,""speculative"":false,""is_processing"":true,""id_task"":2484,""params"":{""seed"":4294967295,""temperature"":0.0,""dynatemp_range"":0.0,""dynatemp_exponent"":1.0,""top_k"":40,""top_p"":0.949999988079071,""min_p"":0.05000000074505806,""top_n_sigma"":-1.0,""xtc_probability"":0.0,""xtc_threshold"":0.10000000149011612,""typical_p"":1.0,""repeat_last_n"":64,""repeat_penalty"":1.0,""presence_penalty"":0.0,""frequency_penalty"":0.0,""dry_multiplier"":0.0,""dry_base"":1.75,""dry_allowed_length"":2,""dry_penalty_last_n"":8192,""mirostat"":0,""mirostat_tau"":5.0,""mirostat_eta"":0.10000000149011612,""max_tokens"":2048,""n_predict"":2048,""n_keep"":0,""n_discard"":0,""ignore_eos"":false,""stream"":false,""n_probs"":0,""min_keep"":0,""chat_format"":""peg-native"",""reasoning_format"":""deepseek"",""reasoning_in_content"":false,""thinking_forced_open"":false,""samplers"":[""penalties"",""dry"",""top_n_sigma"",""top_k"",""typ_p"",""top_p"",""min_p"",""xtc"",""temperature""],""speculative.n_max"":16,""speculative.n_min"":0,""speculative.p_min"":0.75,""speculative.type"":""none"",""specu",15087,9489,0,"[{""pid"": 1959487, ""port"": ""8002"", ""model"": ""qwen2.5-14b-instruct-q4_k_m.gguf"", ""vram_mb"": 12464, ""status"": ""AUTHORISED""}]",healthy,ok
1777872545.624886,2026-05-04T05:29:05.624886+00:00,cell_c_parallel2_two_doc_concurrent,poll,,True,True,[1959487],200,"[{""id"":0,""n_ctx"":8192,""speculative"":false,""is_processing"":true,""id_task"":2484,""params"":{""seed"":4294967295,""temperature"":0.0,""dynatemp_range"":0.0,""dynatemp_exponent"":1.0,""top_k"":40,""top_p"":0.949999988079071,""min_p"":0.05000000074505806,""top_n_sigma"":-1.0,""xtc_probability"":0.0,""xtc_threshold"":0.10000000149011612,""typical_p"":1.0,""repeat_last_n"":64,""repeat_penalty"":1.0,""presence_penalty"":0.0,""frequency_penalty"":0.0,""dry_multiplier"":0.0,""dry_base"":1.75,""dry_allowed_length"":2,""dry_penalty_last_n"":8192,""mirostat"":0,""mirostat_tau"":5.0,""mirostat_eta"":0.10000000149011612,""max_tokens"":2048,""n_predict"":2048,""n_keep"":0,""n_discard"":0,""ignore_eos"":false,""stream"":false,""n_probs"":0,""min_keep"":0,""chat_format"":""peg-native"",""reasoning_format"":""deepseek"",""reasoning_in_content"":false,""thinking_forced_open"":false,""samplers"":[""penalties"",""dry"",""top_n_sigma"",""top_k"",""typ_p"",""top_p"",""min_p"",""xtc"",""temperature""],""speculative.n_max"":16,""speculative.n_min"":0,""speculative.p_min"":0.75,""speculative.type"":""none"",""specu",15087,9489,0,"[{""pid"": 1959487, ""port"": ""8002"", ""model"": ""qwen2.5-14b-instruct-q4_k_m.gguf"", ""vram_mb"": 12464, ""status"": ""AUTHORISED""}]",healthy,ok
1777872547.969353,2026-05-04T05:29:07.969353+00:00,cell_c_parallel2_two_doc_concurrent,poll,,True,True,[1959487],200,"[{""id"":0,""n_ctx"":8192,""speculative"":false,""is_processing"":true,""id_task"":2484,""params"":{""seed"":4294967295,""temperature"":0.0,""dynatemp_range"":0.0,""dynatemp_exponent"":1.0,""top_k"":40,""top_p"":0.949999988079071,""min_p"":0.05000000074505806,""top_n_sigma"":-1.0,""xtc_probability"":0.0,""xtc_threshold"":0.10000000149011612,""typical_p"":1.0,""repeat_last_n"":64,""repeat_penalty"":1.0,""presence_penalty"":0.0,""frequency_penalty"":0.0,""dry_multiplier"":0.0,""dry_base"":1.75,""dry_allowed_length"":2,""dry_penalty_last_n"":8192,""mirostat"":0,""mirostat_tau"":5.0,""mirostat_eta"":0.10000000149011612,""max_tokens"":2048,""n_predict"":2048,""n_keep"":0,""n_discard"":0,""ignore_eos"":false,""stream"":false,""n_probs"":0,""min_keep"":0,""chat_format"":""peg-native"",""reasoning_format"":""deepseek"",""reasoning_in_content"":false,""thinking_forced_open"":false,""samplers"":[""penalties"",""dry"",""top_n_sigma"",""top_k"",""typ_p"",""top_p"",""min_p"",""xtc"",""temperature""],""speculative.n_max"":16,""speculative.n_min"":0,""speculative.p_min"":0.75,""speculative.type"":""none"",""specu",15087,9489,0,"[{""pid"": 1959487, ""port"": ""8002"", ""model"": ""qwen2.5-14b-instruct-q4_k_m.gguf"", ""vram_mb"": 12464, ""status"": ""AUTHORISED""}]",healthy,ok
1777872550.312442,2026-05-04T05:29:10.312442+00:00,cell_c_parallel2_two_doc_concurrent,poll,,True,True,[1959487],200,"[{""id"":0,""n_ctx"":8192,""speculative"":false,""is_processing"":true,""id_task"":2484,""params"":{""seed"":4294967295,""temperature"":0.0,""dynatemp_range"":0.0,""dynatemp_exponent"":1.0,""top_k"":40,""top_p"":0.949999988079071,""min_p"":0.05000000074505806,""top_n_sigma"":-1.0,""xtc_probability"":0.0,""xtc_threshold"":0.10000000149011612,""typical_p"":1.0,""repeat_last_n"":64,""repeat_penalty"":1.0,""presence_penalty"":0.0,""frequency_penalty"":0.0,""dry_multiplier"":0.0,""dry_base"":1.75,""dry_allowed_length"":2,""dry_penalty_last_n"":8192,""mirostat"":0,""mirostat_tau"":5.0,""mirostat_eta"":0.10000000149011612,""max_tokens"":2048,""n_predict"":2048,""n_keep"":0,""n_discard"":0,""ignore_eos"":false,""stream"":false,""n_probs"":0,""min_keep"":0,""chat_format"":""peg-native"",""reasoning_format"":""deepseek"",""reasoning_in_content"":false,""thinking_forced_open"":false,""samplers"":[""penalties"",""dry"",""top_n_sigma"",""top_k"",""typ_p"",""top_p"",""min_p"",""xtc"",""temperature""],""speculative.n_max"":16,""speculative.n_min"":0,""speculative.p_min"":0.75,""speculative.type"":""none"",""specu",15087,9489,0,"[{""pid"": 1959487, ""port"": ""8002"", ""model"": ""qwen2.5-14b-instruct-q4_k_m.gguf"", ""vram_mb"": 12464, ""status"": ""AUTHORISED""}]",healthy,ok
1777872552.652055,2026-05-04T05:29:12.652055+00:00,cell_c_parallel2_two_doc_concurrent,poll,,True,True,[1959487],200,"[{""id"":0,""n_ctx"":8192,""speculative"":false,""is_processing"":true,""id_task"":2484,""params"":{""seed"":4294967295,""temperature"":0.0,""dynatemp_range"":0.0,""dynatemp_exponent"":1.0,""top_k"":40,""top_p"":0.949999988079071,""min_p"":0.05000000074505806,""top_n_sigma"":-1.0,""xtc_probability"":0.0,""xtc_threshold"":0.10000000149011612,""typical_p"":1.0,""repeat_last_n"":64,""repeat_penalty"":1.0,""presence_penalty"":0.0,""frequency_penalty"":0.0,""dry_multiplier"":0.0,""dry_base"":1.75,""dry_allowed_length"":2,""dry_penalty_last_n"":8192,""mirostat"":0,""mirostat_tau"":5.0,""mirostat_eta"":0.10000000149011612,""max_tokens"":2048,""n_predict"":2048,""n_keep"":0,""n_discard"":0,""ignore_eos"":false,""stream"":false,""n_probs"":0,""min_keep"":0,""chat_format"":""peg-native"",""reasoning_format"":""deepseek"",""reasoning_in_content"":false,""thinking_forced_open"":false,""samplers"":[""penalties"",""dry"",""top_n_sigma"",""top_k"",""typ_p"",""top_p"",""min_p"",""xtc"",""temperature""],""speculative.n_max"":16,""speculative.n_min"":0,""speculative.p_min"":0.75,""speculative.type"":""none"",""specu",15087,9489,0,"[{""pid"": 1959487, ""port"": ""8002"", ""model"": ""qwen2.5-14b-instruct-q4_k_m.gguf"", ""vram_mb"": 12464, ""status"": ""AUTHORISED""}]",healthy,ok
1777872555.001459,2026-05-04T05:29:15.001459+00:00,cell_c_parallel2_two_doc_concurrent,poll,,True,True,[1959487],200,"[{""id"":0,""n_ctx"":8192,""speculative"":false,""is_processing"":true,""id_task"":2484,""params"":{""seed"":4294967295,""temperature"":0.0,""dynatemp_range"":0.0,""dynatemp_exponent"":1.0,""top_k"":40,""top_p"":0.949999988079071,""min_p"":0.05000000074505806,""top_n_sigma"":-1.0,""xtc_probability"":0.0,""xtc_threshold"":0.10000000149011612,""typical_p"":1.0,""repeat_last_n"":64,""repeat_penalty"":1.0,""presence_penalty"":0.0,""frequency_penalty"":0.0,""dry_multiplier"":0.0,""dry_base"":1.75,""dry_allowed_length"":2,""dry_penalty_last_n"":8192,""mirostat"":0,""mirostat_tau"":5.0,""mirostat_eta"":0.10000000149011612,""max_tokens"":2048,""n_predict"":2048,""n_keep"":0,""n_discard"":0,""ignore_eos"":false,""stream"":false,""n_probs"":0,""min_keep"":0,""chat_format"":""peg-native"",""reasoning_format"":""deepseek"",""reasoning_in_content"":false,""thinking_forced_open"":false,""samplers"":[""penalties"",""dry"",""top_n_sigma"",""top_k"",""typ_p"",""top_p"",""min_p"",""xtc"",""temperature""],""speculative.n_max"":16,""speculative.n_min"":0,""speculative.p_min"":0.75,""speculative.type"":""none"",""specu",15087,9489,0,"[{""pid"": 1959487, ""port"": ""8002"", ""model"": ""qwen2.5-14b-instruct-q4_k_m.gguf"", ""vram_mb"": 12464, ""status"": ""AUTHORISED""}]",healthy,ok
1777872557.343904,2026-05-04T05:29:17.343904+00:00,cell_c_parallel2_two_doc_concurrent,poll,,True,True,[1959487],200,"[{""id"":0,""n_ctx"":8192,""speculative"":false,""is_processing"":true,""id_task"":2484,""params"":{""seed"":4294967295,""temperature"":0.0,""dynatemp_range"":0.0,""dynatemp_exponent"":1.0,""top_k"":40,""top_p"":0.949999988079071,""min_p"":0.05000000074505806,""top_n_sigma"":-1.0,""xtc_probability"":0.0,""xtc_threshold"":0.10000000149011612,""typical_p"":1.0,""repeat_last_n"":64,""repeat_penalty"":1.0,""presence_penalty"":0.0,""frequency_penalty"":0.0,""dry_multiplier"":0.0,""dry_base"":1.75,""dry_allowed_length"":2,""dry_penalty_last_n"":8192,""mirostat"":0,""mirostat_tau"":5.0,""mirostat_eta"":0.10000000149011612,""max_tokens"":2048,""n_predict"":2048,""n_keep"":0,""n_discard"":0,""ignore_eos"":false,""stream"":false,""n_probs"":0,""min_keep"":0,""chat_format"":""peg-native"",""reasoning_format"":""deepseek"",""reasoning_in_content"":false,""thinking_forced_open"":false,""samplers"":[""penalties"",""dry"",""top_n_sigma"",""top_k"",""typ_p"",""top_p"",""min_p"",""xtc"",""temperature""],""speculative.n_max"":16,""speculative.n_min"":0,""speculative.p_min"":0.75,""speculative.type"":""none"",""specu",15087,9489,0,"[{""pid"": 1959487, ""port"": ""8002"", ""model"": ""qwen2.5-14b-instruct-q4_k_m.gguf"", ""vram_mb"": 12464, ""status"": ""AUTHORISED""}]",healthy,ok
1777872559.683149,2026-05-04T05:29:19.683149+00:00,cell_c_parallel2_two_doc_concurrent,poll,,True,True,[1959487],200,"[{""id"":0,""n_ctx"":8192,""speculative"":false,""is_processing"":false,""id_task"":2484,""params"":{""seed"":4294967295,""temperature"":0.0,""dynatemp_range"":0.0,""dynatemp_exponent"":1.0,""top_k"":40,""top_p"":0.949999988079071,""min_p"":0.05000000074505806,""top_n_sigma"":-1.0,""xtc_probability"":0.0,""xtc_threshold"":0.10000000149011612,""typical_p"":1.0,""repeat_last_n"":64,""repeat_penalty"":1.0,""presence_penalty"":0.0,""frequency_penalty"":0.0,""dry_multiplier"":0.0,""dry_base"":1.75,""dry_allowed_length"":2,""dry_penalty_last_n"":8192,""mirostat"":0,""mirostat_tau"":5.0,""mirostat_eta"":0.10000000149011612,""max_tokens"":2048,""n_predict"":2048,""n_keep"":0,""n_discard"":0,""ignore_eos"":false,""stream"":false,""n_probs"":0,""min_keep"":0,""chat_format"":""peg-native"",""reasoning_format"":""deepseek"",""reasoning_in_content"":false,""thinking_forced_open"":false,""samplers"":[""penalties"",""dry"",""top_n_sigma"",""top_k"",""typ_p"",""top_p"",""min_p"",""xtc"",""temperature""],""speculative.n_max"":16,""speculative.n_min"":0,""speculative.p_min"":0.75,""speculative.type"":""none"",""spec",15087,9489,0,"[{""pid"": 1959487, ""port"": ""8002"", ""model"": ""qwen2.5-14b-instruct-q4_k_m.gguf"", ""vram_mb"": 12464, ""status"": ""AUTHORISED""}]",healthy,ok
1777872561.904964,2026-05-04T05:29:21.904964+00:00,cell_c_parallel2_two_doc_concurrent,poll,,True,True,[1959487],,TimeoutError: timed out,15087,9489,0,"[{""pid"": 1959487, ""port"": ""8002"", ""model"": ""qwen2.5-14b-instruct-q4_k_m.gguf"", ""vram_mb"": 12464, ""status"": ""AUTHORISED""}]",healthy,timeout
1777872567.096112,2026-05-04T05:29:27.096112+00:00,cell_c_parallel2_two_doc_concurrent,poll,,True,True,[1959487],200,"[{""id"":0,""n_ctx"":8192,""speculative"":false,""is_processing"":true,""id_task"":2704,""params"":{""seed"":4294967295,""temperature"":0.0,""dynatemp_range"":0.0,""dynatemp_exponent"":1.0,""top_k"":40,""top_p"":0.949999988079071,""min_p"":0.05000000074505806,""top_n_sigma"":-1.0,""xtc_probability"":0.0,""xtc_threshold"":0.10000000149011612,""typical_p"":1.0,""repeat_last_n"":64,""repeat_penalty"":1.0,""presence_penalty"":0.0,""frequency_penalty"":0.0,""dry_multiplier"":0.0,""dry_base"":1.75,""dry_allowed_length"":2,""dry_penalty_last_n"":8192,""mirostat"":0,""mirostat_tau"":5.0,""mirostat_eta"":0.10000000149011612,""max_tokens"":2048,""n_predict"":2048,""n_keep"":0,""n_discard"":0,""ignore_eos"":false,""stream"":false,""n_probs"":0,""min_keep"":0,""chat_format"":""peg-native"",""reasoning_format"":""deepseek"",""reasoning_in_content"":false,""thinking_forced_open"":false,""samplers"":[""penalties"",""dry"",""top_n_sigma"",""top_k"",""typ_p"",""top_p"",""min_p"",""xtc"",""temperature""],""speculative.n_max"":16,""speculative.n_min"":0,""speculative.p_min"":0.75,""speculative.type"":""none"",""specu",15087,9489,0,"[{""pid"": 1959487, ""port"": ""8002"", ""model"": ""qwen2.5-14b-instruct-q4_k_m.gguf"", ""vram_mb"": 12464, ""status"": ""AUTHORISED""}]",healthy,ok
1777872569.816314,2026-05-04T05:29:29.816314+00:00,cell_c_parallel2_two_doc_concurrent,poll,,True,True,[1959487],,TimeoutError: timed out,15087,9489,0,"[{""pid"": 1959487, ""port"": ""8002"", ""model"": ""qwen2.5-14b-instruct-q4_k_m.gguf"", ""vram_mb"": 12464, ""status"": ""AUTHORISED""}]",healthy,timeout
1777872575.017526,2026-05-04T05:29:35.017526+00:00,cell_c_parallel2_two_doc_concurrent,poll,,True,True,[1959487],200,"[{""id"":0,""n_ctx"":8192,""speculative"":false,""is_processing"":true,""id_task"":2704,""params"":{""seed"":4294967295,""temperature"":0.0,""dynatemp_range"":0.0,""dynatemp_exponent"":1.0,""top_k"":40,""top_p"":0.949999988079071,""min_p"":0.05000000074505806,""top_n_sigma"":-1.0,""xtc_probability"":0.0,""xtc_threshold"":0.10000000149011612,""typical_p"":1.0,""repeat_last_n"":64,""repeat_penalty"":1.0,""presence_penalty"":0.0,""frequency_penalty"":0.0,""dry_multiplier"":0.0,""dry_base"":1.75,""dry_allowed_length"":2,""dry_penalty_last_n"":8192,""mirostat"":0,""mirostat_tau"":5.0,""mirostat_eta"":0.10000000149011612,""max_tokens"":2048,""n_predict"":2048,""n_keep"":0,""n_discard"":0,""ignore_eos"":false,""stream"":false,""n_probs"":0,""min_keep"":0,""chat_format"":""peg-native"",""reasoning_format"":""deepseek"",""reasoning_in_content"":false,""thinking_forced_open"":false,""samplers"":[""penalties"",""dry"",""top_n_sigma"",""top_k"",""typ_p"",""top_p"",""min_p"",""xtc"",""temperature""],""speculative.n_max"":16,""speculative.n_min"":0,""speculative.p_min"":0.75,""speculative.type"":""none"",""specu",15087,9489,0,"[{""pid"": 1959487, ""port"": ""8002"", ""model"": ""qwen2.5-14b-instruct-q4_k_m.gguf"", ""vram_mb"": 12464, ""status"": ""AUTHORISED""}]",healthy,ok
1777872577.249154,2026-05-04T05:29:37.249154+00:00,cell_c_parallel2_two_doc_concurrent,poll,,True,True,[1959487],200,"[{""id"":0,""n_ctx"":8192,""speculative"":false,""is_processing"":true,""id_task"":2704,""params"":{""seed"":4294967295,""temperature"":0.0,""dynatemp_range"":0.0,""dynatemp_exponent"":1.0,""top_k"":40,""top_p"":0.949999988079071,""min_p"":0.05000000074505806,""top_n_sigma"":-1.0,""xtc_probability"":0.0,""xtc_threshold"":0.10000000149011612,""typical_p"":1.0,""repeat_last_n"":64,""repeat_penalty"":1.0,""presence_penalty"":0.0,""frequency_penalty"":0.0,""dry_multiplier"":0.0,""dry_base"":1.75,""dry_allowed_length"":2,""dry_penalty_last_n"":8192,""mirostat"":0,""mirostat_tau"":5.0,""mirostat_eta"":0.10000000149011612,""max_tokens"":2048,""n_predict"":2048,""n_keep"":0,""n_discard"":0,""ignore_eos"":false,""stream"":false,""n_probs"":0,""min_keep"":0,""chat_format"":""peg-native"",""reasoning_format"":""deepseek"",""reasoning_in_content"":false,""thinking_forced_open"":false,""samplers"":[""penalties"",""dry"",""top_n_sigma"",""top_k"",""typ_p"",""top_p"",""min_p"",""xtc"",""temperature""],""speculative.n_max"":16,""speculative.n_min"":0,""speculative.p_min"":0.75,""speculative.type"":""none"",""specu",15087,9489,0,"[{""pid"": 1959487, ""port"": ""8002"", ""model"": ""qwen2.5-14b-instruct-q4_k_m.gguf"", ""vram_mb"": 12464, ""status"": ""AUTHORISED""}]",healthy,ok
1777872579.504441,2026-05-04T05:29:39.504441+00:00,cell_c_parallel2_two_doc_concurrent,poll,,True,True,[1959487],200,"[{""id"":0,""n_ctx"":8192,""speculative"":false,""is_processing"":true,""id_task"":2704,""params"":{""seed"":4294967295,""temperature"":0.0,""dynatemp_range"":0.0,""dynatemp_exponent"":1.0,""top_k"":40,""top_p"":0.949999988079071,""min_p"":0.05000000074505806,""top_n_sigma"":-1.0,""xtc_probability"":0.0,""xtc_threshold"":0.10000000149011612,""typical_p"":1.0,""repeat_last_n"":64,""repeat_penalty"":1.0,""presence_penalty"":0.0,""frequency_penalty"":0.0,""dry_multiplier"":0.0,""dry_base"":1.75,""dry_allowed_length"":2,""dry_penalty_last_n"":8192,""mirostat"":0,""mirostat_tau"":5.0,""mirostat_eta"":0.10000000149011612,""max_tokens"":2048,""n_predict"":2048,""n_keep"":0,""n_discard"":0,""ignore_eos"":false,""stream"":false,""n_probs"":0,""min_keep"":0,""chat_format"":""peg-native"",""reasoning_format"":""deepseek"",""reasoning_in_content"":false,""thinking_forced_open"":false,""samplers"":[""penalties"",""dry"",""top_n_sigma"",""top_k"",""typ_p"",""top_p"",""min_p"",""xtc"",""temperature""],""speculative.n_max"":16,""speculative.n_min"":0,""speculative.p_min"":0.75,""speculative.type"":""none"",""specu",15087,9489,0,"[{""pid"": 1959487, ""port"": ""8002"", ""model"": ""qwen2.5-14b-instruct-q4_k_m.gguf"", ""vram_mb"": 12464, ""status"": ""AUTHORISED""}]",healthy,ok
1777872581.767156,2026-05-04T05:29:41.767156+00:00,cell_c_parallel2_two_doc_concurrent,poll,,True,True,[1959487],200,"[{""id"":0,""n_ctx"":8192,""speculative"":false,""is_processing"":true,""id_task"":2704,""params"":{""seed"":4294967295,""temperature"":0.0,""dynatemp_range"":0.0,""dynatemp_exponent"":1.0,""top_k"":40,""top_p"":0.949999988079071,""min_p"":0.05000000074505806,""top_n_sigma"":-1.0,""xtc_probability"":0.0,""xtc_threshold"":0.10000000149011612,""typical_p"":1.0,""repeat_last_n"":64,""repeat_penalty"":1.0,""presence_penalty"":0.0,""frequency_penalty"":0.0,""dry_multiplier"":0.0,""dry_base"":1.75,""dry_allowed_length"":2,""dry_penalty_last_n"":8192,""mirostat"":0,""mirostat_tau"":5.0,""mirostat_eta"":0.10000000149011612,""max_tokens"":2048,""n_predict"":2048,""n_keep"":0,""n_discard"":0,""ignore_eos"":false,""stream"":false,""n_probs"":0,""min_keep"":0,""chat_format"":""peg-native"",""reasoning_format"":""deepseek"",""reasoning_in_content"":false,""thinking_forced_open"":false,""samplers"":[""penalties"",""dry"",""top_n_sigma"",""top_k"",""typ_p"",""top_p"",""min_p"",""xtc"",""temperature""],""speculative.n_max"":16,""speculative.n_min"":0,""speculative.p_min"":0.75,""speculative.type"":""none"",""specu",15087,9489,0,"[{""pid"": 1959487, ""port"": ""8002"", ""model"": ""qwen2.5-14b-instruct-q4_k_m.gguf"", ""vram_mb"": 12464, ""status"": ""AUTHORISED""}]",healthy,ok
1777872584.026499,2026-05-04T05:29:44.026499+00:00,cell_c_parallel2_two_doc_concurrent,poll,,True,True,[1959487],,TimeoutError: timed out,15087,9489,0,"[{""pid"": 1959487, ""port"": ""8002"", ""model"": ""qwen2.5-14b-instruct-q4_k_m.gguf"", ""vram_mb"": 12464, ""status"": ""AUTHORISED""}]",healthy,timeout
1777872589.214511,2026-05-04T05:29:49.214511+00:00,cell_c_parallel2_two_doc_concurrent,poll,,True,True,[1959487],200,"[{""id"":0,""n_ctx"":8192,""speculative"":false,""is_processing"":true,""id_task"":2807,""params"":{""seed"":4294967295,""temperature"":0.0,""dynatemp_range"":0.0,""dynatemp_exponent"":1.0,""top_k"":40,""top_p"":0.949999988079071,""min_p"":0.05000000074505806,""top_n_sigma"":-1.0,""xtc_probability"":0.0,""xtc_threshold"":0.10000000149011612,""typical_p"":1.0,""repeat_last_n"":64,""repeat_penalty"":1.0,""presence_penalty"":0.0,""frequency_penalty"":0.0,""dry_multiplier"":0.0,""dry_base"":1.75,""dry_allowed_length"":2,""dry_penalty_last_n"":8192,""mirostat"":0,""mirostat_tau"":5.0,""mirostat_eta"":0.10000000149011612,""max_tokens"":2048,""n_predict"":2048,""n_keep"":0,""n_discard"":0,""ignore_eos"":false,""stream"":false,""n_probs"":0,""min_keep"":0,""chat_format"":""peg-native"",""reasoning_format"":""deepseek"",""reasoning_in_content"":false,""thinking_forced_open"":false,""samplers"":[""penalties"",""dry"",""top_n_sigma"",""top_k"",""typ_p"",""top_p"",""min_p"",""xtc"",""temperature""],""speculative.n_max"":16,""speculative.n_min"":0,""speculative.p_min"":0.75,""speculative.type"":""none"",""specu",15087,9489,0,"[{""pid"": 1959487, ""port"": ""8002"", ""model"": ""qwen2.5-14b-instruct-q4_k_m.gguf"", ""vram_mb"": 12464, ""status"": ""AUTHORISED""}]",healthy,ok
1777872592.941794,2026-05-04T05:29:52.941794+00:00,cell_c_parallel2_two_doc_concurrent,poll,,True,True,[1959487],,TimeoutError: timed out,15087,9489,0,"[{""pid"": 1959487, ""port"": ""8002"", ""model"": ""qwen2.5-14b-instruct-q4_k_m.gguf"", ""vram_mb"": 12464, ""status"": ""AUTHORISED""}]",healthy,timeout
1777872598.122726,2026-05-04T05:29:58.122726+00:00,cell_c_parallel2_two_doc_concurrent,poll,,True,True,[1959487],200,"[{""id"":0,""n_ctx"":8192,""speculative"":false,""is_processing"":true,""id_task"":2807,""params"":{""seed"":4294967295,""temperature"":0.0,""dynatemp_range"":0.0,""dynatemp_exponent"":1.0,""top_k"":40,""top_p"":0.949999988079071,""min_p"":0.05000000074505806,""top_n_sigma"":-1.0,""xtc_probability"":0.0,""xtc_threshold"":0.10000000149011612,""typical_p"":1.0,""repeat_last_n"":64,""repeat_penalty"":1.0,""presence_penalty"":0.0,""frequency_penalty"":0.0,""dry_multiplier"":0.0,""dry_base"":1.75,""dry_allowed_length"":2,""dry_penalty_last_n"":8192,""mirostat"":0,""mirostat_tau"":5.0,""mirostat_eta"":0.10000000149011612,""max_tokens"":2048,""n_predict"":2048,""n_keep"":0,""n_discard"":0,""ignore_eos"":false,""stream"":false,""n_probs"":0,""min_keep"":0,""chat_format"":""peg-native"",""reasoning_format"":""deepseek"",""reasoning_in_content"":false,""thinking_forced_open"":false,""samplers"":[""penalties"",""dry"",""top_n_sigma"",""top_k"",""typ_p"",""top_p"",""min_p"",""xtc"",""temperature""],""speculative.n_max"":16,""speculative.n_min"":0,""speculative.p_min"":0.75,""speculative.type"":""none"",""specu",15087,9489,0,"[{""pid"": 1959487, ""port"": ""8002"", ""model"": ""qwen2.5-14b-instruct-q4_k_m.gguf"", ""vram_mb"": 12464, ""status"": ""AUTHORISED""}]",healthy,ok
1777872600.881489,2026-05-04T05:30:00.881489+00:00,cell_c_parallel2_two_doc_concurrent,poll,,True,True,[1959487],200,"[{""id"":0,""n_ctx"":8192,""speculative"":false,""is_processing"":true,""id_task"":2807,""params"":{""seed"":4294967295,""temperature"":0.0,""dynatemp_range"":0.0,""dynatemp_exponent"":1.0,""top_k"":40,""top_p"":0.949999988079071,""min_p"":0.05000000074505806,""top_n_sigma"":-1.0,""xtc_probability"":0.0,""xtc_threshold"":0.10000000149011612,""typical_p"":1.0,""repeat_last_n"":64,""repeat_penalty"":1.0,""presence_penalty"":0.0,""frequency_penalty"":0.0,""dry_multiplier"":0.0,""dry_base"":1.75,""dry_allowed_length"":2,""dry_penalty_last_n"":8192,""mirostat"":0,""mirostat_tau"":5.0,""mirostat_eta"":0.10000000149011612,""max_tokens"":2048,""n_predict"":2048,""n_keep"":0,""n_discard"":0,""ignore_eos"":false,""stream"":false,""n_probs"":0,""min_keep"":0,""chat_format"":""peg-native"",""reasoning_format"":""deepseek"",""reasoning_in_content"":false,""thinking_forced_open"":false,""samplers"":[""penalties"",""dry"",""top_n_sigma"",""top_k"",""typ_p"",""top_p"",""min_p"",""xtc"",""temperature""],""speculative.n_max"":16,""speculative.n_min"":0,""speculative.p_min"":0.75,""speculative.type"":""none"",""specu",15087,9489,0,"[{""pid"": 1959487, ""port"": ""8002"", ""model"": ""qwen2.5-14b-instruct-q4_k_m.gguf"", ""vram_mb"": 12464, ""status"": ""AUTHORISED""}]",healthy,ok
1777872603.143344,2026-05-04T05:30:03.143344+00:00,cell_c_parallel2_two_doc_concurrent,poll,,True,True,[1959487],200,"[{""id"":0,""n_ctx"":8192,""speculative"":false,""is_processing"":true,""id_task"":2807,""params"":{""seed"":4294967295,""temperature"":0.0,""dynatemp_range"":0.0,""dynatemp_exponent"":1.0,""top_k"":40,""top_p"":0.949999988079071,""min_p"":0.05000000074505806,""top_n_sigma"":-1.0,""xtc_probability"":0.0,""xtc_threshold"":0.10000000149011612,""typical_p"":1.0,""repeat_last_n"":64,""repeat_penalty"":1.0,""presence_penalty"":0.0,""frequency_penalty"":0.0,""dry_multiplier"":0.0,""dry_base"":1.75,""dry_allowed_length"":2,""dry_penalty_last_n"":8192,""mirostat"":0,""mirostat_tau"":5.0,""mirostat_eta"":0.10000000149011612,""max_tokens"":2048,""n_predict"":2048,""n_keep"":0,""n_discard"":0,""ignore_eos"":false,""stream"":false,""n_probs"":0,""min_keep"":0,""chat_format"":""peg-native"",""reasoning_format"":""deepseek"",""reasoning_in_content"":false,""thinking_forced_open"":false,""samplers"":[""penalties"",""dry"",""top_n_sigma"",""top_k"",""typ_p"",""top_p"",""min_p"",""xtc"",""temperature""],""speculative.n_max"":16,""speculative.n_min"":0,""speculative.p_min"":0.75,""speculative.type"":""none"",""specu",15087,9489,0,"[{""pid"": 1959487, ""port"": ""8002"", ""model"": ""qwen2.5-14b-instruct-q4_k_m.gguf"", ""vram_mb"": 12464, ""status"": ""AUTHORISED""}]",healthy,ok
1777872605.411154,2026-05-04T05:30:05.411154+00:00,cell_c_parallel2_two_doc_concurrent,poll,,True,True,[1959487],200,"[{""id"":0,""n_ctx"":8192,""speculative"":false,""is_processing"":false,""id_task"":2807,""params"":{""seed"":4294967295,""temperature"":0.0,""dynatemp_range"":0.0,""dynatemp_exponent"":1.0,""top_k"":40,""top_p"":0.949999988079071,""min_p"":0.05000000074505806,""top_n_sigma"":-1.0,""xtc_probability"":0.0,""xtc_threshold"":0.10000000149011612,""typical_p"":1.0,""repeat_last_n"":64,""repeat_penalty"":1.0,""presence_penalty"":0.0,""frequency_penalty"":0.0,""dry_multiplier"":0.0,""dry_base"":1.75,""dry_allowed_length"":2,""dry_penalty_last_n"":8192,""mirostat"":0,""mirostat_tau"":5.0,""mirostat_eta"":0.10000000149011612,""max_tokens"":2048,""n_predict"":2048,""n_keep"":0,""n_discard"":0,""ignore_eos"":false,""stream"":false,""n_probs"":0,""min_keep"":0,""chat_format"":""peg-native"",""reasoning_format"":""deepseek"",""reasoning_in_content"":false,""thinking_forced_open"":false,""samplers"":[""penalties"",""dry"",""top_n_sigma"",""top_k"",""typ_p"",""top_p"",""min_p"",""xtc"",""temperature""],""speculative.n_max"":16,""speculative.n_min"":0,""speculative.p_min"":0.75,""speculative.type"":""none"",""spec",15087,9489,0,"[{""pid"": 1959487, ""port"": ""8002"", ""model"": ""qwen2.5-14b-instruct-q4_k_m.gguf"", ""vram_mb"": 12464, ""status"": ""AUTHORISED""}]",healthy,ok
1777872607.62678,2026-05-04T05:30:07.626780+00:00,cell_c_parallel2_two_doc_concurrent,poll,,True,True,[1959487],200,"[{""id"":0,""n_ctx"":8192,""speculative"":false,""is_processing"":false,""id_task"":2807,""params"":{""seed"":4294967295,""temperature"":0.0,""dynatemp_range"":0.0,""dynatemp_exponent"":1.0,""top_k"":40,""top_p"":0.949999988079071,""min_p"":0.05000000074505806,""top_n_sigma"":-1.0,""xtc_probability"":0.0,""xtc_threshold"":0.10000000149011612,""typical_p"":1.0,""repeat_last_n"":64,""repeat_penalty"":1.0,""presence_penalty"":0.0,""frequency_penalty"":0.0,""dry_multiplier"":0.0,""dry_base"":1.75,""dry_allowed_length"":2,""dry_penalty_last_n"":8192,""mirostat"":0,""mirostat_tau"":5.0,""mirostat_eta"":0.10000000149011612,""max_tokens"":2048,""n_predict"":2048,""n_keep"":0,""n_discard"":0,""ignore_eos"":false,""stream"":false,""n_probs"":0,""min_keep"":0,""chat_format"":""peg-native"",""reasoning_format"":""deepseek"",""reasoning_in_content"":false,""thinking_forced_open"":false,""samplers"":[""penalties"",""dry"",""top_n_sigma"",""top_k"",""typ_p"",""top_p"",""min_p"",""xtc"",""temperature""],""speculative.n_max"":16,""speculative.n_min"":0,""speculative.p_min"":0.75,""speculative.type"":""none"",""spec",15087,9489,0,"[{""pid"": 1959487, ""port"": ""8002"", ""model"": ""qwen2.5-14b-instruct-q4_k_m.gguf"", ""vram_mb"": 12464, ""status"": ""AUTHORISED""}]",healthy,ok
1777872609.844358,2026-05-04T05:30:09.844358+00:00,cell_c_parallel2_two_doc_concurrent,poll,,True,True,[1959487],200,"[{""id"":0,""n_ctx"":8192,""speculative"":false,""is_processing"":false,""id_task"":2807,""params"":{""seed"":4294967295,""temperature"":0.0,""dynatemp_range"":0.0,""dynatemp_exponent"":1.0,""top_k"":40,""top_p"":0.949999988079071,""min_p"":0.05000000074505806,""top_n_sigma"":-1.0,""xtc_probability"":0.0,""xtc_threshold"":0.10000000149011612,""typical_p"":1.0,""repeat_last_n"":64,""repeat_penalty"":1.0,""presence_penalty"":0.0,""frequency_penalty"":0.0,""dry_multiplier"":0.0,""dry_base"":1.75,""dry_allowed_length"":2,""dry_penalty_last_n"":8192,""mirostat"":0,""mirostat_tau"":5.0,""mirostat_eta"":0.10000000149011612,""max_tokens"":2048,""n_predict"":2048,""n_keep"":0,""n_discard"":0,""ignore_eos"":false,""stream"":false,""n_probs"":0,""min_keep"":0,""chat_format"":""peg-native"",""reasoning_format"":""deepseek"",""reasoning_in_content"":false,""thinking_forced_open"":false,""samplers"":[""penalties"",""dry"",""top_n_sigma"",""top_k"",""typ_p"",""top_p"",""min_p"",""xtc"",""temperature""],""speculative.n_max"":16,""speculative.n_min"":0,""speculative.p_min"":0.75,""speculative.type"":""none"",""spec",12469,12107,0,"[{""pid"": 1959487, ""port"": ""8002"", ""model"": ""qwen2.5-14b-instruct-q4_k_m.gguf"", ""vram_mb"": 12464, ""status"": ""AUTHORISED""}]",healthy,ok
1777872610.93232,2026-05-04T05:30:10.932320+00:00,cell_c_parallel2_two_doc_concurrent,after_child_end,bhp_a_2025-06-30,True,True,[1959487],200,"[{""id"":0,""n_ctx"":8192,""speculative"":false,""is_processing"":false,""id_task"":2807,""params"":{""seed"":4294967295,""temperature"":0.0,""dynatemp_range"":0.0,""dynatemp_exponent"":1.0,""top_k"":40,""top_p"":0.949999988079071,""min_p"":0.05000000074505806,""top_n_sigma"":-1.0,""xtc_probability"":0.0,""xtc_threshold"":0.10000000149011612,""typical_p"":1.0,""repeat_last_n"":64,""repeat_penalty"":1.0,""presence_penalty"":0.0,""frequency_penalty"":0.0,""dry_multiplier"":0.0,""dry_base"":1.75,""dry_allowed_length"":2,""dry_penalty_last_n"":8192,""mirostat"":0,""mirostat_tau"":5.0,""mirostat_eta"":0.10000000149011612,""max_tokens"":2048,""n_predict"":2048,""n_keep"":0,""n_discard"":0,""ignore_eos"":false,""stream"":false,""n_probs"":0,""min_keep"":0,""chat_format"":""peg-native"",""reasoning_format"":""deepseek"",""reasoning_in_content"":false,""thinking_forced_open"":false,""samplers"":[""penalties"",""dry"",""top_n_sigma"",""top_k"",""typ_p"",""top_p"",""min_p"",""xtc"",""temperature""],""speculative.n_max"":16,""speculative.n_min"":0,""speculative.p_min"":0.75,""speculative.type"":""none"",""spec",12469,12107,0,"[{""pid"": 1959487, ""port"": ""8002"", ""model"": ""qwen2.5-14b-instruct-q4_k_m.gguf"", ""vram_mb"": 12464, ""status"": ""AUTHORISED""}]",healthy,ok
1777872614.622177,2026-05-04T05:30:14.622177+00:00,postrun,after_runtime_stop_after,,False,False,[],,URLError: <urlopen error [Errno 111] Connection refused>,3,24573,0,[],port_closed,missing
