row_id,cluster_id,prior_cluster_id,company_id,memory_type,statement,status,confidence,materiality,source,source_id,first_seen_at,last_seen_at,proposed_action,action_basis,cleanup_safe_without_approval,api_sequence,api_http_status,api_body
636,active_fanout_0001,fanout_0001,ASX,risk,PETTIMED's capital raising at 1 cent per share,active,0.79,0.91,commentary:youtube_transcript,youtube_transcript:asx-daily-rundown-atlassian-lifts-tech-a2-milk-recall-shock-accent-group-all-time-lows:88e960386e503796,2026-05-04T08:25:00+00:00,2026-05-04T08:25:00+00:00,status_expire_candidate_after_approval,still_active_from_prior_high_confidence_expire_manifest,no,1,200,"{""entry"": {""closed_at"": ""2026-05-13T05:18:56+00:00"", ""company_id"": ""ASX"", ""confidence"": 0.79, ""entity_id"": ""ASX"", ""entry_id"": 636, ""first_seen_at"": ""2026-05-04T08:25:00+00:00"", ""last_seen_at"": ""2026-05-13T05:18:56+00:00"", ""materiality"": 0.91, ""metadata"": {""contradicted_entry_ids"": [], ""published_at"": ""2026-05-04T08:15:01Z"", ""replaceable"": false, ""sentiment"": ""mixed"", ""signal_family"": ""risk"", ""signal_kind"": ""risk"", ""speaker"": ""Kneppy Invests"", ""specificity"": 0.78, ""superseded_entry_ids"": [], ""theme_key"": ""capital"", ""themes"": [""capital""], ""time_refs"": []}, ""normalized_statement"": ""pettimed's capital raising at 1 cent per share"", ""persistence"": ""short"", ""reinforcement_count"": 0, ""source"": ""commentary:youtube_transcript"", ""source_id"": ""youtube_transcript:asx-daily-rundown-atlassian-lifts-tech-a2-milk-recall-shock-accent-group-all-time-lows:88e960386e503796"", ""statement"": ""PETTIMED's capital raising at 1 cent per share"", ""status"": ""expired"", ""type"": ""risk""}, ""ok"": true, ""rule"": ""expire"", ""ticker"": ""ASX""}"
637,active_fanout_0001,fanout_0001,TXT,risk,PETTIMED's capital raising at 1 cent per share,active,0.79,0.91,commentary:youtube_transcript,youtube_transcript:asx-daily-rundown-atlassian-lifts-tech-a2-milk-recall-shock-accent-group-all-time-lows:88e960386e503796,2026-05-04T08:25:00+00:00,2026-05-04T08:25:00+00:00,status_expire_candidate_after_approval,still_active_from_prior_high_confidence_expire_manifest,no,2,200,"{""entry"": {""closed_at"": ""2026-05-13T05:18:56+00:00"", ""company_id"": ""TXT"", ""confidence"": 0.79, ""entity_id"": ""TXT"", ""entry_id"": 637, ""first_seen_at"": ""2026-05-04T08:25:00+00:00"", ""last_seen_at"": ""2026-05-13T05:18:56+00:00"", ""materiality"": 0.91, ""metadata"": {""contradicted_entry_ids"": [], ""published_at"": ""2026-05-04T08:15:01Z"", ""replaceable"": false, ""sentiment"": ""mixed"", ""signal_family"": ""risk"", ""signal_kind"": ""risk"", ""speaker"": ""Kneppy Invests"", ""specificity"": 0.78, ""superseded_entry_ids"": [], ""theme_key"": ""capital"", ""themes"": [""capital""], ""time_refs"": []}, ""normalized_statement"": ""pettimed's capital raising at 1 cent per share"", ""persistence"": ""short"", ""reinforcement_count"": 0, ""source"": ""commentary:youtube_transcript"", ""source_id"": ""youtube_transcript:asx-daily-rundown-atlassian-lifts-tech-a2-milk-recall-shock-accent-group-all-time-lows:88e960386e503796"", ""statement"": ""PETTIMED's capital raising at 1 cent per share"", ""status"": ""expired"", ""type"": ""risk""}, ""ok"": true, ""rule"": ""expire"", ""ticker"": ""TXT""}"
638,active_fanout_0001,fanout_0001,XTX,risk,PETTIMED's capital raising at 1 cent per share,active,0.79,0.91,commentary:youtube_transcript,youtube_transcript:asx-daily-rundown-atlassian-lifts-tech-a2-milk-recall-shock-accent-group-all-time-lows:88e960386e503796,2026-05-04T08:25:00+00:00,2026-05-04T08:25:00+00:00,status_expire_candidate_after_approval,still_active_from_prior_high_confidence_expire_manifest,no,3,200,"{""entry"": {""closed_at"": ""2026-05-13T05:18:56+00:00"", ""company_id"": ""XTX"", ""confidence"": 0.79, ""entity_id"": ""XTX"", ""entry_id"": 638, ""first_seen_at"": ""2026-05-04T08:25:00+00:00"", ""last_seen_at"": ""2026-05-13T05:18:56+00:00"", ""materiality"": 0.91, ""metadata"": {""contradicted_entry_ids"": [], ""published_at"": ""2026-05-04T08:15:01Z"", ""replaceable"": false, ""sentiment"": ""mixed"", ""signal_family"": ""risk"", ""signal_kind"": ""risk"", ""speaker"": ""Kneppy Invests"", ""specificity"": 0.78, ""superseded_entry_ids"": [], ""theme_key"": ""capital"", ""themes"": [""capital""], ""time_refs"": []}, ""normalized_statement"": ""pettimed's capital raising at 1 cent per share"", ""persistence"": ""short"", ""reinforcement_count"": 0, ""source"": ""commentary:youtube_transcript"", ""source_id"": ""youtube_transcript:asx-daily-rundown-atlassian-lifts-tech-a2-milk-recall-shock-accent-group-all-time-lows:88e960386e503796"", ""statement"": ""PETTIMED's capital raising at 1 cent per share"", ""status"": ""expired"", ""type"": ""risk""}, ""ok"": true, ""rule"": ""expire"", ""ticker"": ""XTX""}"
641,active_fanout_0001,fanout_0001,ATLASSIAN,risk,PETTIMED's capital raising at 1 cent per share,active,0.79,0.91,commentary:youtube_transcript,youtube_transcript:asx-daily-rundown-atlassian-lifts-tech-a2-milk-recall-shock-accent-group-all-time-lows:88e960386e503796,2026-05-04T08:25:00+00:00,2026-05-04T08:25:00+00:00,status_expire_candidate_after_approval,still_active_from_prior_high_confidence_expire_manifest,no,4,200,"{""entry"": {""closed_at"": ""2026-05-13T05:18:56+00:00"", ""company_id"": ""ATLASSIAN"", ""confidence"": 0.79, ""entity_id"": ""ATLASSIAN"", ""entry_id"": 641, ""first_seen_at"": ""2026-05-04T08:25:00+00:00"", ""last_seen_at"": ""2026-05-13T05:18:56+00:00"", ""materiality"": 0.91, ""metadata"": {""contradicted_entry_ids"": [], ""published_at"": ""2026-05-04T08:15:01Z"", ""replaceable"": false, ""sentiment"": ""mixed"", ""signal_family"": ""risk"", ""signal_kind"": ""risk"", ""speaker"": ""Kneppy Invests"", ""specificity"": 0.78, ""superseded_entry_ids"": [], ""theme_key"": ""capital"", ""themes"": [""capital""], ""time_refs"": []}, ""normalized_statement"": ""pettimed's capital raising at 1 cent per share"", ""persistence"": ""short"", ""reinforcement_count"": 0, ""source"": ""commentary:youtube_transcript"", ""source_id"": ""youtube_transcript:asx-daily-rundown-atlassian-lifts-tech-a2-milk-recall-shock-accent-group-all-time-lows:88e960386e503796"", ""statement"": ""PETTIMED's capital raising at 1 cent per share"", ""status"": ""expired"", ""type"": ""risk""}, ""ok"": true, ""rule"": ""expire"", ""ticker"": ""ATLASSIAN""}"
642,active_fanout_0001,fanout_0001,NAB,risk,PETTIMED's capital raising at 1 cent per share,active,0.79,0.91,commentary:youtube_transcript,youtube_transcript:asx-daily-rundown-atlassian-lifts-tech-a2-milk-recall-shock-accent-group-all-time-lows:88e960386e503796,2026-05-04T08:25:01+00:00,2026-05-04T08:25:01+00:00,status_expire_candidate_after_approval,still_active_from_prior_high_confidence_expire_manifest,no,5,200,"{""entry"": {""closed_at"": ""2026-05-13T05:18:56+00:00"", ""company_id"": ""NAB"", ""confidence"": 0.79, ""entity_id"": ""NAB"", ""entry_id"": 642, ""first_seen_at"": ""2026-05-04T08:25:01+00:00"", ""last_seen_at"": ""2026-05-13T05:18:56+00:00"", ""materiality"": 0.91, ""metadata"": {""contradicted_entry_ids"": [], ""published_at"": ""2026-05-04T08:15:01Z"", ""replaceable"": false, ""sentiment"": ""mixed"", ""signal_family"": ""risk"", ""signal_kind"": ""risk"", ""speaker"": ""Kneppy Invests"", ""specificity"": 0.78, ""superseded_entry_ids"": [], ""theme_key"": ""capital"", ""themes"": [""capital""], ""time_refs"": []}, ""normalized_statement"": ""pettimed's capital raising at 1 cent per share"", ""persistence"": ""short"", ""reinforcement_count"": 0, ""source"": ""commentary:youtube_transcript"", ""source_id"": ""youtube_transcript:asx-daily-rundown-atlassian-lifts-tech-a2-milk-recall-shock-accent-group-all-time-lows:88e960386e503796"", ""statement"": ""PETTIMED's capital raising at 1 cent per share"", ""status"": ""expired"", ""type"": ""risk""}, ""ok"": true, ""rule"": ""expire"", ""ticker"": ""NAB""}"
643,active_fanout_0001,fanout_0001,BHP,risk,PETTIMED's capital raising at 1 cent per share,active,0.79,0.91,commentary:youtube_transcript,youtube_transcript:asx-daily-rundown-atlassian-lifts-tech-a2-milk-recall-shock-accent-group-all-time-lows:88e960386e503796,2026-05-04T08:25:01+00:00,2026-05-04T08:25:01+00:00,status_expire_candidate_after_approval,still_active_from_prior_high_confidence_expire_manifest,no,6,200,"{""entry"": {""closed_at"": ""2026-05-13T05:18:56+00:00"", ""company_id"": ""BHP"", ""confidence"": 0.79, ""entity_id"": ""BHP"", ""entry_id"": 643, ""first_seen_at"": ""2026-05-04T08:25:01+00:00"", ""last_seen_at"": ""2026-05-13T05:18:56+00:00"", ""materiality"": 0.91, ""metadata"": {""contradicted_entry_ids"": [], ""published_at"": ""2026-05-04T08:15:01Z"", ""replaceable"": false, ""sentiment"": ""mixed"", ""signal_family"": ""risk"", ""signal_kind"": ""risk"", ""speaker"": ""Kneppy Invests"", ""specificity"": 0.78, ""superseded_entry_ids"": [], ""theme_key"": ""capital"", ""themes"": [""capital""], ""time_refs"": []}, ""normalized_statement"": ""pettimed's capital raising at 1 cent per share"", ""persistence"": ""short"", ""reinforcement_count"": 0, ""source"": ""commentary:youtube_transcript"", ""source_id"": ""youtube_transcript:asx-daily-rundown-atlassian-lifts-tech-a2-milk-recall-shock-accent-group-all-time-lows:88e960386e503796"", ""statement"": ""PETTIMED's capital raising at 1 cent per share"", ""status"": ""expired"", ""type"": ""risk""}, ""ok"": true, ""rule"": ""expire"", ""ticker"": ""BHP""}"
647,active_fanout_0001,fanout_0001,CLARITY,risk,PETTIMED's capital raising at 1 cent per share,active,0.79,0.91,commentary:youtube_transcript,youtube_transcript:asx-daily-rundown-atlassian-lifts-tech-a2-milk-recall-shock-accent-group-all-time-lows:88e960386e503796,2026-05-04T08:25:02+00:00,2026-05-04T08:25:02+00:00,status_expire_candidate_after_approval,still_active_from_prior_high_confidence_expire_manifest,no,7,200,"{""entry"": {""closed_at"": ""2026-05-13T05:18:56+00:00"", ""company_id"": ""CLARITY"", ""confidence"": 0.79, ""entity_id"": ""CLARITY"", ""entry_id"": 647, ""first_seen_at"": ""2026-05-04T08:25:02+00:00"", ""last_seen_at"": ""2026-05-13T05:18:56+00:00"", ""materiality"": 0.91, ""metadata"": {""contradicted_entry_ids"": [], ""published_at"": ""2026-05-04T08:15:01Z"", ""replaceable"": false, ""sentiment"": ""mixed"", ""signal_family"": ""risk"", ""signal_kind"": ""risk"", ""speaker"": ""Kneppy Invests"", ""specificity"": 0.78, ""superseded_entry_ids"": [], ""theme_key"": ""capital"", ""themes"": [""capital""], ""time_refs"": []}, ""normalized_statement"": ""pettimed's capital raising at 1 cent per share"", ""persistence"": ""short"", ""reinforcement_count"": 0, ""source"": ""commentary:youtube_transcript"", ""source_id"": ""youtube_transcript:asx-daily-rundown-atlassian-lifts-tech-a2-milk-recall-shock-accent-group-all-time-lows:88e960386e503796"", ""statement"": ""PETTIMED's capital raising at 1 cent per share"", ""status"": ""expired"", ""type"": ""risk""}, ""ok"": true, ""rule"": ""expire"", ""ticker"": ""CLARITY""}"
652,active_fanout_0001,fanout_0001,IMRO,risk,PETTIMED's capital raising at 1 cent per share,active,0.79,0.91,commentary:youtube_transcript,youtube_transcript:asx-daily-rundown-atlassian-lifts-tech-a2-milk-recall-shock-accent-group-all-time-lows:88e960386e503796,2026-05-04T08:25:02+00:00,2026-05-04T08:25:02+00:00,status_expire_candidate_after_approval,still_active_from_prior_high_confidence_expire_manifest,no,8,200,"{""entry"": {""closed_at"": ""2026-05-13T05:18:56+00:00"", ""company_id"": ""IMRO"", ""confidence"": 0.79, ""entity_id"": ""IMRO"", ""entry_id"": 652, ""first_seen_at"": ""2026-05-04T08:25:02+00:00"", ""last_seen_at"": ""2026-05-13T05:18:56+00:00"", ""materiality"": 0.91, ""metadata"": {""contradicted_entry_ids"": [], ""published_at"": ""2026-05-04T08:15:01Z"", ""replaceable"": false, ""sentiment"": ""mixed"", ""signal_family"": ""risk"", ""signal_kind"": ""risk"", ""speaker"": ""Kneppy Invests"", ""specificity"": 0.78, ""superseded_entry_ids"": [], ""theme_key"": ""capital"", ""themes"": [""capital""], ""time_refs"": []}, ""normalized_statement"": ""pettimed's capital raising at 1 cent per share"", ""persistence"": ""short"", ""reinforcement_count"": 0, ""source"": ""commentary:youtube_transcript"", ""source_id"": ""youtube_transcript:asx-daily-rundown-atlassian-lifts-tech-a2-milk-recall-shock-accent-group-all-time-lows:88e960386e503796"", ""statement"": ""PETTIMED's capital raising at 1 cent per share"", ""status"": ""expired"", ""type"": ""risk""}, ""ok"": true, ""rule"": ""expire"", ""ticker"": ""IMRO""}"
653,active_fanout_0001,fanout_0001,PENINSULA,risk,PETTIMED's capital raising at 1 cent per share,active,0.79,0.91,commentary:youtube_transcript,youtube_transcript:asx-daily-rundown-atlassian-lifts-tech-a2-milk-recall-shock-accent-group-all-time-lows:88e960386e503796,2026-05-04T08:25:03+00:00,2026-05-04T08:25:03+00:00,status_expire_candidate_after_approval,still_active_from_prior_high_confidence_expire_manifest,no,9,200,"{""entry"": {""closed_at"": ""2026-05-13T05:18:56+00:00"", ""company_id"": ""PENINSULA"", ""confidence"": 0.79, ""entity_id"": ""PENINSULA"", ""entry_id"": 653, ""first_seen_at"": ""2026-05-04T08:25:03+00:00"", ""last_seen_at"": ""2026-05-13T05:18:56+00:00"", ""materiality"": 0.91, ""metadata"": {""contradicted_entry_ids"": [], ""published_at"": ""2026-05-04T08:15:01Z"", ""replaceable"": false, ""sentiment"": ""mixed"", ""signal_family"": ""risk"", ""signal_kind"": ""risk"", ""speaker"": ""Kneppy Invests"", ""specificity"": 0.78, ""superseded_entry_ids"": [], ""theme_key"": ""capital"", ""themes"": [""capital""], ""time_refs"": []}, ""normalized_statement"": ""pettimed's capital raising at 1 cent per share"", ""persistence"": ""short"", ""reinforcement_count"": 0, ""source"": ""commentary:youtube_transcript"", ""source_id"": ""youtube_transcript:asx-daily-rundown-atlassian-lifts-tech-a2-milk-recall-shock-accent-group-all-time-lows:88e960386e503796"", ""statement"": ""PETTIMED's capital raising at 1 cent per share"", ""status"": ""expired"", ""type"": ""risk""}, ""ok"": true, ""rule"": ""expire"", ""ticker"": ""PENINSULA""}"
655,active_fanout_0001,fanout_0001,VERITUS,risk,PETTIMED's capital raising at 1 cent per share,active,0.79,0.91,commentary:youtube_transcript,youtube_transcript:asx-daily-rundown-atlassian-lifts-tech-a2-milk-recall-shock-accent-group-all-time-lows:88e960386e503796,2026-05-04T08:25:03+00:00,2026-05-04T08:25:03+00:00,status_expire_candidate_after_approval,still_active_from_prior_high_confidence_expire_manifest,no,10,200,"{""entry"": {""closed_at"": ""2026-05-13T05:18:56+00:00"", ""company_id"": ""VERITUS"", ""confidence"": 0.79, ""entity_id"": ""VERITUS"", ""entry_id"": 655, ""first_seen_at"": ""2026-05-04T08:25:03+00:00"", ""last_seen_at"": ""2026-05-13T05:18:56+00:00"", ""materiality"": 0.91, ""metadata"": {""contradicted_entry_ids"": [], ""published_at"": ""2026-05-04T08:15:01Z"", ""replaceable"": false, ""sentiment"": ""mixed"", ""signal_family"": ""risk"", ""signal_kind"": ""risk"", ""speaker"": ""Kneppy Invests"", ""specificity"": 0.78, ""superseded_entry_ids"": [], ""theme_key"": ""capital"", ""themes"": [""capital""], ""time_refs"": []}, ""normalized_statement"": ""pettimed's capital raising at 1 cent per share"", ""persistence"": ""short"", ""reinforcement_count"": 0, ""source"": ""commentary:youtube_transcript"", ""source_id"": ""youtube_transcript:asx-daily-rundown-atlassian-lifts-tech-a2-milk-recall-shock-accent-group-all-time-lows:88e960386e503796"", ""statement"": ""PETTIMED's capital raising at 1 cent per share"", ""status"": ""expired"", ""type"": ""risk""}, ""ok"": true, ""rule"": ""expire"", ""ticker"": ""VERITUS""}"
657,active_fanout_0001,fanout_0001,IMPEDIMED,risk,PETTIMED's capital raising at 1 cent per share,active,0.79,0.91,commentary:youtube_transcript,youtube_transcript:asx-daily-rundown-atlassian-lifts-tech-a2-milk-recall-shock-accent-group-all-time-lows:88e960386e503796,2026-05-04T08:25:03+00:00,2026-05-04T08:25:03+00:00,status_expire_candidate_after_approval,still_active_from_prior_high_confidence_expire_manifest,no,11,200,"{""entry"": {""closed_at"": ""2026-05-13T05:18:56+00:00"", ""company_id"": ""IMPEDIMED"", ""confidence"": 0.79, ""entity_id"": ""IMPEDIMED"", ""entry_id"": 657, ""first_seen_at"": ""2026-05-04T08:25:03+00:00"", ""last_seen_at"": ""2026-05-13T05:18:56+00:00"", ""materiality"": 0.91, ""metadata"": {""contradicted_entry_ids"": [], ""published_at"": ""2026-05-04T08:15:01Z"", ""replaceable"": false, ""sentiment"": ""mixed"", ""signal_family"": ""risk"", ""signal_kind"": ""risk"", ""speaker"": ""Kneppy Invests"", ""specificity"": 0.78, ""superseded_entry_ids"": [], ""theme_key"": ""capital"", ""themes"": [""capital""], ""time_refs"": []}, ""normalized_statement"": ""pettimed's capital raising at 1 cent per share"", ""persistence"": ""short"", ""reinforcement_count"": 0, ""source"": ""commentary:youtube_transcript"", ""source_id"": ""youtube_transcript:asx-daily-rundown-atlassian-lifts-tech-a2-milk-recall-shock-accent-group-all-time-lows:88e960386e503796"", ""statement"": ""PETTIMED's capital raising at 1 cent per share"", ""status"": ""expired"", ""type"": ""risk""}, ""ok"": true, ""rule"": ""expire"", ""ticker"": ""IMPEDIMED""}"
658,active_fanout_0001,fanout_0001,INDE,risk,PETTIMED's capital raising at 1 cent per share,active,0.79,0.91,commentary:youtube_transcript,youtube_transcript:asx-daily-rundown-atlassian-lifts-tech-a2-milk-recall-shock-accent-group-all-time-lows:88e960386e503796,2026-05-04T08:25:04+00:00,2026-05-04T08:25:04+00:00,status_expire_candidate_after_approval,still_active_from_prior_high_confidence_expire_manifest,no,12,200,"{""entry"": {""closed_at"": ""2026-05-13T05:18:56+00:00"", ""company_id"": ""INDE"", ""confidence"": 0.79, ""entity_id"": ""INDE"", ""entry_id"": 658, ""first_seen_at"": ""2026-05-04T08:25:04+00:00"", ""last_seen_at"": ""2026-05-13T05:18:56+00:00"", ""materiality"": 0.91, ""metadata"": {""contradicted_entry_ids"": [], ""published_at"": ""2026-05-04T08:15:01Z"", ""replaceable"": false, ""sentiment"": ""mixed"", ""signal_family"": ""risk"", ""signal_kind"": ""risk"", ""speaker"": ""Kneppy Invests"", ""specificity"": 0.78, ""superseded_entry_ids"": [], ""theme_key"": ""capital"", ""themes"": [""capital""], ""time_refs"": []}, ""normalized_statement"": ""pettimed's capital raising at 1 cent per share"", ""persistence"": ""short"", ""reinforcement_count"": 0, ""source"": ""commentary:youtube_transcript"", ""source_id"": ""youtube_transcript:asx-daily-rundown-atlassian-lifts-tech-a2-milk-recall-shock-accent-group-all-time-lows:88e960386e503796"", ""statement"": ""PETTIMED's capital raising at 1 cent per share"", ""status"": ""expired"", ""type"": ""risk""}, ""ok"": true, ""rule"": ""expire"", ""ticker"": ""INDE""}"
660,active_fanout_0001,fanout_0001,C79,risk,PETTIMED's capital raising at 1 cent per share,active,0.79,0.91,commentary:youtube_transcript,youtube_transcript:asx-daily-rundown-atlassian-lifts-tech-a2-milk-recall-shock-accent-group-all-time-lows:88e960386e503796,2026-05-04T08:25:04+00:00,2026-05-04T08:25:04+00:00,status_expire_candidate_after_approval,still_active_from_prior_high_confidence_expire_manifest,no,13,200,"{""entry"": {""closed_at"": ""2026-05-13T05:18:56+00:00"", ""company_id"": ""C79"", ""confidence"": 0.79, ""entity_id"": ""C79"", ""entry_id"": 660, ""first_seen_at"": ""2026-05-04T08:25:04+00:00"", ""last_seen_at"": ""2026-05-13T05:18:56+00:00"", ""materiality"": 0.91, ""metadata"": {""contradicted_entry_ids"": [], ""published_at"": ""2026-05-04T08:15:01Z"", ""replaceable"": false, ""sentiment"": ""mixed"", ""signal_family"": ""risk"", ""signal_kind"": ""risk"", ""speaker"": ""Kneppy Invests"", ""specificity"": 0.78, ""superseded_entry_ids"": [], ""theme_key"": ""capital"", ""themes"": [""capital""], ""time_refs"": []}, ""normalized_statement"": ""pettimed's capital raising at 1 cent per share"", ""persistence"": ""short"", ""reinforcement_count"": 0, ""source"": ""commentary:youtube_transcript"", ""source_id"": ""youtube_transcript:asx-daily-rundown-atlassian-lifts-tech-a2-milk-recall-shock-accent-group-all-time-lows:88e960386e503796"", ""statement"": ""PETTIMED's capital raising at 1 cent per share"", ""status"": ""expired"", ""type"": ""risk""}, ""ok"": true, ""rule"": ""expire"", ""ticker"": ""C79""}"
661,active_fanout_0001,fanout_0001,A2M,risk,PETTIMED's capital raising at 1 cent per share,active,0.79,0.91,commentary:youtube_transcript,youtube_transcript:asx-daily-rundown-atlassian-lifts-tech-a2-milk-recall-shock-accent-group-all-time-lows:88e960386e503796,2026-05-04T08:25:04+00:00,2026-05-04T08:25:04+00:00,status_expire_candidate_after_approval,still_active_from_prior_high_confidence_expire_manifest,no,14,200,"{""entry"": {""closed_at"": ""2026-05-13T05:18:56+00:00"", ""company_id"": ""A2M"", ""confidence"": 0.79, ""entity_id"": ""A2M"", ""entry_id"": 661, ""first_seen_at"": ""2026-05-04T08:25:04+00:00"", ""last_seen_at"": ""2026-05-13T05:18:56+00:00"", ""materiality"": 0.91, ""metadata"": {""contradicted_entry_ids"": [], ""published_at"": ""2026-05-04T08:15:01Z"", ""replaceable"": false, ""sentiment"": ""mixed"", ""signal_family"": ""risk"", ""signal_kind"": ""risk"", ""speaker"": ""Kneppy Invests"", ""specificity"": 0.78, ""superseded_entry_ids"": [], ""theme_key"": ""capital"", ""themes"": [""capital""], ""time_refs"": []}, ""normalized_statement"": ""pettimed's capital raising at 1 cent per share"", ""persistence"": ""short"", ""reinforcement_count"": 0, ""source"": ""commentary:youtube_transcript"", ""source_id"": ""youtube_transcript:asx-daily-rundown-atlassian-lifts-tech-a2-milk-recall-shock-accent-group-all-time-lows:88e960386e503796"", ""statement"": ""PETTIMED's capital raising at 1 cent per share"", ""status"": ""expired"", ""type"": ""risk""}, ""ok"": true, ""rule"": ""expire"", ""ticker"": ""A2M""}"
1065,active_fanout_0001,fanout_0001,END,risk,Pettimed's capital raising at 1 cent per share,active,0.79,0.91,commentary:youtube_transcript,youtube_transcript:asx-daily-rundown-atlassian-lifts-tech-a2-milk-recall-shock-accent-group-all-time-lows:88e960386e503796,2026-05-04T08:26:42+00:00,2026-05-04T08:26:42+00:00,status_expire_candidate_after_approval,still_active_from_prior_high_confidence_expire_manifest,no,15,200,"{""entry"": {""closed_at"": ""2026-05-13T05:18:56+00:00"", ""company_id"": ""END"", ""confidence"": 0.79, ""entity_id"": ""END"", ""entry_id"": 1065, ""first_seen_at"": ""2026-05-04T08:26:42+00:00"", ""last_seen_at"": ""2026-05-13T05:18:56+00:00"", ""materiality"": 0.91, ""metadata"": {""contradicted_entry_ids"": [], ""published_at"": ""2026-05-04T08:15:01Z"", ""replaceable"": false, ""sentiment"": ""mixed"", ""signal_family"": ""risk"", ""signal_kind"": ""risk"", ""speaker"": ""Kneppy Invests"", ""specificity"": 0.78, ""superseded_entry_ids"": [], ""theme_key"": ""capital"", ""themes"": [""capital""], ""time_refs"": []}, ""normalized_statement"": ""pettimed's capital raising at 1 cent per share"", ""persistence"": ""short"", ""reinforcement_count"": 0, ""source"": ""commentary:youtube_transcript"", ""source_id"": ""youtube_transcript:asx-daily-rundown-atlassian-lifts-tech-a2-milk-recall-shock-accent-group-all-time-lows:88e960386e503796"", ""statement"": ""Pettimed's capital raising at 1 cent per share"", ""status"": ""expired"", ""type"": ""risk""}, ""ok"": true, ""rule"": ""expire"", ""ticker"": ""END""}"
1066,active_fanout_0001,fanout_0001,COH,risk,Pettimed's capital raising at 1 cent per share,active,0.79,0.91,commentary:youtube_transcript,youtube_transcript:asx-daily-rundown-atlassian-lifts-tech-a2-milk-recall-shock-accent-group-all-time-lows:88e960386e503796,2026-05-04T08:26:42+00:00,2026-05-04T08:26:42+00:00,status_expire_candidate_after_approval,still_active_from_prior_high_confidence_expire_manifest,no,16,200,"{""entry"": {""closed_at"": ""2026-05-13T05:18:56+00:00"", ""company_id"": ""COH"", ""confidence"": 0.79, ""entity_id"": ""COH"", ""entry_id"": 1066, ""first_seen_at"": ""2026-05-04T08:26:42+00:00"", ""last_seen_at"": ""2026-05-13T05:18:56+00:00"", ""materiality"": 0.91, ""metadata"": {""contradicted_entry_ids"": [], ""published_at"": ""2026-05-04T08:15:01Z"", ""replaceable"": false, ""sentiment"": ""mixed"", ""signal_family"": ""risk"", ""signal_kind"": ""risk"", ""speaker"": ""Kneppy Invests"", ""specificity"": 0.78, ""superseded_entry_ids"": [], ""theme_key"": ""capital"", ""themes"": [""capital""], ""time_refs"": []}, ""normalized_statement"": ""pettimed's capital raising at 1 cent per share"", ""persistence"": ""short"", ""reinforcement_count"": 0, ""source"": ""commentary:youtube_transcript"", ""source_id"": ""youtube_transcript:asx-daily-rundown-atlassian-lifts-tech-a2-milk-recall-shock-accent-group-all-time-lows:88e960386e503796"", ""statement"": ""Pettimed's capital raising at 1 cent per share"", ""status"": ""expired"", ""type"": ""risk""}, ""ok"": true, ""rule"": ""expire"", ""ticker"": ""COH""}"
1067,active_fanout_0001,fanout_0001,WES,risk,Pettimed's capital raising at 1 cent per share,active,0.79,0.91,commentary:youtube_transcript,youtube_transcript:asx-daily-rundown-atlassian-lifts-tech-a2-milk-recall-shock-accent-group-all-time-lows:88e960386e503796,2026-05-04T08:26:43+00:00,2026-05-04T08:26:43+00:00,status_expire_candidate_after_approval,still_active_from_prior_high_confidence_expire_manifest,no,17,200,"{""entry"": {""closed_at"": ""2026-05-13T05:18:56+00:00"", ""company_id"": ""WES"", ""confidence"": 0.79, ""entity_id"": ""WES"", ""entry_id"": 1067, ""first_seen_at"": ""2026-05-04T08:26:43+00:00"", ""last_seen_at"": ""2026-05-13T05:18:56+00:00"", ""materiality"": 0.91, ""metadata"": {""contradicted_entry_ids"": [], ""published_at"": ""2026-05-04T08:15:01Z"", ""replaceable"": false, ""sentiment"": ""mixed"", ""signal_family"": ""risk"", ""signal_kind"": ""risk"", ""speaker"": ""Kneppy Invests"", ""specificity"": 0.78, ""superseded_entry_ids"": [], ""theme_key"": ""capital"", ""themes"": [""capital""], ""time_refs"": []}, ""normalized_statement"": ""pettimed's capital raising at 1 cent per share"", ""persistence"": ""short"", ""reinforcement_count"": 0, ""source"": ""commentary:youtube_transcript"", ""source_id"": ""youtube_transcript:asx-daily-rundown-atlassian-lifts-tech-a2-milk-recall-shock-accent-group-all-time-lows:88e960386e503796"", ""statement"": ""Pettimed's capital raising at 1 cent per share"", ""status"": ""expired"", ""type"": ""risk""}, ""ok"": true, ""rule"": ""expire"", ""ticker"": ""WES""}"
1068,active_fanout_0001,fanout_0001,WBC,risk,Pettimed's capital raising at 1 cent per share,active,0.79,0.91,commentary:youtube_transcript,youtube_transcript:asx-daily-rundown-atlassian-lifts-tech-a2-milk-recall-shock-accent-group-all-time-lows:88e960386e503796,2026-05-04T08:26:44+00:00,2026-05-04T08:26:44+00:00,status_expire_candidate_after_approval,still_active_from_prior_high_confidence_expire_manifest,no,18,200,"{""entry"": {""closed_at"": ""2026-05-13T05:18:56+00:00"", ""company_id"": ""WBC"", ""confidence"": 0.79, ""entity_id"": ""WBC"", ""entry_id"": 1068, ""first_seen_at"": ""2026-05-04T08:26:44+00:00"", ""last_seen_at"": ""2026-05-13T05:18:56+00:00"", ""materiality"": 0.91, ""metadata"": {""contradicted_entry_ids"": [], ""published_at"": ""2026-05-04T08:15:01Z"", ""replaceable"": false, ""sentiment"": ""mixed"", ""signal_family"": ""risk"", ""signal_kind"": ""risk"", ""speaker"": ""Kneppy Invests"", ""specificity"": 0.78, ""superseded_entry_ids"": [], ""theme_key"": ""capital"", ""themes"": [""capital""], ""time_refs"": []}, ""normalized_statement"": ""pettimed's capital raising at 1 cent per share"", ""persistence"": ""short"", ""reinforcement_count"": 0, ""source"": ""commentary:youtube_transcript"", ""source_id"": ""youtube_transcript:asx-daily-rundown-atlassian-lifts-tech-a2-milk-recall-shock-accent-group-all-time-lows:88e960386e503796"", ""statement"": ""Pettimed's capital raising at 1 cent per share"", ""status"": ""expired"", ""type"": ""risk""}, ""ok"": true, ""rule"": ""expire"", ""ticker"": ""WBC""}"
1069,active_fanout_0001,fanout_0001,KEY,risk,Pettimed's capital raising at 1 cent per share,active,0.79,0.91,commentary:youtube_transcript,youtube_transcript:asx-daily-rundown-atlassian-lifts-tech-a2-milk-recall-shock-accent-group-all-time-lows:88e960386e503796,2026-05-04T08:26:44+00:00,2026-05-04T08:26:44+00:00,status_expire_candidate_after_approval,still_active_from_prior_high_confidence_expire_manifest,no,19,200,"{""entry"": {""closed_at"": ""2026-05-13T05:18:56+00:00"", ""company_id"": ""KEY"", ""confidence"": 0.79, ""entity_id"": ""KEY"", ""entry_id"": 1069, ""first_seen_at"": ""2026-05-04T08:26:44+00:00"", ""last_seen_at"": ""2026-05-13T05:18:56+00:00"", ""materiality"": 0.91, ""metadata"": {""contradicted_entry_ids"": [], ""published_at"": ""2026-05-04T08:15:01Z"", ""replaceable"": false, ""sentiment"": ""mixed"", ""signal_family"": ""risk"", ""signal_kind"": ""risk"", ""speaker"": ""Kneppy Invests"", ""specificity"": 0.78, ""superseded_entry_ids"": [], ""theme_key"": ""capital"", ""themes"": [""capital""], ""time_refs"": []}, ""normalized_statement"": ""pettimed's capital raising at 1 cent per share"", ""persistence"": ""short"", ""reinforcement_count"": 0, ""source"": ""commentary:youtube_transcript"", ""source_id"": ""youtube_transcript:asx-daily-rundown-atlassian-lifts-tech-a2-milk-recall-shock-accent-group-all-time-lows:88e960386e503796"", ""statement"": ""Pettimed's capital raising at 1 cent per share"", ""status"": ""expired"", ""type"": ""risk""}, ""ok"": true, ""rule"": ""expire"", ""ticker"": ""KEY""}"
1070,active_fanout_0001,fanout_0001,GCM,risk,Pettimed's capital raising at 1 cent per share,active,0.79,0.91,commentary:youtube_transcript,youtube_transcript:asx-daily-rundown-atlassian-lifts-tech-a2-milk-recall-shock-accent-group-all-time-lows:88e960386e503796,2026-05-04T08:26:44+00:00,2026-05-04T08:26:44+00:00,status_expire_candidate_after_approval,still_active_from_prior_high_confidence_expire_manifest,no,20,200,"{""entry"": {""closed_at"": ""2026-05-13T05:18:56+00:00"", ""company_id"": ""GCM"", ""confidence"": 0.79, ""entity_id"": ""GCM"", ""entry_id"": 1070, ""first_seen_at"": ""2026-05-04T08:26:44+00:00"", ""last_seen_at"": ""2026-05-13T05:18:56+00:00"", ""materiality"": 0.91, ""metadata"": {""contradicted_entry_ids"": [], ""published_at"": ""2026-05-04T08:15:01Z"", ""replaceable"": false, ""sentiment"": ""mixed"", ""signal_family"": ""risk"", ""signal_kind"": ""risk"", ""speaker"": ""Kneppy Invests"", ""specificity"": 0.78, ""superseded_entry_ids"": [], ""theme_key"": ""capital"", ""themes"": [""capital""], ""time_refs"": []}, ""normalized_statement"": ""pettimed's capital raising at 1 cent per share"", ""persistence"": ""short"", ""reinforcement_count"": 0, ""source"": ""commentary:youtube_transcript"", ""source_id"": ""youtube_transcript:asx-daily-rundown-atlassian-lifts-tech-a2-milk-recall-shock-accent-group-all-time-lows:88e960386e503796"", ""statement"": ""Pettimed's capital raising at 1 cent per share"", ""status"": ""expired"", ""type"": ""risk""}, ""ok"": true, ""rule"": ""expire"", ""ticker"": ""GCM""}"
1071,active_fanout_0001,fanout_0001,MAR,risk,Pettimed's capital raising at 1 cent per share,active,0.79,0.91,commentary:youtube_transcript,youtube_transcript:asx-daily-rundown-atlassian-lifts-tech-a2-milk-recall-shock-accent-group-all-time-lows:88e960386e503796,2026-05-04T08:26:44+00:00,2026-05-04T08:26:44+00:00,status_expire_candidate_after_approval,still_active_from_prior_high_confidence_expire_manifest,no,21,200,"{""entry"": {""closed_at"": ""2026-05-13T05:18:56+00:00"", ""company_id"": ""MAR"", ""confidence"": 0.79, ""entity_id"": ""MAR"", ""entry_id"": 1071, ""first_seen_at"": ""2026-05-04T08:26:44+00:00"", ""last_seen_at"": ""2026-05-13T05:18:56+00:00"", ""materiality"": 0.91, ""metadata"": {""contradicted_entry_ids"": [], ""published_at"": ""2026-05-04T08:15:01Z"", ""replaceable"": false, ""sentiment"": ""mixed"", ""signal_family"": ""risk"", ""signal_kind"": ""risk"", ""speaker"": ""Kneppy Invests"", ""specificity"": 0.78, ""superseded_entry_ids"": [], ""theme_key"": ""capital"", ""themes"": [""capital""], ""time_refs"": []}, ""normalized_statement"": ""pettimed's capital raising at 1 cent per share"", ""persistence"": ""short"", ""reinforcement_count"": 0, ""source"": ""commentary:youtube_transcript"", ""source_id"": ""youtube_transcript:asx-daily-rundown-atlassian-lifts-tech-a2-milk-recall-shock-accent-group-all-time-lows:88e960386e503796"", ""statement"": ""Pettimed's capital raising at 1 cent per share"", ""status"": ""expired"", ""type"": ""risk""}, ""ok"": true, ""rule"": ""expire"", ""ticker"": ""MAR""}"
1072,active_fanout_0001,fanout_0001,CLT,risk,Pettimed's capital raising at 1 cent per share,active,0.79,0.91,commentary:youtube_transcript,youtube_transcript:asx-daily-rundown-atlassian-lifts-tech-a2-milk-recall-shock-accent-group-all-time-lows:88e960386e503796,2026-05-04T08:26:44+00:00,2026-05-04T08:26:44+00:00,status_expire_candidate_after_approval,still_active_from_prior_high_confidence_expire_manifest,no,22,200,"{""entry"": {""closed_at"": ""2026-05-13T05:18:57+00:00"", ""company_id"": ""CLT"", ""confidence"": 0.79, ""entity_id"": ""CLT"", ""entry_id"": 1072, ""first_seen_at"": ""2026-05-04T08:26:44+00:00"", ""last_seen_at"": ""2026-05-13T05:18:57+00:00"", ""materiality"": 0.91, ""metadata"": {""contradicted_entry_ids"": [], ""published_at"": ""2026-05-04T08:15:01Z"", ""replaceable"": false, ""sentiment"": ""mixed"", ""signal_family"": ""risk"", ""signal_kind"": ""risk"", ""speaker"": ""Kneppy Invests"", ""specificity"": 0.78, ""superseded_entry_ids"": [], ""theme_key"": ""capital"", ""themes"": [""capital""], ""time_refs"": []}, ""normalized_statement"": ""pettimed's capital raising at 1 cent per share"", ""persistence"": ""short"", ""reinforcement_count"": 0, ""source"": ""commentary:youtube_transcript"", ""source_id"": ""youtube_transcript:asx-daily-rundown-atlassian-lifts-tech-a2-milk-recall-shock-accent-group-all-time-lows:88e960386e503796"", ""statement"": ""Pettimed's capital raising at 1 cent per share"", ""status"": ""expired"", ""type"": ""risk""}, ""ok"": true, ""rule"": ""expire"", ""ticker"": ""CLT""}"
1073,active_fanout_0001,fanout_0001,WIN,risk,Pettimed's capital raising at 1 cent per share,active,0.79,0.91,commentary:youtube_transcript,youtube_transcript:asx-daily-rundown-atlassian-lifts-tech-a2-milk-recall-shock-accent-group-all-time-lows:88e960386e503796,2026-05-04T08:26:44+00:00,2026-05-04T08:26:44+00:00,status_expire_candidate_after_approval,still_active_from_prior_high_confidence_expire_manifest,no,23,200,"{""entry"": {""closed_at"": ""2026-05-13T05:18:57+00:00"", ""company_id"": ""WIN"", ""confidence"": 0.79, ""entity_id"": ""WIN"", ""entry_id"": 1073, ""first_seen_at"": ""2026-05-04T08:26:44+00:00"", ""last_seen_at"": ""2026-05-13T05:18:57+00:00"", ""materiality"": 0.91, ""metadata"": {""contradicted_entry_ids"": [], ""published_at"": ""2026-05-04T08:15:01Z"", ""replaceable"": false, ""sentiment"": ""mixed"", ""signal_family"": ""risk"", ""signal_kind"": ""risk"", ""speaker"": ""Kneppy Invests"", ""specificity"": 0.78, ""superseded_entry_ids"": [], ""theme_key"": ""capital"", ""themes"": [""capital""], ""time_refs"": []}, ""normalized_statement"": ""pettimed's capital raising at 1 cent per share"", ""persistence"": ""short"", ""reinforcement_count"": 0, ""source"": ""commentary:youtube_transcript"", ""source_id"": ""youtube_transcript:asx-daily-rundown-atlassian-lifts-tech-a2-milk-recall-shock-accent-group-all-time-lows:88e960386e503796"", ""statement"": ""Pettimed's capital raising at 1 cent per share"", ""status"": ""expired"", ""type"": ""risk""}, ""ok"": true, ""rule"": ""expire"", ""ticker"": ""WIN""}"
1074,active_fanout_0001,fanout_0001,SKT,risk,Pettimed's capital raising at 1 cent per share,active,0.79,0.91,commentary:youtube_transcript,youtube_transcript:asx-daily-rundown-atlassian-lifts-tech-a2-milk-recall-shock-accent-group-all-time-lows:88e960386e503796,2026-05-04T08:26:45+00:00,2026-05-04T08:26:45+00:00,status_expire_candidate_after_approval,still_active_from_prior_high_confidence_expire_manifest,no,24,200,"{""entry"": {""closed_at"": ""2026-05-13T05:18:57+00:00"", ""company_id"": ""SKT"", ""confidence"": 0.79, ""entity_id"": ""SKT"", ""entry_id"": 1074, ""first_seen_at"": ""2026-05-04T08:26:45+00:00"", ""last_seen_at"": ""2026-05-13T05:18:57+00:00"", ""materiality"": 0.91, ""metadata"": {""contradicted_entry_ids"": [], ""published_at"": ""2026-05-04T08:15:01Z"", ""replaceable"": false, ""sentiment"": ""mixed"", ""signal_family"": ""risk"", ""signal_kind"": ""risk"", ""speaker"": ""Kneppy Invests"", ""specificity"": 0.78, ""superseded_entry_ids"": [], ""theme_key"": ""capital"", ""themes"": [""capital""], ""time_refs"": []}, ""normalized_statement"": ""pettimed's capital raising at 1 cent per share"", ""persistence"": ""short"", ""reinforcement_count"": 0, ""source"": ""commentary:youtube_transcript"", ""source_id"": ""youtube_transcript:asx-daily-rundown-atlassian-lifts-tech-a2-milk-recall-shock-accent-group-all-time-lows:88e960386e503796"", ""statement"": ""Pettimed's capital raising at 1 cent per share"", ""status"": ""expired"", ""type"": ""risk""}, ""ok"": true, ""rule"": ""expire"", ""ticker"": ""SKT""}"
1075,active_fanout_0001,fanout_0001,VCE,risk,Pettimed's capital raising at 1 cent per share,active,0.79,0.91,commentary:youtube_transcript,youtube_transcript:asx-daily-rundown-atlassian-lifts-tech-a2-milk-recall-shock-accent-group-all-time-lows:88e960386e503796,2026-05-04T08:26:45+00:00,2026-05-04T08:26:45+00:00,status_expire_candidate_after_approval,still_active_from_prior_high_confidence_expire_manifest,no,25,200,"{""entry"": {""closed_at"": ""2026-05-13T05:18:57+00:00"", ""company_id"": ""VCE"", ""confidence"": 0.79, ""entity_id"": ""VCE"", ""entry_id"": 1075, ""first_seen_at"": ""2026-05-04T08:26:45+00:00"", ""last_seen_at"": ""2026-05-13T05:18:57+00:00"", ""materiality"": 0.91, ""metadata"": {""contradicted_entry_ids"": [], ""published_at"": ""2026-05-04T08:15:01Z"", ""replaceable"": false, ""sentiment"": ""mixed"", ""signal_family"": ""risk"", ""signal_kind"": ""risk"", ""speaker"": ""Kneppy Invests"", ""specificity"": 0.78, ""superseded_entry_ids"": [], ""theme_key"": ""capital"", ""themes"": [""capital""], ""time_refs"": []}, ""normalized_statement"": ""pettimed's capital raising at 1 cent per share"", ""persistence"": ""short"", ""reinforcement_count"": 0, ""source"": ""commentary:youtube_transcript"", ""source_id"": ""youtube_transcript:asx-daily-rundown-atlassian-lifts-tech-a2-milk-recall-shock-accent-group-all-time-lows:88e960386e503796"", ""statement"": ""Pettimed's capital raising at 1 cent per share"", ""status"": ""expired"", ""type"": ""risk""}, ""ok"": true, ""rule"": ""expire"", ""ticker"": ""VCE""}"
1076,active_fanout_0001,fanout_0001,SNW,risk,Pettimed's capital raising at 1 cent per share,active,0.79,0.91,commentary:youtube_transcript,youtube_transcript:asx-daily-rundown-atlassian-lifts-tech-a2-milk-recall-shock-accent-group-all-time-lows:88e960386e503796,2026-05-04T08:26:46+00:00,2026-05-04T08:26:46+00:00,status_expire_candidate_after_approval,still_active_from_prior_high_confidence_expire_manifest,no,26,200,"{""entry"": {""closed_at"": ""2026-05-13T05:18:57+00:00"", ""company_id"": ""SNW"", ""confidence"": 0.79, ""entity_id"": ""SNW"", ""entry_id"": 1076, ""first_seen_at"": ""2026-05-04T08:26:46+00:00"", ""last_seen_at"": ""2026-05-13T05:18:57+00:00"", ""materiality"": 0.91, ""metadata"": {""contradicted_entry_ids"": [], ""published_at"": ""2026-05-04T08:15:01Z"", ""replaceable"": false, ""sentiment"": ""mixed"", ""signal_family"": ""risk"", ""signal_kind"": ""risk"", ""speaker"": ""Kneppy Invests"", ""specificity"": 0.78, ""superseded_entry_ids"": [], ""theme_key"": ""capital"", ""themes"": [""capital""], ""time_refs"": []}, ""normalized_statement"": ""pettimed's capital raising at 1 cent per share"", ""persistence"": ""short"", ""reinforcement_count"": 0, ""source"": ""commentary:youtube_transcript"", ""source_id"": ""youtube_transcript:asx-daily-rundown-atlassian-lifts-tech-a2-milk-recall-shock-accent-group-all-time-lows:88e960386e503796"", ""statement"": ""Pettimed's capital raising at 1 cent per share"", ""status"": ""expired"", ""type"": ""risk""}, ""ok"": true, ""rule"": ""expire"", ""ticker"": ""SNW""}"
1077,active_fanout_0001,fanout_0001,LON,risk,Pettimed's capital raising at 1 cent per share,active,0.79,0.91,commentary:youtube_transcript,youtube_transcript:asx-daily-rundown-atlassian-lifts-tech-a2-milk-recall-shock-accent-group-all-time-lows:88e960386e503796,2026-05-04T08:26:46+00:00,2026-05-04T08:26:46+00:00,status_expire_candidate_after_approval,still_active_from_prior_high_confidence_expire_manifest,no,27,200,"{""entry"": {""closed_at"": ""2026-05-13T05:18:57+00:00"", ""company_id"": ""LON"", ""confidence"": 0.79, ""entity_id"": ""LON"", ""entry_id"": 1077, ""first_seen_at"": ""2026-05-04T08:26:46+00:00"", ""last_seen_at"": ""2026-05-13T05:18:57+00:00"", ""materiality"": 0.91, ""metadata"": {""contradicted_entry_ids"": [], ""published_at"": ""2026-05-04T08:15:01Z"", ""replaceable"": false, ""sentiment"": ""mixed"", ""signal_family"": ""risk"", ""signal_kind"": ""risk"", ""speaker"": ""Kneppy Invests"", ""specificity"": 0.78, ""superseded_entry_ids"": [], ""theme_key"": ""capital"", ""themes"": [""capital""], ""time_refs"": []}, ""normalized_statement"": ""pettimed's capital raising at 1 cent per share"", ""persistence"": ""short"", ""reinforcement_count"": 0, ""source"": ""commentary:youtube_transcript"", ""source_id"": ""youtube_transcript:asx-daily-rundown-atlassian-lifts-tech-a2-milk-recall-shock-accent-group-all-time-lows:88e960386e503796"", ""statement"": ""Pettimed's capital raising at 1 cent per share"", ""status"": ""expired"", ""type"": ""risk""}, ""ok"": true, ""rule"": ""expire"", ""ticker"": ""LON""}"
1079,active_fanout_0001,fanout_0001,STK,risk,Pettimed's capital raising at 1 cent per share,active,0.79,0.91,commentary:youtube_transcript,youtube_transcript:asx-daily-rundown-atlassian-lifts-tech-a2-milk-recall-shock-accent-group-all-time-lows:88e960386e503796,2026-05-04T08:26:46+00:00,2026-05-04T08:26:46+00:00,status_expire_candidate_after_approval,still_active_from_prior_high_confidence_expire_manifest,no,28,200,"{""entry"": {""closed_at"": ""2026-05-13T05:18:57+00:00"", ""company_id"": ""STK"", ""confidence"": 0.79, ""entity_id"": ""STK"", ""entry_id"": 1079, ""first_seen_at"": ""2026-05-04T08:26:46+00:00"", ""last_seen_at"": ""2026-05-13T05:18:57+00:00"", ""materiality"": 0.91, ""metadata"": {""contradicted_entry_ids"": [], ""published_at"": ""2026-05-04T08:15:01Z"", ""replaceable"": false, ""sentiment"": ""mixed"", ""signal_family"": ""risk"", ""signal_kind"": ""risk"", ""speaker"": ""Kneppy Invests"", ""specificity"": 0.78, ""superseded_entry_ids"": [], ""theme_key"": ""capital"", ""themes"": [""capital""], ""time_refs"": []}, ""normalized_statement"": ""pettimed's capital raising at 1 cent per share"", ""persistence"": ""short"", ""reinforcement_count"": 0, ""source"": ""commentary:youtube_transcript"", ""source_id"": ""youtube_transcript:asx-daily-rundown-atlassian-lifts-tech-a2-milk-recall-shock-accent-group-all-time-lows:88e960386e503796"", ""statement"": ""Pettimed's capital raising at 1 cent per share"", ""status"": ""expired"", ""type"": ""risk""}, ""ok"": true, ""rule"": ""expire"", ""ticker"": ""STK""}"
1776,active_fanout_0001,fanout_0001,ASX,catalyst,Pettimed's capital raising at 1 cent per share,active,0.79,0.91,commentary:youtube_transcript,youtube_transcript:asx-daily-rundown-atlassian-lifts-tech-a2-milk-recall-shock-accent-group-all-time-lows:88e960386e503796,2026-05-05T04:20:50+00:00,2026-05-05T04:20:50+00:00,status_expire_candidate_after_approval,still_active_from_prior_high_confidence_expire_manifest,no,29,200,"{""entry"": {""closed_at"": ""2026-05-13T05:18:57+00:00"", ""company_id"": ""ASX"", ""confidence"": 0.79, ""entity_id"": ""ASX"", ""entry_id"": 1776, ""first_seen_at"": ""2026-05-05T04:20:50+00:00"", ""last_seen_at"": ""2026-05-13T05:18:57+00:00"", ""materiality"": 0.91, ""metadata"": {""contradicted_entry_ids"": [], ""published_at"": ""2026-05-04T08:15:01Z"", ""replaceable"": false, ""sentiment"": ""mixed"", ""signal_family"": ""catalyst"", ""signal_kind"": ""catalyst"", ""speaker"": ""Kneppy Invests"", ""specificity"": 0.78, ""superseded_entry_ids"": [], ""theme_key"": ""capital"", ""themes"": [""capital""], ""time_refs"": []}, ""normalized_statement"": ""pettimed's capital raising at 1 cent per share"", ""persistence"": ""short"", ""reinforcement_count"": 0, ""source"": ""commentary:youtube_transcript"", ""source_id"": ""youtube_transcript:asx-daily-rundown-atlassian-lifts-tech-a2-milk-recall-shock-accent-group-all-time-lows:88e960386e503796"", ""statement"": ""Pettimed's capital raising at 1 cent per share"", ""status"": ""expired"", ""type"": ""catalyst""}, ""ok"": true, ""rule"": ""expire"", ""ticker"": ""ASX""}"
1777,active_fanout_0001,fanout_0001,TXT,catalyst,Pettimed's capital raising at 1 cent per share,active,0.79,0.91,commentary:youtube_transcript,youtube_transcript:asx-daily-rundown-atlassian-lifts-tech-a2-milk-recall-shock-accent-group-all-time-lows:88e960386e503796,2026-05-05T04:20:50+00:00,2026-05-05T04:20:50+00:00,status_expire_candidate_after_approval,still_active_from_prior_high_confidence_expire_manifest,no,30,200,"{""entry"": {""closed_at"": ""2026-05-13T05:18:57+00:00"", ""company_id"": ""TXT"", ""confidence"": 0.79, ""entity_id"": ""TXT"", ""entry_id"": 1777, ""first_seen_at"": ""2026-05-05T04:20:50+00:00"", ""last_seen_at"": ""2026-05-13T05:18:57+00:00"", ""materiality"": 0.91, ""metadata"": {""contradicted_entry_ids"": [], ""published_at"": ""2026-05-04T08:15:01Z"", ""replaceable"": false, ""sentiment"": ""mixed"", ""signal_family"": ""catalyst"", ""signal_kind"": ""catalyst"", ""speaker"": ""Kneppy Invests"", ""specificity"": 0.78, ""superseded_entry_ids"": [], ""theme_key"": ""capital"", ""themes"": [""capital""], ""time_refs"": []}, ""normalized_statement"": ""pettimed's capital raising at 1 cent per share"", ""persistence"": ""short"", ""reinforcement_count"": 0, ""source"": ""commentary:youtube_transcript"", ""source_id"": ""youtube_transcript:asx-daily-rundown-atlassian-lifts-tech-a2-milk-recall-shock-accent-group-all-time-lows:88e960386e503796"", ""statement"": ""Pettimed's capital raising at 1 cent per share"", ""status"": ""expired"", ""type"": ""catalyst""}, ""ok"": true, ""rule"": ""expire"", ""ticker"": ""TXT""}"
1778,active_fanout_0001,fanout_0001,XTX,catalyst,Pettimed's capital raising at 1 cent per share,active,0.79,0.91,commentary:youtube_transcript,youtube_transcript:asx-daily-rundown-atlassian-lifts-tech-a2-milk-recall-shock-accent-group-all-time-lows:88e960386e503796,2026-05-05T04:20:50+00:00,2026-05-05T04:20:50+00:00,status_expire_candidate_after_approval,still_active_from_prior_high_confidence_expire_manifest,no,31,200,"{""entry"": {""closed_at"": ""2026-05-13T05:18:57+00:00"", ""company_id"": ""XTX"", ""confidence"": 0.79, ""entity_id"": ""XTX"", ""entry_id"": 1778, ""first_seen_at"": ""2026-05-05T04:20:50+00:00"", ""last_seen_at"": ""2026-05-13T05:18:57+00:00"", ""materiality"": 0.91, ""metadata"": {""contradicted_entry_ids"": [], ""published_at"": ""2026-05-04T08:15:01Z"", ""replaceable"": false, ""sentiment"": ""mixed"", ""signal_family"": ""catalyst"", ""signal_kind"": ""catalyst"", ""speaker"": ""Kneppy Invests"", ""specificity"": 0.78, ""superseded_entry_ids"": [], ""theme_key"": ""capital"", ""themes"": [""capital""], ""time_refs"": []}, ""normalized_statement"": ""pettimed's capital raising at 1 cent per share"", ""persistence"": ""short"", ""reinforcement_count"": 0, ""source"": ""commentary:youtube_transcript"", ""source_id"": ""youtube_transcript:asx-daily-rundown-atlassian-lifts-tech-a2-milk-recall-shock-accent-group-all-time-lows:88e960386e503796"", ""statement"": ""Pettimed's capital raising at 1 cent per share"", ""status"": ""expired"", ""type"": ""catalyst""}, ""ok"": true, ""rule"": ""expire"", ""ticker"": ""XTX""}"
1779,active_fanout_0001,fanout_0001,A2M,catalyst,Pettimed's capital raising at 1 cent per share,active,0.79,0.91,commentary:youtube_transcript,youtube_transcript:asx-daily-rundown-atlassian-lifts-tech-a2-milk-recall-shock-accent-group-all-time-lows:88e960386e503796,2026-05-05T04:20:50+00:00,2026-05-05T04:20:50+00:00,status_expire_candidate_after_approval,still_active_from_prior_high_confidence_expire_manifest,no,32,200,"{""entry"": {""closed_at"": ""2026-05-13T05:18:57+00:00"", ""company_id"": ""A2M"", ""confidence"": 0.79, ""entity_id"": ""A2M"", ""entry_id"": 1779, ""first_seen_at"": ""2026-05-05T04:20:50+00:00"", ""last_seen_at"": ""2026-05-13T05:18:57+00:00"", ""materiality"": 0.91, ""metadata"": {""contradicted_entry_ids"": [], ""published_at"": ""2026-05-04T08:15:01Z"", ""replaceable"": false, ""sentiment"": ""mixed"", ""signal_family"": ""catalyst"", ""signal_kind"": ""catalyst"", ""speaker"": ""Kneppy Invests"", ""specificity"": 0.78, ""superseded_entry_ids"": [], ""theme_key"": ""capital"", ""themes"": [""capital""], ""time_refs"": []}, ""normalized_statement"": ""pettimed's capital raising at 1 cent per share"", ""persistence"": ""short"", ""reinforcement_count"": 0, ""source"": ""commentary:youtube_transcript"", ""source_id"": ""youtube_transcript:asx-daily-rundown-atlassian-lifts-tech-a2-milk-recall-shock-accent-group-all-time-lows:88e960386e503796"", ""statement"": ""Pettimed's capital raising at 1 cent per share"", ""status"": ""expired"", ""type"": ""catalyst""}, ""ok"": true, ""rule"": ""expire"", ""ticker"": ""A2M""}"
1780,active_fanout_0001,fanout_0001,ENDV,catalyst,Pettimed's capital raising at 1 cent per share,active,0.79,0.91,commentary:youtube_transcript,youtube_transcript:asx-daily-rundown-atlassian-lifts-tech-a2-milk-recall-shock-accent-group-all-time-lows:88e960386e503796,2026-05-05T04:20:50+00:00,2026-05-05T04:20:50+00:00,status_expire_candidate_after_approval,still_active_from_prior_high_confidence_expire_manifest,no,33,200,"{""entry"": {""closed_at"": ""2026-05-13T05:18:57+00:00"", ""company_id"": ""ENDV"", ""confidence"": 0.79, ""entity_id"": ""ENDV"", ""entry_id"": 1780, ""first_seen_at"": ""2026-05-05T04:20:50+00:00"", ""last_seen_at"": ""2026-05-13T05:18:57+00:00"", ""materiality"": 0.91, ""metadata"": {""contradicted_entry_ids"": [], ""published_at"": ""2026-05-04T08:15:01Z"", ""replaceable"": false, ""sentiment"": ""mixed"", ""signal_family"": ""catalyst"", ""signal_kind"": ""catalyst"", ""speaker"": ""Kneppy Invests"", ""specificity"": 0.78, ""superseded_entry_ids"": [], ""theme_key"": ""capital"", ""themes"": [""capital""], ""time_refs"": []}, ""normalized_statement"": ""pettimed's capital raising at 1 cent per share"", ""persistence"": ""short"", ""reinforcement_count"": 0, ""source"": ""commentary:youtube_transcript"", ""source_id"": ""youtube_transcript:asx-daily-rundown-atlassian-lifts-tech-a2-milk-recall-shock-accent-group-all-time-lows:88e960386e503796"", ""statement"": ""Pettimed's capital raising at 1 cent per share"", ""status"": ""expired"", ""type"": ""catalyst""}, ""ok"": true, ""rule"": ""expire"", ""ticker"": ""ENDV""}"
1781,active_fanout_0001,fanout_0001,COH,catalyst,Pettimed's capital raising at 1 cent per share,active,0.79,0.91,commentary:youtube_transcript,youtube_transcript:asx-daily-rundown-atlassian-lifts-tech-a2-milk-recall-shock-accent-group-all-time-lows:88e960386e503796,2026-05-05T04:20:51+00:00,2026-05-05T04:20:51+00:00,status_expire_candidate_after_approval,still_active_from_prior_high_confidence_expire_manifest,no,34,200,"{""entry"": {""closed_at"": ""2026-05-13T05:18:57+00:00"", ""company_id"": ""COH"", ""confidence"": 0.79, ""entity_id"": ""COH"", ""entry_id"": 1781, ""first_seen_at"": ""2026-05-05T04:20:51+00:00"", ""last_seen_at"": ""2026-05-13T05:18:57+00:00"", ""materiality"": 0.91, ""metadata"": {""contradicted_entry_ids"": [], ""published_at"": ""2026-05-04T08:15:01Z"", ""replaceable"": false, ""sentiment"": ""mixed"", ""signal_family"": ""catalyst"", ""signal_kind"": ""catalyst"", ""speaker"": ""Kneppy Invests"", ""specificity"": 0.78, ""superseded_entry_ids"": [], ""theme_key"": ""capital"", ""themes"": [""capital""], ""time_refs"": []}, ""normalized_statement"": ""pettimed's capital raising at 1 cent per share"", ""persistence"": ""short"", ""reinforcement_count"": 0, ""source"": ""commentary:youtube_transcript"", ""source_id"": ""youtube_transcript:asx-daily-rundown-atlassian-lifts-tech-a2-milk-recall-shock-accent-group-all-time-lows:88e960386e503796"", ""statement"": ""Pettimed's capital raising at 1 cent per share"", ""status"": ""expired"", ""type"": ""catalyst""}, ""ok"": true, ""rule"": ""expire"", ""ticker"": ""COH""}"
1782,active_fanout_0001,fanout_0001,BHP,catalyst,Pettimed's capital raising at 1 cent per share,active,0.79,0.91,commentary:youtube_transcript,youtube_transcript:asx-daily-rundown-atlassian-lifts-tech-a2-milk-recall-shock-accent-group-all-time-lows:88e960386e503796,2026-05-05T04:20:51+00:00,2026-05-05T04:20:51+00:00,status_expire_candidate_after_approval,still_active_from_prior_high_confidence_expire_manifest,no,35,200,"{""entry"": {""closed_at"": ""2026-05-13T05:18:57+00:00"", ""company_id"": ""BHP"", ""confidence"": 0.79, ""entity_id"": ""BHP"", ""entry_id"": 1782, ""first_seen_at"": ""2026-05-05T04:20:51+00:00"", ""last_seen_at"": ""2026-05-13T05:18:57+00:00"", ""materiality"": 0.91, ""metadata"": {""contradicted_entry_ids"": [], ""published_at"": ""2026-05-04T08:15:01Z"", ""replaceable"": false, ""sentiment"": ""mixed"", ""signal_family"": ""catalyst"", ""signal_kind"": ""catalyst"", ""speaker"": ""Kneppy Invests"", ""specificity"": 0.78, ""superseded_entry_ids"": [], ""theme_key"": ""capital"", ""themes"": [""capital""], ""time_refs"": []}, ""normalized_statement"": ""pettimed's capital raising at 1 cent per share"", ""persistence"": ""short"", ""reinforcement_count"": 0, ""source"": ""commentary:youtube_transcript"", ""source_id"": ""youtube_transcript:asx-daily-rundown-atlassian-lifts-tech-a2-milk-recall-shock-accent-group-all-time-lows:88e960386e503796"", ""statement"": ""Pettimed's capital raising at 1 cent per share"", ""status"": ""expired"", ""type"": ""catalyst""}, ""ok"": true, ""rule"": ""expire"", ""ticker"": ""BHP""}"
1783,active_fanout_0001,fanout_0001,WES,catalyst,Pettimed's capital raising at 1 cent per share,active,0.79,0.91,commentary:youtube_transcript,youtube_transcript:asx-daily-rundown-atlassian-lifts-tech-a2-milk-recall-shock-accent-group-all-time-lows:88e960386e503796,2026-05-05T04:20:51+00:00,2026-05-05T04:20:51+00:00,status_expire_candidate_after_approval,still_active_from_prior_high_confidence_expire_manifest,no,36,200,"{""entry"": {""closed_at"": ""2026-05-13T05:18:57+00:00"", ""company_id"": ""WES"", ""confidence"": 0.79, ""entity_id"": ""WES"", ""entry_id"": 1783, ""first_seen_at"": ""2026-05-05T04:20:51+00:00"", ""last_seen_at"": ""2026-05-13T05:18:57+00:00"", ""materiality"": 0.91, ""metadata"": {""contradicted_entry_ids"": [], ""published_at"": ""2026-05-04T08:15:01Z"", ""replaceable"": false, ""sentiment"": ""mixed"", ""signal_family"": ""catalyst"", ""signal_kind"": ""catalyst"", ""speaker"": ""Kneppy Invests"", ""specificity"": 0.78, ""superseded_entry_ids"": [], ""theme_key"": ""capital"", ""themes"": [""capital""], ""time_refs"": []}, ""normalized_statement"": ""pettimed's capital raising at 1 cent per share"", ""persistence"": ""short"", ""reinforcement_count"": 0, ""source"": ""commentary:youtube_transcript"", ""source_id"": ""youtube_transcript:asx-daily-rundown-atlassian-lifts-tech-a2-milk-recall-shock-accent-group-all-time-lows:88e960386e503796"", ""statement"": ""Pettimed's capital raising at 1 cent per share"", ""status"": ""expired"", ""type"": ""catalyst""}, ""ok"": true, ""rule"": ""expire"", ""ticker"": ""WES""}"
1784,active_fanout_0001,fanout_0001,NAB,catalyst,Pettimed's capital raising at 1 cent per share,active,0.79,0.91,commentary:youtube_transcript,youtube_transcript:asx-daily-rundown-atlassian-lifts-tech-a2-milk-recall-shock-accent-group-all-time-lows:88e960386e503796,2026-05-05T04:20:52+00:00,2026-05-05T04:20:52+00:00,status_expire_candidate_after_approval,still_active_from_prior_high_confidence_expire_manifest,no,37,200,"{""entry"": {""closed_at"": ""2026-05-13T05:18:57+00:00"", ""company_id"": ""NAB"", ""confidence"": 0.79, ""entity_id"": ""NAB"", ""entry_id"": 1784, ""first_seen_at"": ""2026-05-05T04:20:52+00:00"", ""last_seen_at"": ""2026-05-13T05:18:57+00:00"", ""materiality"": 0.91, ""metadata"": {""contradicted_entry_ids"": [], ""published_at"": ""2026-05-04T08:15:01Z"", ""replaceable"": false, ""sentiment"": ""mixed"", ""signal_family"": ""catalyst"", ""signal_kind"": ""catalyst"", ""speaker"": ""Kneppy Invests"", ""specificity"": 0.78, ""superseded_entry_ids"": [], ""theme_key"": ""capital"", ""themes"": [""capital""], ""time_refs"": []}, ""normalized_statement"": ""pettimed's capital raising at 1 cent per share"", ""persistence"": ""short"", ""reinforcement_count"": 0, ""source"": ""commentary:youtube_transcript"", ""source_id"": ""youtube_transcript:asx-daily-rundown-atlassian-lifts-tech-a2-milk-recall-shock-accent-group-all-time-lows:88e960386e503796"", ""statement"": ""Pettimed's capital raising at 1 cent per share"", ""status"": ""expired"", ""type"": ""catalyst""}, ""ok"": true, ""rule"": ""expire"", ""ticker"": ""NAB""}"
1785,active_fanout_0001,fanout_0001,WBC,catalyst,Pettimed's capital raising at 1 cent per share,active,0.79,0.91,commentary:youtube_transcript,youtube_transcript:asx-daily-rundown-atlassian-lifts-tech-a2-milk-recall-shock-accent-group-all-time-lows:88e960386e503796,2026-05-05T04:20:53+00:00,2026-05-05T04:20:53+00:00,status_expire_candidate_after_approval,still_active_from_prior_high_confidence_expire_manifest,no,38,200,"{""entry"": {""closed_at"": ""2026-05-13T05:18:57+00:00"", ""company_id"": ""WBC"", ""confidence"": 0.79, ""entity_id"": ""WBC"", ""entry_id"": 1785, ""first_seen_at"": ""2026-05-05T04:20:53+00:00"", ""last_seen_at"": ""2026-05-13T05:18:57+00:00"", ""materiality"": 0.91, ""metadata"": {""contradicted_entry_ids"": [], ""published_at"": ""2026-05-04T08:15:01Z"", ""replaceable"": false, ""sentiment"": ""mixed"", ""signal_family"": ""catalyst"", ""signal_kind"": ""catalyst"", ""speaker"": ""Kneppy Invests"", ""specificity"": 0.78, ""superseded_entry_ids"": [], ""theme_key"": ""capital"", ""themes"": [""capital""], ""time_refs"": []}, ""normalized_statement"": ""pettimed's capital raising at 1 cent per share"", ""persistence"": ""short"", ""reinforcement_count"": 0, ""source"": ""commentary:youtube_transcript"", ""source_id"": ""youtube_transcript:asx-daily-rundown-atlassian-lifts-tech-a2-milk-recall-shock-accent-group-all-time-lows:88e960386e503796"", ""statement"": ""Pettimed's capital raising at 1 cent per share"", ""status"": ""expired"", ""type"": ""catalyst""}, ""ok"": true, ""rule"": ""expire"", ""ticker"": ""WBC""}"
1786,active_fanout_0001,fanout_0001,KEYP,catalyst,Pettimed's capital raising at 1 cent per share,active,0.79,0.91,commentary:youtube_transcript,youtube_transcript:asx-daily-rundown-atlassian-lifts-tech-a2-milk-recall-shock-accent-group-all-time-lows:88e960386e503796,2026-05-05T04:20:53+00:00,2026-05-05T04:20:53+00:00,status_expire_candidate_after_approval,still_active_from_prior_high_confidence_expire_manifest,no,39,200,"{""entry"": {""closed_at"": ""2026-05-13T05:18:57+00:00"", ""company_id"": ""KEYP"", ""confidence"": 0.79, ""entity_id"": ""KEYP"", ""entry_id"": 1786, ""first_seen_at"": ""2026-05-05T04:20:53+00:00"", ""last_seen_at"": ""2026-05-13T05:18:57+00:00"", ""materiality"": 0.91, ""metadata"": {""contradicted_entry_ids"": [], ""published_at"": ""2026-05-04T08:15:01Z"", ""replaceable"": false, ""sentiment"": ""mixed"", ""signal_family"": ""catalyst"", ""signal_kind"": ""catalyst"", ""speaker"": ""Kneppy Invests"", ""specificity"": 0.78, ""superseded_entry_ids"": [], ""theme_key"": ""capital"", ""themes"": [""capital""], ""time_refs"": []}, ""normalized_statement"": ""pettimed's capital raising at 1 cent per share"", ""persistence"": ""short"", ""reinforcement_count"": 0, ""source"": ""commentary:youtube_transcript"", ""source_id"": ""youtube_transcript:asx-daily-rundown-atlassian-lifts-tech-a2-milk-recall-shock-accent-group-all-time-lows:88e960386e503796"", ""statement"": ""Pettimed's capital raising at 1 cent per share"", ""status"": ""expired"", ""type"": ""catalyst""}, ""ok"": true, ""rule"": ""expire"", ""ticker"": ""KEYP""}"
1787,active_fanout_0001,fanout_0001,GCMC,catalyst,Pettimed's capital raising at 1 cent per share,active,0.79,0.91,commentary:youtube_transcript,youtube_transcript:asx-daily-rundown-atlassian-lifts-tech-a2-milk-recall-shock-accent-group-all-time-lows:88e960386e503796,2026-05-05T04:20:53+00:00,2026-05-05T04:20:53+00:00,status_expire_candidate_after_approval,still_active_from_prior_high_confidence_expire_manifest,no,40,200,"{""entry"": {""closed_at"": ""2026-05-13T05:18:58+00:00"", ""company_id"": ""GCMC"", ""confidence"": 0.79, ""entity_id"": ""GCMC"", ""entry_id"": 1787, ""first_seen_at"": ""2026-05-05T04:20:53+00:00"", ""last_seen_at"": ""2026-05-13T05:18:58+00:00"", ""materiality"": 0.91, ""metadata"": {""contradicted_entry_ids"": [], ""published_at"": ""2026-05-04T08:15:01Z"", ""replaceable"": false, ""sentiment"": ""mixed"", ""signal_family"": ""catalyst"", ""signal_kind"": ""catalyst"", ""speaker"": ""Kneppy Invests"", ""specificity"": 0.78, ""superseded_entry_ids"": [], ""theme_key"": ""capital"", ""themes"": [""capital""], ""time_refs"": []}, ""normalized_statement"": ""pettimed's capital raising at 1 cent per share"", ""persistence"": ""short"", ""reinforcement_count"": 0, ""source"": ""commentary:youtube_transcript"", ""source_id"": ""youtube_transcript:asx-daily-rundown-atlassian-lifts-tech-a2-milk-recall-shock-accent-group-all-time-lows:88e960386e503796"", ""statement"": ""Pettimed's capital raising at 1 cent per share"", ""status"": ""expired"", ""type"": ""catalyst""}, ""ok"": true, ""rule"": ""expire"", ""ticker"": ""GCMC""}"
1788,active_fanout_0001,fanout_0001,MARINO,catalyst,Pettimed's capital raising at 1 cent per share,active,0.79,0.91,commentary:youtube_transcript,youtube_transcript:asx-daily-rundown-atlassian-lifts-tech-a2-milk-recall-shock-accent-group-all-time-lows:88e960386e503796,2026-05-05T04:20:53+00:00,2026-05-05T04:20:53+00:00,status_expire_candidate_after_approval,still_active_from_prior_high_confidence_expire_manifest,no,41,200,"{""entry"": {""closed_at"": ""2026-05-13T05:18:58+00:00"", ""company_id"": ""MARINO"", ""confidence"": 0.79, ""entity_id"": ""MARINO"", ""entry_id"": 1788, ""first_seen_at"": ""2026-05-05T04:20:53+00:00"", ""last_seen_at"": ""2026-05-13T05:18:58+00:00"", ""materiality"": 0.91, ""metadata"": {""contradicted_entry_ids"": [], ""published_at"": ""2026-05-04T08:15:01Z"", ""replaceable"": false, ""sentiment"": ""mixed"", ""signal_family"": ""catalyst"", ""signal_kind"": ""catalyst"", ""speaker"": ""Kneppy Invests"", ""specificity"": 0.78, ""superseded_entry_ids"": [], ""theme_key"": ""capital"", ""themes"": [""capital""], ""time_refs"": []}, ""normalized_statement"": ""pettimed's capital raising at 1 cent per share"", ""persistence"": ""short"", ""reinforcement_count"": 0, ""source"": ""commentary:youtube_transcript"", ""source_id"": ""youtube_transcript:asx-daily-rundown-atlassian-lifts-tech-a2-milk-recall-shock-accent-group-all-time-lows:88e960386e503796"", ""statement"": ""Pettimed's capital raising at 1 cent per share"", ""status"": ""expired"", ""type"": ""catalyst""}, ""ok"": true, ""rule"": ""expire"", ""ticker"": ""MARINO""}"
1789,active_fanout_0001,fanout_0001,CLAR,catalyst,Pettimed's capital raising at 1 cent per share,active,0.79,0.91,commentary:youtube_transcript,youtube_transcript:asx-daily-rundown-atlassian-lifts-tech-a2-milk-recall-shock-accent-group-all-time-lows:88e960386e503796,2026-05-05T04:20:53+00:00,2026-05-05T04:20:53+00:00,status_expire_candidate_after_approval,still_active_from_prior_high_confidence_expire_manifest,no,42,200,"{""entry"": {""closed_at"": ""2026-05-13T05:18:58+00:00"", ""company_id"": ""CLAR"", ""confidence"": 0.79, ""entity_id"": ""CLAR"", ""entry_id"": 1789, ""first_seen_at"": ""2026-05-05T04:20:53+00:00"", ""last_seen_at"": ""2026-05-13T05:18:58+00:00"", ""materiality"": 0.91, ""metadata"": {""contradicted_entry_ids"": [], ""published_at"": ""2026-05-04T08:15:01Z"", ""replaceable"": false, ""sentiment"": ""mixed"", ""signal_family"": ""catalyst"", ""signal_kind"": ""catalyst"", ""speaker"": ""Kneppy Invests"", ""specificity"": 0.78, ""superseded_entry_ids"": [], ""theme_key"": ""capital"", ""themes"": [""capital""], ""time_refs"": []}, ""normalized_statement"": ""pettimed's capital raising at 1 cent per share"", ""persistence"": ""short"", ""reinforcement_count"": 0, ""source"": ""commentary:youtube_transcript"", ""source_id"": ""youtube_transcript:asx-daily-rundown-atlassian-lifts-tech-a2-milk-recall-shock-accent-group-all-time-lows:88e960386e503796"", ""statement"": ""Pettimed's capital raising at 1 cent per share"", ""status"": ""expired"", ""type"": ""catalyst""}, ""ok"": true, ""rule"": ""expire"", ""ticker"": ""CLAR""}"
1790,active_fanout_0001,fanout_0001,WIN,catalyst,Pettimed's capital raising at 1 cent per share,active,0.79,0.91,commentary:youtube_transcript,youtube_transcript:asx-daily-rundown-atlassian-lifts-tech-a2-milk-recall-shock-accent-group-all-time-lows:88e960386e503796,2026-05-05T04:20:54+00:00,2026-05-05T04:20:54+00:00,status_expire_candidate_after_approval,still_active_from_prior_high_confidence_expire_manifest,no,43,200,"{""entry"": {""closed_at"": ""2026-05-13T05:18:59+00:00"", ""company_id"": ""WIN"", ""confidence"": 0.79, ""entity_id"": ""WIN"", ""entry_id"": 1790, ""first_seen_at"": ""2026-05-05T04:20:54+00:00"", ""last_seen_at"": ""2026-05-13T05:18:59+00:00"", ""materiality"": 0.91, ""metadata"": {""contradicted_entry_ids"": [], ""published_at"": ""2026-05-04T08:15:01Z"", ""replaceable"": false, ""sentiment"": ""mixed"", ""signal_family"": ""catalyst"", ""signal_kind"": ""catalyst"", ""speaker"": ""Kneppy Invests"", ""specificity"": 0.78, ""superseded_entry_ids"": [], ""theme_key"": ""capital"", ""themes"": [""capital""], ""time_refs"": []}, ""normalized_statement"": ""pettimed's capital raising at 1 cent per share"", ""persistence"": ""short"", ""reinforcement_count"": 0, ""source"": ""commentary:youtube_transcript"", ""source_id"": ""youtube_transcript:asx-daily-rundown-atlassian-lifts-tech-a2-milk-recall-shock-accent-group-all-time-lows:88e960386e503796"", ""statement"": ""Pettimed's capital raising at 1 cent per share"", ""status"": ""expired"", ""type"": ""catalyst""}, ""ok"": true, ""rule"": ""expire"", ""ticker"": ""WIN""}"
1791,active_fanout_0001,fanout_0001,LIVN,catalyst,Pettimed's capital raising at 1 cent per share,active,0.79,0.91,commentary:youtube_transcript,youtube_transcript:asx-daily-rundown-atlassian-lifts-tech-a2-milk-recall-shock-accent-group-all-time-lows:88e960386e503796,2026-05-05T04:20:54+00:00,2026-05-05T04:20:54+00:00,status_expire_candidate_after_approval,still_active_from_prior_high_confidence_expire_manifest,no,44,200,"{""entry"": {""closed_at"": ""2026-05-13T05:18:59+00:00"", ""company_id"": ""LIVN"", ""confidence"": 0.79, ""entity_id"": ""LIVN"", ""entry_id"": 1791, ""first_seen_at"": ""2026-05-05T04:20:54+00:00"", ""last_seen_at"": ""2026-05-13T05:18:59+00:00"", ""materiality"": 0.91, ""metadata"": {""contradicted_entry_ids"": [], ""published_at"": ""2026-05-04T08:15:01Z"", ""replaceable"": false, ""sentiment"": ""mixed"", ""signal_family"": ""catalyst"", ""signal_kind"": ""catalyst"", ""speaker"": ""Kneppy Invests"", ""specificity"": 0.78, ""superseded_entry_ids"": [], ""theme_key"": ""capital"", ""themes"": [""capital""], ""time_refs"": []}, ""normalized_statement"": ""pettimed's capital raising at 1 cent per share"", ""persistence"": ""short"", ""reinforcement_count"": 0, ""source"": ""commentary:youtube_transcript"", ""source_id"": ""youtube_transcript:asx-daily-rundown-atlassian-lifts-tech-a2-milk-recall-shock-accent-group-all-time-lows:88e960386e503796"", ""statement"": ""Pettimed's capital raising at 1 cent per share"", ""status"": ""expired"", ""type"": ""catalyst""}, ""ok"": true, ""rule"": ""expire"", ""ticker"": ""LIVN""}"
1792,active_fanout_0001,fanout_0001,SKT,catalyst,Pettimed's capital raising at 1 cent per share,active,0.79,0.91,commentary:youtube_transcript,youtube_transcript:asx-daily-rundown-atlassian-lifts-tech-a2-milk-recall-shock-accent-group-all-time-lows:88e960386e503796,2026-05-05T04:20:54+00:00,2026-05-05T04:20:54+00:00,status_expire_candidate_after_approval,still_active_from_prior_high_confidence_expire_manifest,no,45,200,"{""entry"": {""closed_at"": ""2026-05-13T05:18:59+00:00"", ""company_id"": ""SKT"", ""confidence"": 0.79, ""entity_id"": ""SKT"", ""entry_id"": 1792, ""first_seen_at"": ""2026-05-05T04:20:54+00:00"", ""last_seen_at"": ""2026-05-13T05:18:59+00:00"", ""materiality"": 0.91, ""metadata"": {""contradicted_entry_ids"": [], ""published_at"": ""2026-05-04T08:15:01Z"", ""replaceable"": false, ""sentiment"": ""mixed"", ""signal_family"": ""catalyst"", ""signal_kind"": ""catalyst"", ""speaker"": ""Kneppy Invests"", ""specificity"": 0.78, ""superseded_entry_ids"": [], ""theme_key"": ""capital"", ""themes"": [""capital""], ""time_refs"": []}, ""normalized_statement"": ""pettimed's capital raising at 1 cent per share"", ""persistence"": ""short"", ""reinforcement_count"": 0, ""source"": ""commentary:youtube_transcript"", ""source_id"": ""youtube_transcript:asx-daily-rundown-atlassian-lifts-tech-a2-milk-recall-shock-accent-group-all-time-lows:88e960386e503796"", ""statement"": ""Pettimed's capital raising at 1 cent per share"", ""status"": ""expired"", ""type"": ""catalyst""}, ""ok"": true, ""rule"": ""expire"", ""ticker"": ""SKT""}"
1793,active_fanout_0001,fanout_0001,VCE,catalyst,Pettimed's capital raising at 1 cent per share,active,0.79,0.91,commentary:youtube_transcript,youtube_transcript:asx-daily-rundown-atlassian-lifts-tech-a2-milk-recall-shock-accent-group-all-time-lows:88e960386e503796,2026-05-05T04:20:54+00:00,2026-05-05T04:20:54+00:00,status_expire_candidate_after_approval,still_active_from_prior_high_confidence_expire_manifest,no,46,200,"{""entry"": {""closed_at"": ""2026-05-13T05:18:59+00:00"", ""company_id"": ""VCE"", ""confidence"": 0.79, ""entity_id"": ""VCE"", ""entry_id"": 1793, ""first_seen_at"": ""2026-05-05T04:20:54+00:00"", ""last_seen_at"": ""2026-05-13T05:18:59+00:00"", ""materiality"": 0.91, ""metadata"": {""contradicted_entry_ids"": [], ""published_at"": ""2026-05-04T08:15:01Z"", ""replaceable"": false, ""sentiment"": ""mixed"", ""signal_family"": ""catalyst"", ""signal_kind"": ""catalyst"", ""speaker"": ""Kneppy Invests"", ""specificity"": 0.78, ""superseded_entry_ids"": [], ""theme_key"": ""capital"", ""themes"": [""capital""], ""time_refs"": []}, ""normalized_statement"": ""pettimed's capital raising at 1 cent per share"", ""persistence"": ""short"", ""reinforcement_count"": 0, ""source"": ""commentary:youtube_transcript"", ""source_id"": ""youtube_transcript:asx-daily-rundown-atlassian-lifts-tech-a2-milk-recall-shock-accent-group-all-time-lows:88e960386e503796"", ""statement"": ""Pettimed's capital raising at 1 cent per share"", ""status"": ""expired"", ""type"": ""catalyst""}, ""ok"": true, ""rule"": ""expire"", ""ticker"": ""VCE""}"
1794,active_fanout_0001,fanout_0001,SN,catalyst,Pettimed's capital raising at 1 cent per share,active,0.79,0.91,commentary:youtube_transcript,youtube_transcript:asx-daily-rundown-atlassian-lifts-tech-a2-milk-recall-shock-accent-group-all-time-lows:88e960386e503796,2026-05-05T04:20:55+00:00,2026-05-05T04:20:55+00:00,status_expire_candidate_after_approval,still_active_from_prior_high_confidence_expire_manifest,no,47,200,"{""entry"": {""closed_at"": ""2026-05-13T05:18:59+00:00"", ""company_id"": ""SN"", ""confidence"": 0.79, ""entity_id"": ""SN"", ""entry_id"": 1794, ""first_seen_at"": ""2026-05-05T04:20:55+00:00"", ""last_seen_at"": ""2026-05-13T05:18:59+00:00"", ""materiality"": 0.91, ""metadata"": {""contradicted_entry_ids"": [], ""published_at"": ""2026-05-04T08:15:01Z"", ""replaceable"": false, ""sentiment"": ""mixed"", ""signal_family"": ""catalyst"", ""signal_kind"": ""catalyst"", ""speaker"": ""Kneppy Invests"", ""specificity"": 0.78, ""superseded_entry_ids"": [], ""theme_key"": ""capital"", ""themes"": [""capital""], ""time_refs"": []}, ""normalized_statement"": ""pettimed's capital raising at 1 cent per share"", ""persistence"": ""short"", ""reinforcement_count"": 0, ""source"": ""commentary:youtube_transcript"", ""source_id"": ""youtube_transcript:asx-daily-rundown-atlassian-lifts-tech-a2-milk-recall-shock-accent-group-all-time-lows:88e960386e503796"", ""statement"": ""Pettimed's capital raising at 1 cent per share"", ""status"": ""expired"", ""type"": ""catalyst""}, ""ok"": true, ""rule"": ""expire"", ""ticker"": ""SN""}"
1795,active_fanout_0001,fanout_0001,LION,catalyst,Pettimed's capital raising at 1 cent per share,active,0.79,0.91,commentary:youtube_transcript,youtube_transcript:asx-daily-rundown-atlassian-lifts-tech-a2-milk-recall-shock-accent-group-all-time-lows:88e960386e503796,2026-05-05T04:20:55+00:00,2026-05-05T04:20:55+00:00,status_expire_candidate_after_approval,still_active_from_prior_high_confidence_expire_manifest,no,48,200,"{""entry"": {""closed_at"": ""2026-05-13T05:18:59+00:00"", ""company_id"": ""LION"", ""confidence"": 0.79, ""entity_id"": ""LION"", ""entry_id"": 1795, ""first_seen_at"": ""2026-05-05T04:20:55+00:00"", ""last_seen_at"": ""2026-05-13T05:18:59+00:00"", ""materiality"": 0.91, ""metadata"": {""contradicted_entry_ids"": [], ""published_at"": ""2026-05-04T08:15:01Z"", ""replaceable"": false, ""sentiment"": ""mixed"", ""signal_family"": ""catalyst"", ""signal_kind"": ""catalyst"", ""speaker"": ""Kneppy Invests"", ""specificity"": 0.78, ""superseded_entry_ids"": [], ""theme_key"": ""capital"", ""themes"": [""capital""], ""time_refs"": []}, ""normalized_statement"": ""pettimed's capital raising at 1 cent per share"", ""persistence"": ""short"", ""reinforcement_count"": 0, ""source"": ""commentary:youtube_transcript"", ""source_id"": ""youtube_transcript:asx-daily-rundown-atlassian-lifts-tech-a2-milk-recall-shock-accent-group-all-time-lows:88e960386e503796"", ""statement"": ""Pettimed's capital raising at 1 cent per share"", ""status"": ""expired"", ""type"": ""catalyst""}, ""ok"": true, ""rule"": ""expire"", ""ticker"": ""LION""}"
1797,active_fanout_0001,fanout_0001,INDE,catalyst,Pettimed's capital raising at 1 cent per share,active,0.79,0.91,commentary:youtube_transcript,youtube_transcript:asx-daily-rundown-atlassian-lifts-tech-a2-milk-recall-shock-accent-group-all-time-lows:88e960386e503796,2026-05-05T04:20:56+00:00,2026-05-05T04:20:56+00:00,status_expire_candidate_after_approval,still_active_from_prior_high_confidence_expire_manifest,no,49,200,"{""entry"": {""closed_at"": ""2026-05-13T05:18:59+00:00"", ""company_id"": ""INDE"", ""confidence"": 0.79, ""entity_id"": ""INDE"", ""entry_id"": 1797, ""first_seen_at"": ""2026-05-05T04:20:56+00:00"", ""last_seen_at"": ""2026-05-13T05:18:59+00:00"", ""materiality"": 0.91, ""metadata"": {""contradicted_entry_ids"": [], ""published_at"": ""2026-05-04T08:15:01Z"", ""replaceable"": false, ""sentiment"": ""mixed"", ""signal_family"": ""catalyst"", ""signal_kind"": ""catalyst"", ""speaker"": ""Kneppy Invests"", ""specificity"": 0.78, ""superseded_entry_ids"": [], ""theme_key"": ""capital"", ""themes"": [""capital""], ""time_refs"": []}, ""normalized_statement"": ""pettimed's capital raising at 1 cent per share"", ""persistence"": ""short"", ""reinforcement_count"": 0, ""source"": ""commentary:youtube_transcript"", ""source_id"": ""youtube_transcript:asx-daily-rundown-atlassian-lifts-tech-a2-milk-recall-shock-accent-group-all-time-lows:88e960386e503796"", ""statement"": ""Pettimed's capital raising at 1 cent per share"", ""status"": ""expired"", ""type"": ""catalyst""}, ""ok"": true, ""rule"": ""expire"", ""ticker"": ""INDE""}"
1798,active_fanout_0001,fanout_0001,C79,catalyst,Pettimed's capital raising at 1 cent per share,active,0.79,0.91,commentary:youtube_transcript,youtube_transcript:asx-daily-rundown-atlassian-lifts-tech-a2-milk-recall-shock-accent-group-all-time-lows:88e960386e503796,2026-05-05T04:20:56+00:00,2026-05-05T04:20:56+00:00,status_expire_candidate_after_approval,still_active_from_prior_high_confidence_expire_manifest,no,50,200,"{""entry"": {""closed_at"": ""2026-05-13T05:18:59+00:00"", ""company_id"": ""C79"", ""confidence"": 0.79, ""entity_id"": ""C79"", ""entry_id"": 1798, ""first_seen_at"": ""2026-05-05T04:20:56+00:00"", ""last_seen_at"": ""2026-05-13T05:18:59+00:00"", ""materiality"": 0.91, ""metadata"": {""contradicted_entry_ids"": [], ""published_at"": ""2026-05-04T08:15:01Z"", ""replaceable"": false, ""sentiment"": ""mixed"", ""signal_family"": ""catalyst"", ""signal_kind"": ""catalyst"", ""speaker"": ""Kneppy Invests"", ""specificity"": 0.78, ""superseded_entry_ids"": [], ""theme_key"": ""capital"", ""themes"": [""capital""], ""time_refs"": []}, ""normalized_statement"": ""pettimed's capital raising at 1 cent per share"", ""persistence"": ""short"", ""reinforcement_count"": 0, ""source"": ""commentary:youtube_transcript"", ""source_id"": ""youtube_transcript:asx-daily-rundown-atlassian-lifts-tech-a2-milk-recall-shock-accent-group-all-time-lows:88e960386e503796"", ""statement"": ""Pettimed's capital raising at 1 cent per share"", ""status"": ""expired"", ""type"": ""catalyst""}, ""ok"": true, ""rule"": ""expire"", ""ticker"": ""C79""}"
258,active_fanout_0002,fanout_0002,ASX,observed_fact,A2 MILK's share price dropped 10% due to a product recall,active,0.82,0.71,commentary:youtube_transcript,youtube_transcript:asx-daily-rundown-atlassian-lifts-tech-a2-milk-recall-shock-accent-group-all-time-lows:88e960386e503796,2026-05-04T08:23:57+00:00,2026-05-04T08:23:57+00:00,status_expire_candidate_after_approval,still_active_from_prior_high_confidence_expire_manifest,no,51,200,"{""entry"": {""closed_at"": ""2026-05-13T05:18:59+00:00"", ""company_id"": ""ASX"", ""confidence"": 0.82, ""entity_id"": ""ASX"", ""entry_id"": 258, ""first_seen_at"": ""2026-05-04T08:23:57+00:00"", ""last_seen_at"": ""2026-05-13T05:18:59+00:00"", ""materiality"": 0.71, ""metadata"": {""contradicted_entry_ids"": [], ""published_at"": ""2026-05-04T08:15:01Z"", ""replaceable"": true, ""sentiment"": ""mixed"", ""signal_family"": ""claim"", ""signal_kind"": ""observed_fact"", ""speaker"": ""Kneppy Invests"", ""specificity"": 0.78, ""superseded_entry_ids"": [], ""theme_key"": ""pricing"", ""themes"": [""pricing""], ""time_refs"": []}, ""normalized_statement"": ""a2 milk's share price dropped 10% due to a product recall"", ""persistence"": ""short"", ""reinforcement_count"": 0, ""source"": ""commentary:youtube_transcript"", ""source_id"": ""youtube_transcript:asx-daily-rundown-atlassian-lifts-tech-a2-milk-recall-shock-accent-group-all-time-lows:88e960386e503796"", ""statement"": ""A2 MILK's share price dropped 10% due to a product recall"", ""status"": ""expired"", ""type"": ""observed_fact""}, ""ok"": true, ""rule"": ""expire"", ""ticker"": ""ASX""}"
259,active_fanout_0002,fanout_0002,TXT,observed_fact,A2 MILK's share price dropped 10% due to a product recall,active,0.82,0.71,commentary:youtube_transcript,youtube_transcript:asx-daily-rundown-atlassian-lifts-tech-a2-milk-recall-shock-accent-group-all-time-lows:88e960386e503796,2026-05-04T08:23:57+00:00,2026-05-04T08:23:57+00:00,status_expire_candidate_after_approval,still_active_from_prior_high_confidence_expire_manifest,no,52,200,"{""entry"": {""closed_at"": ""2026-05-13T05:18:59+00:00"", ""company_id"": ""TXT"", ""confidence"": 0.82, ""entity_id"": ""TXT"", ""entry_id"": 259, ""first_seen_at"": ""2026-05-04T08:23:57+00:00"", ""last_seen_at"": ""2026-05-13T05:18:59+00:00"", ""materiality"": 0.71, ""metadata"": {""contradicted_entry_ids"": [], ""published_at"": ""2026-05-04T08:15:01Z"", ""replaceable"": true, ""sentiment"": ""mixed"", ""signal_family"": ""claim"", ""signal_kind"": ""observed_fact"", ""speaker"": ""Kneppy Invests"", ""specificity"": 0.78, ""superseded_entry_ids"": [], ""theme_key"": ""pricing"", ""themes"": [""pricing""], ""time_refs"": []}, ""normalized_statement"": ""a2 milk's share price dropped 10% due to a product recall"", ""persistence"": ""short"", ""reinforcement_count"": 0, ""source"": ""commentary:youtube_transcript"", ""source_id"": ""youtube_transcript:asx-daily-rundown-atlassian-lifts-tech-a2-milk-recall-shock-accent-group-all-time-lows:88e960386e503796"", ""statement"": ""A2 MILK's share price dropped 10% due to a product recall"", ""status"": ""expired"", ""type"": ""observed_fact""}, ""ok"": true, ""rule"": ""expire"", ""ticker"": ""TXT""}"
260,active_fanout_0002,fanout_0002,XTX,observed_fact,A2 MILK's share price dropped 10% due to a product recall,active,0.82,0.71,commentary:youtube_transcript,youtube_transcript:asx-daily-rundown-atlassian-lifts-tech-a2-milk-recall-shock-accent-group-all-time-lows:88e960386e503796,2026-05-04T08:23:57+00:00,2026-05-04T08:23:57+00:00,status_expire_candidate_after_approval,still_active_from_prior_high_confidence_expire_manifest,no,53,200,"{""entry"": {""closed_at"": ""2026-05-13T05:18:59+00:00"", ""company_id"": ""XTX"", ""confidence"": 0.82, ""entity_id"": ""XTX"", ""entry_id"": 260, ""first_seen_at"": ""2026-05-04T08:23:57+00:00"", ""last_seen_at"": ""2026-05-13T05:18:59+00:00"", ""materiality"": 0.71, ""metadata"": {""contradicted_entry_ids"": [], ""published_at"": ""2026-05-04T08:15:01Z"", ""replaceable"": true, ""sentiment"": ""mixed"", ""signal_family"": ""claim"", ""signal_kind"": ""observed_fact"", ""speaker"": ""Kneppy Invests"", ""specificity"": 0.78, ""superseded_entry_ids"": [], ""theme_key"": ""pricing"", ""themes"": [""pricing""], ""time_refs"": []}, ""normalized_statement"": ""a2 milk's share price dropped 10% due to a product recall"", ""persistence"": ""short"", ""reinforcement_count"": 0, ""source"": ""commentary:youtube_transcript"", ""source_id"": ""youtube_transcript:asx-daily-rundown-atlassian-lifts-tech-a2-milk-recall-shock-accent-group-all-time-lows:88e960386e503796"", ""statement"": ""A2 MILK's share price dropped 10% due to a product recall"", ""status"": ""expired"", ""type"": ""observed_fact""}, ""ok"": true, ""rule"": ""expire"", ""ticker"": ""XTX""}"
263,active_fanout_0002,fanout_0002,ATLASSIAN,observed_fact,A2 MILK's share price dropped 10% due to a product recall,active,0.82,0.71,commentary:youtube_transcript,youtube_transcript:asx-daily-rundown-atlassian-lifts-tech-a2-milk-recall-shock-accent-group-all-time-lows:88e960386e503796,2026-05-04T08:23:58+00:00,2026-05-04T08:23:58+00:00,status_expire_candidate_after_approval,still_active_from_prior_high_confidence_expire_manifest,no,54,200,"{""entry"": {""closed_at"": ""2026-05-13T05:18:59+00:00"", ""company_id"": ""ATLASSIAN"", ""confidence"": 0.82, ""entity_id"": ""ATLASSIAN"", ""entry_id"": 263, ""first_seen_at"": ""2026-05-04T08:23:58+00:00"", ""last_seen_at"": ""2026-05-13T05:18:59+00:00"", ""materiality"": 0.71, ""metadata"": {""contradicted_entry_ids"": [], ""published_at"": ""2026-05-04T08:15:01Z"", ""replaceable"": true, ""sentiment"": ""mixed"", ""signal_family"": ""claim"", ""signal_kind"": ""observed_fact"", ""speaker"": ""Kneppy Invests"", ""specificity"": 0.78, ""superseded_entry_ids"": [], ""theme_key"": ""pricing"", ""themes"": [""pricing""], ""time_refs"": []}, ""normalized_statement"": ""a2 milk's share price dropped 10% due to a product recall"", ""persistence"": ""short"", ""reinforcement_count"": 0, ""source"": ""commentary:youtube_transcript"", ""source_id"": ""youtube_transcript:asx-daily-rundown-atlassian-lifts-tech-a2-milk-recall-shock-accent-group-all-time-lows:88e960386e503796"", ""statement"": ""A2 MILK's share price dropped 10% due to a product recall"", ""status"": ""expired"", ""type"": ""observed_fact""}, ""ok"": true, ""rule"": ""expire"", ""ticker"": ""ATLASSIAN""}"
264,active_fanout_0002,fanout_0002,NAB,observed_fact,A2 MILK's share price dropped 10% due to a product recall,active,0.82,0.71,commentary:youtube_transcript,youtube_transcript:asx-daily-rundown-atlassian-lifts-tech-a2-milk-recall-shock-accent-group-all-time-lows:88e960386e503796,2026-05-04T08:23:58+00:00,2026-05-04T08:23:58+00:00,status_expire_candidate_after_approval,still_active_from_prior_high_confidence_expire_manifest,no,55,200,"{""entry"": {""closed_at"": ""2026-05-13T05:18:59+00:00"", ""company_id"": ""NAB"", ""confidence"": 0.82, ""entity_id"": ""NAB"", ""entry_id"": 264, ""first_seen_at"": ""2026-05-04T08:23:58+00:00"", ""last_seen_at"": ""2026-05-13T05:18:59+00:00"", ""materiality"": 0.71, ""metadata"": {""contradicted_entry_ids"": [], ""published_at"": ""2026-05-04T08:15:01Z"", ""replaceable"": true, ""sentiment"": ""mixed"", ""signal_family"": ""claim"", ""signal_kind"": ""observed_fact"", ""speaker"": ""Kneppy Invests"", ""specificity"": 0.78, ""superseded_entry_ids"": [], ""theme_key"": ""pricing"", ""themes"": [""pricing""], ""time_refs"": []}, ""normalized_statement"": ""a2 milk's share price dropped 10% due to a product recall"", ""persistence"": ""short"", ""reinforcement_count"": 0, ""source"": ""commentary:youtube_transcript"", ""source_id"": ""youtube_transcript:asx-daily-rundown-atlassian-lifts-tech-a2-milk-recall-shock-accent-group-all-time-lows:88e960386e503796"", ""statement"": ""A2 MILK's share price dropped 10% due to a product recall"", ""status"": ""expired"", ""type"": ""observed_fact""}, ""ok"": true, ""rule"": ""expire"", ""ticker"": ""NAB""}"
265,active_fanout_0002,fanout_0002,BHP,observed_fact,A2 MILK's share price dropped 10% due to a product recall,active,0.82,0.71,commentary:youtube_transcript,youtube_transcript:asx-daily-rundown-atlassian-lifts-tech-a2-milk-recall-shock-accent-group-all-time-lows:88e960386e503796,2026-05-04T08:23:59+00:00,2026-05-04T08:23:59+00:00,status_expire_candidate_after_approval,still_active_from_prior_high_confidence_expire_manifest,no,56,200,"{""entry"": {""closed_at"": ""2026-05-13T05:18:59+00:00"", ""company_id"": ""BHP"", ""confidence"": 0.82, ""entity_id"": ""BHP"", ""entry_id"": 265, ""first_seen_at"": ""2026-05-04T08:23:59+00:00"", ""last_seen_at"": ""2026-05-13T05:18:59+00:00"", ""materiality"": 0.71, ""metadata"": {""contradicted_entry_ids"": [], ""published_at"": ""2026-05-04T08:15:01Z"", ""replaceable"": true, ""sentiment"": ""mixed"", ""signal_family"": ""claim"", ""signal_kind"": ""observed_fact"", ""speaker"": ""Kneppy Invests"", ""specificity"": 0.78, ""superseded_entry_ids"": [], ""theme_key"": ""pricing"", ""themes"": [""pricing""], ""time_refs"": []}, ""normalized_statement"": ""a2 milk's share price dropped 10% due to a product recall"", ""persistence"": ""short"", ""reinforcement_count"": 0, ""source"": ""commentary:youtube_transcript"", ""source_id"": ""youtube_transcript:asx-daily-rundown-atlassian-lifts-tech-a2-milk-recall-shock-accent-group-all-time-lows:88e960386e503796"", ""statement"": ""A2 MILK's share price dropped 10% due to a product recall"", ""status"": ""expired"", ""type"": ""observed_fact""}, ""ok"": true, ""rule"": ""expire"", ""ticker"": ""BHP""}"
269,active_fanout_0002,fanout_0002,CLARITY,observed_fact,A2 MILK's share price dropped 10% due to a product recall,active,0.82,0.71,commentary:youtube_transcript,youtube_transcript:asx-daily-rundown-atlassian-lifts-tech-a2-milk-recall-shock-accent-group-all-time-lows:88e960386e503796,2026-05-04T08:23:59+00:00,2026-05-04T08:23:59+00:00,status_expire_candidate_after_approval,still_active_from_prior_high_confidence_expire_manifest,no,57,200,"{""entry"": {""closed_at"": ""2026-05-13T05:18:59+00:00"", ""company_id"": ""CLARITY"", ""confidence"": 0.82, ""entity_id"": ""CLARITY"", ""entry_id"": 269, ""first_seen_at"": ""2026-05-04T08:23:59+00:00"", ""last_seen_at"": ""2026-05-13T05:18:59+00:00"", ""materiality"": 0.71, ""metadata"": {""contradicted_entry_ids"": [], ""published_at"": ""2026-05-04T08:15:01Z"", ""replaceable"": true, ""sentiment"": ""mixed"", ""signal_family"": ""claim"", ""signal_kind"": ""observed_fact"", ""speaker"": ""Kneppy Invests"", ""specificity"": 0.78, ""superseded_entry_ids"": [], ""theme_key"": ""pricing"", ""themes"": [""pricing""], ""time_refs"": []}, ""normalized_statement"": ""a2 milk's share price dropped 10% due to a product recall"", ""persistence"": ""short"", ""reinforcement_count"": 0, ""source"": ""commentary:youtube_transcript"", ""source_id"": ""youtube_transcript:asx-daily-rundown-atlassian-lifts-tech-a2-milk-recall-shock-accent-group-all-time-lows:88e960386e503796"", ""statement"": ""A2 MILK's share price dropped 10% due to a product recall"", ""status"": ""expired"", ""type"": ""observed_fact""}, ""ok"": true, ""rule"": ""expire"", ""ticker"": ""CLARITY""}"
274,active_fanout_0002,fanout_0002,IMRO,observed_fact,A2 MILK's share price dropped 10% due to a product recall,active,0.82,0.71,commentary:youtube_transcript,youtube_transcript:asx-daily-rundown-atlassian-lifts-tech-a2-milk-recall-shock-accent-group-all-time-lows:88e960386e503796,2026-05-04T08:24:00+00:00,2026-05-04T08:24:00+00:00,status_expire_candidate_after_approval,still_active_from_prior_high_confidence_expire_manifest,no,58,200,"{""entry"": {""closed_at"": ""2026-05-13T05:18:59+00:00"", ""company_id"": ""IMRO"", ""confidence"": 0.82, ""entity_id"": ""IMRO"", ""entry_id"": 274, ""first_seen_at"": ""2026-05-04T08:24:00+00:00"", ""last_seen_at"": ""2026-05-13T05:18:59+00:00"", ""materiality"": 0.71, ""metadata"": {""contradicted_entry_ids"": [], ""published_at"": ""2026-05-04T08:15:01Z"", ""replaceable"": true, ""sentiment"": ""mixed"", ""signal_family"": ""claim"", ""signal_kind"": ""observed_fact"", ""speaker"": ""Kneppy Invests"", ""specificity"": 0.78, ""superseded_entry_ids"": [], ""theme_key"": ""pricing"", ""themes"": [""pricing""], ""time_refs"": []}, ""normalized_statement"": ""a2 milk's share price dropped 10% due to a product recall"", ""persistence"": ""short"", ""reinforcement_count"": 0, ""source"": ""commentary:youtube_transcript"", ""source_id"": ""youtube_transcript:asx-daily-rundown-atlassian-lifts-tech-a2-milk-recall-shock-accent-group-all-time-lows:88e960386e503796"", ""statement"": ""A2 MILK's share price dropped 10% due to a product recall"", ""status"": ""expired"", ""type"": ""observed_fact""}, ""ok"": true, ""rule"": ""expire"", ""ticker"": ""IMRO""}"
275,active_fanout_0002,fanout_0002,PENINSULA,observed_fact,A2 MILK's share price dropped 10% due to a product recall,active,0.82,0.71,commentary:youtube_transcript,youtube_transcript:asx-daily-rundown-atlassian-lifts-tech-a2-milk-recall-shock-accent-group-all-time-lows:88e960386e503796,2026-05-04T08:24:00+00:00,2026-05-04T08:24:00+00:00,status_expire_candidate_after_approval,still_active_from_prior_high_confidence_expire_manifest,no,59,200,"{""entry"": {""closed_at"": ""2026-05-13T05:18:59+00:00"", ""company_id"": ""PENINSULA"", ""confidence"": 0.82, ""entity_id"": ""PENINSULA"", ""entry_id"": 275, ""first_seen_at"": ""2026-05-04T08:24:00+00:00"", ""last_seen_at"": ""2026-05-13T05:18:59+00:00"", ""materiality"": 0.71, ""metadata"": {""contradicted_entry_ids"": [], ""published_at"": ""2026-05-04T08:15:01Z"", ""replaceable"": true, ""sentiment"": ""mixed"", ""signal_family"": ""claim"", ""signal_kind"": ""observed_fact"", ""speaker"": ""Kneppy Invests"", ""specificity"": 0.78, ""superseded_entry_ids"": [], ""theme_key"": ""pricing"", ""themes"": [""pricing""], ""time_refs"": []}, ""normalized_statement"": ""a2 milk's share price dropped 10% due to a product recall"", ""persistence"": ""short"", ""reinforcement_count"": 0, ""source"": ""commentary:youtube_transcript"", ""source_id"": ""youtube_transcript:asx-daily-rundown-atlassian-lifts-tech-a2-milk-recall-shock-accent-group-all-time-lows:88e960386e503796"", ""statement"": ""A2 MILK's share price dropped 10% due to a product recall"", ""status"": ""expired"", ""type"": ""observed_fact""}, ""ok"": true, ""rule"": ""expire"", ""ticker"": ""PENINSULA""}"
277,active_fanout_0002,fanout_0002,VERITUS,observed_fact,A2 MILK's share price dropped 10% due to a product recall,active,0.82,0.71,commentary:youtube_transcript,youtube_transcript:asx-daily-rundown-atlassian-lifts-tech-a2-milk-recall-shock-accent-group-all-time-lows:88e960386e503796,2026-05-04T08:24:01+00:00,2026-05-04T08:24:01+00:00,status_expire_candidate_after_approval,still_active_from_prior_high_confidence_expire_manifest,no,60,200,"{""entry"": {""closed_at"": ""2026-05-13T05:18:59+00:00"", ""company_id"": ""VERITUS"", ""confidence"": 0.82, ""entity_id"": ""VERITUS"", ""entry_id"": 277, ""first_seen_at"": ""2026-05-04T08:24:01+00:00"", ""last_seen_at"": ""2026-05-13T05:18:59+00:00"", ""materiality"": 0.71, ""metadata"": {""contradicted_entry_ids"": [], ""published_at"": ""2026-05-04T08:15:01Z"", ""replaceable"": true, ""sentiment"": ""mixed"", ""signal_family"": ""claim"", ""signal_kind"": ""observed_fact"", ""speaker"": ""Kneppy Invests"", ""specificity"": 0.78, ""superseded_entry_ids"": [], ""theme_key"": ""pricing"", ""themes"": [""pricing""], ""time_refs"": []}, ""normalized_statement"": ""a2 milk's share price dropped 10% due to a product recall"", ""persistence"": ""short"", ""reinforcement_count"": 0, ""source"": ""commentary:youtube_transcript"", ""source_id"": ""youtube_transcript:asx-daily-rundown-atlassian-lifts-tech-a2-milk-recall-shock-accent-group-all-time-lows:88e960386e503796"", ""statement"": ""A2 MILK's share price dropped 10% due to a product recall"", ""status"": ""expired"", ""type"": ""observed_fact""}, ""ok"": true, ""rule"": ""expire"", ""ticker"": ""VERITUS""}"
278,active_fanout_0002,fanout_0002,PETTIMED,observed_fact,A2 MILK's share price dropped 10% due to a product recall,active,0.82,0.71,commentary:youtube_transcript,youtube_transcript:asx-daily-rundown-atlassian-lifts-tech-a2-milk-recall-shock-accent-group-all-time-lows:88e960386e503796,2026-05-04T08:24:01+00:00,2026-05-04T08:24:01+00:00,status_expire_candidate_after_approval,still_active_from_prior_high_confidence_expire_manifest,no,61,200,"{""entry"": {""closed_at"": ""2026-05-13T05:19:00+00:00"", ""company_id"": ""PETTIMED"", ""confidence"": 0.82, ""entity_id"": ""PETTIMED"", ""entry_id"": 278, ""first_seen_at"": ""2026-05-04T08:24:01+00:00"", ""last_seen_at"": ""2026-05-13T05:19:00+00:00"", ""materiality"": 0.71, ""metadata"": {""contradicted_entry_ids"": [], ""published_at"": ""2026-05-04T08:15:01Z"", ""replaceable"": true, ""sentiment"": ""mixed"", ""signal_family"": ""claim"", ""signal_kind"": ""observed_fact"", ""speaker"": ""Kneppy Invests"", ""specificity"": 0.78, ""superseded_entry_ids"": [], ""theme_key"": ""pricing"", ""themes"": [""pricing""], ""time_refs"": []}, ""normalized_statement"": ""a2 milk's share price dropped 10% due to a product recall"", ""persistence"": ""short"", ""reinforcement_count"": 0, ""source"": ""commentary:youtube_transcript"", ""source_id"": ""youtube_transcript:asx-daily-rundown-atlassian-lifts-tech-a2-milk-recall-shock-accent-group-all-time-lows:88e960386e503796"", ""statement"": ""A2 MILK's share price dropped 10% due to a product recall"", ""status"": ""expired"", ""type"": ""observed_fact""}, ""ok"": true, ""rule"": ""expire"", ""ticker"": ""PETTIMED""}"
279,active_fanout_0002,fanout_0002,IMPEDIMED,observed_fact,A2 MILK's share price dropped 10% due to a product recall,active,0.82,0.71,commentary:youtube_transcript,youtube_transcript:asx-daily-rundown-atlassian-lifts-tech-a2-milk-recall-shock-accent-group-all-time-lows:88e960386e503796,2026-05-04T08:24:01+00:00,2026-05-04T08:24:01+00:00,status_expire_candidate_after_approval,still_active_from_prior_high_confidence_expire_manifest,no,62,200,"{""entry"": {""closed_at"": ""2026-05-13T05:19:00+00:00"", ""company_id"": ""IMPEDIMED"", ""confidence"": 0.82, ""entity_id"": ""IMPEDIMED"", ""entry_id"": 279, ""first_seen_at"": ""2026-05-04T08:24:01+00:00"", ""last_seen_at"": ""2026-05-13T05:19:00+00:00"", ""materiality"": 0.71, ""metadata"": {""contradicted_entry_ids"": [], ""published_at"": ""2026-05-04T08:15:01Z"", ""replaceable"": true, ""sentiment"": ""mixed"", ""signal_family"": ""claim"", ""signal_kind"": ""observed_fact"", ""speaker"": ""Kneppy Invests"", ""specificity"": 0.78, ""superseded_entry_ids"": [], ""theme_key"": ""pricing"", ""themes"": [""pricing""], ""time_refs"": []}, ""normalized_statement"": ""a2 milk's share price dropped 10% due to a product recall"", ""persistence"": ""short"", ""reinforcement_count"": 0, ""source"": ""commentary:youtube_transcript"", ""source_id"": ""youtube_transcript:asx-daily-rundown-atlassian-lifts-tech-a2-milk-recall-shock-accent-group-all-time-lows:88e960386e503796"", ""statement"": ""A2 MILK's share price dropped 10% due to a product recall"", ""status"": ""expired"", ""type"": ""observed_fact""}, ""ok"": true, ""rule"": ""expire"", ""ticker"": ""IMPEDIMED""}"
280,active_fanout_0002,fanout_0002,INDE,observed_fact,A2 MILK's share price dropped 10% due to a product recall,active,0.82,0.71,commentary:youtube_transcript,youtube_transcript:asx-daily-rundown-atlassian-lifts-tech-a2-milk-recall-shock-accent-group-all-time-lows:88e960386e503796,2026-05-04T08:24:01+00:00,2026-05-04T08:24:01+00:00,status_expire_candidate_after_approval,still_active_from_prior_high_confidence_expire_manifest,no,63,200,"{""entry"": {""closed_at"": ""2026-05-13T05:19:00+00:00"", ""company_id"": ""INDE"", ""confidence"": 0.82, ""entity_id"": ""INDE"", ""entry_id"": 280, ""first_seen_at"": ""2026-05-04T08:24:01+00:00"", ""last_seen_at"": ""2026-05-13T05:19:00+00:00"", ""materiality"": 0.71, ""metadata"": {""contradicted_entry_ids"": [], ""published_at"": ""2026-05-04T08:15:01Z"", ""replaceable"": true, ""sentiment"": ""mixed"", ""signal_family"": ""claim"", ""signal_kind"": ""observed_fact"", ""speaker"": ""Kneppy Invests"", ""specificity"": 0.78, ""superseded_entry_ids"": [], ""theme_key"": ""pricing"", ""themes"": [""pricing""], ""time_refs"": []}, ""normalized_statement"": ""a2 milk's share price dropped 10% due to a product recall"", ""persistence"": ""short"", ""reinforcement_count"": 0, ""source"": ""commentary:youtube_transcript"", ""source_id"": ""youtube_transcript:asx-daily-rundown-atlassian-lifts-tech-a2-milk-recall-shock-accent-group-all-time-lows:88e960386e503796"", ""statement"": ""A2 MILK's share price dropped 10% due to a product recall"", ""status"": ""expired"", ""type"": ""observed_fact""}, ""ok"": true, ""rule"": ""expire"", ""ticker"": ""INDE""}"
281,active_fanout_0002,fanout_0002,PETT,observed_fact,A2 MILK's share price dropped 10% due to a product recall,active,0.82,0.71,commentary:youtube_transcript,youtube_transcript:asx-daily-rundown-atlassian-lifts-tech-a2-milk-recall-shock-accent-group-all-time-lows:88e960386e503796,2026-05-04T08:24:01+00:00,2026-05-04T08:24:01+00:00,status_expire_candidate_after_approval,still_active_from_prior_high_confidence_expire_manifest,no,64,200,"{""entry"": {""closed_at"": ""2026-05-13T05:19:00+00:00"", ""company_id"": ""PETT"", ""confidence"": 0.82, ""entity_id"": ""PETT"", ""entry_id"": 281, ""first_seen_at"": ""2026-05-04T08:24:01+00:00"", ""last_seen_at"": ""2026-05-13T05:19:00+00:00"", ""materiality"": 0.71, ""metadata"": {""contradicted_entry_ids"": [], ""published_at"": ""2026-05-04T08:15:01Z"", ""replaceable"": true, ""sentiment"": ""mixed"", ""signal_family"": ""claim"", ""signal_kind"": ""observed_fact"", ""speaker"": ""Kneppy Invests"", ""specificity"": 0.78, ""superseded_entry_ids"": [], ""theme_key"": ""pricing"", ""themes"": [""pricing""], ""time_refs"": []}, ""normalized_statement"": ""a2 milk's share price dropped 10% due to a product recall"", ""persistence"": ""short"", ""reinforcement_count"": 0, ""source"": ""commentary:youtube_transcript"", ""source_id"": ""youtube_transcript:asx-daily-rundown-atlassian-lifts-tech-a2-milk-recall-shock-accent-group-all-time-lows:88e960386e503796"", ""statement"": ""A2 MILK's share price dropped 10% due to a product recall"", ""status"": ""expired"", ""type"": ""observed_fact""}, ""ok"": true, ""rule"": ""expire"", ""ticker"": ""PETT""}"
282,active_fanout_0002,fanout_0002,C79,observed_fact,A2 MILK's share price dropped 10% due to a product recall,active,0.82,0.71,commentary:youtube_transcript,youtube_transcript:asx-daily-rundown-atlassian-lifts-tech-a2-milk-recall-shock-accent-group-all-time-lows:88e960386e503796,2026-05-04T08:24:01+00:00,2026-05-04T08:24:01+00:00,status_expire_candidate_after_approval,still_active_from_prior_high_confidence_expire_manifest,no,65,200,"{""entry"": {""closed_at"": ""2026-05-13T05:19:01+00:00"", ""company_id"": ""C79"", ""confidence"": 0.82, ""entity_id"": ""C79"", ""entry_id"": 282, ""first_seen_at"": ""2026-05-04T08:24:01+00:00"", ""last_seen_at"": ""2026-05-13T05:19:01+00:00"", ""materiality"": 0.71, ""metadata"": {""contradicted_entry_ids"": [], ""published_at"": ""2026-05-04T08:15:01Z"", ""replaceable"": true, ""sentiment"": ""mixed"", ""signal_family"": ""claim"", ""signal_kind"": ""observed_fact"", ""speaker"": ""Kneppy Invests"", ""specificity"": 0.78, ""superseded_entry_ids"": [], ""theme_key"": ""pricing"", ""themes"": [""pricing""], ""time_refs"": []}, ""normalized_statement"": ""a2 milk's share price dropped 10% due to a product recall"", ""persistence"": ""short"", ""reinforcement_count"": 0, ""source"": ""commentary:youtube_transcript"", ""source_id"": ""youtube_transcript:asx-daily-rundown-atlassian-lifts-tech-a2-milk-recall-shock-accent-group-all-time-lows:88e960386e503796"", ""statement"": ""A2 MILK's share price dropped 10% due to a product recall"", ""status"": ""expired"", ""type"": ""observed_fact""}, ""ok"": true, ""rule"": ""expire"", ""ticker"": ""C79""}"
811,active_fanout_0002,fanout_0002,END,observed_fact,A2 MILK's share price dropped 10% due to a product recall,active,0.82,0.71,commentary:youtube_transcript,youtube_transcript:asx-daily-rundown-atlassian-lifts-tech-a2-milk-recall-shock-accent-group-all-time-lows:88e960386e503796,2026-05-04T08:25:36+00:00,2026-05-04T08:25:36+00:00,status_expire_candidate_after_approval,still_active_from_prior_high_confidence_expire_manifest,no,66,200,"{""entry"": {""closed_at"": ""2026-05-13T05:19:01+00:00"", ""company_id"": ""END"", ""confidence"": 0.82, ""entity_id"": ""END"", ""entry_id"": 811, ""first_seen_at"": ""2026-05-04T08:25:36+00:00"", ""last_seen_at"": ""2026-05-13T05:19:01+00:00"", ""materiality"": 0.71, ""metadata"": {""contradicted_entry_ids"": [], ""published_at"": ""2026-05-04T08:15:01Z"", ""replaceable"": true, ""sentiment"": ""mixed"", ""signal_family"": ""claim"", ""signal_kind"": ""observed_fact"", ""speaker"": ""Kneppy Invests"", ""specificity"": 0.78, ""superseded_entry_ids"": [], ""theme_key"": ""pricing"", ""themes"": [""pricing""], ""time_refs"": []}, ""normalized_statement"": ""a2 milk's share price dropped 10% due to a product recall"", ""persistence"": ""short"", ""reinforcement_count"": 0, ""source"": ""commentary:youtube_transcript"", ""source_id"": ""youtube_transcript:asx-daily-rundown-atlassian-lifts-tech-a2-milk-recall-shock-accent-group-all-time-lows:88e960386e503796"", ""statement"": ""A2 MILK's share price dropped 10% due to a product recall"", ""status"": ""expired"", ""type"": ""observed_fact""}, ""ok"": true, ""rule"": ""expire"", ""ticker"": ""END""}"
812,active_fanout_0002,fanout_0002,COH,observed_fact,A2 MILK's share price dropped 10% due to a product recall,active,0.82,0.71,commentary:youtube_transcript,youtube_transcript:asx-daily-rundown-atlassian-lifts-tech-a2-milk-recall-shock-accent-group-all-time-lows:88e960386e503796,2026-05-04T08:25:36+00:00,2026-05-04T08:25:36+00:00,status_expire_candidate_after_approval,still_active_from_prior_high_confidence_expire_manifest,no,67,200,"{""entry"": {""closed_at"": ""2026-05-13T05:19:01+00:00"", ""company_id"": ""COH"", ""confidence"": 0.82, ""entity_id"": ""COH"", ""entry_id"": 812, ""first_seen_at"": ""2026-05-04T08:25:36+00:00"", ""last_seen_at"": ""2026-05-13T05:19:01+00:00"", ""materiality"": 0.71, ""metadata"": {""contradicted_entry_ids"": [], ""published_at"": ""2026-05-04T08:15:01Z"", ""replaceable"": true, ""sentiment"": ""mixed"", ""signal_family"": ""claim"", ""signal_kind"": ""observed_fact"", ""speaker"": ""Kneppy Invests"", ""specificity"": 0.78, ""superseded_entry_ids"": [], ""theme_key"": ""pricing"", ""themes"": [""pricing""], ""time_refs"": []}, ""normalized_statement"": ""a2 milk's share price dropped 10% due to a product recall"", ""persistence"": ""short"", ""reinforcement_count"": 0, ""source"": ""commentary:youtube_transcript"", ""source_id"": ""youtube_transcript:asx-daily-rundown-atlassian-lifts-tech-a2-milk-recall-shock-accent-group-all-time-lows:88e960386e503796"", ""statement"": ""A2 MILK's share price dropped 10% due to a product recall"", ""status"": ""expired"", ""type"": ""observed_fact""}, ""ok"": true, ""rule"": ""expire"", ""ticker"": ""COH""}"
813,active_fanout_0002,fanout_0002,WES,observed_fact,A2 MILK's share price dropped 10% due to a product recall,active,0.82,0.71,commentary:youtube_transcript,youtube_transcript:asx-daily-rundown-atlassian-lifts-tech-a2-milk-recall-shock-accent-group-all-time-lows:88e960386e503796,2026-05-04T08:25:36+00:00,2026-05-04T08:25:36+00:00,status_expire_candidate_after_approval,still_active_from_prior_high_confidence_expire_manifest,no,68,200,"{""entry"": {""closed_at"": ""2026-05-13T05:19:01+00:00"", ""company_id"": ""WES"", ""confidence"": 0.82, ""entity_id"": ""WES"", ""entry_id"": 813, ""first_seen_at"": ""2026-05-04T08:25:36+00:00"", ""last_seen_at"": ""2026-05-13T05:19:01+00:00"", ""materiality"": 0.71, ""metadata"": {""contradicted_entry_ids"": [], ""published_at"": ""2026-05-04T08:15:01Z"", ""replaceable"": true, ""sentiment"": ""mixed"", ""signal_family"": ""claim"", ""signal_kind"": ""observed_fact"", ""speaker"": ""Kneppy Invests"", ""specificity"": 0.78, ""superseded_entry_ids"": [], ""theme_key"": ""pricing"", ""themes"": [""pricing""], ""time_refs"": []}, ""normalized_statement"": ""a2 milk's share price dropped 10% due to a product recall"", ""persistence"": ""short"", ""reinforcement_count"": 0, ""source"": ""commentary:youtube_transcript"", ""source_id"": ""youtube_transcript:asx-daily-rundown-atlassian-lifts-tech-a2-milk-recall-shock-accent-group-all-time-lows:88e960386e503796"", ""statement"": ""A2 MILK's share price dropped 10% due to a product recall"", ""status"": ""expired"", ""type"": ""observed_fact""}, ""ok"": true, ""rule"": ""expire"", ""ticker"": ""WES""}"
814,active_fanout_0002,fanout_0002,WBC,observed_fact,A2 MILK's share price dropped 10% due to a product recall,active,0.82,0.71,commentary:youtube_transcript,youtube_transcript:asx-daily-rundown-atlassian-lifts-tech-a2-milk-recall-shock-accent-group-all-time-lows:88e960386e503796,2026-05-04T08:25:36+00:00,2026-05-04T08:25:36+00:00,status_expire_candidate_after_approval,still_active_from_prior_high_confidence_expire_manifest,no,69,200,"{""entry"": {""closed_at"": ""2026-05-13T05:19:01+00:00"", ""company_id"": ""WBC"", ""confidence"": 0.82, ""entity_id"": ""WBC"", ""entry_id"": 814, ""first_seen_at"": ""2026-05-04T08:25:36+00:00"", ""last_seen_at"": ""2026-05-13T05:19:01+00:00"", ""materiality"": 0.71, ""metadata"": {""contradicted_entry_ids"": [], ""published_at"": ""2026-05-04T08:15:01Z"", ""replaceable"": true, ""sentiment"": ""mixed"", ""signal_family"": ""claim"", ""signal_kind"": ""observed_fact"", ""speaker"": ""Kneppy Invests"", ""specificity"": 0.78, ""superseded_entry_ids"": [], ""theme_key"": ""pricing"", ""themes"": [""pricing""], ""time_refs"": []}, ""normalized_statement"": ""a2 milk's share price dropped 10% due to a product recall"", ""persistence"": ""short"", ""reinforcement_count"": 0, ""source"": ""commentary:youtube_transcript"", ""source_id"": ""youtube_transcript:asx-daily-rundown-atlassian-lifts-tech-a2-milk-recall-shock-accent-group-all-time-lows:88e960386e503796"", ""statement"": ""A2 MILK's share price dropped 10% due to a product recall"", ""status"": ""expired"", ""type"": ""observed_fact""}, ""ok"": true, ""rule"": ""expire"", ""ticker"": ""WBC""}"
815,active_fanout_0002,fanout_0002,KEY,observed_fact,A2 MILK's share price dropped 10% due to a product recall,active,0.82,0.71,commentary:youtube_transcript,youtube_transcript:asx-daily-rundown-atlassian-lifts-tech-a2-milk-recall-shock-accent-group-all-time-lows:88e960386e503796,2026-05-04T08:25:36+00:00,2026-05-04T08:25:36+00:00,status_expire_candidate_after_approval,still_active_from_prior_high_confidence_expire_manifest,no,70,200,"{""entry"": {""closed_at"": ""2026-05-13T05:19:01+00:00"", ""company_id"": ""KEY"", ""confidence"": 0.82, ""entity_id"": ""KEY"", ""entry_id"": 815, ""first_seen_at"": ""2026-05-04T08:25:36+00:00"", ""last_seen_at"": ""2026-05-13T05:19:01+00:00"", ""materiality"": 0.71, ""metadata"": {""contradicted_entry_ids"": [], ""published_at"": ""2026-05-04T08:15:01Z"", ""replaceable"": true, ""sentiment"": ""mixed"", ""signal_family"": ""claim"", ""signal_kind"": ""observed_fact"", ""speaker"": ""Kneppy Invests"", ""specificity"": 0.78, ""superseded_entry_ids"": [], ""theme_key"": ""pricing"", ""themes"": [""pricing""], ""time_refs"": []}, ""normalized_statement"": ""a2 milk's share price dropped 10% due to a product recall"", ""persistence"": ""short"", ""reinforcement_count"": 0, ""source"": ""commentary:youtube_transcript"", ""source_id"": ""youtube_transcript:asx-daily-rundown-atlassian-lifts-tech-a2-milk-recall-shock-accent-group-all-time-lows:88e960386e503796"", ""statement"": ""A2 MILK's share price dropped 10% due to a product recall"", ""status"": ""expired"", ""type"": ""observed_fact""}, ""ok"": true, ""rule"": ""expire"", ""ticker"": ""KEY""}"
816,active_fanout_0002,fanout_0002,GCM,observed_fact,A2 MILK's share price dropped 10% due to a product recall,active,0.82,0.71,commentary:youtube_transcript,youtube_transcript:asx-daily-rundown-atlassian-lifts-tech-a2-milk-recall-shock-accent-group-all-time-lows:88e960386e503796,2026-05-04T08:25:37+00:00,2026-05-04T08:25:37+00:00,status_expire_candidate_after_approval,still_active_from_prior_high_confidence_expire_manifest,no,71,200,"{""entry"": {""closed_at"": ""2026-05-13T05:19:01+00:00"", ""company_id"": ""GCM"", ""confidence"": 0.82, ""entity_id"": ""GCM"", ""entry_id"": 816, ""first_seen_at"": ""2026-05-04T08:25:37+00:00"", ""last_seen_at"": ""2026-05-13T05:19:01+00:00"", ""materiality"": 0.71, ""metadata"": {""contradicted_entry_ids"": [], ""published_at"": ""2026-05-04T08:15:01Z"", ""replaceable"": true, ""sentiment"": ""mixed"", ""signal_family"": ""claim"", ""signal_kind"": ""observed_fact"", ""speaker"": ""Kneppy Invests"", ""specificity"": 0.78, ""superseded_entry_ids"": [], ""theme_key"": ""pricing"", ""themes"": [""pricing""], ""time_refs"": []}, ""normalized_statement"": ""a2 milk's share price dropped 10% due to a product recall"", ""persistence"": ""short"", ""reinforcement_count"": 0, ""source"": ""commentary:youtube_transcript"", ""source_id"": ""youtube_transcript:asx-daily-rundown-atlassian-lifts-tech-a2-milk-recall-shock-accent-group-all-time-lows:88e960386e503796"", ""statement"": ""A2 MILK's share price dropped 10% due to a product recall"", ""status"": ""expired"", ""type"": ""observed_fact""}, ""ok"": true, ""rule"": ""expire"", ""ticker"": ""GCM""}"
817,active_fanout_0002,fanout_0002,MAR,observed_fact,A2 MILK's share price dropped 10% due to a product recall,active,0.82,0.71,commentary:youtube_transcript,youtube_transcript:asx-daily-rundown-atlassian-lifts-tech-a2-milk-recall-shock-accent-group-all-time-lows:88e960386e503796,2026-05-04T08:25:37+00:00,2026-05-04T08:25:37+00:00,status_expire_candidate_after_approval,still_active_from_prior_high_confidence_expire_manifest,no,72,200,"{""entry"": {""closed_at"": ""2026-05-13T05:19:01+00:00"", ""company_id"": ""MAR"", ""confidence"": 0.82, ""entity_id"": ""MAR"", ""entry_id"": 817, ""first_seen_at"": ""2026-05-04T08:25:37+00:00"", ""last_seen_at"": ""2026-05-13T05:19:01+00:00"", ""materiality"": 0.71, ""metadata"": {""contradicted_entry_ids"": [], ""published_at"": ""2026-05-04T08:15:01Z"", ""replaceable"": true, ""sentiment"": ""mixed"", ""signal_family"": ""claim"", ""signal_kind"": ""observed_fact"", ""speaker"": ""Kneppy Invests"", ""specificity"": 0.78, ""superseded_entry_ids"": [], ""theme_key"": ""pricing"", ""themes"": [""pricing""], ""time_refs"": []}, ""normalized_statement"": ""a2 milk's share price dropped 10% due to a product recall"", ""persistence"": ""short"", ""reinforcement_count"": 0, ""source"": ""commentary:youtube_transcript"", ""source_id"": ""youtube_transcript:asx-daily-rundown-atlassian-lifts-tech-a2-milk-recall-shock-accent-group-all-time-lows:88e960386e503796"", ""statement"": ""A2 MILK's share price dropped 10% due to a product recall"", ""status"": ""expired"", ""type"": ""observed_fact""}, ""ok"": true, ""rule"": ""expire"", ""ticker"": ""MAR""}"
818,active_fanout_0002,fanout_0002,CLT,observed_fact,A2 MILK's share price dropped 10% due to a product recall,active,0.82,0.71,commentary:youtube_transcript,youtube_transcript:asx-daily-rundown-atlassian-lifts-tech-a2-milk-recall-shock-accent-group-all-time-lows:88e960386e503796,2026-05-04T08:25:37+00:00,2026-05-04T08:25:37+00:00,status_expire_candidate_after_approval,still_active_from_prior_high_confidence_expire_manifest,no,73,200,"{""entry"": {""closed_at"": ""2026-05-13T05:19:01+00:00"", ""company_id"": ""CLT"", ""confidence"": 0.82, ""entity_id"": ""CLT"", ""entry_id"": 818, ""first_seen_at"": ""2026-05-04T08:25:37+00:00"", ""last_seen_at"": ""2026-05-13T05:19:01+00:00"", ""materiality"": 0.71, ""metadata"": {""contradicted_entry_ids"": [], ""published_at"": ""2026-05-04T08:15:01Z"", ""replaceable"": true, ""sentiment"": ""mixed"", ""signal_family"": ""claim"", ""signal_kind"": ""observed_fact"", ""speaker"": ""Kneppy Invests"", ""specificity"": 0.78, ""superseded_entry_ids"": [], ""theme_key"": ""pricing"", ""themes"": [""pricing""], ""time_refs"": []}, ""normalized_statement"": ""a2 milk's share price dropped 10% due to a product recall"", ""persistence"": ""short"", ""reinforcement_count"": 0, ""source"": ""commentary:youtube_transcript"", ""source_id"": ""youtube_transcript:asx-daily-rundown-atlassian-lifts-tech-a2-milk-recall-shock-accent-group-all-time-lows:88e960386e503796"", ""statement"": ""A2 MILK's share price dropped 10% due to a product recall"", ""status"": ""expired"", ""type"": ""observed_fact""}, ""ok"": true, ""rule"": ""expire"", ""ticker"": ""CLT""}"
819,active_fanout_0002,fanout_0002,WIN,observed_fact,A2 MILK's share price dropped 10% due to a product recall,active,0.82,0.71,commentary:youtube_transcript,youtube_transcript:asx-daily-rundown-atlassian-lifts-tech-a2-milk-recall-shock-accent-group-all-time-lows:88e960386e503796,2026-05-04T08:25:37+00:00,2026-05-04T08:25:37+00:00,status_expire_candidate_after_approval,still_active_from_prior_high_confidence_expire_manifest,no,74,200,"{""entry"": {""closed_at"": ""2026-05-13T05:19:01+00:00"", ""company_id"": ""WIN"", ""confidence"": 0.82, ""entity_id"": ""WIN"", ""entry_id"": 819, ""first_seen_at"": ""2026-05-04T08:25:37+00:00"", ""last_seen_at"": ""2026-05-13T05:19:01+00:00"", ""materiality"": 0.71, ""metadata"": {""contradicted_entry_ids"": [], ""published_at"": ""2026-05-04T08:15:01Z"", ""replaceable"": true, ""sentiment"": ""mixed"", ""signal_family"": ""claim"", ""signal_kind"": ""observed_fact"", ""speaker"": ""Kneppy Invests"", ""specificity"": 0.78, ""superseded_entry_ids"": [], ""theme_key"": ""pricing"", ""themes"": [""pricing""], ""time_refs"": []}, ""normalized_statement"": ""a2 milk's share price dropped 10% due to a product recall"", ""persistence"": ""short"", ""reinforcement_count"": 0, ""source"": ""commentary:youtube_transcript"", ""source_id"": ""youtube_transcript:asx-daily-rundown-atlassian-lifts-tech-a2-milk-recall-shock-accent-group-all-time-lows:88e960386e503796"", ""statement"": ""A2 MILK's share price dropped 10% due to a product recall"", ""status"": ""expired"", ""type"": ""observed_fact""}, ""ok"": true, ""rule"": ""expire"", ""ticker"": ""WIN""}"
820,active_fanout_0002,fanout_0002,SKT,observed_fact,A2 MILK's share price dropped 10% due to a product recall,active,0.82,0.71,commentary:youtube_transcript,youtube_transcript:asx-daily-rundown-atlassian-lifts-tech-a2-milk-recall-shock-accent-group-all-time-lows:88e960386e503796,2026-05-04T08:25:37+00:00,2026-05-04T08:25:37+00:00,status_expire_candidate_after_approval,still_active_from_prior_high_confidence_expire_manifest,no,75,200,"{""entry"": {""closed_at"": ""2026-05-13T05:19:01+00:00"", ""company_id"": ""SKT"", ""confidence"": 0.82, ""entity_id"": ""SKT"", ""entry_id"": 820, ""first_seen_at"": ""2026-05-04T08:25:37+00:00"", ""last_seen_at"": ""2026-05-13T05:19:01+00:00"", ""materiality"": 0.71, ""metadata"": {""contradicted_entry_ids"": [], ""published_at"": ""2026-05-04T08:15:01Z"", ""replaceable"": true, ""sentiment"": ""mixed"", ""signal_family"": ""claim"", ""signal_kind"": ""observed_fact"", ""speaker"": ""Kneppy Invests"", ""specificity"": 0.78, ""superseded_entry_ids"": [], ""theme_key"": ""pricing"", ""themes"": [""pricing""], ""time_refs"": []}, ""normalized_statement"": ""a2 milk's share price dropped 10% due to a product recall"", ""persistence"": ""short"", ""reinforcement_count"": 0, ""source"": ""commentary:youtube_transcript"", ""source_id"": ""youtube_transcript:asx-daily-rundown-atlassian-lifts-tech-a2-milk-recall-shock-accent-group-all-time-lows:88e960386e503796"", ""statement"": ""A2 MILK's share price dropped 10% due to a product recall"", ""status"": ""expired"", ""type"": ""observed_fact""}, ""ok"": true, ""rule"": ""expire"", ""ticker"": ""SKT""}"
821,active_fanout_0002,fanout_0002,VCE,observed_fact,A2 MILK's share price dropped 10% due to a product recall,active,0.82,0.71,commentary:youtube_transcript,youtube_transcript:asx-daily-rundown-atlassian-lifts-tech-a2-milk-recall-shock-accent-group-all-time-lows:88e960386e503796,2026-05-04T08:25:37+00:00,2026-05-04T08:25:37+00:00,status_expire_candidate_after_approval,still_active_from_prior_high_confidence_expire_manifest,no,76,200,"{""entry"": {""closed_at"": ""2026-05-13T05:19:01+00:00"", ""company_id"": ""VCE"", ""confidence"": 0.82, ""entity_id"": ""VCE"", ""entry_id"": 821, ""first_seen_at"": ""2026-05-04T08:25:37+00:00"", ""last_seen_at"": ""2026-05-13T05:19:01+00:00"", ""materiality"": 0.71, ""metadata"": {""contradicted_entry_ids"": [], ""published_at"": ""2026-05-04T08:15:01Z"", ""replaceable"": true, ""sentiment"": ""mixed"", ""signal_family"": ""claim"", ""signal_kind"": ""observed_fact"", ""speaker"": ""Kneppy Invests"", ""specificity"": 0.78, ""superseded_entry_ids"": [], ""theme_key"": ""pricing"", ""themes"": [""pricing""], ""time_refs"": []}, ""normalized_statement"": ""a2 milk's share price dropped 10% due to a product recall"", ""persistence"": ""short"", ""reinforcement_count"": 0, ""source"": ""commentary:youtube_transcript"", ""source_id"": ""youtube_transcript:asx-daily-rundown-atlassian-lifts-tech-a2-milk-recall-shock-accent-group-all-time-lows:88e960386e503796"", ""statement"": ""A2 MILK's share price dropped 10% due to a product recall"", ""status"": ""expired"", ""type"": ""observed_fact""}, ""ok"": true, ""rule"": ""expire"", ""ticker"": ""VCE""}"
822,active_fanout_0002,fanout_0002,SNW,observed_fact,A2 MILK's share price dropped 10% due to a product recall,active,0.82,0.71,commentary:youtube_transcript,youtube_transcript:asx-daily-rundown-atlassian-lifts-tech-a2-milk-recall-shock-accent-group-all-time-lows:88e960386e503796,2026-05-04T08:25:37+00:00,2026-05-04T08:25:37+00:00,status_expire_candidate_after_approval,still_active_from_prior_high_confidence_expire_manifest,no,77,200,"{""entry"": {""closed_at"": ""2026-05-13T05:19:02+00:00"", ""company_id"": ""SNW"", ""confidence"": 0.82, ""entity_id"": ""SNW"", ""entry_id"": 822, ""first_seen_at"": ""2026-05-04T08:25:37+00:00"", ""last_seen_at"": ""2026-05-13T05:19:02+00:00"", ""materiality"": 0.71, ""metadata"": {""contradicted_entry_ids"": [], ""published_at"": ""2026-05-04T08:15:01Z"", ""replaceable"": true, ""sentiment"": ""mixed"", ""signal_family"": ""claim"", ""signal_kind"": ""observed_fact"", ""speaker"": ""Kneppy Invests"", ""specificity"": 0.78, ""superseded_entry_ids"": [], ""theme_key"": ""pricing"", ""themes"": [""pricing""], ""time_refs"": []}, ""normalized_statement"": ""a2 milk's share price dropped 10% due to a product recall"", ""persistence"": ""short"", ""reinforcement_count"": 0, ""source"": ""commentary:youtube_transcript"", ""source_id"": ""youtube_transcript:asx-daily-rundown-atlassian-lifts-tech-a2-milk-recall-shock-accent-group-all-time-lows:88e960386e503796"", ""statement"": ""A2 MILK's share price dropped 10% due to a product recall"", ""status"": ""expired"", ""type"": ""observed_fact""}, ""ok"": true, ""rule"": ""expire"", ""ticker"": ""SNW""}"
823,active_fanout_0002,fanout_0002,LON,observed_fact,A2 MILK's share price dropped 10% due to a product recall,active,0.82,0.71,commentary:youtube_transcript,youtube_transcript:asx-daily-rundown-atlassian-lifts-tech-a2-milk-recall-shock-accent-group-all-time-lows:88e960386e503796,2026-05-04T08:25:38+00:00,2026-05-04T08:25:38+00:00,status_expire_candidate_after_approval,still_active_from_prior_high_confidence_expire_manifest,no,78,200,"{""entry"": {""closed_at"": ""2026-05-13T05:19:02+00:00"", ""company_id"": ""LON"", ""confidence"": 0.82, ""entity_id"": ""LON"", ""entry_id"": 823, ""first_seen_at"": ""2026-05-04T08:25:38+00:00"", ""last_seen_at"": ""2026-05-13T05:19:02+00:00"", ""materiality"": 0.71, ""metadata"": {""contradicted_entry_ids"": [], ""published_at"": ""2026-05-04T08:15:01Z"", ""replaceable"": true, ""sentiment"": ""mixed"", ""signal_family"": ""claim"", ""signal_kind"": ""observed_fact"", ""speaker"": ""Kneppy Invests"", ""specificity"": 0.78, ""superseded_entry_ids"": [], ""theme_key"": ""pricing"", ""themes"": [""pricing""], ""time_refs"": []}, ""normalized_statement"": ""a2 milk's share price dropped 10% due to a product recall"", ""persistence"": ""short"", ""reinforcement_count"": 0, ""source"": ""commentary:youtube_transcript"", ""source_id"": ""youtube_transcript:asx-daily-rundown-atlassian-lifts-tech-a2-milk-recall-shock-accent-group-all-time-lows:88e960386e503796"", ""statement"": ""A2 MILK's share price dropped 10% due to a product recall"", ""status"": ""expired"", ""type"": ""observed_fact""}, ""ok"": true, ""rule"": ""expire"", ""ticker"": ""LON""}"
824,active_fanout_0002,fanout_0002,PET,observed_fact,A2 MILK's share price dropped 10% due to a product recall,active,0.82,0.71,commentary:youtube_transcript,youtube_transcript:asx-daily-rundown-atlassian-lifts-tech-a2-milk-recall-shock-accent-group-all-time-lows:88e960386e503796,2026-05-04T08:25:38+00:00,2026-05-04T08:25:38+00:00,status_expire_candidate_after_approval,still_active_from_prior_high_confidence_expire_manifest,no,79,200,"{""entry"": {""closed_at"": ""2026-05-13T05:19:02+00:00"", ""company_id"": ""PET"", ""confidence"": 0.82, ""entity_id"": ""PET"", ""entry_id"": 824, ""first_seen_at"": ""2026-05-04T08:25:38+00:00"", ""last_seen_at"": ""2026-05-13T05:19:02+00:00"", ""materiality"": 0.71, ""metadata"": {""contradicted_entry_ids"": [], ""published_at"": ""2026-05-04T08:15:01Z"", ""replaceable"": true, ""sentiment"": ""mixed"", ""signal_family"": ""claim"", ""signal_kind"": ""observed_fact"", ""speaker"": ""Kneppy Invests"", ""specificity"": 0.78, ""superseded_entry_ids"": [], ""theme_key"": ""pricing"", ""themes"": [""pricing""], ""time_refs"": []}, ""normalized_statement"": ""a2 milk's share price dropped 10% due to a product recall"", ""persistence"": ""short"", ""reinforcement_count"": 0, ""source"": ""commentary:youtube_transcript"", ""source_id"": ""youtube_transcript:asx-daily-rundown-atlassian-lifts-tech-a2-milk-recall-shock-accent-group-all-time-lows:88e960386e503796"", ""statement"": ""A2 MILK's share price dropped 10% due to a product recall"", ""status"": ""expired"", ""type"": ""observed_fact""}, ""ok"": true, ""rule"": ""expire"", ""ticker"": ""PET""}"
825,active_fanout_0002,fanout_0002,STK,observed_fact,A2 MILK's share price dropped 10% due to a product recall,active,0.82,0.71,commentary:youtube_transcript,youtube_transcript:asx-daily-rundown-atlassian-lifts-tech-a2-milk-recall-shock-accent-group-all-time-lows:88e960386e503796,2026-05-04T08:25:38+00:00,2026-05-04T08:25:38+00:00,status_expire_candidate_after_approval,still_active_from_prior_high_confidence_expire_manifest,no,80,200,"{""entry"": {""closed_at"": ""2026-05-13T05:19:02+00:00"", ""company_id"": ""STK"", ""confidence"": 0.82, ""entity_id"": ""STK"", ""entry_id"": 825, ""first_seen_at"": ""2026-05-04T08:25:38+00:00"", ""last_seen_at"": ""2026-05-13T05:19:02+00:00"", ""materiality"": 0.71, ""metadata"": {""contradicted_entry_ids"": [], ""published_at"": ""2026-05-04T08:15:01Z"", ""replaceable"": true, ""sentiment"": ""mixed"", ""signal_family"": ""claim"", ""signal_kind"": ""observed_fact"", ""speaker"": ""Kneppy Invests"", ""specificity"": 0.78, ""superseded_entry_ids"": [], ""theme_key"": ""pricing"", ""themes"": [""pricing""], ""time_refs"": []}, ""normalized_statement"": ""a2 milk's share price dropped 10% due to a product recall"", ""persistence"": ""short"", ""reinforcement_count"": 0, ""source"": ""commentary:youtube_transcript"", ""source_id"": ""youtube_transcript:asx-daily-rundown-atlassian-lifts-tech-a2-milk-recall-shock-accent-group-all-time-lows:88e960386e503796"", ""statement"": ""A2 MILK's share price dropped 10% due to a product recall"", ""status"": ""expired"", ""type"": ""observed_fact""}, ""ok"": true, ""rule"": ""expire"", ""ticker"": ""STK""}"
1697,active_fanout_0002,fanout_0002,ENDV,observed_fact,A2 MILK's share price dropped 10% due to a product recall,active,0.82,0.71,commentary:youtube_transcript,youtube_transcript:asx-daily-rundown-atlassian-lifts-tech-a2-milk-recall-shock-accent-group-all-time-lows:88e960386e503796,2026-05-05T04:19:46+00:00,2026-05-05T04:19:46+00:00,status_expire_candidate_after_approval,still_active_from_prior_high_confidence_expire_manifest,no,81,200,"{""entry"": {""closed_at"": ""2026-05-13T05:19:02+00:00"", ""company_id"": ""ENDV"", ""confidence"": 0.82, ""entity_id"": ""ENDV"", ""entry_id"": 1697, ""first_seen_at"": ""2026-05-05T04:19:46+00:00"", ""last_seen_at"": ""2026-05-13T05:19:02+00:00"", ""materiality"": 0.71, ""metadata"": {""contradicted_entry_ids"": [], ""published_at"": ""2026-05-04T08:15:01Z"", ""replaceable"": true, ""sentiment"": ""mixed"", ""signal_family"": ""claim"", ""signal_kind"": ""observed_fact"", ""speaker"": ""Kneppy Invests"", ""specificity"": 0.78, ""superseded_entry_ids"": [], ""theme_key"": ""pricing"", ""themes"": [""pricing""], ""time_refs"": []}, ""normalized_statement"": ""a2 milk's share price dropped 10% due to a product recall"", ""persistence"": ""short"", ""reinforcement_count"": 0, ""source"": ""commentary:youtube_transcript"", ""source_id"": ""youtube_transcript:asx-daily-rundown-atlassian-lifts-tech-a2-milk-recall-shock-accent-group-all-time-lows:88e960386e503796"", ""statement"": ""A2 MILK's share price dropped 10% due to a product recall"", ""status"": ""expired"", ""type"": ""observed_fact""}, ""ok"": true, ""rule"": ""expire"", ""ticker"": ""ENDV""}"
1698,active_fanout_0002,fanout_0002,KEYP,observed_fact,A2 MILK's share price dropped 10% due to a product recall,active,0.82,0.71,commentary:youtube_transcript,youtube_transcript:asx-daily-rundown-atlassian-lifts-tech-a2-milk-recall-shock-accent-group-all-time-lows:88e960386e503796,2026-05-05T04:19:48+00:00,2026-05-05T04:19:48+00:00,status_expire_candidate_after_approval,still_active_from_prior_high_confidence_expire_manifest,no,82,200,"{""entry"": {""closed_at"": ""2026-05-13T05:19:02+00:00"", ""company_id"": ""KEYP"", ""confidence"": 0.82, ""entity_id"": ""KEYP"", ""entry_id"": 1698, ""first_seen_at"": ""2026-05-05T04:19:48+00:00"", ""last_seen_at"": ""2026-05-13T05:19:02+00:00"", ""materiality"": 0.71, ""metadata"": {""contradicted_entry_ids"": [], ""published_at"": ""2026-05-04T08:15:01Z"", ""replaceable"": true, ""sentiment"": ""mixed"", ""signal_family"": ""claim"", ""signal_kind"": ""observed_fact"", ""speaker"": ""Kneppy Invests"", ""specificity"": 0.78, ""superseded_entry_ids"": [], ""theme_key"": ""pricing"", ""themes"": [""pricing""], ""time_refs"": []}, ""normalized_statement"": ""a2 milk's share price dropped 10% due to a product recall"", ""persistence"": ""short"", ""reinforcement_count"": 0, ""source"": ""commentary:youtube_transcript"", ""source_id"": ""youtube_transcript:asx-daily-rundown-atlassian-lifts-tech-a2-milk-recall-shock-accent-group-all-time-lows:88e960386e503796"", ""statement"": ""A2 MILK's share price dropped 10% due to a product recall"", ""status"": ""expired"", ""type"": ""observed_fact""}, ""ok"": true, ""rule"": ""expire"", ""ticker"": ""KEYP""}"
1699,active_fanout_0002,fanout_0002,GCMC,observed_fact,A2 MILK's share price dropped 10% due to a product recall,active,0.82,0.71,commentary:youtube_transcript,youtube_transcript:asx-daily-rundown-atlassian-lifts-tech-a2-milk-recall-shock-accent-group-all-time-lows:88e960386e503796,2026-05-05T04:19:48+00:00,2026-05-05T04:19:48+00:00,status_expire_candidate_after_approval,still_active_from_prior_high_confidence_expire_manifest,no,83,200,"{""entry"": {""closed_at"": ""2026-05-13T05:19:03+00:00"", ""company_id"": ""GCMC"", ""confidence"": 0.82, ""entity_id"": ""GCMC"", ""entry_id"": 1699, ""first_seen_at"": ""2026-05-05T04:19:48+00:00"", ""last_seen_at"": ""2026-05-13T05:19:03+00:00"", ""materiality"": 0.71, ""metadata"": {""contradicted_entry_ids"": [], ""published_at"": ""2026-05-04T08:15:01Z"", ""replaceable"": true, ""sentiment"": ""mixed"", ""signal_family"": ""claim"", ""signal_kind"": ""observed_fact"", ""speaker"": ""Kneppy Invests"", ""specificity"": 0.78, ""superseded_entry_ids"": [], ""theme_key"": ""pricing"", ""themes"": [""pricing""], ""time_refs"": []}, ""normalized_statement"": ""a2 milk's share price dropped 10% due to a product recall"", ""persistence"": ""short"", ""reinforcement_count"": 0, ""source"": ""commentary:youtube_transcript"", ""source_id"": ""youtube_transcript:asx-daily-rundown-atlassian-lifts-tech-a2-milk-recall-shock-accent-group-all-time-lows:88e960386e503796"", ""statement"": ""A2 MILK's share price dropped 10% due to a product recall"", ""status"": ""expired"", ""type"": ""observed_fact""}, ""ok"": true, ""rule"": ""expire"", ""ticker"": ""GCMC""}"
1700,active_fanout_0002,fanout_0002,MARINO,observed_fact,A2 MILK's share price dropped 10% due to a product recall,active,0.82,0.71,commentary:youtube_transcript,youtube_transcript:asx-daily-rundown-atlassian-lifts-tech-a2-milk-recall-shock-accent-group-all-time-lows:88e960386e503796,2026-05-05T04:19:48+00:00,2026-05-05T04:19:48+00:00,status_expire_candidate_after_approval,still_active_from_prior_high_confidence_expire_manifest,no,84,200,"{""entry"": {""closed_at"": ""2026-05-13T05:19:03+00:00"", ""company_id"": ""MARINO"", ""confidence"": 0.82, ""entity_id"": ""MARINO"", ""entry_id"": 1700, ""first_seen_at"": ""2026-05-05T04:19:48+00:00"", ""last_seen_at"": ""2026-05-13T05:19:03+00:00"", ""materiality"": 0.71, ""metadata"": {""contradicted_entry_ids"": [], ""published_at"": ""2026-05-04T08:15:01Z"", ""replaceable"": true, ""sentiment"": ""mixed"", ""signal_family"": ""claim"", ""signal_kind"": ""observed_fact"", ""speaker"": ""Kneppy Invests"", ""specificity"": 0.78, ""superseded_entry_ids"": [], ""theme_key"": ""pricing"", ""themes"": [""pricing""], ""time_refs"": []}, ""normalized_statement"": ""a2 milk's share price dropped 10% due to a product recall"", ""persistence"": ""short"", ""reinforcement_count"": 0, ""source"": ""commentary:youtube_transcript"", ""source_id"": ""youtube_transcript:asx-daily-rundown-atlassian-lifts-tech-a2-milk-recall-shock-accent-group-all-time-lows:88e960386e503796"", ""statement"": ""A2 MILK's share price dropped 10% due to a product recall"", ""status"": ""expired"", ""type"": ""observed_fact""}, ""ok"": true, ""rule"": ""expire"", ""ticker"": ""MARINO""}"
1701,active_fanout_0002,fanout_0002,CLAR,observed_fact,A2 MILK's share price dropped 10% due to a product recall,active,0.82,0.71,commentary:youtube_transcript,youtube_transcript:asx-daily-rundown-atlassian-lifts-tech-a2-milk-recall-shock-accent-group-all-time-lows:88e960386e503796,2026-05-05T04:19:48+00:00,2026-05-05T04:19:48+00:00,status_expire_candidate_after_approval,still_active_from_prior_high_confidence_expire_manifest,no,85,200,"{""entry"": {""closed_at"": ""2026-05-13T05:19:03+00:00"", ""company_id"": ""CLAR"", ""confidence"": 0.82, ""entity_id"": ""CLAR"", ""entry_id"": 1701, ""first_seen_at"": ""2026-05-05T04:19:48+00:00"", ""last_seen_at"": ""2026-05-13T05:19:03+00:00"", ""materiality"": 0.71, ""metadata"": {""contradicted_entry_ids"": [], ""published_at"": ""2026-05-04T08:15:01Z"", ""replaceable"": true, ""sentiment"": ""mixed"", ""signal_family"": ""claim"", ""signal_kind"": ""observed_fact"", ""speaker"": ""Kneppy Invests"", ""specificity"": 0.78, ""superseded_entry_ids"": [], ""theme_key"": ""pricing"", ""themes"": [""pricing""], ""time_refs"": []}, ""normalized_statement"": ""a2 milk's share price dropped 10% due to a product recall"", ""persistence"": ""short"", ""reinforcement_count"": 0, ""source"": ""commentary:youtube_transcript"", ""source_id"": ""youtube_transcript:asx-daily-rundown-atlassian-lifts-tech-a2-milk-recall-shock-accent-group-all-time-lows:88e960386e503796"", ""statement"": ""A2 MILK's share price dropped 10% due to a product recall"", ""status"": ""expired"", ""type"": ""observed_fact""}, ""ok"": true, ""rule"": ""expire"", ""ticker"": ""CLAR""}"
1702,active_fanout_0002,fanout_0002,LIVN,observed_fact,A2 MILK's share price dropped 10% due to a product recall,active,0.82,0.71,commentary:youtube_transcript,youtube_transcript:asx-daily-rundown-atlassian-lifts-tech-a2-milk-recall-shock-accent-group-all-time-lows:88e960386e503796,2026-05-05T04:19:49+00:00,2026-05-05T04:19:49+00:00,status_expire_candidate_after_approval,still_active_from_prior_high_confidence_expire_manifest,no,86,200,"{""entry"": {""closed_at"": ""2026-05-13T05:19:03+00:00"", ""company_id"": ""LIVN"", ""confidence"": 0.82, ""entity_id"": ""LIVN"", ""entry_id"": 1702, ""first_seen_at"": ""2026-05-05T04:19:49+00:00"", ""last_seen_at"": ""2026-05-13T05:19:03+00:00"", ""materiality"": 0.71, ""metadata"": {""contradicted_entry_ids"": [], ""published_at"": ""2026-05-04T08:15:01Z"", ""replaceable"": true, ""sentiment"": ""mixed"", ""signal_family"": ""claim"", ""signal_kind"": ""observed_fact"", ""speaker"": ""Kneppy Invests"", ""specificity"": 0.78, ""superseded_entry_ids"": [], ""theme_key"": ""pricing"", ""themes"": [""pricing""], ""time_refs"": []}, ""normalized_statement"": ""a2 milk's share price dropped 10% due to a product recall"", ""persistence"": ""short"", ""reinforcement_count"": 0, ""source"": ""commentary:youtube_transcript"", ""source_id"": ""youtube_transcript:asx-daily-rundown-atlassian-lifts-tech-a2-milk-recall-shock-accent-group-all-time-lows:88e960386e503796"", ""statement"": ""A2 MILK's share price dropped 10% due to a product recall"", ""status"": ""expired"", ""type"": ""observed_fact""}, ""ok"": true, ""rule"": ""expire"", ""ticker"": ""LIVN""}"
1703,active_fanout_0002,fanout_0002,SN,observed_fact,A2 MILK's share price dropped 10% due to a product recall,active,0.82,0.71,commentary:youtube_transcript,youtube_transcript:asx-daily-rundown-atlassian-lifts-tech-a2-milk-recall-shock-accent-group-all-time-lows:88e960386e503796,2026-05-05T04:19:50+00:00,2026-05-05T04:19:50+00:00,status_expire_candidate_after_approval,still_active_from_prior_high_confidence_expire_manifest,no,87,200,"{""entry"": {""closed_at"": ""2026-05-13T05:19:03+00:00"", ""company_id"": ""SN"", ""confidence"": 0.82, ""entity_id"": ""SN"", ""entry_id"": 1703, ""first_seen_at"": ""2026-05-05T04:19:50+00:00"", ""last_seen_at"": ""2026-05-13T05:19:03+00:00"", ""materiality"": 0.71, ""metadata"": {""contradicted_entry_ids"": [], ""published_at"": ""2026-05-04T08:15:01Z"", ""replaceable"": true, ""sentiment"": ""mixed"", ""signal_family"": ""claim"", ""signal_kind"": ""observed_fact"", ""speaker"": ""Kneppy Invests"", ""specificity"": 0.78, ""superseded_entry_ids"": [], ""theme_key"": ""pricing"", ""themes"": [""pricing""], ""time_refs"": []}, ""normalized_statement"": ""a2 milk's share price dropped 10% due to a product recall"", ""persistence"": ""short"", ""reinforcement_count"": 0, ""source"": ""commentary:youtube_transcript"", ""source_id"": ""youtube_transcript:asx-daily-rundown-atlassian-lifts-tech-a2-milk-recall-shock-accent-group-all-time-lows:88e960386e503796"", ""statement"": ""A2 MILK's share price dropped 10% due to a product recall"", ""status"": ""expired"", ""type"": ""observed_fact""}, ""ok"": true, ""rule"": ""expire"", ""ticker"": ""SN""}"
1704,active_fanout_0002,fanout_0002,LION,observed_fact,A2 MILK's share price dropped 10% due to a product recall,active,0.82,0.71,commentary:youtube_transcript,youtube_transcript:asx-daily-rundown-atlassian-lifts-tech-a2-milk-recall-shock-accent-group-all-time-lows:88e960386e503796,2026-05-05T04:19:50+00:00,2026-05-05T04:19:50+00:00,status_expire_candidate_after_approval,still_active_from_prior_high_confidence_expire_manifest,no,88,200,"{""entry"": {""closed_at"": ""2026-05-13T05:19:03+00:00"", ""company_id"": ""LION"", ""confidence"": 0.82, ""entity_id"": ""LION"", ""entry_id"": 1704, ""first_seen_at"": ""2026-05-05T04:19:50+00:00"", ""last_seen_at"": ""2026-05-13T05:19:03+00:00"", ""materiality"": 0.71, ""metadata"": {""contradicted_entry_ids"": [], ""published_at"": ""2026-05-04T08:15:01Z"", ""replaceable"": true, ""sentiment"": ""mixed"", ""signal_family"": ""claim"", ""signal_kind"": ""observed_fact"", ""speaker"": ""Kneppy Invests"", ""specificity"": 0.78, ""superseded_entry_ids"": [], ""theme_key"": ""pricing"", ""themes"": [""pricing""], ""time_refs"": []}, ""normalized_statement"": ""a2 milk's share price dropped 10% due to a product recall"", ""persistence"": ""short"", ""reinforcement_count"": 0, ""source"": ""commentary:youtube_transcript"", ""source_id"": ""youtube_transcript:asx-daily-rundown-atlassian-lifts-tech-a2-milk-recall-shock-accent-group-all-time-lows:88e960386e503796"", ""statement"": ""A2 MILK's share price dropped 10% due to a product recall"", ""status"": ""expired"", ""type"": ""observed_fact""}, ""ok"": true, ""rule"": ""expire"", ""ticker"": ""LION""}"
285,active_fanout_0003,fanout_0003,ASX,observed_fact,A2 MILK's share price has dropped from almost $10 back to $6.59 in a few months,active,0.82,0.71,commentary:youtube_transcript,youtube_transcript:asx-daily-rundown-atlassian-lifts-tech-a2-milk-recall-shock-accent-group-all-time-lows:88e960386e503796,2026-05-04T08:24:02+00:00,2026-05-04T08:24:02+00:00,status_expire_candidate_after_approval,still_active_from_prior_high_confidence_expire_manifest,no,89,200,"{""entry"": {""closed_at"": ""2026-05-13T05:19:03+00:00"", ""company_id"": ""ASX"", ""confidence"": 0.82, ""entity_id"": ""ASX"", ""entry_id"": 285, ""first_seen_at"": ""2026-05-04T08:24:02+00:00"", ""last_seen_at"": ""2026-05-13T05:19:03+00:00"", ""materiality"": 0.71, ""metadata"": {""contradicted_entry_ids"": [], ""published_at"": ""2026-05-04T08:15:01Z"", ""replaceable"": true, ""sentiment"": ""mixed"", ""signal_family"": ""claim"", ""signal_kind"": ""observed_fact"", ""speaker"": ""Kneppy Invests"", ""specificity"": 0.78, ""superseded_entry_ids"": [], ""theme_key"": ""pricing"", ""themes"": [""pricing""], ""time_refs"": []}, ""normalized_statement"": ""a2 milk's share price has dropped from almost $10 back to $6.59 in a few months"", ""persistence"": ""short"", ""reinforcement_count"": 0, ""source"": ""commentary:youtube_transcript"", ""source_id"": ""youtube_transcript:asx-daily-rundown-atlassian-lifts-tech-a2-milk-recall-shock-accent-group-all-time-lows:88e960386e503796"", ""statement"": ""A2 MILK's share price has dropped from almost $10 back to $6.59 in a few months"", ""status"": ""expired"", ""type"": ""observed_fact""}, ""ok"": true, ""rule"": ""expire"", ""ticker"": ""ASX""}"
286,active_fanout_0003,fanout_0003,TXT,observed_fact,A2 MILK's share price has dropped from almost $10 back to $6.59 in a few months,active,0.82,0.71,commentary:youtube_transcript,youtube_transcript:asx-daily-rundown-atlassian-lifts-tech-a2-milk-recall-shock-accent-group-all-time-lows:88e960386e503796,2026-05-04T08:24:02+00:00,2026-05-04T08:24:02+00:00,status_expire_candidate_after_approval,still_active_from_prior_high_confidence_expire_manifest,no,90,200,"{""entry"": {""closed_at"": ""2026-05-13T05:19:03+00:00"", ""company_id"": ""TXT"", ""confidence"": 0.82, ""entity_id"": ""TXT"", ""entry_id"": 286, ""first_seen_at"": ""2026-05-04T08:24:02+00:00"", ""last_seen_at"": ""2026-05-13T05:19:03+00:00"", ""materiality"": 0.71, ""metadata"": {""contradicted_entry_ids"": [], ""published_at"": ""2026-05-04T08:15:01Z"", ""replaceable"": true, ""sentiment"": ""mixed"", ""signal_family"": ""claim"", ""signal_kind"": ""observed_fact"", ""speaker"": ""Kneppy Invests"", ""specificity"": 0.78, ""superseded_entry_ids"": [], ""theme_key"": ""pricing"", ""themes"": [""pricing""], ""time_refs"": []}, ""normalized_statement"": ""a2 milk's share price has dropped from almost $10 back to $6.59 in a few months"", ""persistence"": ""short"", ""reinforcement_count"": 0, ""source"": ""commentary:youtube_transcript"", ""source_id"": ""youtube_transcript:asx-daily-rundown-atlassian-lifts-tech-a2-milk-recall-shock-accent-group-all-time-lows:88e960386e503796"", ""statement"": ""A2 MILK's share price has dropped from almost $10 back to $6.59 in a few months"", ""status"": ""expired"", ""type"": ""observed_fact""}, ""ok"": true, ""rule"": ""expire"", ""ticker"": ""TXT""}"
287,active_fanout_0003,fanout_0003,XTX,observed_fact,A2 MILK's share price has dropped from almost $10 back to $6.59 in a few months,active,0.82,0.71,commentary:youtube_transcript,youtube_transcript:asx-daily-rundown-atlassian-lifts-tech-a2-milk-recall-shock-accent-group-all-time-lows:88e960386e503796,2026-05-04T08:24:02+00:00,2026-05-04T08:24:02+00:00,status_expire_candidate_after_approval,still_active_from_prior_high_confidence_expire_manifest,no,91,200,"{""entry"": {""closed_at"": ""2026-05-13T05:19:04+00:00"", ""company_id"": ""XTX"", ""confidence"": 0.82, ""entity_id"": ""XTX"", ""entry_id"": 287, ""first_seen_at"": ""2026-05-04T08:24:02+00:00"", ""last_seen_at"": ""2026-05-13T05:19:04+00:00"", ""materiality"": 0.71, ""metadata"": {""contradicted_entry_ids"": [], ""published_at"": ""2026-05-04T08:15:01Z"", ""replaceable"": true, ""sentiment"": ""mixed"", ""signal_family"": ""claim"", ""signal_kind"": ""observed_fact"", ""speaker"": ""Kneppy Invests"", ""specificity"": 0.78, ""superseded_entry_ids"": [], ""theme_key"": ""pricing"", ""themes"": [""pricing""], ""time_refs"": []}, ""normalized_statement"": ""a2 milk's share price has dropped from almost $10 back to $6.59 in a few months"", ""persistence"": ""short"", ""reinforcement_count"": 0, ""source"": ""commentary:youtube_transcript"", ""source_id"": ""youtube_transcript:asx-daily-rundown-atlassian-lifts-tech-a2-milk-recall-shock-accent-group-all-time-lows:88e960386e503796"", ""statement"": ""A2 MILK's share price has dropped from almost $10 back to $6.59 in a few months"", ""status"": ""expired"", ""type"": ""observed_fact""}, ""ok"": true, ""rule"": ""expire"", ""ticker"": ""XTX""}"
290,active_fanout_0003,fanout_0003,ATLASSIAN,observed_fact,A2 MILK's share price has dropped from almost $10 back to $6.59 in a few months,active,0.82,0.71,commentary:youtube_transcript,youtube_transcript:asx-daily-rundown-atlassian-lifts-tech-a2-milk-recall-shock-accent-group-all-time-lows:88e960386e503796,2026-05-04T08:24:02+00:00,2026-05-04T08:24:02+00:00,status_expire_candidate_after_approval,still_active_from_prior_high_confidence_expire_manifest,no,92,200,"{""entry"": {""closed_at"": ""2026-05-13T05:19:04+00:00"", ""company_id"": ""ATLASSIAN"", ""confidence"": 0.82, ""entity_id"": ""ATLASSIAN"", ""entry_id"": 290, ""first_seen_at"": ""2026-05-04T08:24:02+00:00"", ""last_seen_at"": ""2026-05-13T05:19:04+00:00"", ""materiality"": 0.71, ""metadata"": {""contradicted_entry_ids"": [], ""published_at"": ""2026-05-04T08:15:01Z"", ""replaceable"": true, ""sentiment"": ""mixed"", ""signal_family"": ""claim"", ""signal_kind"": ""observed_fact"", ""speaker"": ""Kneppy Invests"", ""specificity"": 0.78, ""superseded_entry_ids"": [], ""theme_key"": ""pricing"", ""themes"": [""pricing""], ""time_refs"": []}, ""normalized_statement"": ""a2 milk's share price has dropped from almost $10 back to $6.59 in a few months"", ""persistence"": ""short"", ""reinforcement_count"": 0, ""source"": ""commentary:youtube_transcript"", ""source_id"": ""youtube_transcript:asx-daily-rundown-atlassian-lifts-tech-a2-milk-recall-shock-accent-group-all-time-lows:88e960386e503796"", ""statement"": ""A2 MILK's share price has dropped from almost $10 back to $6.59 in a few months"", ""status"": ""expired"", ""type"": ""observed_fact""}, ""ok"": true, ""rule"": ""expire"", ""ticker"": ""ATLASSIAN""}"
291,active_fanout_0003,fanout_0003,NAB,observed_fact,A2 MILK's share price has dropped from almost $10 back to $6.59 in a few months,active,0.82,0.71,commentary:youtube_transcript,youtube_transcript:asx-daily-rundown-atlassian-lifts-tech-a2-milk-recall-shock-accent-group-all-time-lows:88e960386e503796,2026-05-04T08:24:02+00:00,2026-05-04T08:24:02+00:00,status_expire_candidate_after_approval,still_active_from_prior_high_confidence_expire_manifest,no,93,200,"{""entry"": {""closed_at"": ""2026-05-13T05:19:04+00:00"", ""company_id"": ""NAB"", ""confidence"": 0.82, ""entity_id"": ""NAB"", ""entry_id"": 291, ""first_seen_at"": ""2026-05-04T08:24:02+00:00"", ""last_seen_at"": ""2026-05-13T05:19:04+00:00"", ""materiality"": 0.71, ""metadata"": {""contradicted_entry_ids"": [], ""published_at"": ""2026-05-04T08:15:01Z"", ""replaceable"": true, ""sentiment"": ""mixed"", ""signal_family"": ""claim"", ""signal_kind"": ""observed_fact"", ""speaker"": ""Kneppy Invests"", ""specificity"": 0.78, ""superseded_entry_ids"": [], ""theme_key"": ""pricing"", ""themes"": [""pricing""], ""time_refs"": []}, ""normalized_statement"": ""a2 milk's share price has dropped from almost $10 back to $6.59 in a few months"", ""persistence"": ""short"", ""reinforcement_count"": 0, ""source"": ""commentary:youtube_transcript"", ""source_id"": ""youtube_transcript:asx-daily-rundown-atlassian-lifts-tech-a2-milk-recall-shock-accent-group-all-time-lows:88e960386e503796"", ""statement"": ""A2 MILK's share price has dropped from almost $10 back to $6.59 in a few months"", ""status"": ""expired"", ""type"": ""observed_fact""}, ""ok"": true, ""rule"": ""expire"", ""ticker"": ""NAB""}"
292,active_fanout_0003,fanout_0003,BHP,observed_fact,A2 MILK's share price has dropped from almost $10 back to $6.59 in a few months,active,0.82,0.71,commentary:youtube_transcript,youtube_transcript:asx-daily-rundown-atlassian-lifts-tech-a2-milk-recall-shock-accent-group-all-time-lows:88e960386e503796,2026-05-04T08:24:02+00:00,2026-05-04T08:24:02+00:00,status_expire_candidate_after_approval,still_active_from_prior_high_confidence_expire_manifest,no,94,200,"{""entry"": {""closed_at"": ""2026-05-13T05:19:04+00:00"", ""company_id"": ""BHP"", ""confidence"": 0.82, ""entity_id"": ""BHP"", ""entry_id"": 292, ""first_seen_at"": ""2026-05-04T08:24:02+00:00"", ""last_seen_at"": ""2026-05-13T05:19:04+00:00"", ""materiality"": 0.71, ""metadata"": {""contradicted_entry_ids"": [], ""published_at"": ""2026-05-04T08:15:01Z"", ""replaceable"": true, ""sentiment"": ""mixed"", ""signal_family"": ""claim"", ""signal_kind"": ""observed_fact"", ""speaker"": ""Kneppy Invests"", ""specificity"": 0.78, ""superseded_entry_ids"": [], ""theme_key"": ""pricing"", ""themes"": [""pricing""], ""time_refs"": []}, ""normalized_statement"": ""a2 milk's share price has dropped from almost $10 back to $6.59 in a few months"", ""persistence"": ""short"", ""reinforcement_count"": 0, ""source"": ""commentary:youtube_transcript"", ""source_id"": ""youtube_transcript:asx-daily-rundown-atlassian-lifts-tech-a2-milk-recall-shock-accent-group-all-time-lows:88e960386e503796"", ""statement"": ""A2 MILK's share price has dropped from almost $10 back to $6.59 in a few months"", ""status"": ""expired"", ""type"": ""observed_fact""}, ""ok"": true, ""rule"": ""expire"", ""ticker"": ""BHP""}"
296,active_fanout_0003,fanout_0003,CLARITY,observed_fact,A2 MILK's share price has dropped from almost $10 back to $6.59 in a few months,active,0.82,0.71,commentary:youtube_transcript,youtube_transcript:asx-daily-rundown-atlassian-lifts-tech-a2-milk-recall-shock-accent-group-all-time-lows:88e960386e503796,2026-05-04T08:24:04+00:00,2026-05-04T08:24:04+00:00,status_expire_candidate_after_approval,still_active_from_prior_high_confidence_expire_manifest,no,95,200,"{""entry"": {""closed_at"": ""2026-05-13T05:19:04+00:00"", ""company_id"": ""CLARITY"", ""confidence"": 0.82, ""entity_id"": ""CLARITY"", ""entry_id"": 296, ""first_seen_at"": ""2026-05-04T08:24:04+00:00"", ""last_seen_at"": ""2026-05-13T05:19:04+00:00"", ""materiality"": 0.71, ""metadata"": {""contradicted_entry_ids"": [], ""published_at"": ""2026-05-04T08:15:01Z"", ""replaceable"": true, ""sentiment"": ""mixed"", ""signal_family"": ""claim"", ""signal_kind"": ""observed_fact"", ""speaker"": ""Kneppy Invests"", ""specificity"": 0.78, ""superseded_entry_ids"": [], ""theme_key"": ""pricing"", ""themes"": [""pricing""], ""time_refs"": []}, ""normalized_statement"": ""a2 milk's share price has dropped from almost $10 back to $6.59 in a few months"", ""persistence"": ""short"", ""reinforcement_count"": 0, ""source"": ""commentary:youtube_transcript"", ""source_id"": ""youtube_transcript:asx-daily-rundown-atlassian-lifts-tech-a2-milk-recall-shock-accent-group-all-time-lows:88e960386e503796"", ""statement"": ""A2 MILK's share price has dropped from almost $10 back to $6.59 in a few months"", ""status"": ""expired"", ""type"": ""observed_fact""}, ""ok"": true, ""rule"": ""expire"", ""ticker"": ""CLARITY""}"
301,active_fanout_0003,fanout_0003,IMRO,observed_fact,A2 MILK's share price has dropped from almost $10 back to $6.59 in a few months,active,0.82,0.71,commentary:youtube_transcript,youtube_transcript:asx-daily-rundown-atlassian-lifts-tech-a2-milk-recall-shock-accent-group-all-time-lows:88e960386e503796,2026-05-04T08:24:05+00:00,2026-05-04T08:24:05+00:00,status_expire_candidate_after_approval,still_active_from_prior_high_confidence_expire_manifest,no,96,200,"{""entry"": {""closed_at"": ""2026-05-13T05:19:04+00:00"", ""company_id"": ""IMRO"", ""confidence"": 0.82, ""entity_id"": ""IMRO"", ""entry_id"": 301, ""first_seen_at"": ""2026-05-04T08:24:05+00:00"", ""last_seen_at"": ""2026-05-13T05:19:04+00:00"", ""materiality"": 0.71, ""metadata"": {""contradicted_entry_ids"": [], ""published_at"": ""2026-05-04T08:15:01Z"", ""replaceable"": true, ""sentiment"": ""mixed"", ""signal_family"": ""claim"", ""signal_kind"": ""observed_fact"", ""speaker"": ""Kneppy Invests"", ""specificity"": 0.78, ""superseded_entry_ids"": [], ""theme_key"": ""pricing"", ""themes"": [""pricing""], ""time_refs"": []}, ""normalized_statement"": ""a2 milk's share price has dropped from almost $10 back to $6.59 in a few months"", ""persistence"": ""short"", ""reinforcement_count"": 0, ""source"": ""commentary:youtube_transcript"", ""source_id"": ""youtube_transcript:asx-daily-rundown-atlassian-lifts-tech-a2-milk-recall-shock-accent-group-all-time-lows:88e960386e503796"", ""statement"": ""A2 MILK's share price has dropped from almost $10 back to $6.59 in a few months"", ""status"": ""expired"", ""type"": ""observed_fact""}, ""ok"": true, ""rule"": ""expire"", ""ticker"": ""IMRO""}"
302,active_fanout_0003,fanout_0003,PENINSULA,observed_fact,A2 MILK's share price has dropped from almost $10 back to $6.59 in a few months,active,0.82,0.71,commentary:youtube_transcript,youtube_transcript:asx-daily-rundown-atlassian-lifts-tech-a2-milk-recall-shock-accent-group-all-time-lows:88e960386e503796,2026-05-04T08:24:05+00:00,2026-05-04T08:24:05+00:00,status_expire_candidate_after_approval,still_active_from_prior_high_confidence_expire_manifest,no,97,200,"{""entry"": {""closed_at"": ""2026-05-13T05:19:04+00:00"", ""company_id"": ""PENINSULA"", ""confidence"": 0.82, ""entity_id"": ""PENINSULA"", ""entry_id"": 302, ""first_seen_at"": ""2026-05-04T08:24:05+00:00"", ""last_seen_at"": ""2026-05-13T05:19:04+00:00"", ""materiality"": 0.71, ""metadata"": {""contradicted_entry_ids"": [], ""published_at"": ""2026-05-04T08:15:01Z"", ""replaceable"": true, ""sentiment"": ""mixed"", ""signal_family"": ""claim"", ""signal_kind"": ""observed_fact"", ""speaker"": ""Kneppy Invests"", ""specificity"": 0.78, ""superseded_entry_ids"": [], ""theme_key"": ""pricing"", ""themes"": [""pricing""], ""time_refs"": []}, ""normalized_statement"": ""a2 milk's share price has dropped from almost $10 back to $6.59 in a few months"", ""persistence"": ""short"", ""reinforcement_count"": 0, ""source"": ""commentary:youtube_transcript"", ""source_id"": ""youtube_transcript:asx-daily-rundown-atlassian-lifts-tech-a2-milk-recall-shock-accent-group-all-time-lows:88e960386e503796"", ""statement"": ""A2 MILK's share price has dropped from almost $10 back to $6.59 in a few months"", ""status"": ""expired"", ""type"": ""observed_fact""}, ""ok"": true, ""rule"": ""expire"", ""ticker"": ""PENINSULA""}"
304,active_fanout_0003,fanout_0003,VERITUS,observed_fact,A2 MILK's share price has dropped from almost $10 back to $6.59 in a few months,active,0.82,0.71,commentary:youtube_transcript,youtube_transcript:asx-daily-rundown-atlassian-lifts-tech-a2-milk-recall-shock-accent-group-all-time-lows:88e960386e503796,2026-05-04T08:24:05+00:00,2026-05-04T08:24:05+00:00,status_expire_candidate_after_approval,still_active_from_prior_high_confidence_expire_manifest,no,98,200,"{""entry"": {""closed_at"": ""2026-05-13T05:19:04+00:00"", ""company_id"": ""VERITUS"", ""confidence"": 0.82, ""entity_id"": ""VERITUS"", ""entry_id"": 304, ""first_seen_at"": ""2026-05-04T08:24:05+00:00"", ""last_seen_at"": ""2026-05-13T05:19:04+00:00"", ""materiality"": 0.71, ""metadata"": {""contradicted_entry_ids"": [], ""published_at"": ""2026-05-04T08:15:01Z"", ""replaceable"": true, ""sentiment"": ""mixed"", ""signal_family"": ""claim"", ""signal_kind"": ""observed_fact"", ""speaker"": ""Kneppy Invests"", ""specificity"": 0.78, ""superseded_entry_ids"": [], ""theme_key"": ""pricing"", ""themes"": [""pricing""], ""time_refs"": []}, ""normalized_statement"": ""a2 milk's share price has dropped from almost $10 back to $6.59 in a few months"", ""persistence"": ""short"", ""reinforcement_count"": 0, ""source"": ""commentary:youtube_transcript"", ""source_id"": ""youtube_transcript:asx-daily-rundown-atlassian-lifts-tech-a2-milk-recall-shock-accent-group-all-time-lows:88e960386e503796"", ""statement"": ""A2 MILK's share price has dropped from almost $10 back to $6.59 in a few months"", ""status"": ""expired"", ""type"": ""observed_fact""}, ""ok"": true, ""rule"": ""expire"", ""ticker"": ""VERITUS""}"
305,active_fanout_0003,fanout_0003,PETTIMED,observed_fact,A2 MILK's share price has dropped from almost $10 back to $6.59 in a few months,active,0.82,0.71,commentary:youtube_transcript,youtube_transcript:asx-daily-rundown-atlassian-lifts-tech-a2-milk-recall-shock-accent-group-all-time-lows:88e960386e503796,2026-05-04T08:24:05+00:00,2026-05-04T08:24:05+00:00,status_expire_candidate_after_approval,still_active_from_prior_high_confidence_expire_manifest,no,99,200,"{""entry"": {""closed_at"": ""2026-05-13T05:19:05+00:00"", ""company_id"": ""PETTIMED"", ""confidence"": 0.82, ""entity_id"": ""PETTIMED"", ""entry_id"": 305, ""first_seen_at"": ""2026-05-04T08:24:05+00:00"", ""last_seen_at"": ""2026-05-13T05:19:05+00:00"", ""materiality"": 0.71, ""metadata"": {""contradicted_entry_ids"": [], ""published_at"": ""2026-05-04T08:15:01Z"", ""replaceable"": true, ""sentiment"": ""mixed"", ""signal_family"": ""claim"", ""signal_kind"": ""observed_fact"", ""speaker"": ""Kneppy Invests"", ""specificity"": 0.78, ""superseded_entry_ids"": [], ""theme_key"": ""pricing"", ""themes"": [""pricing""], ""time_refs"": []}, ""normalized_statement"": ""a2 milk's share price has dropped from almost $10 back to $6.59 in a few months"", ""persistence"": ""short"", ""reinforcement_count"": 0, ""source"": ""commentary:youtube_transcript"", ""source_id"": ""youtube_transcript:asx-daily-rundown-atlassian-lifts-tech-a2-milk-recall-shock-accent-group-all-time-lows:88e960386e503796"", ""statement"": ""A2 MILK's share price has dropped from almost $10 back to $6.59 in a few months"", ""status"": ""expired"", ""type"": ""observed_fact""}, ""ok"": true, ""rule"": ""expire"", ""ticker"": ""PETTIMED""}"
306,active_fanout_0003,fanout_0003,IMPEDIMED,observed_fact,A2 MILK's share price has dropped from almost $10 back to $6.59 in a few months,active,0.82,0.71,commentary:youtube_transcript,youtube_transcript:asx-daily-rundown-atlassian-lifts-tech-a2-milk-recall-shock-accent-group-all-time-lows:88e960386e503796,2026-05-04T08:24:05+00:00,2026-05-04T08:24:05+00:00,status_expire_candidate_after_approval,still_active_from_prior_high_confidence_expire_manifest,no,100,200,"{""entry"": {""closed_at"": ""2026-05-13T05:19:05+00:00"", ""company_id"": ""IMPEDIMED"", ""confidence"": 0.82, ""entity_id"": ""IMPEDIMED"", ""entry_id"": 306, ""first_seen_at"": ""2026-05-04T08:24:05+00:00"", ""last_seen_at"": ""2026-05-13T05:19:05+00:00"", ""materiality"": 0.71, ""metadata"": {""contradicted_entry_ids"": [], ""published_at"": ""2026-05-04T08:15:01Z"", ""replaceable"": true, ""sentiment"": ""mixed"", ""signal_family"": ""claim"", ""signal_kind"": ""observed_fact"", ""speaker"": ""Kneppy Invests"", ""specificity"": 0.78, ""superseded_entry_ids"": [], ""theme_key"": ""pricing"", ""themes"": [""pricing""], ""time_refs"": []}, ""normalized_statement"": ""a2 milk's share price has dropped from almost $10 back to $6.59 in a few months"", ""persistence"": ""short"", ""reinforcement_count"": 0, ""source"": ""commentary:youtube_transcript"", ""source_id"": ""youtube_transcript:asx-daily-rundown-atlassian-lifts-tech-a2-milk-recall-shock-accent-group-all-time-lows:88e960386e503796"", ""statement"": ""A2 MILK's share price has dropped from almost $10 back to $6.59 in a few months"", ""status"": ""expired"", ""type"": ""observed_fact""}, ""ok"": true, ""rule"": ""expire"", ""ticker"": ""IMPEDIMED""}"
